ISO-10303-21;
HEADER;
/* Generated by software containing ST-Developer
 * from STEP Tools, Inc. (www.steptools.com) 
 */

FILE_DESCRIPTION(
/* description */ (''),
/* implementation_level */ '2;1');

FILE_NAME(
/* name */ 'Bottom_Calculator.step',
/* time_stamp */ '2026-05-02T11:54:09+05:30',
/* author */ (''),
/* organization */ (''),
/* preprocessor_version */ 'ST-DEVELOPER v20.1',
/* originating_system */ 'Autodesk Translation Framework v15.8.0.0',
/* authorisation */ '');

FILE_SCHEMA (('AUTOMOTIVE_DESIGN { 1 0 10303 214 3 1 1 }'));
ENDSEC;

DATA;
#10=MECHANICAL_DESIGN_GEOMETRIC_PRESENTATION_REPRESENTATION('',(#22,#23,
#24,#25,#26,#27,#28,#29,#30,#31,#32,#33,#34),#3540);
#11=SHAPE_REPRESENTATION_RELATIONSHIP('SRR','None',#3547,#12);
#12=ADVANCED_BREP_SHAPE_REPRESENTATION('',(#35,#36,#37,#38,#39,#40,#41,
#42,#43,#44,#45,#46,#47),#3539);
#13=B_SPLINE_CURVE_WITH_KNOTS('',3,(#3281,#3282,#3283,#3284,#3285,#3286,
#3287,#3288,#3289,#3290,#3291,#3292,#3293,#3294,#3295,#3296,#3297,#3298,
#3299,#3300,#3301,#3302,#3303),.UNSPECIFIED.,.F.,.F.,(4,2,2,2,2,3,2,2,2,
2,4),(0.86904840143585,0.91820464234921,0.996864893913831,1.07552514547845,
1.15250519441086,1.22948524334326,1.30646529227566,1.38344534120807,1.46210559277269,
1.54076584433731,1.58992208525067),.UNSPECIFIED.);
#14=B_SPLINE_CURVE_WITH_KNOTS('',3,(#3309,#3310,#3311,#3312,#3313,#3314,
#3315,#3316,#3317,#3318,#3319,#3320,#3321,#3322,#3323,#3324,#3325,#3326,
#3327,#3328,#3329,#3330,#3331),.UNSPECIFIED.,.F.,.F.,(4,2,2,2,2,3,2,2,2,
2,4),(0.859150391607103,0.919249910299965,0.998584409813986,1.07791890932801,
1.15501620927214,1.23211350921627,1.31011433991547,1.38811517061468,1.46655290577239,
1.54499064093009,1.60511157739249),.UNSPECIFIED.);
#15=B_SPLINE_CURVE_WITH_KNOTS('',3,(#3332,#3333,#3334,#3335,#3336,#3337,
#3338,#3339,#3340,#3341,#3342,#3343,#3344,#3345,#3346,#3347,#3348,#3349,
#3350),.UNSPECIFIED.,.F.,.F.,(4,2,2,2,3,2,2,2,4),(-0.379619084059174,-0.33701950999445,
-0.272879471210847,-0.136439735605423,0.,0.136439735605424,0.272879471210847,
0.33701950999445,0.379619084059173),.UNSPECIFIED.);
#16=B_SPLINE_CURVE_WITH_KNOTS('',3,(#3365,#3366,#3367,#3368,#3369,#3370,
#3371,#3372,#3373,#3374,#3375,#3376),.UNSPECIFIED.,.F.,.F.,(4,2,2,2,2,4),
(0.859115441040049,0.919236377502438,0.997674112660145,1.07611184781785,
1.15411267851706,1.23211350921626),.UNSPECIFIED.);
#17=B_SPLINE_CURVE_WITH_KNOTS('',3,(#3377,#3378,#3379,#3380,#3381,#3382,
#3383,#3384,#3385,#3386,#3387,#3388),.UNSPECIFIED.,.F.,.F.,(4,2,2,2,2,4),
(1.23211350921626,1.30921080916039,1.38630810910452,1.46564260861854,1.54497710813256,
1.60507662682543),.UNSPECIFIED.);
#18=B_SPLINE_CURVE_WITH_KNOTS('',3,(#3392,#3393,#3394,#3395,#3396,#3397,
#3398,#3399,#3400,#3401,#3402,#3403),.UNSPECIFIED.,.F.,.F.,(4,2,2,2,2,4),
(0.869048401435848,0.918204642349211,0.996864893913831,1.07552514547845,
1.15250519441086,1.22948524334326),.UNSPECIFIED.);
#19=B_SPLINE_CURVE_WITH_KNOTS('',3,(#3404,#3405,#3406,#3407,#3408,#3409,
#3410,#3411,#3412,#3413,#3414,#3415),.UNSPECIFIED.,.F.,.F.,(4,2,2,2,2,4),
(1.22948524334326,1.30646529227566,1.38344534120807,1.46210559277269,1.54076584433731,
1.58992208525067),.UNSPECIFIED.);
#20=B_SPLINE_CURVE_WITH_KNOTS('',3,(#3417,#3418,#3419,#3420,#3421,#3422,
#3423,#3424,#3425,#3426),.UNSPECIFIED.,.F.,.F.,(4,2,2,2,4),(-0.379619084059176,
-0.337019509994451,-0.272879471210848,-0.136439735605424,0.),
 .UNSPECIFIED.);
#21=B_SPLINE_CURVE_WITH_KNOTS('',3,(#3427,#3428,#3429,#3430,#3431,#3432,
#3433,#3434,#3435,#3436),.UNSPECIFIED.,.F.,.F.,(4,2,2,2,4),(0.,0.136439735605424,
0.272879471210847,0.337019509994451,0.379619084059175),.UNSPECIFIED.);
#22=STYLED_ITEM('',(#3556),#35);
#23=STYLED_ITEM('',(#3556),#36);
#24=STYLED_ITEM('',(#3556),#37);
#25=STYLED_ITEM('',(#3556),#38);
#26=STYLED_ITEM('',(#3556),#39);
#27=STYLED_ITEM('',(#3556),#40);
#28=STYLED_ITEM('',(#3556),#41);
#29=STYLED_ITEM('',(#3556),#42);
#30=STYLED_ITEM('',(#3556),#43);
#31=STYLED_ITEM('',(#3556),#44);
#32=STYLED_ITEM('',(#3556),#45);
#33=STYLED_ITEM('',(#3556),#46);
#34=STYLED_ITEM('',(#3556),#47);
#35=MANIFOLD_SOLID_BREP('Body6',#2043);
#36=MANIFOLD_SOLID_BREP('Body7',#2044);
#37=MANIFOLD_SOLID_BREP('Body8',#2045);
#38=MANIFOLD_SOLID_BREP('Body9',#2046);
#39=MANIFOLD_SOLID_BREP('Body11',#2047);
#40=MANIFOLD_SOLID_BREP('Body16',#2048);
#41=MANIFOLD_SOLID_BREP('Body17',#2049);
#42=MANIFOLD_SOLID_BREP('Body18',#2050);
#43=MANIFOLD_SOLID_BREP('Body19',#2051);
#44=MANIFOLD_SOLID_BREP('Body20',#2052);
#45=MANIFOLD_SOLID_BREP('Body21',#2053);
#46=MANIFOLD_SOLID_BREP('Body22',#2054);
#47=MANIFOLD_SOLID_BREP('Body23',#2055);
#48=FACE_BOUND('',#277,.T.);
#49=FACE_BOUND('',#279,.T.);
#50=FACE_BOUND('',#283,.T.);
#51=FACE_BOUND('',#285,.T.);
#52=FACE_BOUND('',#289,.T.);
#53=FACE_BOUND('',#291,.T.);
#54=FACE_BOUND('',#295,.T.);
#55=FACE_BOUND('',#297,.T.);
#56=FACE_BOUND('',#303,.T.);
#57=FACE_BOUND('',#343,.T.);
#58=FACE_BOUND('',#344,.T.);
#59=FACE_BOUND('',#345,.T.);
#60=FACE_BOUND('',#346,.T.);
#61=FACE_BOUND('',#347,.T.);
#62=FACE_BOUND('',#348,.T.);
#63=FACE_BOUND('',#380,.T.);
#64=FACE_BOUND('',#381,.T.);
#65=FACE_BOUND('',#382,.T.);
#66=FACE_BOUND('',#383,.T.);
#67=FACE_BOUND('',#384,.T.);
#68=FACE_BOUND('',#385,.T.);
#69=FACE_BOUND('',#386,.T.);
#70=FACE_BOUND('',#387,.T.);
#71=FACE_BOUND('',#390,.T.);
#72=PLANE('',#2075);
#73=PLANE('',#2076);
#74=PLANE('',#2083);
#75=PLANE('',#2084);
#76=PLANE('',#2091);
#77=PLANE('',#2092);
#78=PLANE('',#2099);
#79=PLANE('',#2100);
#80=PLANE('',#2101);
#81=PLANE('',#2102);
#82=PLANE('',#2103);
#83=PLANE('',#2107);
#84=PLANE('',#2108);
#85=PLANE('',#2109);
#86=PLANE('',#2110);
#87=PLANE('',#2111);
#88=PLANE('',#2112);
#89=PLANE('',#2113);
#90=PLANE('',#2117);
#91=PLANE('',#2118);
#92=PLANE('',#2119);
#93=PLANE('',#2120);
#94=PLANE('',#2121);
#95=PLANE('',#2122);
#96=PLANE('',#2124);
#97=PLANE('',#2125);
#98=PLANE('',#2126);
#99=PLANE('',#2128);
#100=PLANE('',#2130);
#101=PLANE('',#2131);
#102=PLANE('',#2132);
#103=PLANE('',#2134);
#104=PLANE('',#2135);
#105=PLANE('',#2136);
#106=PLANE('',#2138);
#107=PLANE('',#2139);
#108=PLANE('',#2141);
#109=PLANE('',#2142);
#110=PLANE('',#2144);
#111=PLANE('',#2145);
#112=PLANE('',#2146);
#113=PLANE('',#2148);
#114=PLANE('',#2149);
#115=PLANE('',#2151);
#116=PLANE('',#2152);
#117=PLANE('',#2153);
#118=PLANE('',#2156);
#119=PLANE('',#2169);
#120=PLANE('',#2170);
#121=PLANE('',#2171);
#122=PLANE('',#2172);
#123=PLANE('',#2173);
#124=PLANE('',#2180);
#125=PLANE('',#2181);
#126=PLANE('',#2182);
#127=PLANE('',#2183);
#128=PLANE('',#2184);
#129=PLANE('',#2185);
#130=PLANE('',#2186);
#131=PLANE('',#2187);
#132=PLANE('',#2188);
#133=PLANE('',#2207);
#134=PLANE('',#2208);
#135=PLANE('',#2213);
#136=PLANE('',#2214);
#137=PLANE('',#2215);
#138=PLANE('',#2216);
#139=PLANE('',#2217);
#140=PLANE('',#2221);
#141=PLANE('',#2222);
#142=PLANE('',#2226);
#143=PLANE('',#2227);
#144=PLANE('',#2231);
#145=PLANE('',#2232);
#146=PLANE('',#2236);
#147=PLANE('',#2237);
#148=PLANE('',#2238);
#149=PLANE('',#2242);
#150=PLANE('',#2243);
#151=PLANE('',#2247);
#152=PLANE('',#2248);
#153=PLANE('',#2252);
#154=PLANE('',#2253);
#155=PLANE('',#2257);
#156=FACE_OUTER_BOUND('',#274,.T.);
#157=FACE_OUTER_BOUND('',#275,.T.);
#158=FACE_OUTER_BOUND('',#276,.T.);
#159=FACE_OUTER_BOUND('',#278,.T.);
#160=FACE_OUTER_BOUND('',#280,.T.);
#161=FACE_OUTER_BOUND('',#281,.T.);
#162=FACE_OUTER_BOUND('',#282,.T.);
#163=FACE_OUTER_BOUND('',#284,.T.);
#164=FACE_OUTER_BOUND('',#286,.T.);
#165=FACE_OUTER_BOUND('',#287,.T.);
#166=FACE_OUTER_BOUND('',#288,.T.);
#167=FACE_OUTER_BOUND('',#290,.T.);
#168=FACE_OUTER_BOUND('',#292,.T.);
#169=FACE_OUTER_BOUND('',#293,.T.);
#170=FACE_OUTER_BOUND('',#294,.T.);
#171=FACE_OUTER_BOUND('',#296,.T.);
#172=FACE_OUTER_BOUND('',#298,.T.);
#173=FACE_OUTER_BOUND('',#299,.T.);
#174=FACE_OUTER_BOUND('',#300,.T.);
#175=FACE_OUTER_BOUND('',#301,.T.);
#176=FACE_OUTER_BOUND('',#302,.T.);
#177=FACE_OUTER_BOUND('',#304,.T.);
#178=FACE_OUTER_BOUND('',#305,.T.);
#179=FACE_OUTER_BOUND('',#306,.T.);
#180=FACE_OUTER_BOUND('',#307,.T.);
#181=FACE_OUTER_BOUND('',#308,.T.);
#182=FACE_OUTER_BOUND('',#309,.T.);
#183=FACE_OUTER_BOUND('',#310,.T.);
#184=FACE_OUTER_BOUND('',#311,.T.);
#185=FACE_OUTER_BOUND('',#312,.T.);
#186=FACE_OUTER_BOUND('',#313,.T.);
#187=FACE_OUTER_BOUND('',#314,.T.);
#188=FACE_OUTER_BOUND('',#315,.T.);
#189=FACE_OUTER_BOUND('',#316,.T.);
#190=FACE_OUTER_BOUND('',#317,.T.);
#191=FACE_OUTER_BOUND('',#318,.T.);
#192=FACE_OUTER_BOUND('',#319,.T.);
#193=FACE_OUTER_BOUND('',#320,.T.);
#194=FACE_OUTER_BOUND('',#321,.T.);
#195=FACE_OUTER_BOUND('',#322,.T.);
#196=FACE_OUTER_BOUND('',#323,.T.);
#197=FACE_OUTER_BOUND('',#324,.T.);
#198=FACE_OUTER_BOUND('',#325,.T.);
#199=FACE_OUTER_BOUND('',#326,.T.);
#200=FACE_OUTER_BOUND('',#327,.T.);
#201=FACE_OUTER_BOUND('',#328,.T.);
#202=FACE_OUTER_BOUND('',#329,.T.);
#203=FACE_OUTER_BOUND('',#330,.T.);
#204=FACE_OUTER_BOUND('',#331,.T.);
#205=FACE_OUTER_BOUND('',#332,.T.);
#206=FACE_OUTER_BOUND('',#333,.T.);
#207=FACE_OUTER_BOUND('',#334,.T.);
#208=FACE_OUTER_BOUND('',#335,.T.);
#209=FACE_OUTER_BOUND('',#336,.T.);
#210=FACE_OUTER_BOUND('',#337,.T.);
#211=FACE_OUTER_BOUND('',#338,.T.);
#212=FACE_OUTER_BOUND('',#339,.T.);
#213=FACE_OUTER_BOUND('',#340,.T.);
#214=FACE_OUTER_BOUND('',#341,.T.);
#215=FACE_OUTER_BOUND('',#342,.T.);
#216=FACE_OUTER_BOUND('',#349,.T.);
#217=FACE_OUTER_BOUND('',#350,.T.);
#218=FACE_OUTER_BOUND('',#351,.T.);
#219=FACE_OUTER_BOUND('',#352,.T.);
#220=FACE_OUTER_BOUND('',#353,.T.);
#221=FACE_OUTER_BOUND('',#354,.T.);
#222=FACE_OUTER_BOUND('',#355,.T.);
#223=FACE_OUTER_BOUND('',#356,.T.);
#224=FACE_OUTER_BOUND('',#357,.T.);
#225=FACE_OUTER_BOUND('',#358,.T.);
#226=FACE_OUTER_BOUND('',#359,.T.);
#227=FACE_OUTER_BOUND('',#360,.T.);
#228=FACE_OUTER_BOUND('',#361,.T.);
#229=FACE_OUTER_BOUND('',#362,.T.);
#230=FACE_OUTER_BOUND('',#363,.T.);
#231=FACE_OUTER_BOUND('',#364,.T.);
#232=FACE_OUTER_BOUND('',#365,.T.);
#233=FACE_OUTER_BOUND('',#366,.T.);
#234=FACE_OUTER_BOUND('',#367,.T.);
#235=FACE_OUTER_BOUND('',#368,.T.);
#236=FACE_OUTER_BOUND('',#369,.T.);
#237=FACE_OUTER_BOUND('',#370,.T.);
#238=FACE_OUTER_BOUND('',#371,.T.);
#239=FACE_OUTER_BOUND('',#372,.T.);
#240=FACE_OUTER_BOUND('',#373,.T.);
#241=FACE_OUTER_BOUND('',#374,.T.);
#242=FACE_OUTER_BOUND('',#375,.T.);
#243=FACE_OUTER_BOUND('',#376,.T.);
#244=FACE_OUTER_BOUND('',#377,.T.);
#245=FACE_OUTER_BOUND('',#378,.T.);
#246=FACE_OUTER_BOUND('',#379,.T.);
#247=FACE_OUTER_BOUND('',#388,.T.);
#248=FACE_OUTER_BOUND('',#389,.T.);
#249=FACE_OUTER_BOUND('',#391,.T.);
#250=FACE_OUTER_BOUND('',#392,.T.);
#251=FACE_OUTER_BOUND('',#393,.T.);
#252=FACE_OUTER_BOUND('',#394,.T.);
#253=FACE_OUTER_BOUND('',#395,.T.);
#254=FACE_OUTER_BOUND('',#396,.T.);
#255=FACE_OUTER_BOUND('',#397,.T.);
#256=FACE_OUTER_BOUND('',#398,.T.);
#257=FACE_OUTER_BOUND('',#399,.T.);
#258=FACE_OUTER_BOUND('',#400,.T.);
#259=FACE_OUTER_BOUND('',#401,.T.);
#260=FACE_OUTER_BOUND('',#402,.T.);
#261=FACE_OUTER_BOUND('',#403,.T.);
#262=FACE_OUTER_BOUND('',#404,.T.);
#263=FACE_OUTER_BOUND('',#405,.T.);
#264=FACE_OUTER_BOUND('',#406,.T.);
#265=FACE_OUTER_BOUND('',#407,.T.);
#266=FACE_OUTER_BOUND('',#408,.T.);
#267=FACE_OUTER_BOUND('',#409,.T.);
#268=FACE_OUTER_BOUND('',#410,.T.);
#269=FACE_OUTER_BOUND('',#411,.T.);
#270=FACE_OUTER_BOUND('',#412,.T.);
#271=FACE_OUTER_BOUND('',#413,.T.);
#272=FACE_OUTER_BOUND('',#414,.T.);
#273=FACE_OUTER_BOUND('',#415,.T.);
#274=EDGE_LOOP('',(#1339,#1340,#1341,#1342));
#275=EDGE_LOOP('',(#1343,#1344,#1345,#1346));
#276=EDGE_LOOP('',(#1347));
#277=EDGE_LOOP('',(#1348));
#278=EDGE_LOOP('',(#1349));
#279=EDGE_LOOP('',(#1350));
#280=EDGE_LOOP('',(#1351,#1352,#1353,#1354));
#281=EDGE_LOOP('',(#1355,#1356,#1357,#1358));
#282=EDGE_LOOP('',(#1359));
#283=EDGE_LOOP('',(#1360));
#284=EDGE_LOOP('',(#1361));
#285=EDGE_LOOP('',(#1362));
#286=EDGE_LOOP('',(#1363,#1364,#1365,#1366));
#287=EDGE_LOOP('',(#1367,#1368,#1369,#1370));
#288=EDGE_LOOP('',(#1371));
#289=EDGE_LOOP('',(#1372));
#290=EDGE_LOOP('',(#1373));
#291=EDGE_LOOP('',(#1374));
#292=EDGE_LOOP('',(#1375,#1376,#1377,#1378));
#293=EDGE_LOOP('',(#1379,#1380,#1381,#1382));
#294=EDGE_LOOP('',(#1383));
#295=EDGE_LOOP('',(#1384));
#296=EDGE_LOOP('',(#1385));
#297=EDGE_LOOP('',(#1386));
#298=EDGE_LOOP('',(#1387,#1388,#1389,#1390));
#299=EDGE_LOOP('',(#1391,#1392,#1393,#1394,#1395));
#300=EDGE_LOOP('',(#1396,#1397,#1398,#1399,#1400));
#301=EDGE_LOOP('',(#1401,#1402,#1403,#1404));
#302=EDGE_LOOP('',(#1405,#1406,#1407,#1408,#1409,#1410,#1411,#1412));
#303=EDGE_LOOP('',(#1413,#1414,#1415,#1416));
#304=EDGE_LOOP('',(#1417,#1418,#1419,#1420,#1421));
#305=EDGE_LOOP('',(#1422,#1423,#1424,#1425));
#306=EDGE_LOOP('',(#1426,#1427,#1428,#1429,#1430,#1431,#1432,#1433,#1434));
#307=EDGE_LOOP('',(#1435,#1436,#1437,#1438));
#308=EDGE_LOOP('',(#1439,#1440,#1441,#1442,#1443));
#309=EDGE_LOOP('',(#1444,#1445,#1446,#1447,#1448));
#310=EDGE_LOOP('',(#1449,#1450,#1451,#1452));
#311=EDGE_LOOP('',(#1453,#1454,#1455,#1456,#1457,#1458,#1459,#1460,#1461));
#312=EDGE_LOOP('',(#1462,#1463,#1464,#1465,#1466));
#313=EDGE_LOOP('',(#1467,#1468,#1469,#1470));
#314=EDGE_LOOP('',(#1471,#1472,#1473,#1474));
#315=EDGE_LOOP('',(#1475,#1476,#1477,#1478));
#316=EDGE_LOOP('',(#1479,#1480,#1481,#1482,#1483,#1484,#1485));
#317=EDGE_LOOP('',(#1486,#1487,#1488,#1489));
#318=EDGE_LOOP('',(#1490,#1491,#1492,#1493));
#319=EDGE_LOOP('',(#1494,#1495,#1496,#1497,#1498,#1499,#1500));
#320=EDGE_LOOP('',(#1501,#1502,#1503,#1504));
#321=EDGE_LOOP('',(#1505,#1506,#1507,#1508));
#322=EDGE_LOOP('',(#1509,#1510,#1511,#1512));
#323=EDGE_LOOP('',(#1513,#1514,#1515,#1516));
#324=EDGE_LOOP('',(#1517,#1518,#1519,#1520,#1521,#1522,#1523));
#325=EDGE_LOOP('',(#1524,#1525,#1526,#1527));
#326=EDGE_LOOP('',(#1528,#1529,#1530,#1531));
#327=EDGE_LOOP('',(#1532,#1533,#1534,#1535,#1536,#1537,#1538));
#328=EDGE_LOOP('',(#1539,#1540,#1541,#1542));
#329=EDGE_LOOP('',(#1543,#1544,#1545,#1546));
#330=EDGE_LOOP('',(#1547,#1548,#1549,#1550));
#331=EDGE_LOOP('',(#1551,#1552,#1553,#1554));
#332=EDGE_LOOP('',(#1555,#1556,#1557,#1558,#1559,#1560));
#333=EDGE_LOOP('',(#1561,#1562,#1563,#1564));
#334=EDGE_LOOP('',(#1565,#1566,#1567,#1568));
#335=EDGE_LOOP('',(#1569,#1570,#1571,#1572,#1573,#1574));
#336=EDGE_LOOP('',(#1575,#1576,#1577,#1578));
#337=EDGE_LOOP('',(#1579,#1580,#1581,#1582,#1583,#1584));
#338=EDGE_LOOP('',(#1585,#1586,#1587,#1588));
#339=EDGE_LOOP('',(#1589,#1590,#1591,#1592));
#340=EDGE_LOOP('',(#1593,#1594,#1595,#1596,#1597,#1598));
#341=EDGE_LOOP('',(#1599,#1600,#1601,#1602));
#342=EDGE_LOOP('',(#1603,#1604,#1605,#1606,#1607,#1608,#1609,#1610,#1611,
#1612,#1613,#1614,#1615,#1616,#1617,#1618,#1619,#1620,#1621));
#343=EDGE_LOOP('',(#1622,#1623,#1624,#1625));
#344=EDGE_LOOP('',(#1626,#1627,#1628,#1629));
#345=EDGE_LOOP('',(#1630,#1631,#1632,#1633));
#346=EDGE_LOOP('',(#1634));
#347=EDGE_LOOP('',(#1635));
#348=EDGE_LOOP('',(#1636,#1637,#1638,#1639));
#349=EDGE_LOOP('',(#1640,#1641,#1642,#1643));
#350=EDGE_LOOP('',(#1644,#1645,#1646,#1647));
#351=EDGE_LOOP('',(#1648,#1649,#1650,#1651,#1652,#1653));
#352=EDGE_LOOP('',(#1654,#1655,#1656,#1657));
#353=EDGE_LOOP('',(#1658,#1659,#1660,#1661));
#354=EDGE_LOOP('',(#1662,#1663,#1664,#1665,#1666,#1667));
#355=EDGE_LOOP('',(#1668,#1669,#1670,#1671));
#356=EDGE_LOOP('',(#1672,#1673,#1674,#1675));
#357=EDGE_LOOP('',(#1676,#1677,#1678,#1679,#1680,#1681));
#358=EDGE_LOOP('',(#1682,#1683,#1684,#1685,#1686));
#359=EDGE_LOOP('',(#1687,#1688,#1689,#1690,#1691));
#360=EDGE_LOOP('',(#1692,#1693,#1694,#1695));
#361=EDGE_LOOP('',(#1696,#1697,#1698,#1699,#1700,#1701));
#362=EDGE_LOOP('',(#1702,#1703,#1704,#1705));
#363=EDGE_LOOP('',(#1706,#1707,#1708,#1709));
#364=EDGE_LOOP('',(#1710,#1711,#1712,#1713));
#365=EDGE_LOOP('',(#1714,#1715,#1716,#1717));
#366=EDGE_LOOP('',(#1718,#1719,#1720,#1721,#1722,#1723,#1724,#1725,#1726,
#1727));
#367=EDGE_LOOP('',(#1728,#1729,#1730,#1731,#1732,#1733));
#368=EDGE_LOOP('',(#1734,#1735,#1736,#1737,#1738,#1739));
#369=EDGE_LOOP('',(#1740,#1741,#1742,#1743,#1744,#1745));
#370=EDGE_LOOP('',(#1746,#1747,#1748,#1749,#1750,#1751,#1752,#1753,#1754,
#1755,#1756,#1757,#1758));
#371=EDGE_LOOP('',(#1759,#1760,#1761,#1762,#1763,#1764));
#372=EDGE_LOOP('',(#1765,#1766,#1767,#1768,#1769,#1770));
#373=EDGE_LOOP('',(#1771,#1772,#1773,#1774,#1775,#1776));
#374=EDGE_LOOP('',(#1777,#1778,#1779,#1780));
#375=EDGE_LOOP('',(#1781,#1782,#1783,#1784,#1785));
#376=EDGE_LOOP('',(#1786,#1787,#1788,#1789));
#377=EDGE_LOOP('',(#1790,#1791,#1792,#1793));
#378=EDGE_LOOP('',(#1794,#1795,#1796,#1797,#1798));
#379=EDGE_LOOP('',(#1799,#1800,#1801,#1802));
#380=EDGE_LOOP('',(#1803));
#381=EDGE_LOOP('',(#1804));
#382=EDGE_LOOP('',(#1805));
#383=EDGE_LOOP('',(#1806));
#384=EDGE_LOOP('',(#1807));
#385=EDGE_LOOP('',(#1808));
#386=EDGE_LOOP('',(#1809));
#387=EDGE_LOOP('',(#1810));
#388=EDGE_LOOP('',(#1811,#1812,#1813,#1814,#1815,#1816,#1817,#1818,#1819,
#1820));
#389=EDGE_LOOP('',(#1821,#1822,#1823,#1824,#1825,#1826,#1827,#1828));
#390=EDGE_LOOP('',(#1829,#1830,#1831,#1832));
#391=EDGE_LOOP('',(#1833,#1834,#1835,#1836,#1837,#1838,#1839,#1840,#1841,
#1842));
#392=EDGE_LOOP('',(#1843,#1844,#1845,#1846));
#393=EDGE_LOOP('',(#1847));
#394=EDGE_LOOP('',(#1848));
#395=EDGE_LOOP('',(#1849,#1850,#1851,#1852));
#396=EDGE_LOOP('',(#1853));
#397=EDGE_LOOP('',(#1854));
#398=EDGE_LOOP('',(#1855,#1856,#1857,#1858));
#399=EDGE_LOOP('',(#1859));
#400=EDGE_LOOP('',(#1860));
#401=EDGE_LOOP('',(#1861,#1862,#1863,#1864));
#402=EDGE_LOOP('',(#1865));
#403=EDGE_LOOP('',(#1866));
#404=EDGE_LOOP('',(#1867));
#405=EDGE_LOOP('',(#1868,#1869,#1870,#1871));
#406=EDGE_LOOP('',(#1872));
#407=EDGE_LOOP('',(#1873));
#408=EDGE_LOOP('',(#1874,#1875,#1876,#1877));
#409=EDGE_LOOP('',(#1878));
#410=EDGE_LOOP('',(#1879));
#411=EDGE_LOOP('',(#1880,#1881,#1882,#1883));
#412=EDGE_LOOP('',(#1884));
#413=EDGE_LOOP('',(#1885));
#414=EDGE_LOOP('',(#1886,#1887,#1888,#1889));
#415=EDGE_LOOP('',(#1890));
#416=LINE('',#2839,#612);
#417=LINE('',#2845,#613);
#418=LINE('',#2853,#614);
#419=LINE('',#2859,#615);
#420=LINE('',#2867,#616);
#421=LINE('',#2873,#617);
#422=LINE('',#2881,#618);
#423=LINE('',#2887,#619);
#424=LINE('',#2894,#620);
#425=LINE('',#2896,#621);
#426=LINE('',#2898,#622);
#427=LINE('',#2899,#623);
#428=LINE('',#2902,#624);
#429=LINE('',#2904,#625);
#430=LINE('',#2906,#626);
#431=LINE('',#2907,#627);
#432=LINE('',#2910,#628);
#433=LINE('',#2912,#629);
#434=LINE('',#2917,#630);
#435=LINE('',#2920,#631);
#436=LINE('',#2922,#632);
#437=LINE('',#2924,#633);
#438=LINE('',#2926,#634);
#439=LINE('',#2928,#635);
#440=LINE('',#2929,#636);
#441=LINE('',#2932,#637);
#442=LINE('',#2934,#638);
#443=LINE('',#2936,#639);
#444=LINE('',#2937,#640);
#445=LINE('',#2940,#641);
#446=LINE('',#2941,#642);
#447=LINE('',#2943,#643);
#448=LINE('',#2946,#644);
#449=LINE('',#2948,#645);
#450=LINE('',#2949,#646);
#451=LINE('',#2953,#647);
#452=LINE('',#2955,#648);
#453=LINE('',#2957,#649);
#454=LINE('',#2958,#650);
#455=LINE('',#2961,#651);
#456=LINE('',#2963,#652);
#457=LINE('',#2965,#653);
#458=LINE('',#2966,#654);
#459=LINE('',#2969,#655);
#460=LINE('',#2972,#656);
#461=LINE('',#2977,#657);
#462=LINE('',#2978,#658);
#463=LINE('',#2981,#659);
#464=LINE('',#2982,#660);
#465=LINE('',#2984,#661);
#466=LINE('',#2986,#662);
#467=LINE('',#2988,#663);
#468=LINE('',#2990,#664);
#469=LINE('',#2991,#665);
#470=LINE('',#2993,#666);
#471=LINE('',#2997,#667);
#472=LINE('',#2999,#668);
#473=LINE('',#3000,#669);
#474=LINE('',#3004,#670);
#475=LINE('',#3006,#671);
#476=LINE('',#3008,#672);
#477=LINE('',#3009,#673);
#478=LINE('',#3012,#674);
#479=LINE('',#3014,#675);
#480=LINE('',#3018,#676);
#481=LINE('',#3020,#677);
#482=LINE('',#3021,#678);
#483=LINE('',#3024,#679);
#484=LINE('',#3025,#680);
#485=LINE('',#3028,#681);
#486=LINE('',#3030,#682);
#487=LINE('',#3031,#683);
#488=LINE('',#3033,#684);
#489=LINE('',#3035,#685);
#490=LINE('',#3038,#686);
#491=LINE('',#3040,#687);
#492=LINE('',#3042,#688);
#493=LINE('',#3047,#689);
#494=LINE('',#3049,#690);
#495=LINE('',#3051,#691);
#496=LINE('',#3052,#692);
#497=LINE('',#3055,#693);
#498=LINE('',#3057,#694);
#499=LINE('',#3059,#695);
#500=LINE('',#3061,#696);
#501=LINE('',#3064,#697);
#502=LINE('',#3065,#698);
#503=LINE('',#3068,#699);
#504=LINE('',#3069,#700);
#505=LINE('',#3071,#701);
#506=LINE('',#3074,#702);
#507=LINE('',#3077,#703);
#508=LINE('',#3082,#704);
#509=LINE('',#3084,#705);
#510=LINE('',#3086,#706);
#511=LINE('',#3087,#707);
#512=LINE('',#3090,#708);
#513=LINE('',#3092,#709);
#514=LINE('',#3096,#710);
#515=LINE('',#3097,#711);
#516=LINE('',#3100,#712);
#517=LINE('',#3101,#713);
#518=LINE('',#3104,#714);
#519=LINE('',#3106,#715);
#520=LINE('',#3107,#716);
#521=LINE('',#3109,#717);
#522=LINE('',#3112,#718);
#523=LINE('',#3116,#719);
#524=LINE('',#3118,#720);
#525=LINE('',#3120,#721);
#526=LINE('',#3121,#722);
#527=LINE('',#3124,#723);
#528=LINE('',#3126,#724);
#529=LINE('',#3130,#725);
#530=LINE('',#3131,#726);
#531=LINE('',#3134,#727);
#532=LINE('',#3135,#728);
#533=LINE('',#3138,#729);
#534=LINE('',#3140,#730);
#535=LINE('',#3141,#731);
#536=LINE('',#3143,#732);
#537=LINE('',#3146,#733);
#538=LINE('',#3148,#734);
#539=LINE('',#3152,#735);
#540=LINE('',#3158,#736);
#541=LINE('',#3164,#737);
#542=LINE('',#3170,#738);
#543=LINE('',#3172,#739);
#544=LINE('',#3174,#740);
#545=LINE('',#3178,#741);
#546=LINE('',#3182,#742);
#547=LINE('',#3186,#743);
#548=LINE('',#3187,#744);
#549=LINE('',#3188,#745);
#550=LINE('',#3191,#746);
#551=LINE('',#3193,#747);
#552=LINE('',#3195,#748);
#553=LINE('',#3196,#749);
#554=LINE('',#3199,#750);
#555=LINE('',#3201,#751);
#556=LINE('',#3203,#752);
#557=LINE('',#3204,#753);
#558=LINE('',#3213,#754);
#559=LINE('',#3215,#755);
#560=LINE('',#3217,#756);
#561=LINE('',#3218,#757);
#562=LINE('',#3221,#758);
#563=LINE('',#3223,#759);
#564=LINE('',#3225,#760);
#565=LINE('',#3227,#761);
#566=LINE('',#3228,#762);
#567=LINE('',#3231,#763);
#568=LINE('',#3232,#764);
#569=LINE('',#3235,#765);
#570=LINE('',#3236,#766);
#571=LINE('',#3238,#767);
#572=LINE('',#3239,#768);
#573=LINE('',#3245,#769);
#574=LINE('',#3251,#770);
#575=LINE('',#3253,#771);
#576=LINE('',#3255,#772);
#577=LINE('',#3257,#773);
#578=LINE('',#3258,#774);
#579=LINE('',#3261,#775);
#580=LINE('',#3262,#776);
#581=LINE('',#3267,#777);
#582=LINE('',#3268,#778);
#583=LINE('',#3269,#779);
#584=LINE('',#3272,#780);
#585=LINE('',#3273,#781);
#586=LINE('',#3274,#782);
#587=LINE('',#3276,#783);
#588=LINE('',#3307,#784);
#589=LINE('',#3353,#785);
#590=LINE('',#3357,#786);
#591=LINE('',#3361,#787);
#592=LINE('',#3439,#788);
#593=LINE('',#3443,#789);
#594=LINE('',#3447,#790);
#595=LINE('',#3452,#791);
#596=LINE('',#3453,#792);
#597=LINE('',#3454,#793);
#598=LINE('',#3458,#794);
#599=LINE('',#3462,#795);
#600=LINE('',#3466,#796);
#601=LINE('',#3467,#797);
#602=LINE('',#3469,#798);
#603=LINE('',#3471,#799);
#604=LINE('',#3477,#800);
#605=LINE('',#3485,#801);
#606=LINE('',#3493,#802);
#607=LINE('',#3501,#803);
#608=LINE('',#3510,#804);
#609=LINE('',#3518,#805);
#610=LINE('',#3526,#806);
#611=LINE('',#3534,#807);
#612=VECTOR('',#2264,1.40000000000001);
#613=VECTOR('',#2271,2.00000000000001);
#614=VECTOR('',#2282,1.40000000000001);
#615=VECTOR('',#2289,2.00000000000001);
#616=VECTOR('',#2300,1.4);
#617=VECTOR('',#2307,2.);
#618=VECTOR('',#2318,1.4);
#619=VECTOR('',#2325,2.00000000000001);
#620=VECTOR('',#2334,10.);
#621=VECTOR('',#2335,10.);
#622=VECTOR('',#2336,10.);
#623=VECTOR('',#2337,10.);
#624=VECTOR('',#2340,10.);
#625=VECTOR('',#2341,10.);
#626=VECTOR('',#2342,10.);
#627=VECTOR('',#2343,10.);
#628=VECTOR('',#2346,10.);
#629=VECTOR('',#2347,10.);
#630=VECTOR('',#2354,10.);
#631=VECTOR('',#2357,10.);
#632=VECTOR('',#2358,10.);
#633=VECTOR('',#2359,10.);
#634=VECTOR('',#2360,10.);
#635=VECTOR('',#2361,10.);
#636=VECTOR('',#2362,10.);
#637=VECTOR('',#2363,10.);
#638=VECTOR('',#2364,10.);
#639=VECTOR('',#2365,10.);
#640=VECTOR('',#2366,10.);
#641=VECTOR('',#2369,10.);
#642=VECTOR('',#2370,10.);
#643=VECTOR('',#2373,10.);
#644=VECTOR('',#2376,10.);
#645=VECTOR('',#2377,10.);
#646=VECTOR('',#2378,10.);
#647=VECTOR('',#2381,10.);
#648=VECTOR('',#2382,10.);
#649=VECTOR('',#2383,10.);
#650=VECTOR('',#2384,10.);
#651=VECTOR('',#2387,10.);
#652=VECTOR('',#2388,10.);
#653=VECTOR('',#2389,10.);
#654=VECTOR('',#2390,10.);
#655=VECTOR('',#2393,10.);
#656=VECTOR('',#2396,10.);
#657=VECTOR('',#2401,10.);
#658=VECTOR('',#2402,10.);
#659=VECTOR('',#2405,10.);
#660=VECTOR('',#2406,10.);
#661=VECTOR('',#2407,10.);
#662=VECTOR('',#2408,10.);
#663=VECTOR('',#2409,10.);
#664=VECTOR('',#2410,10.);
#665=VECTOR('',#2411,10.);
#666=VECTOR('',#2414,10.);
#667=VECTOR('',#2419,10.);
#668=VECTOR('',#2420,10.);
#669=VECTOR('',#2421,10.);
#670=VECTOR('',#2424,10.);
#671=VECTOR('',#2425,10.);
#672=VECTOR('',#2426,10.);
#673=VECTOR('',#2427,10.);
#674=VECTOR('',#2430,10.);
#675=VECTOR('',#2431,10.);
#676=VECTOR('',#2434,10.);
#677=VECTOR('',#2435,10.);
#678=VECTOR('',#2436,10.);
#679=VECTOR('',#2439,10.);
#680=VECTOR('',#2440,10.);
#681=VECTOR('',#2443,10.);
#682=VECTOR('',#2444,10.);
#683=VECTOR('',#2445,10.);
#684=VECTOR('',#2448,10.);
#685=VECTOR('',#2449,10.);
#686=VECTOR('',#2452,10.);
#687=VECTOR('',#2455,10.);
#688=VECTOR('',#2458,10.);
#689=VECTOR('',#2463,10.);
#690=VECTOR('',#2464,10.);
#691=VECTOR('',#2465,10.);
#692=VECTOR('',#2466,10.);
#693=VECTOR('',#2469,10.);
#694=VECTOR('',#2470,10.);
#695=VECTOR('',#2471,10.);
#696=VECTOR('',#2474,10.);
#697=VECTOR('',#2477,10.);
#698=VECTOR('',#2478,10.);
#699=VECTOR('',#2481,10.);
#700=VECTOR('',#2482,10.);
#701=VECTOR('',#2485,10.);
#702=VECTOR('',#2488,10.);
#703=VECTOR('',#2493,10.);
#704=VECTOR('',#2498,10.);
#705=VECTOR('',#2499,10.);
#706=VECTOR('',#2500,10.);
#707=VECTOR('',#2501,10.);
#708=VECTOR('',#2504,10.);
#709=VECTOR('',#2505,10.);
#710=VECTOR('',#2508,10.);
#711=VECTOR('',#2509,10.);
#712=VECTOR('',#2512,10.);
#713=VECTOR('',#2513,10.);
#714=VECTOR('',#2516,10.);
#715=VECTOR('',#2517,10.);
#716=VECTOR('',#2518,10.);
#717=VECTOR('',#2521,10.);
#718=VECTOR('',#2524,10.);
#719=VECTOR('',#2527,10.);
#720=VECTOR('',#2528,10.);
#721=VECTOR('',#2529,10.);
#722=VECTOR('',#2530,10.);
#723=VECTOR('',#2533,10.);
#724=VECTOR('',#2534,10.);
#725=VECTOR('',#2537,10.);
#726=VECTOR('',#2538,10.);
#727=VECTOR('',#2541,10.);
#728=VECTOR('',#2542,10.);
#729=VECTOR('',#2545,10.);
#730=VECTOR('',#2546,10.);
#731=VECTOR('',#2547,10.);
#732=VECTOR('',#2550,10.);
#733=VECTOR('',#2553,10.);
#734=VECTOR('',#2556,10.);
#735=VECTOR('',#2559,10.);
#736=VECTOR('',#2564,10.);
#737=VECTOR('',#2569,10.);
#738=VECTOR('',#2574,10.);
#739=VECTOR('',#2575,10.);
#740=VECTOR('',#2576,10.);
#741=VECTOR('',#2579,10.);
#742=VECTOR('',#2582,10.);
#743=VECTOR('',#2585,10.);
#744=VECTOR('',#2586,10.);
#745=VECTOR('',#2587,10.);
#746=VECTOR('',#2588,10.);
#747=VECTOR('',#2589,10.);
#748=VECTOR('',#2590,10.);
#749=VECTOR('',#2591,10.);
#750=VECTOR('',#2592,10.);
#751=VECTOR('',#2593,10.);
#752=VECTOR('',#2594,10.);
#753=VECTOR('',#2595,10.);
#754=VECTOR('',#2604,10.);
#755=VECTOR('',#2605,10.);
#756=VECTOR('',#2606,10.);
#757=VECTOR('',#2607,10.);
#758=VECTOR('',#2610,10.);
#759=VECTOR('',#2611,10.);
#760=VECTOR('',#2612,10.);
#761=VECTOR('',#2613,10.);
#762=VECTOR('',#2614,10.);
#763=VECTOR('',#2617,10.);
#764=VECTOR('',#2618,10.);
#765=VECTOR('',#2621,10.);
#766=VECTOR('',#2622,10.);
#767=VECTOR('',#2625,10.);
#768=VECTOR('',#2626,10.);
#769=VECTOR('',#2633,10.);
#770=VECTOR('',#2642,10.);
#771=VECTOR('',#2643,10.);
#772=VECTOR('',#2644,10.);
#773=VECTOR('',#2645,10.);
#774=VECTOR('',#2646,10.);
#775=VECTOR('',#2649,10.);
#776=VECTOR('',#2650,10.);
#777=VECTOR('',#2655,10.);
#778=VECTOR('',#2656,10.);
#779=VECTOR('',#2657,10.);
#780=VECTOR('',#2660,10.);
#781=VECTOR('',#2661,10.);
#782=VECTOR('',#2662,10.);
#783=VECTOR('',#2665,10.);
#784=VECTOR('',#2676,10.);
#785=VECTOR('',#2681,2.00000000000001);
#786=VECTOR('',#2686,3.35);
#787=VECTOR('',#2691,2.00000000000001);
#788=VECTOR('',#2702,2.);
#789=VECTOR('',#2707,3.35);
#790=VECTOR('',#2712,2.00000000000001);
#791=VECTOR('',#2717,10.);
#792=VECTOR('',#2718,10.);
#793=VECTOR('',#2719,10.);
#794=VECTOR('',#2724,3.35);
#795=VECTOR('',#2729,3.35);
#796=VECTOR('',#2736,10.);
#797=VECTOR('',#2737,10.);
#798=VECTOR('',#2740,10.);
#799=VECTOR('',#2743,10.);
#800=VECTOR('',#2750,3.35);
#801=VECTOR('',#2761,3.35);
#802=VECTOR('',#2772,3.35);
#803=VECTOR('',#2783,3.35);
#804=VECTOR('',#2796,3.35);
#805=VECTOR('',#2807,3.35);
#806=VECTOR('',#2818,3.35);
#807=VECTOR('',#2829,3.35);
#808=CIRCLE('',#2070,1.40000000000001);
#809=CIRCLE('',#2071,1.40000000000001);
#810=CIRCLE('',#2073,2.00000000000001);
#811=CIRCLE('',#2074,2.00000000000001);
#812=CIRCLE('',#2078,1.40000000000001);
#813=CIRCLE('',#2079,1.40000000000001);
#814=CIRCLE('',#2081,2.00000000000001);
#815=CIRCLE('',#2082,2.00000000000001);
#816=CIRCLE('',#2086,1.4);
#817=CIRCLE('',#2087,1.4);
#818=CIRCLE('',#2089,2.);
#819=CIRCLE('',#2090,2.);
#820=CIRCLE('',#2094,1.4);
#821=CIRCLE('',#2095,1.4);
#822=CIRCLE('',#2097,2.00000000000001);
#823=CIRCLE('',#2098,2.00000000000001);
#824=CIRCLE('',#2104,0.5);
#825=CIRCLE('',#2106,0.5);
#826=CIRCLE('',#2114,0.5);
#827=CIRCLE('',#2116,0.5);
#828=CIRCLE('',#2123,0.5);
#829=CIRCLE('',#2127,0.5);
#830=CIRCLE('',#2133,0.5);
#831=CIRCLE('',#2137,0.5);
#832=CIRCLE('',#2143,1.);
#833=CIRCLE('',#2147,1.);
#834=CIRCLE('',#2150,1.);
#835=CIRCLE('',#2154,1.);
#836=CIRCLE('',#2157,2.00000000000001);
#837=CIRCLE('',#2158,2.00000000000001);
#838=CIRCLE('',#2159,3.35);
#839=CIRCLE('',#2160,3.35);
#840=CIRCLE('',#2161,2.00000000000001);
#841=CIRCLE('',#2162,2.00000000000001);
#842=CIRCLE('',#2163,2.);
#843=CIRCLE('',#2164,3.35);
#844=CIRCLE('',#2165,2.00000000000001);
#845=CIRCLE('',#2166,3.35);
#846=CIRCLE('',#2167,3.35);
#847=CIRCLE('',#2175,0.75);
#848=CIRCLE('',#2176,0.75);
#849=CIRCLE('',#2178,0.75);
#850=CIRCLE('',#2179,0.75);
#851=CIRCLE('',#2190,4.5);
#852=CIRCLE('',#2191,4.5);
#853=CIRCLE('',#2193,2.00000000000001);
#854=CIRCLE('',#2195,3.35);
#855=CIRCLE('',#2197,2.00000000000001);
#856=CIRCLE('',#2199,4.5);
#857=CIRCLE('',#2200,4.5);
#858=CIRCLE('',#2202,2.);
#859=CIRCLE('',#2204,3.35);
#860=CIRCLE('',#2206,2.00000000000001);
#861=CIRCLE('',#2210,3.35);
#862=CIRCLE('',#2212,3.35);
#863=CIRCLE('',#2219,3.35);
#864=CIRCLE('',#2220,3.35);
#865=CIRCLE('',#2224,3.35);
#866=CIRCLE('',#2225,3.35);
#867=CIRCLE('',#2229,3.35);
#868=CIRCLE('',#2230,3.35);
#869=CIRCLE('',#2234,3.35);
#870=CIRCLE('',#2235,3.35);
#871=CIRCLE('',#2239,3.35);
#872=CIRCLE('',#2241,3.35);
#873=CIRCLE('',#2244,3.35);
#874=CIRCLE('',#2246,3.35);
#875=CIRCLE('',#2249,3.35);
#876=CIRCLE('',#2251,3.35);
#877=CIRCLE('',#2254,3.35);
#878=CIRCLE('',#2256,3.35);
#879=VERTEX_POINT('',#2836);
#880=VERTEX_POINT('',#2838);
#881=VERTEX_POINT('',#2842);
#882=VERTEX_POINT('',#2844);
#883=VERTEX_POINT('',#2850);
#884=VERTEX_POINT('',#2852);
#885=VERTEX_POINT('',#2856);
#886=VERTEX_POINT('',#2858);
#887=VERTEX_POINT('',#2864);
#888=VERTEX_POINT('',#2866);
#889=VERTEX_POINT('',#2870);
#890=VERTEX_POINT('',#2872);
#891=VERTEX_POINT('',#2878);
#892=VERTEX_POINT('',#2880);
#893=VERTEX_POINT('',#2884);
#894=VERTEX_POINT('',#2886);
#895=VERTEX_POINT('',#2892);
#896=VERTEX_POINT('',#2893);
#897=VERTEX_POINT('',#2895);
#898=VERTEX_POINT('',#2897);
#899=VERTEX_POINT('',#2901);
#900=VERTEX_POINT('',#2903);
#901=VERTEX_POINT('',#2905);
#902=VERTEX_POINT('',#2909);
#903=VERTEX_POINT('',#2911);
#904=VERTEX_POINT('',#2915);
#905=VERTEX_POINT('',#2919);
#906=VERTEX_POINT('',#2921);
#907=VERTEX_POINT('',#2923);
#908=VERTEX_POINT('',#2925);
#909=VERTEX_POINT('',#2927);
#910=VERTEX_POINT('',#2930);
#911=VERTEX_POINT('',#2931);
#912=VERTEX_POINT('',#2933);
#913=VERTEX_POINT('',#2935);
#914=VERTEX_POINT('',#2939);
#915=VERTEX_POINT('',#2945);
#916=VERTEX_POINT('',#2947);
#917=VERTEX_POINT('',#2951);
#918=VERTEX_POINT('',#2952);
#919=VERTEX_POINT('',#2954);
#920=VERTEX_POINT('',#2956);
#921=VERTEX_POINT('',#2960);
#922=VERTEX_POINT('',#2962);
#923=VERTEX_POINT('',#2964);
#924=VERTEX_POINT('',#2968);
#925=VERTEX_POINT('',#2970);
#926=VERTEX_POINT('',#2974);
#927=VERTEX_POINT('',#2975);
#928=VERTEX_POINT('',#2980);
#929=VERTEX_POINT('',#2983);
#930=VERTEX_POINT('',#2985);
#931=VERTEX_POINT('',#2987);
#932=VERTEX_POINT('',#2989);
#933=VERTEX_POINT('',#2996);
#934=VERTEX_POINT('',#2998);
#935=VERTEX_POINT('',#3002);
#936=VERTEX_POINT('',#3003);
#937=VERTEX_POINT('',#3005);
#938=VERTEX_POINT('',#3007);
#939=VERTEX_POINT('',#3011);
#940=VERTEX_POINT('',#3013);
#941=VERTEX_POINT('',#3015);
#942=VERTEX_POINT('',#3017);
#943=VERTEX_POINT('',#3019);
#944=VERTEX_POINT('',#3023);
#945=VERTEX_POINT('',#3027);
#946=VERTEX_POINT('',#3029);
#947=VERTEX_POINT('',#3034);
#948=VERTEX_POINT('',#3036);
#949=VERTEX_POINT('',#3045);
#950=VERTEX_POINT('',#3046);
#951=VERTEX_POINT('',#3048);
#952=VERTEX_POINT('',#3050);
#953=VERTEX_POINT('',#3054);
#954=VERTEX_POINT('',#3056);
#955=VERTEX_POINT('',#3058);
#956=VERTEX_POINT('',#3063);
#957=VERTEX_POINT('',#3067);
#958=VERTEX_POINT('',#3072);
#959=VERTEX_POINT('',#3080);
#960=VERTEX_POINT('',#3081);
#961=VERTEX_POINT('',#3083);
#962=VERTEX_POINT('',#3085);
#963=VERTEX_POINT('',#3089);
#964=VERTEX_POINT('',#3091);
#965=VERTEX_POINT('',#3093);
#966=VERTEX_POINT('',#3095);
#967=VERTEX_POINT('',#3099);
#968=VERTEX_POINT('',#3103);
#969=VERTEX_POINT('',#3105);
#970=VERTEX_POINT('',#3110);
#971=VERTEX_POINT('',#3114);
#972=VERTEX_POINT('',#3115);
#973=VERTEX_POINT('',#3117);
#974=VERTEX_POINT('',#3119);
#975=VERTEX_POINT('',#3123);
#976=VERTEX_POINT('',#3125);
#977=VERTEX_POINT('',#3127);
#978=VERTEX_POINT('',#3129);
#979=VERTEX_POINT('',#3133);
#980=VERTEX_POINT('',#3137);
#981=VERTEX_POINT('',#3139);
#982=VERTEX_POINT('',#3144);
#983=VERTEX_POINT('',#3150);
#984=VERTEX_POINT('',#3151);
#985=VERTEX_POINT('',#3153);
#986=VERTEX_POINT('',#3155);
#987=VERTEX_POINT('',#3157);
#988=VERTEX_POINT('',#3159);
#989=VERTEX_POINT('',#3161);
#990=VERTEX_POINT('',#3163);
#991=VERTEX_POINT('',#3165);
#992=VERTEX_POINT('',#3167);
#993=VERTEX_POINT('',#3169);
#994=VERTEX_POINT('',#3171);
#995=VERTEX_POINT('',#3173);
#996=VERTEX_POINT('',#3175);
#997=VERTEX_POINT('',#3177);
#998=VERTEX_POINT('',#3179);
#999=VERTEX_POINT('',#3181);
#1000=VERTEX_POINT('',#3183);
#1001=VERTEX_POINT('',#3185);
#1002=VERTEX_POINT('',#3189);
#1003=VERTEX_POINT('',#3190);
#1004=VERTEX_POINT('',#3192);
#1005=VERTEX_POINT('',#3194);
#1006=VERTEX_POINT('',#3197);
#1007=VERTEX_POINT('',#3198);
#1008=VERTEX_POINT('',#3200);
#1009=VERTEX_POINT('',#3202);
#1010=VERTEX_POINT('',#3205);
#1011=VERTEX_POINT('',#3207);
#1012=VERTEX_POINT('',#3211);
#1013=VERTEX_POINT('',#3212);
#1014=VERTEX_POINT('',#3214);
#1015=VERTEX_POINT('',#3216);
#1016=VERTEX_POINT('',#3220);
#1017=VERTEX_POINT('',#3222);
#1018=VERTEX_POINT('',#3224);
#1019=VERTEX_POINT('',#3226);
#1020=VERTEX_POINT('',#3230);
#1021=VERTEX_POINT('',#3234);
#1022=VERTEX_POINT('',#3241);
#1023=VERTEX_POINT('',#3243);
#1024=VERTEX_POINT('',#3250);
#1025=VERTEX_POINT('',#3252);
#1026=VERTEX_POINT('',#3254);
#1027=VERTEX_POINT('',#3256);
#1028=VERTEX_POINT('',#3260);
#1029=VERTEX_POINT('',#3265);
#1030=VERTEX_POINT('',#3266);
#1031=VERTEX_POINT('',#3271);
#1032=VERTEX_POINT('',#3304);
#1033=VERTEX_POINT('',#3306);
#1034=VERTEX_POINT('',#3352);
#1035=VERTEX_POINT('',#3356);
#1036=VERTEX_POINT('',#3360);
#1037=VERTEX_POINT('',#3364);
#1038=VERTEX_POINT('',#3391);
#1039=VERTEX_POINT('',#3416);
#1040=VERTEX_POINT('',#3438);
#1041=VERTEX_POINT('',#3442);
#1042=VERTEX_POINT('',#3446);
#1043=VERTEX_POINT('',#3450);
#1044=VERTEX_POINT('',#3451);
#1045=VERTEX_POINT('',#3457);
#1046=VERTEX_POINT('',#3461);
#1047=VERTEX_POINT('',#3474);
#1048=VERTEX_POINT('',#3476);
#1049=VERTEX_POINT('',#3482);
#1050=VERTEX_POINT('',#3484);
#1051=VERTEX_POINT('',#3490);
#1052=VERTEX_POINT('',#3492);
#1053=VERTEX_POINT('',#3498);
#1054=VERTEX_POINT('',#3500);
#1055=VERTEX_POINT('',#3506);
#1056=VERTEX_POINT('',#3509);
#1057=VERTEX_POINT('',#3514);
#1058=VERTEX_POINT('',#3517);
#1059=VERTEX_POINT('',#3522);
#1060=VERTEX_POINT('',#3525);
#1061=VERTEX_POINT('',#3530);
#1062=VERTEX_POINT('',#3533);
#1063=EDGE_CURVE('',#879,#879,#808,.T.);
#1064=EDGE_CURVE('',#879,#880,#416,.T.);
#1065=EDGE_CURVE('',#880,#880,#809,.T.);
#1066=EDGE_CURVE('',#881,#881,#810,.T.);
#1067=EDGE_CURVE('',#881,#882,#417,.T.);
#1068=EDGE_CURVE('',#882,#882,#811,.T.);
#1069=EDGE_CURVE('',#883,#883,#812,.T.);
#1070=EDGE_CURVE('',#883,#884,#418,.T.);
#1071=EDGE_CURVE('',#884,#884,#813,.T.);
#1072=EDGE_CURVE('',#885,#885,#814,.T.);
#1073=EDGE_CURVE('',#885,#886,#419,.T.);
#1074=EDGE_CURVE('',#886,#886,#815,.T.);
#1075=EDGE_CURVE('',#887,#887,#816,.T.);
#1076=EDGE_CURVE('',#887,#888,#420,.T.);
#1077=EDGE_CURVE('',#888,#888,#817,.T.);
#1078=EDGE_CURVE('',#889,#889,#818,.T.);
#1079=EDGE_CURVE('',#889,#890,#421,.T.);
#1080=EDGE_CURVE('',#890,#890,#819,.T.);
#1081=EDGE_CURVE('',#891,#891,#820,.T.);
#1082=EDGE_CURVE('',#891,#892,#422,.T.);
#1083=EDGE_CURVE('',#892,#892,#821,.T.);
#1084=EDGE_CURVE('',#893,#893,#822,.T.);
#1085=EDGE_CURVE('',#893,#894,#423,.T.);
#1086=EDGE_CURVE('',#894,#894,#823,.T.);
#1087=EDGE_CURVE('',#895,#896,#424,.T.);
#1088=EDGE_CURVE('',#895,#897,#425,.T.);
#1089=EDGE_CURVE('',#898,#897,#426,.T.);
#1090=EDGE_CURVE('',#898,#896,#427,.T.);
#1091=EDGE_CURVE('',#899,#897,#428,.T.);
#1092=EDGE_CURVE('',#900,#899,#429,.T.);
#1093=EDGE_CURVE('',#901,#900,#430,.T.);
#1094=EDGE_CURVE('',#901,#898,#431,.T.);
#1095=EDGE_CURVE('',#902,#895,#432,.T.);
#1096=EDGE_CURVE('',#903,#902,#433,.T.);
#1097=EDGE_CURVE('',#899,#903,#824,.F.);
#1098=EDGE_CURVE('',#904,#900,#825,.T.);
#1099=EDGE_CURVE('',#903,#904,#434,.T.);
#1100=EDGE_CURVE('',#902,#905,#435,.T.);
#1101=EDGE_CURVE('',#906,#905,#436,.T.);
#1102=EDGE_CURVE('',#907,#906,#437,.T.);
#1103=EDGE_CURVE('',#908,#907,#438,.T.);
#1104=EDGE_CURVE('',#909,#908,#439,.T.);
#1105=EDGE_CURVE('',#904,#909,#440,.T.);
#1106=EDGE_CURVE('',#910,#911,#441,.T.);
#1107=EDGE_CURVE('',#911,#912,#442,.T.);
#1108=EDGE_CURVE('',#912,#913,#443,.T.);
#1109=EDGE_CURVE('',#910,#913,#444,.T.);
#1110=EDGE_CURVE('',#896,#914,#445,.T.);
#1111=EDGE_CURVE('',#905,#914,#446,.T.);
#1112=EDGE_CURVE('',#914,#901,#447,.T.);
#1113=EDGE_CURVE('',#909,#915,#448,.T.);
#1114=EDGE_CURVE('',#915,#916,#449,.T.);
#1115=EDGE_CURVE('',#916,#906,#450,.T.);
#1116=EDGE_CURVE('',#917,#918,#451,.T.);
#1117=EDGE_CURVE('',#917,#919,#452,.T.);
#1118=EDGE_CURVE('',#920,#919,#453,.T.);
#1119=EDGE_CURVE('',#920,#918,#454,.T.);
#1120=EDGE_CURVE('',#919,#921,#455,.T.);
#1121=EDGE_CURVE('',#922,#921,#456,.T.);
#1122=EDGE_CURVE('',#923,#922,#457,.T.);
#1123=EDGE_CURVE('',#923,#920,#458,.T.);
#1124=EDGE_CURVE('',#917,#924,#459,.T.);
#1125=EDGE_CURVE('',#925,#924,#826,.F.);
#1126=EDGE_CURVE('',#921,#925,#460,.T.);
#1127=EDGE_CURVE('',#926,#927,#827,.T.);
#1128=EDGE_CURVE('',#927,#925,#461,.T.);
#1129=EDGE_CURVE('',#924,#926,#462,.T.);
#1130=EDGE_CURVE('',#926,#928,#463,.T.);
#1131=EDGE_CURVE('',#923,#928,#464,.T.);
#1132=EDGE_CURVE('',#922,#929,#465,.T.);
#1133=EDGE_CURVE('',#929,#930,#466,.T.);
#1134=EDGE_CURVE('',#930,#931,#467,.T.);
#1135=EDGE_CURVE('',#931,#932,#468,.T.);
#1136=EDGE_CURVE('',#932,#927,#469,.T.);
#1137=EDGE_CURVE('',#918,#928,#470,.T.);
#1138=EDGE_CURVE('',#930,#933,#471,.T.);
#1139=EDGE_CURVE('',#933,#934,#472,.T.);
#1140=EDGE_CURVE('',#934,#931,#473,.T.);
#1141=EDGE_CURVE('',#935,#936,#474,.T.);
#1142=EDGE_CURVE('',#935,#937,#475,.T.);
#1143=EDGE_CURVE('',#938,#937,#476,.T.);
#1144=EDGE_CURVE('',#938,#936,#477,.T.);
#1145=EDGE_CURVE('',#939,#937,#478,.T.);
#1146=EDGE_CURVE('',#940,#939,#479,.T.);
#1147=EDGE_CURVE('',#941,#940,#828,.F.);
#1148=EDGE_CURVE('',#941,#942,#480,.T.);
#1149=EDGE_CURVE('',#942,#943,#481,.T.);
#1150=EDGE_CURVE('',#943,#938,#482,.T.);
#1151=EDGE_CURVE('',#944,#935,#483,.T.);
#1152=EDGE_CURVE('',#939,#944,#484,.T.);
#1153=EDGE_CURVE('',#942,#945,#485,.T.);
#1154=EDGE_CURVE('',#946,#945,#486,.T.);
#1155=EDGE_CURVE('',#946,#943,#487,.T.);
#1156=EDGE_CURVE('',#936,#946,#488,.T.);
#1157=EDGE_CURVE('',#947,#945,#489,.T.);
#1158=EDGE_CURVE('',#948,#947,#829,.F.);
#1159=EDGE_CURVE('',#944,#948,#490,.T.);
#1160=EDGE_CURVE('',#947,#941,#491,.T.);
#1161=EDGE_CURVE('',#940,#948,#492,.T.);
#1162=EDGE_CURVE('',#949,#950,#493,.T.);
#1163=EDGE_CURVE('',#949,#951,#494,.T.);
#1164=EDGE_CURVE('',#952,#951,#495,.T.);
#1165=EDGE_CURVE('',#952,#950,#496,.T.);
#1166=EDGE_CURVE('',#950,#953,#497,.T.);
#1167=EDGE_CURVE('',#953,#954,#498,.T.);
#1168=EDGE_CURVE('',#955,#954,#499,.T.);
#1169=EDGE_CURVE('',#913,#955,#830,.F.);
#1170=EDGE_CURVE('',#912,#949,#500,.T.);
#1171=EDGE_CURVE('',#956,#952,#501,.T.);
#1172=EDGE_CURVE('',#953,#956,#502,.T.);
#1173=EDGE_CURVE('',#957,#956,#503,.T.);
#1174=EDGE_CURVE('',#957,#954,#504,.T.);
#1175=EDGE_CURVE('',#911,#951,#505,.T.);
#1176=EDGE_CURVE('',#958,#910,#831,.F.);
#1177=EDGE_CURVE('',#958,#957,#506,.T.);
#1178=EDGE_CURVE('',#955,#958,#507,.T.);
#1179=EDGE_CURVE('',#959,#960,#508,.T.);
#1180=EDGE_CURVE('',#959,#961,#509,.T.);
#1181=EDGE_CURVE('',#962,#961,#510,.T.);
#1182=EDGE_CURVE('',#962,#960,#511,.T.);
#1183=EDGE_CURVE('',#961,#963,#512,.T.);
#1184=EDGE_CURVE('',#964,#963,#513,.T.);
#1185=EDGE_CURVE('',#965,#964,#832,.F.);
#1186=EDGE_CURVE('',#965,#966,#514,.T.);
#1187=EDGE_CURVE('',#966,#962,#515,.T.);
#1188=EDGE_CURVE('',#959,#967,#516,.T.);
#1189=EDGE_CURVE('',#963,#967,#517,.T.);
#1190=EDGE_CURVE('',#968,#965,#518,.T.);
#1191=EDGE_CURVE('',#969,#968,#519,.T.);
#1192=EDGE_CURVE('',#969,#966,#520,.T.);
#1193=EDGE_CURVE('',#960,#969,#521,.T.);
#1194=EDGE_CURVE('',#970,#968,#833,.F.);
#1195=EDGE_CURVE('',#967,#970,#522,.T.);
#1196=EDGE_CURVE('',#971,#972,#523,.T.);
#1197=EDGE_CURVE('',#971,#973,#524,.T.);
#1198=EDGE_CURVE('',#974,#973,#525,.T.);
#1199=EDGE_CURVE('',#974,#972,#526,.T.);
#1200=EDGE_CURVE('',#973,#975,#527,.T.);
#1201=EDGE_CURVE('',#976,#975,#528,.T.);
#1202=EDGE_CURVE('',#977,#976,#834,.F.);
#1203=EDGE_CURVE('',#977,#978,#529,.T.);
#1204=EDGE_CURVE('',#978,#974,#530,.T.);
#1205=EDGE_CURVE('',#971,#979,#531,.T.);
#1206=EDGE_CURVE('',#975,#979,#532,.T.);
#1207=EDGE_CURVE('',#980,#977,#533,.T.);
#1208=EDGE_CURVE('',#981,#980,#534,.T.);
#1209=EDGE_CURVE('',#981,#978,#535,.T.);
#1210=EDGE_CURVE('',#972,#981,#536,.T.);
#1211=EDGE_CURVE('',#982,#980,#835,.F.);
#1212=EDGE_CURVE('',#979,#982,#537,.T.);
#1213=EDGE_CURVE('',#976,#982,#538,.T.);
#1214=EDGE_CURVE('',#983,#984,#539,.T.);
#1215=EDGE_CURVE('',#983,#985,#836,.T.);
#1216=EDGE_CURVE('',#985,#986,#837,.T.);
#1217=EDGE_CURVE('',#987,#986,#540,.T.);
#1218=EDGE_CURVE('',#987,#988,#838,.T.);
#1219=EDGE_CURVE('',#988,#989,#839,.T.);
#1220=EDGE_CURVE('',#990,#989,#541,.T.);
#1221=EDGE_CURVE('',#990,#991,#840,.T.);
#1222=EDGE_CURVE('',#991,#992,#841,.T.);
#1223=EDGE_CURVE('',#993,#992,#542,.T.);
#1224=EDGE_CURVE('',#993,#994,#543,.T.);
#1225=EDGE_CURVE('',#995,#994,#544,.T.);
#1226=EDGE_CURVE('',#995,#996,#842,.T.);
#1227=EDGE_CURVE('',#997,#996,#545,.T.);
#1228=EDGE_CURVE('',#997,#998,#843,.T.);
#1229=EDGE_CURVE('',#999,#998,#546,.T.);
#1230=EDGE_CURVE('',#999,#1000,#844,.T.);
#1231=EDGE_CURVE('',#1001,#1000,#547,.T.);
#1232=EDGE_CURVE('',#1001,#984,#548,.T.);
#1233=EDGE_CURVE('',#964,#970,#549,.T.);
#1234=EDGE_CURVE('',#1002,#1003,#550,.T.);
#1235=EDGE_CURVE('',#1004,#1003,#551,.T.);
#1236=EDGE_CURVE('',#1004,#1005,#552,.T.);
#1237=EDGE_CURVE('',#1005,#1002,#553,.T.);
#1238=EDGE_CURVE('',#1006,#1007,#554,.T.);
#1239=EDGE_CURVE('',#1008,#1007,#555,.T.);
#1240=EDGE_CURVE('',#1008,#1009,#556,.T.);
#1241=EDGE_CURVE('',#1009,#1006,#557,.T.);
#1242=EDGE_CURVE('',#1010,#1010,#845,.T.);
#1243=EDGE_CURVE('',#1011,#1011,#846,.T.);
#1244=EDGE_CURVE('',#1012,#1013,#558,.T.);
#1245=EDGE_CURVE('',#1012,#1014,#559,.T.);
#1246=EDGE_CURVE('',#1015,#1014,#560,.T.);
#1247=EDGE_CURVE('',#1015,#1013,#561,.T.);
#1248=EDGE_CURVE('',#1013,#1016,#562,.T.);
#1249=EDGE_CURVE('',#1016,#1017,#563,.T.);
#1250=EDGE_CURVE('',#1017,#1018,#564,.T.);
#1251=EDGE_CURVE('',#1019,#1018,#565,.T.);
#1252=EDGE_CURVE('',#1012,#1019,#566,.T.);
#1253=EDGE_CURVE('',#1020,#1015,#567,.T.);
#1254=EDGE_CURVE('',#1016,#1020,#568,.T.);
#1255=EDGE_CURVE('',#1021,#1020,#569,.T.);
#1256=EDGE_CURVE('',#1021,#1017,#570,.T.);
#1257=EDGE_CURVE('',#1014,#1006,#571,.T.);
#1258=EDGE_CURVE('',#1021,#1009,#572,.T.);
#1259=EDGE_CURVE('',#1022,#1004,#847,.F.);
#1260=EDGE_CURVE('',#1003,#1023,#848,.F.);
#1261=EDGE_CURVE('',#1023,#1022,#573,.T.);
#1262=EDGE_CURVE('',#1018,#1008,#849,.F.);
#1263=EDGE_CURVE('',#1007,#1019,#850,.F.);
#1264=EDGE_CURVE('',#1024,#1023,#574,.T.);
#1265=EDGE_CURVE('',#1024,#1025,#575,.T.);
#1266=EDGE_CURVE('',#1025,#1026,#576,.T.);
#1267=EDGE_CURVE('',#1026,#1027,#577,.T.);
#1268=EDGE_CURVE('',#1027,#1022,#578,.T.);
#1269=EDGE_CURVE('',#1028,#1002,#579,.T.);
#1270=EDGE_CURVE('',#1024,#1028,#580,.T.);
#1271=EDGE_CURVE('',#1029,#1030,#581,.T.);
#1272=EDGE_CURVE('',#1029,#1027,#582,.T.);
#1273=EDGE_CURVE('',#1026,#1030,#583,.T.);
#1274=EDGE_CURVE('',#1030,#1031,#584,.T.);
#1275=EDGE_CURVE('',#1031,#1028,#585,.T.);
#1276=EDGE_CURVE('',#1029,#1005,#586,.T.);
#1277=EDGE_CURVE('',#1031,#1025,#587,.T.);
#1278=EDGE_CURVE('',#986,#983,#13,.T.);
#1279=EDGE_CURVE('',#984,#1032,#851,.T.);
#1280=EDGE_CURVE('',#1032,#1033,#588,.T.);
#1281=EDGE_CURVE('',#1033,#993,#852,.T.);
#1282=EDGE_CURVE('',#992,#990,#14,.T.);
#1283=EDGE_CURVE('',#989,#987,#15,.T.);
#1284=EDGE_CURVE('',#985,#1034,#589,.T.);
#1285=EDGE_CURVE('',#1034,#1034,#853,.T.);
#1286=EDGE_CURVE('',#988,#1035,#590,.T.);
#1287=EDGE_CURVE('',#1035,#1035,#854,.T.);
#1288=EDGE_CURVE('',#991,#1036,#591,.T.);
#1289=EDGE_CURVE('',#1036,#1036,#855,.T.);
#1290=EDGE_CURVE('',#996,#1037,#16,.T.);
#1291=EDGE_CURVE('',#1037,#995,#17,.T.);
#1292=EDGE_CURVE('',#994,#908,#856,.T.);
#1293=EDGE_CURVE('',#907,#1001,#857,.T.);
#1294=EDGE_CURVE('',#1000,#1038,#18,.T.);
#1295=EDGE_CURVE('',#1038,#999,#19,.T.);
#1296=EDGE_CURVE('',#998,#1039,#20,.T.);
#1297=EDGE_CURVE('',#1039,#997,#21,.T.);
#1298=EDGE_CURVE('',#1037,#1040,#592,.T.);
#1299=EDGE_CURVE('',#1040,#1040,#858,.T.);
#1300=EDGE_CURVE('',#1039,#1041,#593,.T.);
#1301=EDGE_CURVE('',#1041,#1041,#859,.T.);
#1302=EDGE_CURVE('',#1038,#1042,#594,.T.);
#1303=EDGE_CURVE('',#1042,#1042,#860,.T.);
#1304=EDGE_CURVE('',#1043,#1044,#595,.T.);
#1305=EDGE_CURVE('',#1044,#916,#596,.T.);
#1306=EDGE_CURVE('',#1043,#915,#597,.T.);
#1307=EDGE_CURVE('',#1010,#1045,#598,.T.);
#1308=EDGE_CURVE('',#1045,#1045,#861,.T.);
#1309=EDGE_CURVE('',#1011,#1046,#599,.T.);
#1310=EDGE_CURVE('',#1046,#1046,#862,.T.);
#1311=EDGE_CURVE('',#1043,#934,#600,.T.);
#1312=EDGE_CURVE('',#1044,#933,#601,.T.);
#1313=EDGE_CURVE('',#1032,#929,#602,.T.);
#1314=EDGE_CURVE('',#1033,#932,#603,.T.);
#1315=EDGE_CURVE('',#1047,#1047,#863,.T.);
#1316=EDGE_CURVE('',#1047,#1048,#604,.T.);
#1317=EDGE_CURVE('',#1048,#1048,#864,.T.);
#1318=EDGE_CURVE('',#1049,#1049,#865,.T.);
#1319=EDGE_CURVE('',#1049,#1050,#605,.T.);
#1320=EDGE_CURVE('',#1050,#1050,#866,.T.);
#1321=EDGE_CURVE('',#1051,#1051,#867,.T.);
#1322=EDGE_CURVE('',#1051,#1052,#606,.T.);
#1323=EDGE_CURVE('',#1052,#1052,#868,.T.);
#1324=EDGE_CURVE('',#1053,#1053,#869,.T.);
#1325=EDGE_CURVE('',#1053,#1054,#607,.T.);
#1326=EDGE_CURVE('',#1054,#1054,#870,.T.);
#1327=EDGE_CURVE('',#1055,#1055,#871,.T.);
#1328=EDGE_CURVE('',#1055,#1056,#608,.T.);
#1329=EDGE_CURVE('',#1056,#1056,#872,.T.);
#1330=EDGE_CURVE('',#1057,#1057,#873,.T.);
#1331=EDGE_CURVE('',#1057,#1058,#609,.T.);
#1332=EDGE_CURVE('',#1058,#1058,#874,.T.);
#1333=EDGE_CURVE('',#1059,#1059,#875,.T.);
#1334=EDGE_CURVE('',#1059,#1060,#610,.T.);
#1335=EDGE_CURVE('',#1060,#1060,#876,.T.);
#1336=EDGE_CURVE('',#1061,#1061,#877,.T.);
#1337=EDGE_CURVE('',#1061,#1062,#611,.T.);
#1338=EDGE_CURVE('',#1062,#1062,#878,.T.);
#1339=ORIENTED_EDGE('',*,*,#1063,.F.);
#1340=ORIENTED_EDGE('',*,*,#1064,.T.);
#1341=ORIENTED_EDGE('',*,*,#1065,.T.);
#1342=ORIENTED_EDGE('',*,*,#1064,.F.);
#1343=ORIENTED_EDGE('',*,*,#1066,.F.);
#1344=ORIENTED_EDGE('',*,*,#1067,.T.);
#1345=ORIENTED_EDGE('',*,*,#1068,.T.);
#1346=ORIENTED_EDGE('',*,*,#1067,.F.);
#1347=ORIENTED_EDGE('',*,*,#1066,.T.);
#1348=ORIENTED_EDGE('',*,*,#1063,.T.);
#1349=ORIENTED_EDGE('',*,*,#1068,.F.);
#1350=ORIENTED_EDGE('',*,*,#1065,.F.);
#1351=ORIENTED_EDGE('',*,*,#1069,.F.);
#1352=ORIENTED_EDGE('',*,*,#1070,.T.);
#1353=ORIENTED_EDGE('',*,*,#1071,.T.);
#1354=ORIENTED_EDGE('',*,*,#1070,.F.);
#1355=ORIENTED_EDGE('',*,*,#1072,.F.);
#1356=ORIENTED_EDGE('',*,*,#1073,.T.);
#1357=ORIENTED_EDGE('',*,*,#1074,.T.);
#1358=ORIENTED_EDGE('',*,*,#1073,.F.);
#1359=ORIENTED_EDGE('',*,*,#1072,.T.);
#1360=ORIENTED_EDGE('',*,*,#1069,.T.);
#1361=ORIENTED_EDGE('',*,*,#1074,.F.);
#1362=ORIENTED_EDGE('',*,*,#1071,.F.);
#1363=ORIENTED_EDGE('',*,*,#1075,.F.);
#1364=ORIENTED_EDGE('',*,*,#1076,.T.);
#1365=ORIENTED_EDGE('',*,*,#1077,.T.);
#1366=ORIENTED_EDGE('',*,*,#1076,.F.);
#1367=ORIENTED_EDGE('',*,*,#1078,.F.);
#1368=ORIENTED_EDGE('',*,*,#1079,.T.);
#1369=ORIENTED_EDGE('',*,*,#1080,.T.);
#1370=ORIENTED_EDGE('',*,*,#1079,.F.);
#1371=ORIENTED_EDGE('',*,*,#1078,.T.);
#1372=ORIENTED_EDGE('',*,*,#1075,.T.);
#1373=ORIENTED_EDGE('',*,*,#1080,.F.);
#1374=ORIENTED_EDGE('',*,*,#1077,.F.);
#1375=ORIENTED_EDGE('',*,*,#1081,.F.);
#1376=ORIENTED_EDGE('',*,*,#1082,.T.);
#1377=ORIENTED_EDGE('',*,*,#1083,.T.);
#1378=ORIENTED_EDGE('',*,*,#1082,.F.);
#1379=ORIENTED_EDGE('',*,*,#1084,.F.);
#1380=ORIENTED_EDGE('',*,*,#1085,.T.);
#1381=ORIENTED_EDGE('',*,*,#1086,.T.);
#1382=ORIENTED_EDGE('',*,*,#1085,.F.);
#1383=ORIENTED_EDGE('',*,*,#1084,.T.);
#1384=ORIENTED_EDGE('',*,*,#1081,.T.);
#1385=ORIENTED_EDGE('',*,*,#1086,.F.);
#1386=ORIENTED_EDGE('',*,*,#1083,.F.);
#1387=ORIENTED_EDGE('',*,*,#1087,.F.);
#1388=ORIENTED_EDGE('',*,*,#1088,.T.);
#1389=ORIENTED_EDGE('',*,*,#1089,.F.);
#1390=ORIENTED_EDGE('',*,*,#1090,.T.);
#1391=ORIENTED_EDGE('',*,*,#1089,.T.);
#1392=ORIENTED_EDGE('',*,*,#1091,.F.);
#1393=ORIENTED_EDGE('',*,*,#1092,.F.);
#1394=ORIENTED_EDGE('',*,*,#1093,.F.);
#1395=ORIENTED_EDGE('',*,*,#1094,.T.);
#1396=ORIENTED_EDGE('',*,*,#1088,.F.);
#1397=ORIENTED_EDGE('',*,*,#1095,.F.);
#1398=ORIENTED_EDGE('',*,*,#1096,.F.);
#1399=ORIENTED_EDGE('',*,*,#1097,.F.);
#1400=ORIENTED_EDGE('',*,*,#1091,.T.);
#1401=ORIENTED_EDGE('',*,*,#1098,.T.);
#1402=ORIENTED_EDGE('',*,*,#1092,.T.);
#1403=ORIENTED_EDGE('',*,*,#1097,.T.);
#1404=ORIENTED_EDGE('',*,*,#1099,.T.);
#1405=ORIENTED_EDGE('',*,*,#1099,.F.);
#1406=ORIENTED_EDGE('',*,*,#1096,.T.);
#1407=ORIENTED_EDGE('',*,*,#1100,.T.);
#1408=ORIENTED_EDGE('',*,*,#1101,.F.);
#1409=ORIENTED_EDGE('',*,*,#1102,.F.);
#1410=ORIENTED_EDGE('',*,*,#1103,.F.);
#1411=ORIENTED_EDGE('',*,*,#1104,.F.);
#1412=ORIENTED_EDGE('',*,*,#1105,.F.);
#1413=ORIENTED_EDGE('',*,*,#1106,.T.);
#1414=ORIENTED_EDGE('',*,*,#1107,.T.);
#1415=ORIENTED_EDGE('',*,*,#1108,.T.);
#1416=ORIENTED_EDGE('',*,*,#1109,.F.);
#1417=ORIENTED_EDGE('',*,*,#1087,.T.);
#1418=ORIENTED_EDGE('',*,*,#1110,.T.);
#1419=ORIENTED_EDGE('',*,*,#1111,.F.);
#1420=ORIENTED_EDGE('',*,*,#1100,.F.);
#1421=ORIENTED_EDGE('',*,*,#1095,.T.);
#1422=ORIENTED_EDGE('',*,*,#1090,.F.);
#1423=ORIENTED_EDGE('',*,*,#1094,.F.);
#1424=ORIENTED_EDGE('',*,*,#1112,.F.);
#1425=ORIENTED_EDGE('',*,*,#1110,.F.);
#1426=ORIENTED_EDGE('',*,*,#1098,.F.);
#1427=ORIENTED_EDGE('',*,*,#1105,.T.);
#1428=ORIENTED_EDGE('',*,*,#1113,.T.);
#1429=ORIENTED_EDGE('',*,*,#1114,.T.);
#1430=ORIENTED_EDGE('',*,*,#1115,.T.);
#1431=ORIENTED_EDGE('',*,*,#1101,.T.);
#1432=ORIENTED_EDGE('',*,*,#1111,.T.);
#1433=ORIENTED_EDGE('',*,*,#1112,.T.);
#1434=ORIENTED_EDGE('',*,*,#1093,.T.);
#1435=ORIENTED_EDGE('',*,*,#1116,.F.);
#1436=ORIENTED_EDGE('',*,*,#1117,.T.);
#1437=ORIENTED_EDGE('',*,*,#1118,.F.);
#1438=ORIENTED_EDGE('',*,*,#1119,.T.);
#1439=ORIENTED_EDGE('',*,*,#1118,.T.);
#1440=ORIENTED_EDGE('',*,*,#1120,.T.);
#1441=ORIENTED_EDGE('',*,*,#1121,.F.);
#1442=ORIENTED_EDGE('',*,*,#1122,.F.);
#1443=ORIENTED_EDGE('',*,*,#1123,.T.);
#1444=ORIENTED_EDGE('',*,*,#1117,.F.);
#1445=ORIENTED_EDGE('',*,*,#1124,.T.);
#1446=ORIENTED_EDGE('',*,*,#1125,.F.);
#1447=ORIENTED_EDGE('',*,*,#1126,.F.);
#1448=ORIENTED_EDGE('',*,*,#1120,.F.);
#1449=ORIENTED_EDGE('',*,*,#1127,.T.);
#1450=ORIENTED_EDGE('',*,*,#1128,.T.);
#1451=ORIENTED_EDGE('',*,*,#1125,.T.);
#1452=ORIENTED_EDGE('',*,*,#1129,.T.);
#1453=ORIENTED_EDGE('',*,*,#1127,.F.);
#1454=ORIENTED_EDGE('',*,*,#1130,.T.);
#1455=ORIENTED_EDGE('',*,*,#1131,.F.);
#1456=ORIENTED_EDGE('',*,*,#1122,.T.);
#1457=ORIENTED_EDGE('',*,*,#1132,.T.);
#1458=ORIENTED_EDGE('',*,*,#1133,.T.);
#1459=ORIENTED_EDGE('',*,*,#1134,.T.);
#1460=ORIENTED_EDGE('',*,*,#1135,.T.);
#1461=ORIENTED_EDGE('',*,*,#1136,.T.);
#1462=ORIENTED_EDGE('',*,*,#1116,.T.);
#1463=ORIENTED_EDGE('',*,*,#1137,.T.);
#1464=ORIENTED_EDGE('',*,*,#1130,.F.);
#1465=ORIENTED_EDGE('',*,*,#1129,.F.);
#1466=ORIENTED_EDGE('',*,*,#1124,.F.);
#1467=ORIENTED_EDGE('',*,*,#1119,.F.);
#1468=ORIENTED_EDGE('',*,*,#1123,.F.);
#1469=ORIENTED_EDGE('',*,*,#1131,.T.);
#1470=ORIENTED_EDGE('',*,*,#1137,.F.);
#1471=ORIENTED_EDGE('',*,*,#1134,.F.);
#1472=ORIENTED_EDGE('',*,*,#1138,.T.);
#1473=ORIENTED_EDGE('',*,*,#1139,.T.);
#1474=ORIENTED_EDGE('',*,*,#1140,.T.);
#1475=ORIENTED_EDGE('',*,*,#1141,.F.);
#1476=ORIENTED_EDGE('',*,*,#1142,.T.);
#1477=ORIENTED_EDGE('',*,*,#1143,.F.);
#1478=ORIENTED_EDGE('',*,*,#1144,.T.);
#1479=ORIENTED_EDGE('',*,*,#1143,.T.);
#1480=ORIENTED_EDGE('',*,*,#1145,.F.);
#1481=ORIENTED_EDGE('',*,*,#1146,.F.);
#1482=ORIENTED_EDGE('',*,*,#1147,.F.);
#1483=ORIENTED_EDGE('',*,*,#1148,.T.);
#1484=ORIENTED_EDGE('',*,*,#1149,.T.);
#1485=ORIENTED_EDGE('',*,*,#1150,.T.);
#1486=ORIENTED_EDGE('',*,*,#1142,.F.);
#1487=ORIENTED_EDGE('',*,*,#1151,.F.);
#1488=ORIENTED_EDGE('',*,*,#1152,.F.);
#1489=ORIENTED_EDGE('',*,*,#1145,.T.);
#1490=ORIENTED_EDGE('',*,*,#1149,.F.);
#1491=ORIENTED_EDGE('',*,*,#1153,.T.);
#1492=ORIENTED_EDGE('',*,*,#1154,.F.);
#1493=ORIENTED_EDGE('',*,*,#1155,.T.);
#1494=ORIENTED_EDGE('',*,*,#1141,.T.);
#1495=ORIENTED_EDGE('',*,*,#1156,.T.);
#1496=ORIENTED_EDGE('',*,*,#1154,.T.);
#1497=ORIENTED_EDGE('',*,*,#1157,.F.);
#1498=ORIENTED_EDGE('',*,*,#1158,.F.);
#1499=ORIENTED_EDGE('',*,*,#1159,.F.);
#1500=ORIENTED_EDGE('',*,*,#1151,.T.);
#1501=ORIENTED_EDGE('',*,*,#1153,.F.);
#1502=ORIENTED_EDGE('',*,*,#1148,.F.);
#1503=ORIENTED_EDGE('',*,*,#1160,.F.);
#1504=ORIENTED_EDGE('',*,*,#1157,.T.);
#1505=ORIENTED_EDGE('',*,*,#1158,.T.);
#1506=ORIENTED_EDGE('',*,*,#1160,.T.);
#1507=ORIENTED_EDGE('',*,*,#1147,.T.);
#1508=ORIENTED_EDGE('',*,*,#1161,.T.);
#1509=ORIENTED_EDGE('',*,*,#1144,.F.);
#1510=ORIENTED_EDGE('',*,*,#1150,.F.);
#1511=ORIENTED_EDGE('',*,*,#1155,.F.);
#1512=ORIENTED_EDGE('',*,*,#1156,.F.);
#1513=ORIENTED_EDGE('',*,*,#1162,.F.);
#1514=ORIENTED_EDGE('',*,*,#1163,.T.);
#1515=ORIENTED_EDGE('',*,*,#1164,.F.);
#1516=ORIENTED_EDGE('',*,*,#1165,.T.);
#1517=ORIENTED_EDGE('',*,*,#1162,.T.);
#1518=ORIENTED_EDGE('',*,*,#1166,.T.);
#1519=ORIENTED_EDGE('',*,*,#1167,.T.);
#1520=ORIENTED_EDGE('',*,*,#1168,.F.);
#1521=ORIENTED_EDGE('',*,*,#1169,.F.);
#1522=ORIENTED_EDGE('',*,*,#1108,.F.);
#1523=ORIENTED_EDGE('',*,*,#1170,.T.);
#1524=ORIENTED_EDGE('',*,*,#1165,.F.);
#1525=ORIENTED_EDGE('',*,*,#1171,.F.);
#1526=ORIENTED_EDGE('',*,*,#1172,.F.);
#1527=ORIENTED_EDGE('',*,*,#1166,.F.);
#1528=ORIENTED_EDGE('',*,*,#1173,.F.);
#1529=ORIENTED_EDGE('',*,*,#1174,.T.);
#1530=ORIENTED_EDGE('',*,*,#1167,.F.);
#1531=ORIENTED_EDGE('',*,*,#1172,.T.);
#1532=ORIENTED_EDGE('',*,*,#1164,.T.);
#1533=ORIENTED_EDGE('',*,*,#1175,.F.);
#1534=ORIENTED_EDGE('',*,*,#1106,.F.);
#1535=ORIENTED_EDGE('',*,*,#1176,.F.);
#1536=ORIENTED_EDGE('',*,*,#1177,.T.);
#1537=ORIENTED_EDGE('',*,*,#1173,.T.);
#1538=ORIENTED_EDGE('',*,*,#1171,.T.);
#1539=ORIENTED_EDGE('',*,*,#1163,.F.);
#1540=ORIENTED_EDGE('',*,*,#1170,.F.);
#1541=ORIENTED_EDGE('',*,*,#1107,.F.);
#1542=ORIENTED_EDGE('',*,*,#1175,.T.);
#1543=ORIENTED_EDGE('',*,*,#1174,.F.);
#1544=ORIENTED_EDGE('',*,*,#1177,.F.);
#1545=ORIENTED_EDGE('',*,*,#1178,.F.);
#1546=ORIENTED_EDGE('',*,*,#1168,.T.);
#1547=ORIENTED_EDGE('',*,*,#1169,.T.);
#1548=ORIENTED_EDGE('',*,*,#1178,.T.);
#1549=ORIENTED_EDGE('',*,*,#1176,.T.);
#1550=ORIENTED_EDGE('',*,*,#1109,.T.);
#1551=ORIENTED_EDGE('',*,*,#1179,.F.);
#1552=ORIENTED_EDGE('',*,*,#1180,.T.);
#1553=ORIENTED_EDGE('',*,*,#1181,.F.);
#1554=ORIENTED_EDGE('',*,*,#1182,.T.);
#1555=ORIENTED_EDGE('',*,*,#1181,.T.);
#1556=ORIENTED_EDGE('',*,*,#1183,.T.);
#1557=ORIENTED_EDGE('',*,*,#1184,.F.);
#1558=ORIENTED_EDGE('',*,*,#1185,.F.);
#1559=ORIENTED_EDGE('',*,*,#1186,.T.);
#1560=ORIENTED_EDGE('',*,*,#1187,.T.);
#1561=ORIENTED_EDGE('',*,*,#1180,.F.);
#1562=ORIENTED_EDGE('',*,*,#1188,.T.);
#1563=ORIENTED_EDGE('',*,*,#1189,.F.);
#1564=ORIENTED_EDGE('',*,*,#1183,.F.);
#1565=ORIENTED_EDGE('',*,*,#1186,.F.);
#1566=ORIENTED_EDGE('',*,*,#1190,.F.);
#1567=ORIENTED_EDGE('',*,*,#1191,.F.);
#1568=ORIENTED_EDGE('',*,*,#1192,.T.);
#1569=ORIENTED_EDGE('',*,*,#1179,.T.);
#1570=ORIENTED_EDGE('',*,*,#1193,.T.);
#1571=ORIENTED_EDGE('',*,*,#1191,.T.);
#1572=ORIENTED_EDGE('',*,*,#1194,.F.);
#1573=ORIENTED_EDGE('',*,*,#1195,.F.);
#1574=ORIENTED_EDGE('',*,*,#1188,.F.);
#1575=ORIENTED_EDGE('',*,*,#1196,.F.);
#1576=ORIENTED_EDGE('',*,*,#1197,.T.);
#1577=ORIENTED_EDGE('',*,*,#1198,.F.);
#1578=ORIENTED_EDGE('',*,*,#1199,.T.);
#1579=ORIENTED_EDGE('',*,*,#1198,.T.);
#1580=ORIENTED_EDGE('',*,*,#1200,.T.);
#1581=ORIENTED_EDGE('',*,*,#1201,.F.);
#1582=ORIENTED_EDGE('',*,*,#1202,.F.);
#1583=ORIENTED_EDGE('',*,*,#1203,.T.);
#1584=ORIENTED_EDGE('',*,*,#1204,.T.);
#1585=ORIENTED_EDGE('',*,*,#1197,.F.);
#1586=ORIENTED_EDGE('',*,*,#1205,.T.);
#1587=ORIENTED_EDGE('',*,*,#1206,.F.);
#1588=ORIENTED_EDGE('',*,*,#1200,.F.);
#1589=ORIENTED_EDGE('',*,*,#1203,.F.);
#1590=ORIENTED_EDGE('',*,*,#1207,.F.);
#1591=ORIENTED_EDGE('',*,*,#1208,.F.);
#1592=ORIENTED_EDGE('',*,*,#1209,.T.);
#1593=ORIENTED_EDGE('',*,*,#1196,.T.);
#1594=ORIENTED_EDGE('',*,*,#1210,.T.);
#1595=ORIENTED_EDGE('',*,*,#1208,.T.);
#1596=ORIENTED_EDGE('',*,*,#1211,.F.);
#1597=ORIENTED_EDGE('',*,*,#1212,.F.);
#1598=ORIENTED_EDGE('',*,*,#1205,.F.);
#1599=ORIENTED_EDGE('',*,*,#1202,.T.);
#1600=ORIENTED_EDGE('',*,*,#1213,.T.);
#1601=ORIENTED_EDGE('',*,*,#1211,.T.);
#1602=ORIENTED_EDGE('',*,*,#1207,.T.);
#1603=ORIENTED_EDGE('',*,*,#1214,.F.);
#1604=ORIENTED_EDGE('',*,*,#1215,.T.);
#1605=ORIENTED_EDGE('',*,*,#1216,.T.);
#1606=ORIENTED_EDGE('',*,*,#1217,.F.);
#1607=ORIENTED_EDGE('',*,*,#1218,.T.);
#1608=ORIENTED_EDGE('',*,*,#1219,.T.);
#1609=ORIENTED_EDGE('',*,*,#1220,.F.);
#1610=ORIENTED_EDGE('',*,*,#1221,.T.);
#1611=ORIENTED_EDGE('',*,*,#1222,.T.);
#1612=ORIENTED_EDGE('',*,*,#1223,.F.);
#1613=ORIENTED_EDGE('',*,*,#1224,.T.);
#1614=ORIENTED_EDGE('',*,*,#1225,.F.);
#1615=ORIENTED_EDGE('',*,*,#1226,.T.);
#1616=ORIENTED_EDGE('',*,*,#1227,.F.);
#1617=ORIENTED_EDGE('',*,*,#1228,.T.);
#1618=ORIENTED_EDGE('',*,*,#1229,.F.);
#1619=ORIENTED_EDGE('',*,*,#1230,.T.);
#1620=ORIENTED_EDGE('',*,*,#1231,.F.);
#1621=ORIENTED_EDGE('',*,*,#1232,.T.);
#1622=ORIENTED_EDGE('',*,*,#1195,.T.);
#1623=ORIENTED_EDGE('',*,*,#1233,.F.);
#1624=ORIENTED_EDGE('',*,*,#1184,.T.);
#1625=ORIENTED_EDGE('',*,*,#1189,.T.);
#1626=ORIENTED_EDGE('',*,*,#1234,.T.);
#1627=ORIENTED_EDGE('',*,*,#1235,.F.);
#1628=ORIENTED_EDGE('',*,*,#1236,.T.);
#1629=ORIENTED_EDGE('',*,*,#1237,.T.);
#1630=ORIENTED_EDGE('',*,*,#1238,.T.);
#1631=ORIENTED_EDGE('',*,*,#1239,.F.);
#1632=ORIENTED_EDGE('',*,*,#1240,.T.);
#1633=ORIENTED_EDGE('',*,*,#1241,.T.);
#1634=ORIENTED_EDGE('',*,*,#1242,.T.);
#1635=ORIENTED_EDGE('',*,*,#1243,.T.);
#1636=ORIENTED_EDGE('',*,*,#1212,.T.);
#1637=ORIENTED_EDGE('',*,*,#1213,.F.);
#1638=ORIENTED_EDGE('',*,*,#1201,.T.);
#1639=ORIENTED_EDGE('',*,*,#1206,.T.);
#1640=ORIENTED_EDGE('',*,*,#1185,.T.);
#1641=ORIENTED_EDGE('',*,*,#1233,.T.);
#1642=ORIENTED_EDGE('',*,*,#1194,.T.);
#1643=ORIENTED_EDGE('',*,*,#1190,.T.);
#1644=ORIENTED_EDGE('',*,*,#1244,.F.);
#1645=ORIENTED_EDGE('',*,*,#1245,.T.);
#1646=ORIENTED_EDGE('',*,*,#1246,.F.);
#1647=ORIENTED_EDGE('',*,*,#1247,.T.);
#1648=ORIENTED_EDGE('',*,*,#1244,.T.);
#1649=ORIENTED_EDGE('',*,*,#1248,.T.);
#1650=ORIENTED_EDGE('',*,*,#1249,.T.);
#1651=ORIENTED_EDGE('',*,*,#1250,.T.);
#1652=ORIENTED_EDGE('',*,*,#1251,.F.);
#1653=ORIENTED_EDGE('',*,*,#1252,.F.);
#1654=ORIENTED_EDGE('',*,*,#1247,.F.);
#1655=ORIENTED_EDGE('',*,*,#1253,.F.);
#1656=ORIENTED_EDGE('',*,*,#1254,.F.);
#1657=ORIENTED_EDGE('',*,*,#1248,.F.);
#1658=ORIENTED_EDGE('',*,*,#1255,.F.);
#1659=ORIENTED_EDGE('',*,*,#1256,.T.);
#1660=ORIENTED_EDGE('',*,*,#1249,.F.);
#1661=ORIENTED_EDGE('',*,*,#1254,.T.);
#1662=ORIENTED_EDGE('',*,*,#1246,.T.);
#1663=ORIENTED_EDGE('',*,*,#1257,.T.);
#1664=ORIENTED_EDGE('',*,*,#1241,.F.);
#1665=ORIENTED_EDGE('',*,*,#1258,.F.);
#1666=ORIENTED_EDGE('',*,*,#1255,.T.);
#1667=ORIENTED_EDGE('',*,*,#1253,.T.);
#1668=ORIENTED_EDGE('',*,*,#1259,.T.);
#1669=ORIENTED_EDGE('',*,*,#1235,.T.);
#1670=ORIENTED_EDGE('',*,*,#1260,.T.);
#1671=ORIENTED_EDGE('',*,*,#1261,.T.);
#1672=ORIENTED_EDGE('',*,*,#1262,.T.);
#1673=ORIENTED_EDGE('',*,*,#1239,.T.);
#1674=ORIENTED_EDGE('',*,*,#1263,.T.);
#1675=ORIENTED_EDGE('',*,*,#1251,.T.);
#1676=ORIENTED_EDGE('',*,*,#1261,.F.);
#1677=ORIENTED_EDGE('',*,*,#1264,.F.);
#1678=ORIENTED_EDGE('',*,*,#1265,.T.);
#1679=ORIENTED_EDGE('',*,*,#1266,.T.);
#1680=ORIENTED_EDGE('',*,*,#1267,.T.);
#1681=ORIENTED_EDGE('',*,*,#1268,.T.);
#1682=ORIENTED_EDGE('',*,*,#1264,.T.);
#1683=ORIENTED_EDGE('',*,*,#1260,.F.);
#1684=ORIENTED_EDGE('',*,*,#1234,.F.);
#1685=ORIENTED_EDGE('',*,*,#1269,.F.);
#1686=ORIENTED_EDGE('',*,*,#1270,.F.);
#1687=ORIENTED_EDGE('',*,*,#1245,.F.);
#1688=ORIENTED_EDGE('',*,*,#1252,.T.);
#1689=ORIENTED_EDGE('',*,*,#1263,.F.);
#1690=ORIENTED_EDGE('',*,*,#1238,.F.);
#1691=ORIENTED_EDGE('',*,*,#1257,.F.);
#1692=ORIENTED_EDGE('',*,*,#1271,.F.);
#1693=ORIENTED_EDGE('',*,*,#1272,.T.);
#1694=ORIENTED_EDGE('',*,*,#1267,.F.);
#1695=ORIENTED_EDGE('',*,*,#1273,.T.);
#1696=ORIENTED_EDGE('',*,*,#1271,.T.);
#1697=ORIENTED_EDGE('',*,*,#1274,.T.);
#1698=ORIENTED_EDGE('',*,*,#1275,.T.);
#1699=ORIENTED_EDGE('',*,*,#1269,.T.);
#1700=ORIENTED_EDGE('',*,*,#1237,.F.);
#1701=ORIENTED_EDGE('',*,*,#1276,.F.);
#1702=ORIENTED_EDGE('',*,*,#1273,.F.);
#1703=ORIENTED_EDGE('',*,*,#1266,.F.);
#1704=ORIENTED_EDGE('',*,*,#1277,.F.);
#1705=ORIENTED_EDGE('',*,*,#1274,.F.);
#1706=ORIENTED_EDGE('',*,*,#1265,.F.);
#1707=ORIENTED_EDGE('',*,*,#1270,.T.);
#1708=ORIENTED_EDGE('',*,*,#1275,.F.);
#1709=ORIENTED_EDGE('',*,*,#1277,.T.);
#1710=ORIENTED_EDGE('',*,*,#1182,.F.);
#1711=ORIENTED_EDGE('',*,*,#1187,.F.);
#1712=ORIENTED_EDGE('',*,*,#1192,.F.);
#1713=ORIENTED_EDGE('',*,*,#1193,.F.);
#1714=ORIENTED_EDGE('',*,*,#1199,.F.);
#1715=ORIENTED_EDGE('',*,*,#1204,.F.);
#1716=ORIENTED_EDGE('',*,*,#1209,.F.);
#1717=ORIENTED_EDGE('',*,*,#1210,.F.);
#1718=ORIENTED_EDGE('',*,*,#1278,.T.);
#1719=ORIENTED_EDGE('',*,*,#1214,.T.);
#1720=ORIENTED_EDGE('',*,*,#1279,.T.);
#1721=ORIENTED_EDGE('',*,*,#1280,.T.);
#1722=ORIENTED_EDGE('',*,*,#1281,.T.);
#1723=ORIENTED_EDGE('',*,*,#1223,.T.);
#1724=ORIENTED_EDGE('',*,*,#1282,.T.);
#1725=ORIENTED_EDGE('',*,*,#1220,.T.);
#1726=ORIENTED_EDGE('',*,*,#1283,.T.);
#1727=ORIENTED_EDGE('',*,*,#1217,.T.);
#1728=ORIENTED_EDGE('',*,*,#1278,.F.);
#1729=ORIENTED_EDGE('',*,*,#1216,.F.);
#1730=ORIENTED_EDGE('',*,*,#1284,.T.);
#1731=ORIENTED_EDGE('',*,*,#1285,.F.);
#1732=ORIENTED_EDGE('',*,*,#1284,.F.);
#1733=ORIENTED_EDGE('',*,*,#1215,.F.);
#1734=ORIENTED_EDGE('',*,*,#1283,.F.);
#1735=ORIENTED_EDGE('',*,*,#1219,.F.);
#1736=ORIENTED_EDGE('',*,*,#1286,.T.);
#1737=ORIENTED_EDGE('',*,*,#1287,.F.);
#1738=ORIENTED_EDGE('',*,*,#1286,.F.);
#1739=ORIENTED_EDGE('',*,*,#1218,.F.);
#1740=ORIENTED_EDGE('',*,*,#1282,.F.);
#1741=ORIENTED_EDGE('',*,*,#1222,.F.);
#1742=ORIENTED_EDGE('',*,*,#1288,.T.);
#1743=ORIENTED_EDGE('',*,*,#1289,.F.);
#1744=ORIENTED_EDGE('',*,*,#1288,.F.);
#1745=ORIENTED_EDGE('',*,*,#1221,.F.);
#1746=ORIENTED_EDGE('',*,*,#1290,.T.);
#1747=ORIENTED_EDGE('',*,*,#1291,.T.);
#1748=ORIENTED_EDGE('',*,*,#1225,.T.);
#1749=ORIENTED_EDGE('',*,*,#1292,.T.);
#1750=ORIENTED_EDGE('',*,*,#1103,.T.);
#1751=ORIENTED_EDGE('',*,*,#1293,.T.);
#1752=ORIENTED_EDGE('',*,*,#1231,.T.);
#1753=ORIENTED_EDGE('',*,*,#1294,.T.);
#1754=ORIENTED_EDGE('',*,*,#1295,.T.);
#1755=ORIENTED_EDGE('',*,*,#1229,.T.);
#1756=ORIENTED_EDGE('',*,*,#1296,.T.);
#1757=ORIENTED_EDGE('',*,*,#1297,.T.);
#1758=ORIENTED_EDGE('',*,*,#1227,.T.);
#1759=ORIENTED_EDGE('',*,*,#1290,.F.);
#1760=ORIENTED_EDGE('',*,*,#1226,.F.);
#1761=ORIENTED_EDGE('',*,*,#1291,.F.);
#1762=ORIENTED_EDGE('',*,*,#1298,.T.);
#1763=ORIENTED_EDGE('',*,*,#1299,.F.);
#1764=ORIENTED_EDGE('',*,*,#1298,.F.);
#1765=ORIENTED_EDGE('',*,*,#1296,.F.);
#1766=ORIENTED_EDGE('',*,*,#1228,.F.);
#1767=ORIENTED_EDGE('',*,*,#1297,.F.);
#1768=ORIENTED_EDGE('',*,*,#1300,.T.);
#1769=ORIENTED_EDGE('',*,*,#1301,.F.);
#1770=ORIENTED_EDGE('',*,*,#1300,.F.);
#1771=ORIENTED_EDGE('',*,*,#1294,.F.);
#1772=ORIENTED_EDGE('',*,*,#1230,.F.);
#1773=ORIENTED_EDGE('',*,*,#1295,.F.);
#1774=ORIENTED_EDGE('',*,*,#1302,.T.);
#1775=ORIENTED_EDGE('',*,*,#1303,.F.);
#1776=ORIENTED_EDGE('',*,*,#1302,.F.);
#1777=ORIENTED_EDGE('',*,*,#1304,.T.);
#1778=ORIENTED_EDGE('',*,*,#1305,.T.);
#1779=ORIENTED_EDGE('',*,*,#1114,.F.);
#1780=ORIENTED_EDGE('',*,*,#1306,.F.);
#1781=ORIENTED_EDGE('',*,*,#1268,.F.);
#1782=ORIENTED_EDGE('',*,*,#1272,.F.);
#1783=ORIENTED_EDGE('',*,*,#1276,.T.);
#1784=ORIENTED_EDGE('',*,*,#1236,.F.);
#1785=ORIENTED_EDGE('',*,*,#1259,.F.);
#1786=ORIENTED_EDGE('',*,*,#1242,.F.);
#1787=ORIENTED_EDGE('',*,*,#1307,.T.);
#1788=ORIENTED_EDGE('',*,*,#1308,.F.);
#1789=ORIENTED_EDGE('',*,*,#1307,.F.);
#1790=ORIENTED_EDGE('',*,*,#1243,.F.);
#1791=ORIENTED_EDGE('',*,*,#1309,.T.);
#1792=ORIENTED_EDGE('',*,*,#1310,.F.);
#1793=ORIENTED_EDGE('',*,*,#1309,.F.);
#1794=ORIENTED_EDGE('',*,*,#1256,.F.);
#1795=ORIENTED_EDGE('',*,*,#1258,.T.);
#1796=ORIENTED_EDGE('',*,*,#1240,.F.);
#1797=ORIENTED_EDGE('',*,*,#1262,.F.);
#1798=ORIENTED_EDGE('',*,*,#1250,.F.);
#1799=ORIENTED_EDGE('',*,*,#1311,.T.);
#1800=ORIENTED_EDGE('',*,*,#1139,.F.);
#1801=ORIENTED_EDGE('',*,*,#1312,.F.);
#1802=ORIENTED_EDGE('',*,*,#1304,.F.);
#1803=ORIENTED_EDGE('',*,*,#1289,.T.);
#1804=ORIENTED_EDGE('',*,*,#1310,.T.);
#1805=ORIENTED_EDGE('',*,*,#1285,.T.);
#1806=ORIENTED_EDGE('',*,*,#1303,.T.);
#1807=ORIENTED_EDGE('',*,*,#1299,.T.);
#1808=ORIENTED_EDGE('',*,*,#1308,.T.);
#1809=ORIENTED_EDGE('',*,*,#1301,.T.);
#1810=ORIENTED_EDGE('',*,*,#1287,.T.);
#1811=ORIENTED_EDGE('',*,*,#1279,.F.);
#1812=ORIENTED_EDGE('',*,*,#1232,.F.);
#1813=ORIENTED_EDGE('',*,*,#1293,.F.);
#1814=ORIENTED_EDGE('',*,*,#1102,.T.);
#1815=ORIENTED_EDGE('',*,*,#1115,.F.);
#1816=ORIENTED_EDGE('',*,*,#1305,.F.);
#1817=ORIENTED_EDGE('',*,*,#1312,.T.);
#1818=ORIENTED_EDGE('',*,*,#1138,.F.);
#1819=ORIENTED_EDGE('',*,*,#1133,.F.);
#1820=ORIENTED_EDGE('',*,*,#1313,.F.);
#1821=ORIENTED_EDGE('',*,*,#1128,.F.);
#1822=ORIENTED_EDGE('',*,*,#1136,.F.);
#1823=ORIENTED_EDGE('',*,*,#1314,.F.);
#1824=ORIENTED_EDGE('',*,*,#1280,.F.);
#1825=ORIENTED_EDGE('',*,*,#1313,.T.);
#1826=ORIENTED_EDGE('',*,*,#1132,.F.);
#1827=ORIENTED_EDGE('',*,*,#1121,.T.);
#1828=ORIENTED_EDGE('',*,*,#1126,.T.);
#1829=ORIENTED_EDGE('',*,*,#1146,.T.);
#1830=ORIENTED_EDGE('',*,*,#1152,.T.);
#1831=ORIENTED_EDGE('',*,*,#1159,.T.);
#1832=ORIENTED_EDGE('',*,*,#1161,.F.);
#1833=ORIENTED_EDGE('',*,*,#1281,.F.);
#1834=ORIENTED_EDGE('',*,*,#1314,.T.);
#1835=ORIENTED_EDGE('',*,*,#1135,.F.);
#1836=ORIENTED_EDGE('',*,*,#1140,.F.);
#1837=ORIENTED_EDGE('',*,*,#1311,.F.);
#1838=ORIENTED_EDGE('',*,*,#1306,.T.);
#1839=ORIENTED_EDGE('',*,*,#1113,.F.);
#1840=ORIENTED_EDGE('',*,*,#1104,.T.);
#1841=ORIENTED_EDGE('',*,*,#1292,.F.);
#1842=ORIENTED_EDGE('',*,*,#1224,.F.);
#1843=ORIENTED_EDGE('',*,*,#1315,.F.);
#1844=ORIENTED_EDGE('',*,*,#1316,.T.);
#1845=ORIENTED_EDGE('',*,*,#1317,.F.);
#1846=ORIENTED_EDGE('',*,*,#1316,.F.);
#1847=ORIENTED_EDGE('',*,*,#1317,.T.);
#1848=ORIENTED_EDGE('',*,*,#1315,.T.);
#1849=ORIENTED_EDGE('',*,*,#1318,.F.);
#1850=ORIENTED_EDGE('',*,*,#1319,.T.);
#1851=ORIENTED_EDGE('',*,*,#1320,.F.);
#1852=ORIENTED_EDGE('',*,*,#1319,.F.);
#1853=ORIENTED_EDGE('',*,*,#1320,.T.);
#1854=ORIENTED_EDGE('',*,*,#1318,.T.);
#1855=ORIENTED_EDGE('',*,*,#1321,.F.);
#1856=ORIENTED_EDGE('',*,*,#1322,.T.);
#1857=ORIENTED_EDGE('',*,*,#1323,.F.);
#1858=ORIENTED_EDGE('',*,*,#1322,.F.);
#1859=ORIENTED_EDGE('',*,*,#1323,.T.);
#1860=ORIENTED_EDGE('',*,*,#1321,.T.);
#1861=ORIENTED_EDGE('',*,*,#1324,.F.);
#1862=ORIENTED_EDGE('',*,*,#1325,.T.);
#1863=ORIENTED_EDGE('',*,*,#1326,.F.);
#1864=ORIENTED_EDGE('',*,*,#1325,.F.);
#1865=ORIENTED_EDGE('',*,*,#1326,.T.);
#1866=ORIENTED_EDGE('',*,*,#1324,.T.);
#1867=ORIENTED_EDGE('',*,*,#1327,.F.);
#1868=ORIENTED_EDGE('',*,*,#1327,.T.);
#1869=ORIENTED_EDGE('',*,*,#1328,.T.);
#1870=ORIENTED_EDGE('',*,*,#1329,.F.);
#1871=ORIENTED_EDGE('',*,*,#1328,.F.);
#1872=ORIENTED_EDGE('',*,*,#1329,.T.);
#1873=ORIENTED_EDGE('',*,*,#1330,.F.);
#1874=ORIENTED_EDGE('',*,*,#1330,.T.);
#1875=ORIENTED_EDGE('',*,*,#1331,.T.);
#1876=ORIENTED_EDGE('',*,*,#1332,.F.);
#1877=ORIENTED_EDGE('',*,*,#1331,.F.);
#1878=ORIENTED_EDGE('',*,*,#1332,.T.);
#1879=ORIENTED_EDGE('',*,*,#1333,.F.);
#1880=ORIENTED_EDGE('',*,*,#1333,.T.);
#1881=ORIENTED_EDGE('',*,*,#1334,.T.);
#1882=ORIENTED_EDGE('',*,*,#1335,.F.);
#1883=ORIENTED_EDGE('',*,*,#1334,.F.);
#1884=ORIENTED_EDGE('',*,*,#1335,.T.);
#1885=ORIENTED_EDGE('',*,*,#1336,.F.);
#1886=ORIENTED_EDGE('',*,*,#1336,.T.);
#1887=ORIENTED_EDGE('',*,*,#1337,.T.);
#1888=ORIENTED_EDGE('',*,*,#1338,.F.);
#1889=ORIENTED_EDGE('',*,*,#1337,.F.);
#1890=ORIENTED_EDGE('',*,*,#1338,.T.);
#1891=CYLINDRICAL_SURFACE('',#2069,1.40000000000001);
#1892=CYLINDRICAL_SURFACE('',#2072,2.00000000000001);
#1893=CYLINDRICAL_SURFACE('',#2077,1.40000000000001);
#1894=CYLINDRICAL_SURFACE('',#2080,2.00000000000001);
#1895=CYLINDRICAL_SURFACE('',#2085,1.4);
#1896=CYLINDRICAL_SURFACE('',#2088,2.);
#1897=CYLINDRICAL_SURFACE('',#2093,1.4);
#1898=CYLINDRICAL_SURFACE('',#2096,2.00000000000001);
#1899=CYLINDRICAL_SURFACE('',#2105,0.5);
#1900=CYLINDRICAL_SURFACE('',#2115,0.5);
#1901=CYLINDRICAL_SURFACE('',#2129,0.5);
#1902=CYLINDRICAL_SURFACE('',#2140,0.5);
#1903=CYLINDRICAL_SURFACE('',#2155,1.);
#1904=CYLINDRICAL_SURFACE('',#2168,1.);
#1905=CYLINDRICAL_SURFACE('',#2174,0.75);
#1906=CYLINDRICAL_SURFACE('',#2177,0.75);
#1907=CYLINDRICAL_SURFACE('',#2189,4.5);
#1908=CYLINDRICAL_SURFACE('',#2192,2.00000000000001);
#1909=CYLINDRICAL_SURFACE('',#2194,3.35);
#1910=CYLINDRICAL_SURFACE('',#2196,2.00000000000001);
#1911=CYLINDRICAL_SURFACE('',#2198,4.5);
#1912=CYLINDRICAL_SURFACE('',#2201,2.);
#1913=CYLINDRICAL_SURFACE('',#2203,3.35);
#1914=CYLINDRICAL_SURFACE('',#2205,2.00000000000001);
#1915=CYLINDRICAL_SURFACE('',#2209,3.35);
#1916=CYLINDRICAL_SURFACE('',#2211,3.35);
#1917=CYLINDRICAL_SURFACE('',#2218,3.35);
#1918=CYLINDRICAL_SURFACE('',#2223,3.35);
#1919=CYLINDRICAL_SURFACE('',#2228,3.35);
#1920=CYLINDRICAL_SURFACE('',#2233,3.35);
#1921=CYLINDRICAL_SURFACE('',#2240,3.35);
#1922=CYLINDRICAL_SURFACE('',#2245,3.35);
#1923=CYLINDRICAL_SURFACE('',#2250,3.35);
#1924=CYLINDRICAL_SURFACE('',#2255,3.35);
#1925=ADVANCED_FACE('',(#156),#1891,.F.);
#1926=ADVANCED_FACE('',(#157),#1892,.T.);
#1927=ADVANCED_FACE('',(#158,#48),#72,.T.);
#1928=ADVANCED_FACE('',(#159,#49),#73,.F.);
#1929=ADVANCED_FACE('',(#160),#1893,.F.);
#1930=ADVANCED_FACE('',(#161),#1894,.T.);
#1931=ADVANCED_FACE('',(#162,#50),#74,.T.);
#1932=ADVANCED_FACE('',(#163,#51),#75,.F.);
#1933=ADVANCED_FACE('',(#164),#1895,.F.);
#1934=ADVANCED_FACE('',(#165),#1896,.T.);
#1935=ADVANCED_FACE('',(#166,#52),#76,.T.);
#1936=ADVANCED_FACE('',(#167,#53),#77,.F.);
#1937=ADVANCED_FACE('',(#168),#1897,.F.);
#1938=ADVANCED_FACE('',(#169),#1898,.T.);
#1939=ADVANCED_FACE('',(#170,#54),#78,.T.);
#1940=ADVANCED_FACE('',(#171,#55),#79,.F.);
#1941=ADVANCED_FACE('',(#172),#80,.T.);
#1942=ADVANCED_FACE('',(#173),#81,.F.);
#1943=ADVANCED_FACE('',(#174),#82,.F.);
#1944=ADVANCED_FACE('',(#175),#1899,.T.);
#1945=ADVANCED_FACE('',(#176,#56),#83,.T.);
#1946=ADVANCED_FACE('',(#177),#84,.F.);
#1947=ADVANCED_FACE('',(#178),#85,.F.);
#1948=ADVANCED_FACE('',(#179),#86,.T.);
#1949=ADVANCED_FACE('',(#180),#87,.T.);
#1950=ADVANCED_FACE('',(#181),#88,.F.);
#1951=ADVANCED_FACE('',(#182),#89,.F.);
#1952=ADVANCED_FACE('',(#183),#1900,.T.);
#1953=ADVANCED_FACE('',(#184),#90,.T.);
#1954=ADVANCED_FACE('',(#185),#91,.F.);
#1955=ADVANCED_FACE('',(#186),#92,.T.);
#1956=ADVANCED_FACE('',(#187),#93,.T.);
#1957=ADVANCED_FACE('',(#188),#94,.T.);
#1958=ADVANCED_FACE('',(#189),#95,.F.);
#1959=ADVANCED_FACE('',(#190),#96,.F.);
#1960=ADVANCED_FACE('',(#191),#97,.T.);
#1961=ADVANCED_FACE('',(#192),#98,.F.);
#1962=ADVANCED_FACE('',(#193),#99,.F.);
#1963=ADVANCED_FACE('',(#194),#1901,.T.);
#1964=ADVANCED_FACE('',(#195),#100,.F.);
#1965=ADVANCED_FACE('',(#196),#101,.T.);
#1966=ADVANCED_FACE('',(#197),#102,.F.);
#1967=ADVANCED_FACE('',(#198),#103,.F.);
#1968=ADVANCED_FACE('',(#199),#104,.T.);
#1969=ADVANCED_FACE('',(#200),#105,.F.);
#1970=ADVANCED_FACE('',(#201),#106,.F.);
#1971=ADVANCED_FACE('',(#202),#107,.F.);
#1972=ADVANCED_FACE('',(#203),#1902,.T.);
#1973=ADVANCED_FACE('',(#204),#108,.T.);
#1974=ADVANCED_FACE('',(#205),#109,.T.);
#1975=ADVANCED_FACE('',(#206),#110,.T.);
#1976=ADVANCED_FACE('',(#207),#111,.T.);
#1977=ADVANCED_FACE('',(#208),#112,.T.);
#1978=ADVANCED_FACE('',(#209),#113,.T.);
#1979=ADVANCED_FACE('',(#210),#114,.T.);
#1980=ADVANCED_FACE('',(#211),#115,.T.);
#1981=ADVANCED_FACE('',(#212),#116,.T.);
#1982=ADVANCED_FACE('',(#213),#117,.T.);
#1983=ADVANCED_FACE('',(#214),#1903,.T.);
#1984=ADVANCED_FACE('',(#215,#57,#58,#59,#60,#61,#62),#118,.T.);
#1985=ADVANCED_FACE('',(#216),#1904,.T.);
#1986=ADVANCED_FACE('',(#217),#119,.T.);
#1987=ADVANCED_FACE('',(#218),#120,.T.);
#1988=ADVANCED_FACE('',(#219),#121,.T.);
#1989=ADVANCED_FACE('',(#220),#122,.T.);
#1990=ADVANCED_FACE('',(#221),#123,.T.);
#1991=ADVANCED_FACE('',(#222),#1905,.T.);
#1992=ADVANCED_FACE('',(#223),#1906,.T.);
#1993=ADVANCED_FACE('',(#224),#124,.T.);
#1994=ADVANCED_FACE('',(#225),#125,.T.);
#1995=ADVANCED_FACE('',(#226),#126,.T.);
#1996=ADVANCED_FACE('',(#227),#127,.T.);
#1997=ADVANCED_FACE('',(#228),#128,.T.);
#1998=ADVANCED_FACE('',(#229),#129,.T.);
#1999=ADVANCED_FACE('',(#230),#130,.T.);
#2000=ADVANCED_FACE('',(#231),#131,.T.);
#2001=ADVANCED_FACE('',(#232),#132,.T.);
#2002=ADVANCED_FACE('',(#233),#1907,.T.);
#2003=ADVANCED_FACE('',(#234),#1908,.F.);
#2004=ADVANCED_FACE('',(#235),#1909,.F.);
#2005=ADVANCED_FACE('',(#236),#1910,.F.);
#2006=ADVANCED_FACE('',(#237),#1911,.T.);
#2007=ADVANCED_FACE('',(#238),#1912,.F.);
#2008=ADVANCED_FACE('',(#239),#1913,.F.);
#2009=ADVANCED_FACE('',(#240),#1914,.F.);
#2010=ADVANCED_FACE('',(#241),#133,.T.);
#2011=ADVANCED_FACE('',(#242),#134,.T.);
#2012=ADVANCED_FACE('',(#243),#1915,.F.);
#2013=ADVANCED_FACE('',(#244),#1916,.F.);
#2014=ADVANCED_FACE('',(#245),#135,.T.);
#2015=ADVANCED_FACE('',(#246,#63,#64,#65,#66,#67,#68,#69,#70),#136,.T.);
#2016=ADVANCED_FACE('',(#247),#137,.T.);
#2017=ADVANCED_FACE('',(#248,#71),#138,.T.);
#2018=ADVANCED_FACE('',(#249),#139,.T.);
#2019=ADVANCED_FACE('',(#250),#1917,.T.);
#2020=ADVANCED_FACE('',(#251),#140,.T.);
#2021=ADVANCED_FACE('',(#252),#141,.F.);
#2022=ADVANCED_FACE('',(#253),#1918,.T.);
#2023=ADVANCED_FACE('',(#254),#142,.T.);
#2024=ADVANCED_FACE('',(#255),#143,.F.);
#2025=ADVANCED_FACE('',(#256),#1919,.T.);
#2026=ADVANCED_FACE('',(#257),#144,.T.);
#2027=ADVANCED_FACE('',(#258),#145,.F.);
#2028=ADVANCED_FACE('',(#259),#1920,.T.);
#2029=ADVANCED_FACE('',(#260),#146,.T.);
#2030=ADVANCED_FACE('',(#261),#147,.F.);
#2031=ADVANCED_FACE('',(#262),#148,.F.);
#2032=ADVANCED_FACE('',(#263),#1921,.T.);
#2033=ADVANCED_FACE('',(#264),#149,.T.);
#2034=ADVANCED_FACE('',(#265),#150,.F.);
#2035=ADVANCED_FACE('',(#266),#1922,.T.);
#2036=ADVANCED_FACE('',(#267),#151,.T.);
#2037=ADVANCED_FACE('',(#268),#152,.F.);
#2038=ADVANCED_FACE('',(#269),#1923,.T.);
#2039=ADVANCED_FACE('',(#270),#153,.T.);
#2040=ADVANCED_FACE('',(#271),#154,.F.);
#2041=ADVANCED_FACE('',(#272),#1924,.T.);
#2042=ADVANCED_FACE('',(#273),#155,.T.);
#2043=CLOSED_SHELL('',(#1925,#1926,#1927,#1928));
#2044=CLOSED_SHELL('',(#1929,#1930,#1931,#1932));
#2045=CLOSED_SHELL('',(#1933,#1934,#1935,#1936));
#2046=CLOSED_SHELL('',(#1937,#1938,#1939,#1940));
#2047=CLOSED_SHELL('',(#1941,#1942,#1943,#1944,#1945,#1946,#1947,#1948,
#1949,#1950,#1951,#1952,#1953,#1954,#1955,#1956,#1957,#1958,#1959,#1960,
#1961,#1962,#1963,#1964,#1965,#1966,#1967,#1968,#1969,#1970,#1971,#1972,
#1973,#1974,#1975,#1976,#1977,#1978,#1979,#1980,#1981,#1982,#1983,#1984,
#1985,#1986,#1987,#1988,#1989,#1990,#1991,#1992,#1993,#1994,#1995,#1996,
#1997,#1998,#1999,#2000,#2001,#2002,#2003,#2004,#2005,#2006,#2007,#2008,
#2009,#2010,#2011,#2012,#2013,#2014,#2015,#2016,#2017,#2018));
#2048=CLOSED_SHELL('',(#2019,#2020,#2021));
#2049=CLOSED_SHELL('',(#2022,#2023,#2024));
#2050=CLOSED_SHELL('',(#2025,#2026,#2027));
#2051=CLOSED_SHELL('',(#2028,#2029,#2030));
#2052=CLOSED_SHELL('',(#2031,#2032,#2033));
#2053=CLOSED_SHELL('',(#2034,#2035,#2036));
#2054=CLOSED_SHELL('',(#2037,#2038,#2039));
#2055=CLOSED_SHELL('',(#2040,#2041,#2042));
#2056=DERIVED_UNIT_ELEMENT(#2058,1.);
#2057=DERIVED_UNIT_ELEMENT(#3542,-3.);
#2058=(
MASS_UNIT()
NAMED_UNIT(*)
SI_UNIT(.KILO.,.GRAM.)
);
#2059=DERIVED_UNIT((#2056,#2057));
#2060=MEASURE_REPRESENTATION_ITEM('density measure',
POSITIVE_RATIO_MEASURE(7850.),#2059);
#2061=PROPERTY_DEFINITION_REPRESENTATION(#2066,#2063);
#2062=PROPERTY_DEFINITION_REPRESENTATION(#2067,#2064);
#2063=REPRESENTATION('material name',(#2065),#3539);
#2064=REPRESENTATION('density',(#2060),#3539);
#2065=DESCRIPTIVE_REPRESENTATION_ITEM('Steel','Steel');
#2066=PROPERTY_DEFINITION('material property','material name',#3549);
#2067=PROPERTY_DEFINITION('material property','density of part',#3549);
#2068=AXIS2_PLACEMENT_3D('',#2834,#2258,#2259);
#2069=AXIS2_PLACEMENT_3D('',#2835,#2260,#2261);
#2070=AXIS2_PLACEMENT_3D('',#2837,#2262,#2263);
#2071=AXIS2_PLACEMENT_3D('',#2840,#2265,#2266);
#2072=AXIS2_PLACEMENT_3D('',#2841,#2267,#2268);
#2073=AXIS2_PLACEMENT_3D('',#2843,#2269,#2270);
#2074=AXIS2_PLACEMENT_3D('',#2846,#2272,#2273);
#2075=AXIS2_PLACEMENT_3D('',#2847,#2274,#2275);
#2076=AXIS2_PLACEMENT_3D('',#2848,#2276,#2277);
#2077=AXIS2_PLACEMENT_3D('',#2849,#2278,#2279);
#2078=AXIS2_PLACEMENT_3D('',#2851,#2280,#2281);
#2079=AXIS2_PLACEMENT_3D('',#2854,#2283,#2284);
#2080=AXIS2_PLACEMENT_3D('',#2855,#2285,#2286);
#2081=AXIS2_PLACEMENT_3D('',#2857,#2287,#2288);
#2082=AXIS2_PLACEMENT_3D('',#2860,#2290,#2291);
#2083=AXIS2_PLACEMENT_3D('',#2861,#2292,#2293);
#2084=AXIS2_PLACEMENT_3D('',#2862,#2294,#2295);
#2085=AXIS2_PLACEMENT_3D('',#2863,#2296,#2297);
#2086=AXIS2_PLACEMENT_3D('',#2865,#2298,#2299);
#2087=AXIS2_PLACEMENT_3D('',#2868,#2301,#2302);
#2088=AXIS2_PLACEMENT_3D('',#2869,#2303,#2304);
#2089=AXIS2_PLACEMENT_3D('',#2871,#2305,#2306);
#2090=AXIS2_PLACEMENT_3D('',#2874,#2308,#2309);
#2091=AXIS2_PLACEMENT_3D('',#2875,#2310,#2311);
#2092=AXIS2_PLACEMENT_3D('',#2876,#2312,#2313);
#2093=AXIS2_PLACEMENT_3D('',#2877,#2314,#2315);
#2094=AXIS2_PLACEMENT_3D('',#2879,#2316,#2317);
#2095=AXIS2_PLACEMENT_3D('',#2882,#2319,#2320);
#2096=AXIS2_PLACEMENT_3D('',#2883,#2321,#2322);
#2097=AXIS2_PLACEMENT_3D('',#2885,#2323,#2324);
#2098=AXIS2_PLACEMENT_3D('',#2888,#2326,#2327);
#2099=AXIS2_PLACEMENT_3D('',#2889,#2328,#2329);
#2100=AXIS2_PLACEMENT_3D('',#2890,#2330,#2331);
#2101=AXIS2_PLACEMENT_3D('',#2891,#2332,#2333);
#2102=AXIS2_PLACEMENT_3D('',#2900,#2338,#2339);
#2103=AXIS2_PLACEMENT_3D('',#2908,#2344,#2345);
#2104=AXIS2_PLACEMENT_3D('',#2913,#2348,#2349);
#2105=AXIS2_PLACEMENT_3D('',#2914,#2350,#2351);
#2106=AXIS2_PLACEMENT_3D('',#2916,#2352,#2353);
#2107=AXIS2_PLACEMENT_3D('',#2918,#2355,#2356);
#2108=AXIS2_PLACEMENT_3D('',#2938,#2367,#2368);
#2109=AXIS2_PLACEMENT_3D('',#2942,#2371,#2372);
#2110=AXIS2_PLACEMENT_3D('',#2944,#2374,#2375);
#2111=AXIS2_PLACEMENT_3D('',#2950,#2379,#2380);
#2112=AXIS2_PLACEMENT_3D('',#2959,#2385,#2386);
#2113=AXIS2_PLACEMENT_3D('',#2967,#2391,#2392);
#2114=AXIS2_PLACEMENT_3D('',#2971,#2394,#2395);
#2115=AXIS2_PLACEMENT_3D('',#2973,#2397,#2398);
#2116=AXIS2_PLACEMENT_3D('',#2976,#2399,#2400);
#2117=AXIS2_PLACEMENT_3D('',#2979,#2403,#2404);
#2118=AXIS2_PLACEMENT_3D('',#2992,#2412,#2413);
#2119=AXIS2_PLACEMENT_3D('',#2994,#2415,#2416);
#2120=AXIS2_PLACEMENT_3D('',#2995,#2417,#2418);
#2121=AXIS2_PLACEMENT_3D('',#3001,#2422,#2423);
#2122=AXIS2_PLACEMENT_3D('',#3010,#2428,#2429);
#2123=AXIS2_PLACEMENT_3D('',#3016,#2432,#2433);
#2124=AXIS2_PLACEMENT_3D('',#3022,#2437,#2438);
#2125=AXIS2_PLACEMENT_3D('',#3026,#2441,#2442);
#2126=AXIS2_PLACEMENT_3D('',#3032,#2446,#2447);
#2127=AXIS2_PLACEMENT_3D('',#3037,#2450,#2451);
#2128=AXIS2_PLACEMENT_3D('',#3039,#2453,#2454);
#2129=AXIS2_PLACEMENT_3D('',#3041,#2456,#2457);
#2130=AXIS2_PLACEMENT_3D('',#3043,#2459,#2460);
#2131=AXIS2_PLACEMENT_3D('',#3044,#2461,#2462);
#2132=AXIS2_PLACEMENT_3D('',#3053,#2467,#2468);
#2133=AXIS2_PLACEMENT_3D('',#3060,#2472,#2473);
#2134=AXIS2_PLACEMENT_3D('',#3062,#2475,#2476);
#2135=AXIS2_PLACEMENT_3D('',#3066,#2479,#2480);
#2136=AXIS2_PLACEMENT_3D('',#3070,#2483,#2484);
#2137=AXIS2_PLACEMENT_3D('',#3073,#2486,#2487);
#2138=AXIS2_PLACEMENT_3D('',#3075,#2489,#2490);
#2139=AXIS2_PLACEMENT_3D('',#3076,#2491,#2492);
#2140=AXIS2_PLACEMENT_3D('',#3078,#2494,#2495);
#2141=AXIS2_PLACEMENT_3D('',#3079,#2496,#2497);
#2142=AXIS2_PLACEMENT_3D('',#3088,#2502,#2503);
#2143=AXIS2_PLACEMENT_3D('',#3094,#2506,#2507);
#2144=AXIS2_PLACEMENT_3D('',#3098,#2510,#2511);
#2145=AXIS2_PLACEMENT_3D('',#3102,#2514,#2515);
#2146=AXIS2_PLACEMENT_3D('',#3108,#2519,#2520);
#2147=AXIS2_PLACEMENT_3D('',#3111,#2522,#2523);
#2148=AXIS2_PLACEMENT_3D('',#3113,#2525,#2526);
#2149=AXIS2_PLACEMENT_3D('',#3122,#2531,#2532);
#2150=AXIS2_PLACEMENT_3D('',#3128,#2535,#2536);
#2151=AXIS2_PLACEMENT_3D('',#3132,#2539,#2540);
#2152=AXIS2_PLACEMENT_3D('',#3136,#2543,#2544);
#2153=AXIS2_PLACEMENT_3D('',#3142,#2548,#2549);
#2154=AXIS2_PLACEMENT_3D('',#3145,#2551,#2552);
#2155=AXIS2_PLACEMENT_3D('',#3147,#2554,#2555);
#2156=AXIS2_PLACEMENT_3D('',#3149,#2557,#2558);
#2157=AXIS2_PLACEMENT_3D('',#3154,#2560,#2561);
#2158=AXIS2_PLACEMENT_3D('',#3156,#2562,#2563);
#2159=AXIS2_PLACEMENT_3D('',#3160,#2565,#2566);
#2160=AXIS2_PLACEMENT_3D('',#3162,#2567,#2568);
#2161=AXIS2_PLACEMENT_3D('',#3166,#2570,#2571);
#2162=AXIS2_PLACEMENT_3D('',#3168,#2572,#2573);
#2163=AXIS2_PLACEMENT_3D('',#3176,#2577,#2578);
#2164=AXIS2_PLACEMENT_3D('',#3180,#2580,#2581);
#2165=AXIS2_PLACEMENT_3D('',#3184,#2583,#2584);
#2166=AXIS2_PLACEMENT_3D('',#3206,#2596,#2597);
#2167=AXIS2_PLACEMENT_3D('',#3208,#2598,#2599);
#2168=AXIS2_PLACEMENT_3D('',#3209,#2600,#2601);
#2169=AXIS2_PLACEMENT_3D('',#3210,#2602,#2603);
#2170=AXIS2_PLACEMENT_3D('',#3219,#2608,#2609);
#2171=AXIS2_PLACEMENT_3D('',#3229,#2615,#2616);
#2172=AXIS2_PLACEMENT_3D('',#3233,#2619,#2620);
#2173=AXIS2_PLACEMENT_3D('',#3237,#2623,#2624);
#2174=AXIS2_PLACEMENT_3D('',#3240,#2627,#2628);
#2175=AXIS2_PLACEMENT_3D('',#3242,#2629,#2630);
#2176=AXIS2_PLACEMENT_3D('',#3244,#2631,#2632);
#2177=AXIS2_PLACEMENT_3D('',#3246,#2634,#2635);
#2178=AXIS2_PLACEMENT_3D('',#3247,#2636,#2637);
#2179=AXIS2_PLACEMENT_3D('',#3248,#2638,#2639);
#2180=AXIS2_PLACEMENT_3D('',#3249,#2640,#2641);
#2181=AXIS2_PLACEMENT_3D('',#3259,#2647,#2648);
#2182=AXIS2_PLACEMENT_3D('',#3263,#2651,#2652);
#2183=AXIS2_PLACEMENT_3D('',#3264,#2653,#2654);
#2184=AXIS2_PLACEMENT_3D('',#3270,#2658,#2659);
#2185=AXIS2_PLACEMENT_3D('',#3275,#2663,#2664);
#2186=AXIS2_PLACEMENT_3D('',#3277,#2666,#2667);
#2187=AXIS2_PLACEMENT_3D('',#3278,#2668,#2669);
#2188=AXIS2_PLACEMENT_3D('',#3279,#2670,#2671);
#2189=AXIS2_PLACEMENT_3D('',#3280,#2672,#2673);
#2190=AXIS2_PLACEMENT_3D('',#3305,#2674,#2675);
#2191=AXIS2_PLACEMENT_3D('',#3308,#2677,#2678);
#2192=AXIS2_PLACEMENT_3D('',#3351,#2679,#2680);
#2193=AXIS2_PLACEMENT_3D('',#3354,#2682,#2683);
#2194=AXIS2_PLACEMENT_3D('',#3355,#2684,#2685);
#2195=AXIS2_PLACEMENT_3D('',#3358,#2687,#2688);
#2196=AXIS2_PLACEMENT_3D('',#3359,#2689,#2690);
#2197=AXIS2_PLACEMENT_3D('',#3362,#2692,#2693);
#2198=AXIS2_PLACEMENT_3D('',#3363,#2694,#2695);
#2199=AXIS2_PLACEMENT_3D('',#3389,#2696,#2697);
#2200=AXIS2_PLACEMENT_3D('',#3390,#2698,#2699);
#2201=AXIS2_PLACEMENT_3D('',#3437,#2700,#2701);
#2202=AXIS2_PLACEMENT_3D('',#3440,#2703,#2704);
#2203=AXIS2_PLACEMENT_3D('',#3441,#2705,#2706);
#2204=AXIS2_PLACEMENT_3D('',#3444,#2708,#2709);
#2205=AXIS2_PLACEMENT_3D('',#3445,#2710,#2711);
#2206=AXIS2_PLACEMENT_3D('',#3448,#2713,#2714);
#2207=AXIS2_PLACEMENT_3D('',#3449,#2715,#2716);
#2208=AXIS2_PLACEMENT_3D('',#3455,#2720,#2721);
#2209=AXIS2_PLACEMENT_3D('',#3456,#2722,#2723);
#2210=AXIS2_PLACEMENT_3D('',#3459,#2725,#2726);
#2211=AXIS2_PLACEMENT_3D('',#3460,#2727,#2728);
#2212=AXIS2_PLACEMENT_3D('',#3463,#2730,#2731);
#2213=AXIS2_PLACEMENT_3D('',#3464,#2732,#2733);
#2214=AXIS2_PLACEMENT_3D('',#3465,#2734,#2735);
#2215=AXIS2_PLACEMENT_3D('',#3468,#2738,#2739);
#2216=AXIS2_PLACEMENT_3D('',#3470,#2741,#2742);
#2217=AXIS2_PLACEMENT_3D('',#3472,#2744,#2745);
#2218=AXIS2_PLACEMENT_3D('',#3473,#2746,#2747);
#2219=AXIS2_PLACEMENT_3D('',#3475,#2748,#2749);
#2220=AXIS2_PLACEMENT_3D('',#3478,#2751,#2752);
#2221=AXIS2_PLACEMENT_3D('',#3479,#2753,#2754);
#2222=AXIS2_PLACEMENT_3D('',#3480,#2755,#2756);
#2223=AXIS2_PLACEMENT_3D('',#3481,#2757,#2758);
#2224=AXIS2_PLACEMENT_3D('',#3483,#2759,#2760);
#2225=AXIS2_PLACEMENT_3D('',#3486,#2762,#2763);
#2226=AXIS2_PLACEMENT_3D('',#3487,#2764,#2765);
#2227=AXIS2_PLACEMENT_3D('',#3488,#2766,#2767);
#2228=AXIS2_PLACEMENT_3D('',#3489,#2768,#2769);
#2229=AXIS2_PLACEMENT_3D('',#3491,#2770,#2771);
#2230=AXIS2_PLACEMENT_3D('',#3494,#2773,#2774);
#2231=AXIS2_PLACEMENT_3D('',#3495,#2775,#2776);
#2232=AXIS2_PLACEMENT_3D('',#3496,#2777,#2778);
#2233=AXIS2_PLACEMENT_3D('',#3497,#2779,#2780);
#2234=AXIS2_PLACEMENT_3D('',#3499,#2781,#2782);
#2235=AXIS2_PLACEMENT_3D('',#3502,#2784,#2785);
#2236=AXIS2_PLACEMENT_3D('',#3503,#2786,#2787);
#2237=AXIS2_PLACEMENT_3D('',#3504,#2788,#2789);
#2238=AXIS2_PLACEMENT_3D('',#3505,#2790,#2791);
#2239=AXIS2_PLACEMENT_3D('',#3507,#2792,#2793);
#2240=AXIS2_PLACEMENT_3D('',#3508,#2794,#2795);
#2241=AXIS2_PLACEMENT_3D('',#3511,#2797,#2798);
#2242=AXIS2_PLACEMENT_3D('',#3512,#2799,#2800);
#2243=AXIS2_PLACEMENT_3D('',#3513,#2801,#2802);
#2244=AXIS2_PLACEMENT_3D('',#3515,#2803,#2804);
#2245=AXIS2_PLACEMENT_3D('',#3516,#2805,#2806);
#2246=AXIS2_PLACEMENT_3D('',#3519,#2808,#2809);
#2247=AXIS2_PLACEMENT_3D('',#3520,#2810,#2811);
#2248=AXIS2_PLACEMENT_3D('',#3521,#2812,#2813);
#2249=AXIS2_PLACEMENT_3D('',#3523,#2814,#2815);
#2250=AXIS2_PLACEMENT_3D('',#3524,#2816,#2817);
#2251=AXIS2_PLACEMENT_3D('',#3527,#2819,#2820);
#2252=AXIS2_PLACEMENT_3D('',#3528,#2821,#2822);
#2253=AXIS2_PLACEMENT_3D('',#3529,#2823,#2824);
#2254=AXIS2_PLACEMENT_3D('',#3531,#2825,#2826);
#2255=AXIS2_PLACEMENT_3D('',#3532,#2827,#2828);
#2256=AXIS2_PLACEMENT_3D('',#3535,#2830,#2831);
#2257=AXIS2_PLACEMENT_3D('',#3536,#2832,#2833);
#2258=DIRECTION('axis',(0.,0.,1.));
#2259=DIRECTION('refdir',(1.,0.,0.));
#2260=DIRECTION('center_axis',(0.,0.,1.));
#2261=DIRECTION('ref_axis',(1.,0.,0.));
#2262=DIRECTION('center_axis',(0.,0.,-1.));
#2263=DIRECTION('ref_axis',(1.,0.,0.));
#2264=DIRECTION('',(0.,0.,-1.));
#2265=DIRECTION('center_axis',(0.,0.,-1.));
#2266=DIRECTION('ref_axis',(1.,0.,0.));
#2267=DIRECTION('center_axis',(0.,0.,1.));
#2268=DIRECTION('ref_axis',(1.,0.,0.));
#2269=DIRECTION('center_axis',(0.,0.,1.));
#2270=DIRECTION('ref_axis',(1.,0.,0.));
#2271=DIRECTION('',(0.,0.,-1.));
#2272=DIRECTION('center_axis',(0.,0.,1.));
#2273=DIRECTION('ref_axis',(1.,0.,0.));
#2274=DIRECTION('center_axis',(0.,0.,1.));
#2275=DIRECTION('ref_axis',(1.,0.,0.));
#2276=DIRECTION('center_axis',(0.,0.,1.));
#2277=DIRECTION('ref_axis',(1.,0.,0.));
#2278=DIRECTION('center_axis',(0.,0.,1.));
#2279=DIRECTION('ref_axis',(1.,0.,0.));
#2280=DIRECTION('center_axis',(0.,0.,-1.));
#2281=DIRECTION('ref_axis',(1.,0.,0.));
#2282=DIRECTION('',(0.,0.,-1.));
#2283=DIRECTION('center_axis',(0.,0.,-1.));
#2284=DIRECTION('ref_axis',(1.,0.,0.));
#2285=DIRECTION('center_axis',(0.,0.,1.));
#2286=DIRECTION('ref_axis',(1.,0.,0.));
#2287=DIRECTION('center_axis',(0.,0.,1.));
#2288=DIRECTION('ref_axis',(1.,0.,0.));
#2289=DIRECTION('',(0.,0.,-1.));
#2290=DIRECTION('center_axis',(0.,0.,1.));
#2291=DIRECTION('ref_axis',(1.,0.,0.));
#2292=DIRECTION('center_axis',(0.,0.,1.));
#2293=DIRECTION('ref_axis',(1.,0.,0.));
#2294=DIRECTION('center_axis',(0.,0.,1.));
#2295=DIRECTION('ref_axis',(1.,0.,0.));
#2296=DIRECTION('center_axis',(0.,0.,1.));
#2297=DIRECTION('ref_axis',(1.,0.,0.));
#2298=DIRECTION('center_axis',(0.,0.,-1.));
#2299=DIRECTION('ref_axis',(1.,0.,0.));
#2300=DIRECTION('',(0.,0.,-1.));
#2301=DIRECTION('center_axis',(0.,0.,-1.));
#2302=DIRECTION('ref_axis',(1.,0.,0.));
#2303=DIRECTION('center_axis',(0.,0.,1.));
#2304=DIRECTION('ref_axis',(1.,0.,0.));
#2305=DIRECTION('center_axis',(0.,0.,1.));
#2306=DIRECTION('ref_axis',(1.,0.,0.));
#2307=DIRECTION('',(0.,0.,-1.));
#2308=DIRECTION('center_axis',(0.,0.,1.));
#2309=DIRECTION('ref_axis',(1.,0.,0.));
#2310=DIRECTION('center_axis',(0.,0.,1.));
#2311=DIRECTION('ref_axis',(1.,0.,0.));
#2312=DIRECTION('center_axis',(0.,0.,1.));
#2313=DIRECTION('ref_axis',(1.,0.,0.));
#2314=DIRECTION('center_axis',(0.,0.,1.));
#2315=DIRECTION('ref_axis',(1.,0.,0.));
#2316=DIRECTION('center_axis',(0.,0.,-1.));
#2317=DIRECTION('ref_axis',(1.,0.,0.));
#2318=DIRECTION('',(0.,0.,-1.));
#2319=DIRECTION('center_axis',(0.,0.,-1.));
#2320=DIRECTION('ref_axis',(1.,0.,0.));
#2321=DIRECTION('center_axis',(0.,0.,1.));
#2322=DIRECTION('ref_axis',(1.,0.,0.));
#2323=DIRECTION('center_axis',(0.,0.,1.));
#2324=DIRECTION('ref_axis',(1.,0.,0.));
#2325=DIRECTION('',(0.,0.,-1.));
#2326=DIRECTION('center_axis',(0.,0.,1.));
#2327=DIRECTION('ref_axis',(1.,0.,0.));
#2328=DIRECTION('center_axis',(0.,0.,1.));
#2329=DIRECTION('ref_axis',(1.,0.,0.));
#2330=DIRECTION('center_axis',(0.,0.,1.));
#2331=DIRECTION('ref_axis',(1.,0.,0.));
#2332=DIRECTION('center_axis',(-0.707106781186547,0.,0.707106781186548));
#2333=DIRECTION('ref_axis',(0.707106781186548,0.,0.707106781186547));
#2334=DIRECTION('',(0.707106781186548,1.26733920431874E-15,0.707106781186547));
#2335=DIRECTION('',(0.,-1.,0.));
#2336=DIRECTION('',(-0.707106781186548,0.,-0.707106781186547));
#2337=DIRECTION('',(0.,1.,0.));
#2338=DIRECTION('center_axis',(0.,-1.,0.));
#2339=DIRECTION('ref_axis',(0.,0.,-1.));
#2340=DIRECTION('',(1.,0.,0.));
#2341=DIRECTION('',(0.,0.,-1.));
#2342=DIRECTION('',(-1.,0.,0.));
#2343=DIRECTION('',(0.,0.,-1.));
#2344=DIRECTION('center_axis',(0.,0.,-1.));
#2345=DIRECTION('ref_axis',(0.,1.,0.));
#2346=DIRECTION('',(1.,0.,0.));
#2347=DIRECTION('',(0.,1.,0.));
#2348=DIRECTION('center_axis',(0.,0.,-1.));
#2349=DIRECTION('ref_axis',(-0.70710678118655,0.707106781186545,0.));
#2350=DIRECTION('center_axis',(0.,0.,-1.));
#2351=DIRECTION('ref_axis',(-0.70710678118655,0.707106781186545,0.));
#2352=DIRECTION('center_axis',(0.,0.,-1.));
#2353=DIRECTION('ref_axis',(-0.70710678118655,0.707106781186545,0.));
#2354=DIRECTION('',(0.,0.,1.));
#2355=DIRECTION('center_axis',(-1.,0.,0.));
#2356=DIRECTION('ref_axis',(0.,-1.,0.));
#2357=DIRECTION('',(0.,1.79228829087469E-15,1.));
#2358=DIRECTION('',(0.,-1.,0.));
#2359=DIRECTION('',(0.,0.,1.));
#2360=DIRECTION('',(0.,1.,0.));
#2361=DIRECTION('',(0.,0.,-1.));
#2362=DIRECTION('',(0.,-1.,0.));
#2363=DIRECTION('',(0.,1.,0.));
#2364=DIRECTION('',(0.,0.,1.));
#2365=DIRECTION('',(0.,-1.,0.));
#2366=DIRECTION('',(0.,0.,1.));
#2367=DIRECTION('center_axis',(0.,1.,-1.79228829087469E-15));
#2368=DIRECTION('ref_axis',(0.,1.79228829087469E-15,1.));
#2369=DIRECTION('',(0.,1.79228829087469E-15,1.));
#2370=DIRECTION('',(1.,0.,0.));
#2371=DIRECTION('center_axis',(1.,0.,0.));
#2372=DIRECTION('ref_axis',(0.,0.,-1.));
#2373=DIRECTION('',(0.,-1.,0.));
#2374=DIRECTION('center_axis',(0.,0.,1.));
#2375=DIRECTION('ref_axis',(1.,0.,0.));
#2376=DIRECTION('',(1.,0.,0.));
#2377=DIRECTION('',(0.,1.,0.));
#2378=DIRECTION('',(-1.,0.,0.));
#2379=DIRECTION('center_axis',(0.707106781186548,0.,0.707106781186548));
#2380=DIRECTION('ref_axis',(0.707106781186548,0.,-0.707106781186548));
#2381=DIRECTION('',(-0.707106781186548,0.,0.707106781186548));
#2382=DIRECTION('',(0.,1.,0.));
#2383=DIRECTION('',(0.707106781186548,0.,-0.707106781186548));
#2384=DIRECTION('',(0.,-1.,0.));
#2385=DIRECTION('center_axis',(0.,1.,0.));
#2386=DIRECTION('ref_axis',(0.,0.,1.));
#2387=DIRECTION('',(1.,0.,0.));
#2388=DIRECTION('',(0.,0.,-1.));
#2389=DIRECTION('',(1.,0.,0.));
#2390=DIRECTION('',(0.,0.,-1.));
#2391=DIRECTION('center_axis',(0.,0.,-1.));
#2392=DIRECTION('ref_axis',(0.,1.,0.));
#2393=DIRECTION('',(1.,0.,0.));
#2394=DIRECTION('center_axis',(0.,0.,-1.));
#2395=DIRECTION('ref_axis',(0.707106781186552,0.707106781186543,0.));
#2396=DIRECTION('',(0.,-1.,0.));
#2397=DIRECTION('center_axis',(0.,0.,1.));
#2398=DIRECTION('ref_axis',(0.707106781186552,0.707106781186543,0.));
#2399=DIRECTION('center_axis',(0.,0.,-1.));
#2400=DIRECTION('ref_axis',(0.707106781186552,0.707106781186543,0.));
#2401=DIRECTION('',(0.,0.,-1.));
#2402=DIRECTION('',(0.,0.,1.));
#2403=DIRECTION('center_axis',(0.,0.,1.));
#2404=DIRECTION('ref_axis',(1.,0.,0.));
#2405=DIRECTION('',(-1.,0.,0.));
#2406=DIRECTION('',(0.,-1.,0.));
#2407=DIRECTION('',(0.,1.,0.));
#2408=DIRECTION('',(-1.,0.,0.));
#2409=DIRECTION('',(0.,-1.,0.));
#2410=DIRECTION('',(1.,0.,0.));
#2411=DIRECTION('',(0.,1.,0.));
#2412=DIRECTION('center_axis',(0.,-1.,0.));
#2413=DIRECTION('ref_axis',(0.,0.,-1.));
#2414=DIRECTION('',(0.,0.,1.));
#2415=DIRECTION('center_axis',(1.,0.,0.));
#2416=DIRECTION('ref_axis',(0.,0.,-1.));
#2417=DIRECTION('center_axis',(-1.,0.,0.));
#2418=DIRECTION('ref_axis',(0.,-1.,0.));
#2419=DIRECTION('',(0.,0.,-1.));
#2420=DIRECTION('',(0.,-1.,0.));
#2421=DIRECTION('',(0.,0.,1.));
#2422=DIRECTION('center_axis',(0.707106781186527,-0.707106781186569,0.));
#2423=DIRECTION('ref_axis',(0.,0.,-1.));
#2424=DIRECTION('',(-0.707106781186568,-0.707106781186527,0.));
#2425=DIRECTION('',(0.,0.,1.));
#2426=DIRECTION('',(0.707106781186568,0.707106781186527,0.));
#2427=DIRECTION('',(0.,0.,-1.));
#2428=DIRECTION('center_axis',(0.,0.,1.));
#2429=DIRECTION('ref_axis',(0.,1.,0.));
#2430=DIRECTION('',(-1.,0.,0.));
#2431=DIRECTION('',(0.,1.,0.));
#2432=DIRECTION('center_axis',(0.,0.,1.));
#2433=DIRECTION('ref_axis',(0.707106781186573,0.707106781186522,0.));
#2434=DIRECTION('',(-1.,0.,0.));
#2435=DIRECTION('',(-0.707106781186568,0.707106781186527,0.));
#2436=DIRECTION('',(0.,1.,0.));
#2437=DIRECTION('center_axis',(0.,1.,0.));
#2438=DIRECTION('ref_axis',(0.,0.,-1.));
#2439=DIRECTION('',(-1.,0.,0.));
#2440=DIRECTION('',(0.,0.,-1.));
#2441=DIRECTION('center_axis',(0.707106781186527,0.707106781186569,0.));
#2442=DIRECTION('ref_axis',(0.,0.,-1.));
#2443=DIRECTION('',(0.,0.,-1.));
#2444=DIRECTION('',(0.707106781186568,-0.707106781186527,0.));
#2445=DIRECTION('',(0.,0.,1.));
#2446=DIRECTION('center_axis',(0.,0.,-1.));
#2447=DIRECTION('ref_axis',(0.,-1.,0.));
#2448=DIRECTION('',(0.,-1.,0.));
#2449=DIRECTION('',(-1.,0.,0.));
#2450=DIRECTION('center_axis',(0.,0.,-1.));
#2451=DIRECTION('ref_axis',(0.707106781186573,0.707106781186522,0.));
#2452=DIRECTION('',(0.,-1.,0.));
#2453=DIRECTION('center_axis',(0.,-1.,0.));
#2454=DIRECTION('ref_axis',(0.,0.,1.));
#2455=DIRECTION('',(0.,0.,1.));
#2456=DIRECTION('center_axis',(0.,0.,1.));
#2457=DIRECTION('ref_axis',(0.707106781186573,0.707106781186522,0.));
#2458=DIRECTION('',(0.,0.,-1.));
#2459=DIRECTION('center_axis',(-1.,0.,0.));
#2460=DIRECTION('ref_axis',(0.,0.,1.));
#2461=DIRECTION('center_axis',(-0.707106781186603,-0.707106781186492,0.));
#2462=DIRECTION('ref_axis',(0.,0.,1.));
#2463=DIRECTION('',(0.707106781186492,-0.707106781186603,0.));
#2464=DIRECTION('',(0.,0.,-1.));
#2465=DIRECTION('',(-0.707106781186492,0.707106781186603,0.));
#2466=DIRECTION('',(0.,0.,1.));
#2467=DIRECTION('center_axis',(0.,0.,1.));
#2468=DIRECTION('ref_axis',(0.,-1.,0.));
#2469=DIRECTION('',(0.,-1.,0.));
#2470=DIRECTION('',(-0.707106781186492,-0.707106781186603,0.));
#2471=DIRECTION('',(1.,0.,0.));
#2472=DIRECTION('center_axis',(0.,0.,1.));
#2473=DIRECTION('ref_axis',(-0.707106781186568,0.707106781186527,0.));
#2474=DIRECTION('',(1.,0.,0.));
#2475=DIRECTION('center_axis',(1.,0.,0.));
#2476=DIRECTION('ref_axis',(0.,0.,-1.));
#2477=DIRECTION('',(0.,1.,0.));
#2478=DIRECTION('',(0.,0.,-1.));
#2479=DIRECTION('center_axis',(-0.707106781186603,0.707106781186492,0.));
#2480=DIRECTION('ref_axis',(0.,0.,1.));
#2481=DIRECTION('',(0.707106781186492,0.707106781186603,0.));
#2482=DIRECTION('',(0.,0.,1.));
#2483=DIRECTION('center_axis',(0.,0.,-1.));
#2484=DIRECTION('ref_axis',(0.,1.,0.));
#2485=DIRECTION('',(1.,0.,0.));
#2486=DIRECTION('center_axis',(0.,0.,-1.));
#2487=DIRECTION('ref_axis',(-0.707106781186568,0.707106781186527,0.));
#2488=DIRECTION('',(1.,0.,0.));
#2489=DIRECTION('center_axis',(0.,1.,0.));
#2490=DIRECTION('ref_axis',(0.,0.,1.));
#2491=DIRECTION('center_axis',(0.,-1.,0.));
#2492=DIRECTION('ref_axis',(0.,0.,-1.));
#2493=DIRECTION('',(0.,0.,-1.));
#2494=DIRECTION('center_axis',(0.,0.,-1.));
#2495=DIRECTION('ref_axis',(-0.707106781186568,0.707106781186527,0.));
#2496=DIRECTION('center_axis',(0.,0.707106781186547,-0.707106781186548));
#2497=DIRECTION('ref_axis',(-1.,0.,0.));
#2498=DIRECTION('',(0.,0.707106781186548,0.707106781186547));
#2499=DIRECTION('',(-1.,0.,0.));
#2500=DIRECTION('',(0.,-0.707106781186548,-0.707106781186547));
#2501=DIRECTION('',(1.,0.,0.));
#2502=DIRECTION('center_axis',(1.,0.,0.));
#2503=DIRECTION('ref_axis',(0.,-1.,0.));
#2504=DIRECTION('',(0.,0.,-1.));
#2505=DIRECTION('',(0.,-1.,0.));
#2506=DIRECTION('center_axis',(-1.,0.,0.));
#2507=DIRECTION('ref_axis',(0.,-0.707106781186548,-0.707106781186547));
#2508=DIRECTION('',(0.,-0.707106781186546,0.707106781186549));
#2509=DIRECTION('',(0.,-1.,0.));
#2510=DIRECTION('center_axis',(0.,1.,0.));
#2511=DIRECTION('ref_axis',(1.,0.,0.));
#2512=DIRECTION('',(0.,0.,-1.));
#2513=DIRECTION('',(1.,0.,0.));
#2514=DIRECTION('center_axis',(0.,-0.707106781186549,-0.707106781186546));
#2515=DIRECTION('ref_axis',(-1.,0.,0.));
#2516=DIRECTION('',(-1.,0.,0.));
#2517=DIRECTION('',(0.,0.707106781186546,-0.707106781186549));
#2518=DIRECTION('',(-1.,0.,0.));
#2519=DIRECTION('center_axis',(-1.,0.,0.));
#2520=DIRECTION('ref_axis',(0.,1.,0.));
#2521=DIRECTION('',(0.,1.,0.));
#2522=DIRECTION('center_axis',(1.,0.,0.));
#2523=DIRECTION('ref_axis',(0.,-0.707106781186548,-0.707106781186547));
#2524=DIRECTION('',(0.,1.,0.));
#2525=DIRECTION('center_axis',(0.,0.707106781186547,-0.707106781186548));
#2526=DIRECTION('ref_axis',(-1.,0.,0.));
#2527=DIRECTION('',(0.,0.707106781186548,0.707106781186547));
#2528=DIRECTION('',(-1.,0.,0.));
#2529=DIRECTION('',(0.,-0.707106781186548,-0.707106781186547));
#2530=DIRECTION('',(1.,0.,0.));
#2531=DIRECTION('center_axis',(1.,0.,0.));
#2532=DIRECTION('ref_axis',(0.,-1.,0.));
#2533=DIRECTION('',(0.,0.,-1.));
#2534=DIRECTION('',(0.,-1.,0.));
#2535=DIRECTION('center_axis',(-1.,0.,0.));
#2536=DIRECTION('ref_axis',(0.,-0.707106781186548,-0.707106781186547));
#2537=DIRECTION('',(0.,-0.707106781186546,0.707106781186549));
#2538=DIRECTION('',(0.,-1.,0.));
#2539=DIRECTION('center_axis',(0.,1.,0.));
#2540=DIRECTION('ref_axis',(1.,0.,0.));
#2541=DIRECTION('',(0.,0.,-1.));
#2542=DIRECTION('',(1.,0.,0.));
#2543=DIRECTION('center_axis',(0.,-0.707106781186549,-0.707106781186546));
#2544=DIRECTION('ref_axis',(-1.,0.,0.));
#2545=DIRECTION('',(-1.,0.,0.));
#2546=DIRECTION('',(0.,0.707106781186546,-0.707106781186549));
#2547=DIRECTION('',(-1.,0.,0.));
#2548=DIRECTION('center_axis',(-1.,0.,0.));
#2549=DIRECTION('ref_axis',(0.,1.,0.));
#2550=DIRECTION('',(0.,1.,0.));
#2551=DIRECTION('center_axis',(1.,0.,0.));
#2552=DIRECTION('ref_axis',(0.,-0.707106781186548,-0.707106781186547));
#2553=DIRECTION('',(0.,1.,0.));
#2554=DIRECTION('center_axis',(1.,0.,0.));
#2555=DIRECTION('ref_axis',(0.,-0.707106781186548,-0.707106781186547));
#2556=DIRECTION('',(1.,0.,0.));
#2557=DIRECTION('center_axis',(0.,0.,-1.));
#2558=DIRECTION('ref_axis',(-1.,0.,0.));
#2559=DIRECTION('',(0.,1.,0.));
#2560=DIRECTION('center_axis',(0.,0.,1.));
#2561=DIRECTION('ref_axis',(1.,0.,0.));
#2562=DIRECTION('center_axis',(0.,0.,1.));
#2563=DIRECTION('ref_axis',(1.,0.,0.));
#2564=DIRECTION('',(0.,1.,0.));
#2565=DIRECTION('center_axis',(0.,0.,1.));
#2566=DIRECTION('ref_axis',(1.,0.,0.));
#2567=DIRECTION('center_axis',(0.,0.,1.));
#2568=DIRECTION('ref_axis',(1.,0.,0.));
#2569=DIRECTION('',(0.,1.,0.));
#2570=DIRECTION('center_axis',(0.,0.,1.));
#2571=DIRECTION('ref_axis',(1.,0.,0.));
#2572=DIRECTION('center_axis',(0.,0.,1.));
#2573=DIRECTION('ref_axis',(1.,0.,0.));
#2574=DIRECTION('',(0.,1.,0.));
#2575=DIRECTION('',(-1.,0.,0.));
#2576=DIRECTION('',(0.,-1.,0.));
#2577=DIRECTION('center_axis',(0.,0.,1.));
#2578=DIRECTION('ref_axis',(1.,0.,0.));
#2579=DIRECTION('',(0.,-1.,0.));
#2580=DIRECTION('center_axis',(0.,0.,1.));
#2581=DIRECTION('ref_axis',(1.,0.,0.));
#2582=DIRECTION('',(0.,-1.,0.));
#2583=DIRECTION('center_axis',(0.,0.,1.));
#2584=DIRECTION('ref_axis',(1.,0.,0.));
#2585=DIRECTION('',(0.,-1.,0.));
#2586=DIRECTION('',(1.,0.,0.));
#2587=DIRECTION('',(1.,0.,0.));
#2588=DIRECTION('',(0.,1.,0.));
#2589=DIRECTION('',(1.,0.,0.));
#2590=DIRECTION('',(0.,-1.,0.));
#2591=DIRECTION('',(1.,0.,0.));
#2592=DIRECTION('',(0.,1.,0.));
#2593=DIRECTION('',(1.,0.,0.));
#2594=DIRECTION('',(0.,-1.,0.));
#2595=DIRECTION('',(1.,0.,0.));
#2596=DIRECTION('center_axis',(0.,0.,1.));
#2597=DIRECTION('ref_axis',(1.,0.,0.));
#2598=DIRECTION('center_axis',(0.,0.,1.));
#2599=DIRECTION('ref_axis',(1.,0.,0.));
#2600=DIRECTION('center_axis',(1.,0.,0.));
#2601=DIRECTION('ref_axis',(0.,-0.707106781186548,-0.707106781186547));
#2602=DIRECTION('center_axis',(-0.707106781186549,0.,-0.707106781186546));
#2603=DIRECTION('ref_axis',(-0.707106781186546,0.,0.707106781186549));
#2604=DIRECTION('',(-0.707106781186546,0.,0.707106781186549));
#2605=DIRECTION('',(0.,-1.,0.));
#2606=DIRECTION('',(0.707106781186546,0.,-0.707106781186549));
#2607=DIRECTION('',(0.,1.,0.));
#2608=DIRECTION('center_axis',(0.,-1.,0.));
#2609=DIRECTION('ref_axis',(-1.,0.,0.));
#2610=DIRECTION('',(-1.,0.,0.));
#2611=DIRECTION('',(-0.707106781186546,0.,-0.707106781186549));
#2612=DIRECTION('',(0.,0.,-1.));
#2613=DIRECTION('',(-1.,0.,0.));
#2614=DIRECTION('',(0.,0.,-1.));
#2615=DIRECTION('center_axis',(0.,0.,-1.));
#2616=DIRECTION('ref_axis',(-1.,0.,0.));
#2617=DIRECTION('',(1.,0.,0.));
#2618=DIRECTION('',(0.,-1.,0.));
#2619=DIRECTION('center_axis',(0.707106781186549,0.,-0.707106781186546));
#2620=DIRECTION('ref_axis',(-0.707106781186546,0.,-0.707106781186549));
#2621=DIRECTION('',(0.707106781186546,0.,0.707106781186549));
#2622=DIRECTION('',(0.,1.,0.));
#2623=DIRECTION('center_axis',(0.,1.,0.));
#2624=DIRECTION('ref_axis',(1.,0.,0.));
#2625=DIRECTION('',(0.,0.,-1.));
#2626=DIRECTION('',(0.,0.,-1.));
#2627=DIRECTION('center_axis',(1.,0.,0.));
#2628=DIRECTION('ref_axis',(0.,-0.707106781186527,-0.707106781186568));
#2629=DIRECTION('center_axis',(-1.,0.,0.));
#2630=DIRECTION('ref_axis',(0.,-0.707106781186527,-0.707106781186568));
#2631=DIRECTION('center_axis',(1.,0.,0.));
#2632=DIRECTION('ref_axis',(0.,-0.707106781186527,-0.707106781186568));
#2633=DIRECTION('',(-1.,0.,0.));
#2634=DIRECTION('center_axis',(1.,0.,0.));
#2635=DIRECTION('ref_axis',(0.,-0.707106781186527,-0.707106781186568));
#2636=DIRECTION('center_axis',(-1.,0.,0.));
#2637=DIRECTION('ref_axis',(0.,-0.707106781186527,-0.707106781186568));
#2638=DIRECTION('center_axis',(1.,0.,0.));
#2639=DIRECTION('ref_axis',(0.,-0.707106781186527,-0.707106781186568));
#2640=DIRECTION('center_axis',(0.,-1.,0.));
#2641=DIRECTION('ref_axis',(-1.,0.,0.));
#2642=DIRECTION('',(0.,0.,-1.));
#2643=DIRECTION('',(-0.707106781186546,0.,0.707106781186549));
#2644=DIRECTION('',(-1.,0.,0.));
#2645=DIRECTION('',(-0.707106781186546,0.,-0.707106781186549));
#2646=DIRECTION('',(0.,0.,-1.));
#2647=DIRECTION('center_axis',(-1.,0.,0.));
#2648=DIRECTION('ref_axis',(0.,1.,0.));
#2649=DIRECTION('',(0.,0.,-1.));
#2650=DIRECTION('',(0.,-1.,0.));
#2651=DIRECTION('center_axis',(-1.,0.,0.));
#2652=DIRECTION('ref_axis',(0.,1.,0.));
#2653=DIRECTION('center_axis',(0.707106781186549,0.,-0.707106781186546));
#2654=DIRECTION('ref_axis',(-0.707106781186546,0.,-0.707106781186549));
#2655=DIRECTION('',(0.707106781186546,0.,0.707106781186549));
#2656=DIRECTION('',(0.,1.,0.));
#2657=DIRECTION('',(0.,-1.,0.));
#2658=DIRECTION('center_axis',(0.,1.,0.));
#2659=DIRECTION('ref_axis',(1.,0.,0.));
#2660=DIRECTION('',(1.,0.,0.));
#2661=DIRECTION('',(0.707106781186546,0.,-0.707106781186549));
#2662=DIRECTION('',(0.,0.,-1.));
#2663=DIRECTION('center_axis',(0.,0.,-1.));
#2664=DIRECTION('ref_axis',(-1.,0.,0.));
#2665=DIRECTION('',(0.,1.,0.));
#2666=DIRECTION('center_axis',(-0.707106781186549,0.,-0.707106781186546));
#2667=DIRECTION('ref_axis',(-0.707106781186546,0.,0.707106781186549));
#2668=DIRECTION('center_axis',(0.,0.,-1.));
#2669=DIRECTION('ref_axis',(-1.,0.,0.));
#2670=DIRECTION('center_axis',(0.,0.,-1.));
#2671=DIRECTION('ref_axis',(-1.,0.,0.));
#2672=DIRECTION('center_axis',(0.,-1.,0.));
#2673=DIRECTION('ref_axis',(0.707106781186547,0.,-0.707106781186548));
#2674=DIRECTION('center_axis',(0.,-1.,0.));
#2675=DIRECTION('ref_axis',(0.707106781186547,0.,-0.707106781186548));
#2676=DIRECTION('',(0.,-1.,0.));
#2677=DIRECTION('center_axis',(0.,1.,0.));
#2678=DIRECTION('ref_axis',(0.707106781186547,0.,-0.707106781186548));
#2679=DIRECTION('center_axis',(0.,0.,-1.));
#2680=DIRECTION('ref_axis',(1.,0.,0.));
#2681=DIRECTION('',(0.,0.,1.));
#2682=DIRECTION('center_axis',(0.,0.,-1.));
#2683=DIRECTION('ref_axis',(1.,0.,0.));
#2684=DIRECTION('center_axis',(0.,0.,-1.));
#2685=DIRECTION('ref_axis',(1.,0.,0.));
#2686=DIRECTION('',(0.,0.,1.));
#2687=DIRECTION('center_axis',(0.,0.,-1.));
#2688=DIRECTION('ref_axis',(1.,0.,0.));
#2689=DIRECTION('center_axis',(0.,0.,-1.));
#2690=DIRECTION('ref_axis',(1.,0.,0.));
#2691=DIRECTION('',(0.,0.,1.));
#2692=DIRECTION('center_axis',(0.,0.,-1.));
#2693=DIRECTION('ref_axis',(1.,0.,0.));
#2694=DIRECTION('center_axis',(0.,1.,0.));
#2695=DIRECTION('ref_axis',(-0.707106781186547,0.,-0.707106781186548));
#2696=DIRECTION('center_axis',(0.,1.,0.));
#2697=DIRECTION('ref_axis',(-0.707106781186547,0.,-0.707106781186548));
#2698=DIRECTION('center_axis',(0.,-1.,0.));
#2699=DIRECTION('ref_axis',(-0.707106781186547,0.,-0.707106781186548));
#2700=DIRECTION('center_axis',(0.,0.,-1.));
#2701=DIRECTION('ref_axis',(1.,0.,0.));
#2702=DIRECTION('',(0.,0.,1.));
#2703=DIRECTION('center_axis',(0.,0.,-1.));
#2704=DIRECTION('ref_axis',(1.,0.,0.));
#2705=DIRECTION('center_axis',(0.,0.,-1.));
#2706=DIRECTION('ref_axis',(1.,0.,0.));
#2707=DIRECTION('',(0.,0.,1.));
#2708=DIRECTION('center_axis',(0.,0.,-1.));
#2709=DIRECTION('ref_axis',(1.,0.,0.));
#2710=DIRECTION('center_axis',(0.,0.,-1.));
#2711=DIRECTION('ref_axis',(1.,0.,0.));
#2712=DIRECTION('',(0.,0.,1.));
#2713=DIRECTION('center_axis',(0.,0.,-1.));
#2714=DIRECTION('ref_axis',(1.,0.,0.));
#2715=DIRECTION('center_axis',(1.,0.,0.));
#2716=DIRECTION('ref_axis',(0.,1.,0.));
#2717=DIRECTION('',(0.,1.,0.));
#2718=DIRECTION('',(0.,0.,1.));
#2719=DIRECTION('',(0.,0.,1.));
#2720=DIRECTION('center_axis',(1.,0.,0.));
#2721=DIRECTION('ref_axis',(0.,-1.,0.));
#2722=DIRECTION('center_axis',(0.,0.,-1.));
#2723=DIRECTION('ref_axis',(1.,0.,0.));
#2724=DIRECTION('',(0.,0.,1.));
#2725=DIRECTION('center_axis',(0.,0.,-1.));
#2726=DIRECTION('ref_axis',(1.,0.,0.));
#2727=DIRECTION('center_axis',(0.,0.,-1.));
#2728=DIRECTION('ref_axis',(1.,0.,0.));
#2729=DIRECTION('',(0.,0.,1.));
#2730=DIRECTION('center_axis',(0.,0.,-1.));
#2731=DIRECTION('ref_axis',(1.,0.,0.));
#2732=DIRECTION('center_axis',(1.,0.,0.));
#2733=DIRECTION('ref_axis',(0.,-1.,0.));
#2734=DIRECTION('center_axis',(0.,0.,1.));
#2735=DIRECTION('ref_axis',(1.,0.,0.));
#2736=DIRECTION('',(1.,0.,0.));
#2737=DIRECTION('',(1.,0.,0.));
#2738=DIRECTION('center_axis',(0.,1.,0.));
#2739=DIRECTION('ref_axis',(-1.,0.,0.));
#2740=DIRECTION('',(0.,0.,1.));
#2741=DIRECTION('center_axis',(1.,0.,0.));
#2742=DIRECTION('ref_axis',(0.,1.,0.));
#2743=DIRECTION('',(0.,0.,1.));
#2744=DIRECTION('center_axis',(0.,-1.,0.));
#2745=DIRECTION('ref_axis',(1.,0.,0.));
#2746=DIRECTION('center_axis',(0.,0.,-1.));
#2747=DIRECTION('ref_axis',(1.,0.,0.));
#2748=DIRECTION('center_axis',(0.,0.,-1.));
#2749=DIRECTION('ref_axis',(1.,0.,0.));
#2750=DIRECTION('',(0.,0.,1.));
#2751=DIRECTION('center_axis',(0.,0.,1.));
#2752=DIRECTION('ref_axis',(1.,0.,0.));
#2753=DIRECTION('center_axis',(0.,0.,1.));
#2754=DIRECTION('ref_axis',(1.,0.,0.));
#2755=DIRECTION('center_axis',(0.,0.,1.));
#2756=DIRECTION('ref_axis',(1.,0.,0.));
#2757=DIRECTION('center_axis',(0.,0.,-1.));
#2758=DIRECTION('ref_axis',(1.,0.,0.));
#2759=DIRECTION('center_axis',(0.,0.,-1.));
#2760=DIRECTION('ref_axis',(1.,0.,0.));
#2761=DIRECTION('',(0.,0.,1.));
#2762=DIRECTION('center_axis',(0.,0.,1.));
#2763=DIRECTION('ref_axis',(1.,0.,0.));
#2764=DIRECTION('center_axis',(0.,0.,1.));
#2765=DIRECTION('ref_axis',(1.,0.,0.));
#2766=DIRECTION('center_axis',(0.,0.,1.));
#2767=DIRECTION('ref_axis',(1.,0.,0.));
#2768=DIRECTION('center_axis',(0.,0.,-1.));
#2769=DIRECTION('ref_axis',(1.,0.,0.));
#2770=DIRECTION('center_axis',(0.,0.,-1.));
#2771=DIRECTION('ref_axis',(1.,0.,0.));
#2772=DIRECTION('',(0.,0.,1.));
#2773=DIRECTION('center_axis',(0.,0.,1.));
#2774=DIRECTION('ref_axis',(1.,0.,0.));
#2775=DIRECTION('center_axis',(0.,0.,1.));
#2776=DIRECTION('ref_axis',(1.,0.,0.));
#2777=DIRECTION('center_axis',(0.,0.,1.));
#2778=DIRECTION('ref_axis',(1.,0.,0.));
#2779=DIRECTION('center_axis',(0.,0.,-1.));
#2780=DIRECTION('ref_axis',(1.,0.,0.));
#2781=DIRECTION('center_axis',(0.,0.,-1.));
#2782=DIRECTION('ref_axis',(1.,0.,0.));
#2783=DIRECTION('',(0.,0.,1.));
#2784=DIRECTION('center_axis',(0.,0.,1.));
#2785=DIRECTION('ref_axis',(1.,0.,0.));
#2786=DIRECTION('center_axis',(0.,0.,1.));
#2787=DIRECTION('ref_axis',(1.,0.,0.));
#2788=DIRECTION('center_axis',(0.,0.,1.));
#2789=DIRECTION('ref_axis',(1.,0.,0.));
#2790=DIRECTION('center_axis',(0.,0.,1.));
#2791=DIRECTION('ref_axis',(1.,0.,0.));
#2792=DIRECTION('center_axis',(0.,0.,1.));
#2793=DIRECTION('ref_axis',(1.,0.,0.));
#2794=DIRECTION('center_axis',(0.,0.,-1.));
#2795=DIRECTION('ref_axis',(1.,0.,0.));
#2796=DIRECTION('',(0.,0.,1.));
#2797=DIRECTION('center_axis',(0.,0.,1.));
#2798=DIRECTION('ref_axis',(1.,0.,0.));
#2799=DIRECTION('center_axis',(0.,0.,1.));
#2800=DIRECTION('ref_axis',(1.,0.,0.));
#2801=DIRECTION('center_axis',(0.,0.,1.));
#2802=DIRECTION('ref_axis',(1.,0.,0.));
#2803=DIRECTION('center_axis',(0.,0.,1.));
#2804=DIRECTION('ref_axis',(1.,0.,0.));
#2805=DIRECTION('center_axis',(0.,0.,-1.));
#2806=DIRECTION('ref_axis',(1.,0.,0.));
#2807=DIRECTION('',(0.,0.,1.));
#2808=DIRECTION('center_axis',(0.,0.,1.));
#2809=DIRECTION('ref_axis',(1.,0.,0.));
#2810=DIRECTION('center_axis',(0.,0.,1.));
#2811=DIRECTION('ref_axis',(1.,0.,0.));
#2812=DIRECTION('center_axis',(0.,0.,1.));
#2813=DIRECTION('ref_axis',(1.,0.,0.));
#2814=DIRECTION('center_axis',(0.,0.,1.));
#2815=DIRECTION('ref_axis',(1.,0.,0.));
#2816=DIRECTION('center_axis',(0.,0.,-1.));
#2817=DIRECTION('ref_axis',(1.,0.,0.));
#2818=DIRECTION('',(0.,0.,1.));
#2819=DIRECTION('center_axis',(0.,0.,1.));
#2820=DIRECTION('ref_axis',(1.,0.,0.));
#2821=DIRECTION('center_axis',(0.,0.,1.));
#2822=DIRECTION('ref_axis',(1.,0.,0.));
#2823=DIRECTION('center_axis',(0.,0.,1.));
#2824=DIRECTION('ref_axis',(1.,0.,0.));
#2825=DIRECTION('center_axis',(0.,0.,1.));
#2826=DIRECTION('ref_axis',(1.,0.,0.));
#2827=DIRECTION('center_axis',(0.,0.,-1.));
#2828=DIRECTION('ref_axis',(1.,0.,0.));
#2829=DIRECTION('',(0.,0.,1.));
#2830=DIRECTION('center_axis',(0.,0.,1.));
#2831=DIRECTION('ref_axis',(1.,0.,0.));
#2832=DIRECTION('center_axis',(0.,0.,1.));
#2833=DIRECTION('ref_axis',(1.,0.,0.));
#2834=CARTESIAN_POINT('',(0.,0.,0.));
#2835=CARTESIAN_POINT('Origin',(81.11,4.52900000000001,0.));
#2836=CARTESIAN_POINT('',(79.71,4.52900000000001,8.925));
#2837=CARTESIAN_POINT('Origin',(81.11,4.52900000000001,8.925));
#2838=CARTESIAN_POINT('',(79.71,4.52900000000001,0.));
#2839=CARTESIAN_POINT('',(79.71,4.52900000000001,0.));
#2840=CARTESIAN_POINT('Origin',(81.11,4.52900000000001,0.));
#2841=CARTESIAN_POINT('Origin',(81.11,4.52900000000001,0.));
#2842=CARTESIAN_POINT('',(79.11,4.52900000000001,8.925));
#2843=CARTESIAN_POINT('Origin',(81.11,4.52900000000001,8.925));
#2844=CARTESIAN_POINT('',(79.11,4.52900000000001,0.));
#2845=CARTESIAN_POINT('',(79.11,4.52900000000001,0.));
#2846=CARTESIAN_POINT('Origin',(81.11,4.52900000000001,0.));
#2847=CARTESIAN_POINT('Origin',(81.11,4.52900000000001,8.925));
#2848=CARTESIAN_POINT('Origin',(81.11,4.52900000000001,0.));
#2849=CARTESIAN_POINT('Origin',(81.,164.28,0.));
#2850=CARTESIAN_POINT('',(79.6,164.28,8.925));
#2851=CARTESIAN_POINT('Origin',(81.,164.28,8.925));
#2852=CARTESIAN_POINT('',(79.6,164.28,0.));
#2853=CARTESIAN_POINT('',(79.6,164.28,0.));
#2854=CARTESIAN_POINT('Origin',(81.,164.28,0.));
#2855=CARTESIAN_POINT('Origin',(81.,164.28,0.));
#2856=CARTESIAN_POINT('',(79.,164.28,8.925));
#2857=CARTESIAN_POINT('Origin',(81.,164.28,8.925));
#2858=CARTESIAN_POINT('',(79.,164.28,0.));
#2859=CARTESIAN_POINT('',(79.,164.28,0.));
#2860=CARTESIAN_POINT('Origin',(81.,164.28,0.));
#2861=CARTESIAN_POINT('Origin',(81.,164.28,8.925));
#2862=CARTESIAN_POINT('Origin',(81.,164.28,0.));
#2863=CARTESIAN_POINT('Origin',(3.89,4.529,0.));
#2864=CARTESIAN_POINT('',(2.49,4.529,8.925));
#2865=CARTESIAN_POINT('Origin',(3.89,4.529,8.925));
#2866=CARTESIAN_POINT('',(2.49,4.529,0.));
#2867=CARTESIAN_POINT('',(2.49,4.529,0.));
#2868=CARTESIAN_POINT('Origin',(3.89,4.529,0.));
#2869=CARTESIAN_POINT('Origin',(3.89,4.529,0.));
#2870=CARTESIAN_POINT('',(1.89,4.529,8.925));
#2871=CARTESIAN_POINT('Origin',(3.89,4.529,8.925));
#2872=CARTESIAN_POINT('',(1.89,4.529,0.));
#2873=CARTESIAN_POINT('',(1.89,4.529,0.));
#2874=CARTESIAN_POINT('Origin',(3.89,4.529,0.));
#2875=CARTESIAN_POINT('Origin',(3.89,4.529,8.925));
#2876=CARTESIAN_POINT('Origin',(3.89,4.529,0.));
#2877=CARTESIAN_POINT('Origin',(4.,164.28,0.));
#2878=CARTESIAN_POINT('',(2.6,164.28,8.925));
#2879=CARTESIAN_POINT('Origin',(4.,164.28,8.925));
#2880=CARTESIAN_POINT('',(2.6,164.28,0.));
#2881=CARTESIAN_POINT('',(2.6,164.28,0.));
#2882=CARTESIAN_POINT('Origin',(4.,164.28,0.));
#2883=CARTESIAN_POINT('Origin',(4.,164.28,0.));
#2884=CARTESIAN_POINT('',(1.99999999999999,164.28,8.925));
#2885=CARTESIAN_POINT('Origin',(4.,164.28,8.925));
#2886=CARTESIAN_POINT('',(1.99999999999999,164.28,0.));
#2887=CARTESIAN_POINT('',(1.99999999999999,164.28,0.));
#2888=CARTESIAN_POINT('Origin',(4.,164.28,0.));
#2889=CARTESIAN_POINT('Origin',(4.,164.28,8.925));
#2890=CARTESIAN_POINT('Origin',(4.,164.28,0.));
#2891=CARTESIAN_POINT('Origin',(1.35,5.20000000000001,3.5));
#2892=CARTESIAN_POINT('',(1.2,6.70000000000001,3.35));
#2893=CARTESIAN_POINT('',(1.5,6.70000000000001,3.65));
#2894=CARTESIAN_POINT('',(0.974999999999999,6.70000000000001,3.125));
#2895=CARTESIAN_POINT('',(1.2,4.70000000000001,3.35));
#2896=CARTESIAN_POINT('',(1.2,5.20000000000001,3.35));
#2897=CARTESIAN_POINT('',(1.5,4.70000000000001,3.65));
#2898=CARTESIAN_POINT('',(2.36875,4.70000000000001,4.51875));
#2899=CARTESIAN_POINT('',(1.5,5.20000000000001,3.65));
#2900=CARTESIAN_POINT('Origin',(0.,4.70000000000001,8.925));
#2901=CARTESIAN_POINT('',(0.5,4.70000000000001,3.35));
#2902=CARTESIAN_POINT('',(0.,4.70000000000001,3.35));
#2903=CARTESIAN_POINT('',(0.5,4.70000000000001,8.925));
#2904=CARTESIAN_POINT('',(0.5,4.70000000000001,4.4625));
#2905=CARTESIAN_POINT('',(1.5,4.70000000000001,8.925));
#2906=CARTESIAN_POINT('',(0.3975,4.70000000000001,8.925));
#2907=CARTESIAN_POINT('',(1.5,4.70000000000001,3.35));
#2908=CARTESIAN_POINT('Origin',(0.,4.70000000000001,3.35));
#2909=CARTESIAN_POINT('',(0.,6.70000000000001,3.35));
#2910=CARTESIAN_POINT('',(0.,6.70000000000001,3.35));
#2911=CARTESIAN_POINT('',(0.,4.20000000000002,3.35));
#2912=CARTESIAN_POINT('',(0.,86.255,3.35));
#2913=CARTESIAN_POINT('Origin',(0.5,4.20000000000002,3.35));
#2914=CARTESIAN_POINT('Origin',(0.5,4.20000000000002,4.4625));
#2915=CARTESIAN_POINT('',(0.,4.20000000000002,8.925));
#2916=CARTESIAN_POINT('Origin',(0.5,4.20000000000002,8.925));
#2917=CARTESIAN_POINT('',(0.,4.20000000000002,4.4625));
#2918=CARTESIAN_POINT('Origin',(0.,167.81,0.));
#2919=CARTESIAN_POINT('',(0.,6.70000000000002,8.925));
#2920=CARTESIAN_POINT('',(0.,6.70000000000002,1.67500000000014));
#2921=CARTESIAN_POINT('',(0.,167.81,8.925));
#2922=CARTESIAN_POINT('',(0.,170.,8.925));
#2923=CARTESIAN_POINT('',(0.,167.81,1.5));
#2924=CARTESIAN_POINT('',(0.,167.81,0.));
#2925=CARTESIAN_POINT('',(0.,2.19,1.5));
#2926=CARTESIAN_POINT('',(0.,126.405,1.5));
#2927=CARTESIAN_POINT('',(0.,2.19,8.925));
#2928=CARTESIAN_POINT('',(0.,2.19,0.));
#2929=CARTESIAN_POINT('',(0.,170.,8.925));
#2930=CARTESIAN_POINT('',(0.,160.5,5.35));
#2931=CARTESIAN_POINT('',(0.,167.,5.35));
#2932=CARTESIAN_POINT('',(0.,164.405,5.35));
#2933=CARTESIAN_POINT('',(0.,167.,7.35));
#2934=CARTESIAN_POINT('',(0.,167.,2.675));
#2935=CARTESIAN_POINT('',(0.,160.5,7.35));
#2936=CARTESIAN_POINT('',(0.,167.405,7.35));
#2937=CARTESIAN_POINT('',(0.,160.5,3.675));
#2938=CARTESIAN_POINT('Origin',(0.,6.70000000000001,3.35));
#2939=CARTESIAN_POINT('',(1.5,6.70000000000002,8.925));
#2940=CARTESIAN_POINT('',(1.5,6.70000000000002,8.925));
#2941=CARTESIAN_POINT('',(0.3975,6.70000000000002,8.925));
#2942=CARTESIAN_POINT('Origin',(1.5,5.70000000000002,6.1375));
#2943=CARTESIAN_POINT('',(1.5,45.35,8.925));
#2944=CARTESIAN_POINT('Origin',(0.795,85.,8.925));
#2945=CARTESIAN_POINT('',(1.59,2.19,8.925));
#2946=CARTESIAN_POINT('',(0.,2.19,8.925));
#2947=CARTESIAN_POINT('',(1.59,167.81,8.925));
#2948=CARTESIAN_POINT('',(1.59,0.,8.925));
#2949=CARTESIAN_POINT('',(0.,167.81,8.925));
#2950=CARTESIAN_POINT('Origin',(84.06,5.20000000000001,3.5));
#2951=CARTESIAN_POINT('',(84.21,4.70000000000001,3.35));
#2952=CARTESIAN_POINT('',(83.91,4.70000000000001,3.64999999999999));
#2953=CARTESIAN_POINT('',(82.54125,4.70000000000001,5.01875));
#2954=CARTESIAN_POINT('',(84.21,6.70000000000001,3.35));
#2955=CARTESIAN_POINT('',(84.21,5.20000000000001,3.35));
#2956=CARTESIAN_POINT('',(83.91,6.70000000000001,3.64999999999999));
#2957=CARTESIAN_POINT('',(83.935,6.70000000000001,3.625));
#2958=CARTESIAN_POINT('',(83.91,5.20000000000001,3.64999999999999));
#2959=CARTESIAN_POINT('Origin',(83.41,6.70000000000001,3.35));
#2960=CARTESIAN_POINT('',(85.,6.70000000000001,3.35));
#2961=CARTESIAN_POINT('',(83.41,6.70000000000001,3.35));
#2962=CARTESIAN_POINT('',(85.,6.70000000000001,8.925));
#2963=CARTESIAN_POINT('',(85.,6.70000000000001,1.675));
#2964=CARTESIAN_POINT('',(83.91,6.70000000000001,8.925));
#2965=CARTESIAN_POINT('',(83.8075,6.70000000000001,8.925));
#2966=CARTESIAN_POINT('',(83.91,6.70000000000001,4.74375));
#2967=CARTESIAN_POINT('Origin',(83.41,4.70000000000001,3.35));
#2968=CARTESIAN_POINT('',(84.5,4.70000000000001,3.35));
#2969=CARTESIAN_POINT('',(83.41,4.70000000000001,3.35));
#2970=CARTESIAN_POINT('',(85.,4.20000000000001,3.35));
#2971=CARTESIAN_POINT('Origin',(84.5,4.20000000000001,3.35));
#2972=CARTESIAN_POINT('',(85.,3.44500000000001,3.35));
#2973=CARTESIAN_POINT('Origin',(84.5,4.20000000000001,4.4625));
#2974=CARTESIAN_POINT('',(84.5,4.70000000000001,8.925));
#2975=CARTESIAN_POINT('',(85.,4.20000000000001,8.925));
#2976=CARTESIAN_POINT('Origin',(84.5,4.20000000000001,8.925));
#2977=CARTESIAN_POINT('',(85.,4.20000000000001,4.4625));
#2978=CARTESIAN_POINT('',(84.5,4.70000000000001,4.4625));
#2979=CARTESIAN_POINT('Origin',(84.205,85.,8.925));
#2980=CARTESIAN_POINT('',(83.91,4.70000000000001,8.925));
#2981=CARTESIAN_POINT('',(83.8075,4.70000000000001,8.925));
#2982=CARTESIAN_POINT('',(83.91,4.70000000000001,8.925));
#2983=CARTESIAN_POINT('',(85.,167.81,8.925));
#2984=CARTESIAN_POINT('',(85.,0.,8.925));
#2985=CARTESIAN_POINT('',(83.41,167.81,8.925));
#2986=CARTESIAN_POINT('',(0.,167.81,8.925));
#2987=CARTESIAN_POINT('',(83.41,2.19000000000001,8.925));
#2988=CARTESIAN_POINT('',(83.41,170.,8.925));
#2989=CARTESIAN_POINT('',(85.,2.19000000000001,8.925));
#2990=CARTESIAN_POINT('',(0.,2.19,8.925));
#2991=CARTESIAN_POINT('',(85.,0.,8.925));
#2992=CARTESIAN_POINT('Origin',(83.41,4.70000000000001,8.925));
#2993=CARTESIAN_POINT('',(83.91,4.70000000000001,7.53125));
#2994=CARTESIAN_POINT('Origin',(83.91,5.70000000000001,6.1375));
#2995=CARTESIAN_POINT('Origin',(83.41,167.81,0.));
#2996=CARTESIAN_POINT('',(83.41,167.81,0.));
#2997=CARTESIAN_POINT('',(83.41,167.81,0.));
#2998=CARTESIAN_POINT('',(83.41,2.19,0.));
#2999=CARTESIAN_POINT('',(83.41,126.405,0.));
#3000=CARTESIAN_POINT('',(83.41,2.19,0.));
#3001=CARTESIAN_POINT('Origin',(83.65,166.85,6.85));
#3002=CARTESIAN_POINT('',(83.8,167.,5.35));
#3003=CARTESIAN_POINT('',(83.5,166.7,5.35));
#3004=CARTESIAN_POINT('',(84.025,167.225,5.35));
#3005=CARTESIAN_POINT('',(83.8,167.,7.35));
#3006=CARTESIAN_POINT('',(83.8,167.,6.85));
#3007=CARTESIAN_POINT('',(83.5,166.7,7.35));
#3008=CARTESIAN_POINT('',(82.525,165.725,7.35));
#3009=CARTESIAN_POINT('',(83.5,166.7,6.85));
#3010=CARTESIAN_POINT('Origin',(85.,161.,7.35));
#3011=CARTESIAN_POINT('',(85.,167.,7.35));
#3012=CARTESIAN_POINT('',(85.,167.,7.35));
#3013=CARTESIAN_POINT('',(85.,160.5,7.35));
#3014=CARTESIAN_POINT('',(85.,81.595,7.35));
#3015=CARTESIAN_POINT('',(84.5,161.,7.35));
#3016=CARTESIAN_POINT('Origin',(84.5,160.5,7.35));
#3017=CARTESIAN_POINT('',(83.8,161.,7.35));
#3018=CARTESIAN_POINT('',(85.,161.,7.35));
#3019=CARTESIAN_POINT('',(83.5,161.3,7.35));
#3020=CARTESIAN_POINT('',(84.025,160.775,7.35));
#3021=CARTESIAN_POINT('',(83.5,167.,7.35));
#3022=CARTESIAN_POINT('Origin',(85.,167.,7.35));
#3023=CARTESIAN_POINT('',(85.,167.,5.35));
#3024=CARTESIAN_POINT('',(85.,167.,5.35));
#3025=CARTESIAN_POINT('',(85.,167.,3.675));
#3026=CARTESIAN_POINT('Origin',(83.65,161.15,5.85));
#3027=CARTESIAN_POINT('',(83.8,161.,5.35));
#3028=CARTESIAN_POINT('',(83.8,161.,5.85));
#3029=CARTESIAN_POINT('',(83.5,161.3,5.35));
#3030=CARTESIAN_POINT('',(82.525,162.275,5.35));
#3031=CARTESIAN_POINT('',(83.5,161.3,5.85));
#3032=CARTESIAN_POINT('Origin',(85.,167.,5.35));
#3033=CARTESIAN_POINT('',(83.5,161.,5.35));
#3034=CARTESIAN_POINT('',(84.5,161.,5.35));
#3035=CARTESIAN_POINT('',(85.,161.,5.35));
#3036=CARTESIAN_POINT('',(85.,160.5,5.35));
#3037=CARTESIAN_POINT('Origin',(84.5,160.5,5.35));
#3038=CARTESIAN_POINT('',(85.,84.595,5.35));
#3039=CARTESIAN_POINT('Origin',(85.,161.,5.35));
#3040=CARTESIAN_POINT('',(84.5,161.,2.675));
#3041=CARTESIAN_POINT('Origin',(84.5,160.5,2.675));
#3042=CARTESIAN_POINT('',(85.,160.5,2.675));
#3043=CARTESIAN_POINT('Origin',(83.5,164.,6.35));
#3044=CARTESIAN_POINT('Origin',(1.35,166.85,5.85));
#3045=CARTESIAN_POINT('',(1.2,167.,7.35));
#3046=CARTESIAN_POINT('',(1.5,166.7,7.35));
#3047=CARTESIAN_POINT('',(0.975000000000042,167.225,7.35));
#3048=CARTESIAN_POINT('',(1.2,167.,5.35));
#3049=CARTESIAN_POINT('',(1.2,167.,5.85));
#3050=CARTESIAN_POINT('',(1.5,166.7,5.35));
#3051=CARTESIAN_POINT('',(2.47500000000005,165.725,5.35));
#3052=CARTESIAN_POINT('',(1.5,166.7,5.85));
#3053=CARTESIAN_POINT('Origin',(0.,167.,7.35));
#3054=CARTESIAN_POINT('',(1.5,161.3,7.35));
#3055=CARTESIAN_POINT('',(1.5,167.,7.35));
#3056=CARTESIAN_POINT('',(1.2,161.,7.35));
#3057=CARTESIAN_POINT('',(2.47500000000005,162.275,7.35));
#3058=CARTESIAN_POINT('',(0.5,161.,7.35));
#3059=CARTESIAN_POINT('',(0.,161.,7.35));
#3060=CARTESIAN_POINT('Origin',(0.5,160.5,7.35));
#3061=CARTESIAN_POINT('',(0.,167.,7.35));
#3062=CARTESIAN_POINT('Origin',(1.5,164.,6.35));
#3063=CARTESIAN_POINT('',(1.5,161.3,5.35));
#3064=CARTESIAN_POINT('',(1.5,161.,5.35));
#3065=CARTESIAN_POINT('',(1.5,161.3,6.85));
#3066=CARTESIAN_POINT('Origin',(1.35,161.15,6.85));
#3067=CARTESIAN_POINT('',(1.2,161.,5.35));
#3068=CARTESIAN_POINT('',(0.975000000000042,160.775,5.35));
#3069=CARTESIAN_POINT('',(1.2,161.,6.85));
#3070=CARTESIAN_POINT('Origin',(0.,161.,5.35));
#3071=CARTESIAN_POINT('',(0.,167.,5.35));
#3072=CARTESIAN_POINT('',(0.5,161.,5.35));
#3073=CARTESIAN_POINT('Origin',(0.5,160.5,5.35));
#3074=CARTESIAN_POINT('',(0.,161.,5.35));
#3075=CARTESIAN_POINT('Origin',(0.,167.,5.35));
#3076=CARTESIAN_POINT('Origin',(0.,161.,7.35));
#3077=CARTESIAN_POINT('',(0.5,161.,3.675));
#3078=CARTESIAN_POINT('Origin',(0.5,160.5,3.675));
#3079=CARTESIAN_POINT('Origin',(10.9999999776483,4.25,-1.75));
#3080=CARTESIAN_POINT('',(12.5,4.,-2.));
#3081=CARTESIAN_POINT('',(12.5,4.5,-1.5));
#3082=CARTESIAN_POINT('',(12.5,4.625,-1.375));
#3083=CARTESIAN_POINT('',(10.4999999701977,4.,-2.));
#3084=CARTESIAN_POINT('',(10.9999999776483,4.,-2.));
#3085=CARTESIAN_POINT('',(10.4999999701977,4.5,-1.5));
#3086=CARTESIAN_POINT('',(10.4999999701977,6.12500002235174,0.125000022351741));
#3087=CARTESIAN_POINT('',(10.9999999776483,4.5,-1.5));
#3088=CARTESIAN_POINT('Origin',(10.4999999701977,10.000000089407,0.));
#3089=CARTESIAN_POINT('',(10.4999999701977,4.,-3.));
#3090=CARTESIAN_POINT('',(10.4999999701977,4.,0.));
#3091=CARTESIAN_POINT('',(10.4999999701977,11.000000089407,-3.));
#3092=CARTESIAN_POINT('',(10.4999999701977,4.,-3.));
#3093=CARTESIAN_POINT('',(10.4999999701977,10.000000089407,-2.));
#3094=CARTESIAN_POINT('Origin',(10.4999999701977,11.000000089407,-2.));
#3095=CARTESIAN_POINT('',(10.4999999701977,9.50000008940697,-1.5));
#3096=CARTESIAN_POINT('',(10.4999999701977,9.37500008940697,-1.375));
#3097=CARTESIAN_POINT('',(10.4999999701977,8.50000006705523,-1.5));
#3098=CARTESIAN_POINT('Origin',(10.4999999701977,4.,0.));
#3099=CARTESIAN_POINT('',(12.5,4.,-3.));
#3100=CARTESIAN_POINT('',(12.5,4.,0.));
#3101=CARTESIAN_POINT('',(12.5,4.,-3.));
#3102=CARTESIAN_POINT('Origin',(11.9999999925494,9.75000008940697,-1.75));
#3103=CARTESIAN_POINT('',(12.5,10.000000089407,-2.));
#3104=CARTESIAN_POINT('',(48.3525,10.000000089407,-2.));
#3105=CARTESIAN_POINT('',(12.5,9.50000008940697,-1.5));
#3106=CARTESIAN_POINT('',(12.5,7.87500006705523,0.125000022351744));
#3107=CARTESIAN_POINT('',(11.9999999925494,9.50000008940697,-1.5));
#3108=CARTESIAN_POINT('Origin',(12.5,4.,0.));
#3109=CARTESIAN_POINT('',(12.5,5.50000002235174,-1.5));
#3110=CARTESIAN_POINT('',(12.5,11.000000089407,-3.));
#3111=CARTESIAN_POINT('Origin',(12.5,11.000000089407,-2.));
#3112=CARTESIAN_POINT('',(12.5,10.000000089407,-3.));
#3113=CARTESIAN_POINT('Origin',(72.9999999776483,4.25,-1.75));
#3114=CARTESIAN_POINT('',(74.5,4.,-2.));
#3115=CARTESIAN_POINT('',(74.5,4.5,-1.5));
#3116=CARTESIAN_POINT('',(74.5,4.625,-1.375));
#3117=CARTESIAN_POINT('',(72.4999999701977,4.,-2.));
#3118=CARTESIAN_POINT('',(72.9999999776483,4.,-2.));
#3119=CARTESIAN_POINT('',(72.4999999701977,4.5,-1.5));
#3120=CARTESIAN_POINT('',(72.4999999701977,6.12500002235174,0.125000022351741));
#3121=CARTESIAN_POINT('',(72.9999999776483,4.5,-1.5));
#3122=CARTESIAN_POINT('Origin',(72.4999999701977,10.000000089407,0.));
#3123=CARTESIAN_POINT('',(72.4999999701977,4.,-3.));
#3124=CARTESIAN_POINT('',(72.4999999701977,4.,0.));
#3125=CARTESIAN_POINT('',(72.4999999701977,11.000000089407,-3.));
#3126=CARTESIAN_POINT('',(72.4999999701977,4.,-3.));
#3127=CARTESIAN_POINT('',(72.4999999701977,10.000000089407,-2.));
#3128=CARTESIAN_POINT('Origin',(72.4999999701977,11.000000089407,-2.));
#3129=CARTESIAN_POINT('',(72.4999999701977,9.50000008940697,-1.5));
#3130=CARTESIAN_POINT('',(72.4999999701977,9.37500008940697,-1.375));
#3131=CARTESIAN_POINT('',(72.4999999701977,8.50000006705523,-1.5));
#3132=CARTESIAN_POINT('Origin',(72.4999999701977,4.,0.));
#3133=CARTESIAN_POINT('',(74.5,4.,-3.));
#3134=CARTESIAN_POINT('',(74.5,4.,0.));
#3135=CARTESIAN_POINT('',(74.5,4.,-3.));
#3136=CARTESIAN_POINT('Origin',(73.9999999925494,9.75000008940697,-1.75));
#3137=CARTESIAN_POINT('',(74.5,10.000000089407,-2.));
#3138=CARTESIAN_POINT('',(79.3525,10.000000089407,-2.));
#3139=CARTESIAN_POINT('',(74.5,9.50000008940697,-1.5));
#3140=CARTESIAN_POINT('',(74.5,7.87500006705523,0.125000022351744));
#3141=CARTESIAN_POINT('',(73.9999999925494,9.50000008940697,-1.5));
#3142=CARTESIAN_POINT('Origin',(74.5,4.,0.));
#3143=CARTESIAN_POINT('',(74.5,5.50000002235174,-1.5));
#3144=CARTESIAN_POINT('',(74.5,11.000000089407,-3.));
#3145=CARTESIAN_POINT('Origin',(74.5,11.000000089407,-2.));
#3146=CARTESIAN_POINT('',(74.5,10.000000089407,-3.));
#3147=CARTESIAN_POINT('Origin',(79.3525,11.000000089407,-2.));
#3148=CARTESIAN_POINT('',(79.3525,11.000000089407,-3.));
#3149=CARTESIAN_POINT('Origin',(84.205,85.,-3.));
#3150=CARTESIAN_POINT('',(80.5,166.216491673104,-3.));
#3151=CARTESIAN_POINT('',(80.5,167.81,-3.));
#3152=CARTESIAN_POINT('',(80.5,43.595,-3.));
#3153=CARTESIAN_POINT('',(79.,164.28,-3.));
#3154=CARTESIAN_POINT('Origin',(81.,164.28,-3.));
#3155=CARTESIAN_POINT('',(80.5,162.343508326896,-3.));
#3156=CARTESIAN_POINT('Origin',(81.,164.28,-3.));
#3157=CARTESIAN_POINT('',(80.5,160.367474696253,-3.));
#3158=CARTESIAN_POINT('',(80.5,43.595,-3.));
#3159=CARTESIAN_POINT('',(75.85,157.28,-3.));
#3160=CARTESIAN_POINT('Origin',(79.2,157.28,-3.));
#3161=CARTESIAN_POINT('',(80.5,154.192525303747,-3.));
#3162=CARTESIAN_POINT('Origin',(79.2,157.28,-3.));
#3163=CARTESIAN_POINT('',(80.5,6.43370470152203,-3.));
#3164=CARTESIAN_POINT('',(80.5,43.595,-3.));
#3165=CARTESIAN_POINT('',(79.11,4.52900000000001,-3.));
#3166=CARTESIAN_POINT('Origin',(81.11,4.52900000000001,-3.));
#3167=CARTESIAN_POINT('',(80.5,2.624295298478,-3.));
#3168=CARTESIAN_POINT('Origin',(81.11,4.52900000000001,-3.));
#3169=CARTESIAN_POINT('',(80.5,2.19,-3.));
#3170=CARTESIAN_POINT('',(80.5,43.595,-3.));
#3171=CARTESIAN_POINT('',(4.5,2.19,-3.));
#3172=CARTESIAN_POINT('',(0.,2.19,-3.));
#3173=CARTESIAN_POINT('',(4.5,2.624295298478,-3.));
#3174=CARTESIAN_POINT('',(4.5,126.405,-3.));
#3175=CARTESIAN_POINT('',(4.5,6.433704701522,-3.));
#3176=CARTESIAN_POINT('Origin',(3.89,4.529,-3.));
#3177=CARTESIAN_POINT('',(4.5,154.192525303747,-3.));
#3178=CARTESIAN_POINT('',(4.5,126.405,-3.));
#3179=CARTESIAN_POINT('',(4.5,160.367474696253,-3.));
#3180=CARTESIAN_POINT('Origin',(5.8,157.28,-3.));
#3181=CARTESIAN_POINT('',(4.5,162.343508326896,-3.));
#3182=CARTESIAN_POINT('',(4.5,126.405,-3.));
#3183=CARTESIAN_POINT('',(4.5,166.216491673104,-3.));
#3184=CARTESIAN_POINT('Origin',(4.,164.28,-3.));
#3185=CARTESIAN_POINT('',(4.5,167.81,-3.));
#3186=CARTESIAN_POINT('',(4.5,126.405,-3.));
#3187=CARTESIAN_POINT('',(0.,167.81,-3.));
#3188=CARTESIAN_POINT('',(48.3525,11.000000089407,-3.));
#3189=CARTESIAN_POINT('',(18.090000089407,163.999999970198,-3.));
#3190=CARTESIAN_POINT('',(18.090000089407,166.75,-3.));
#3191=CARTESIAN_POINT('',(18.090000089407,163.999999970198,-3.));
#3192=CARTESIAN_POINT('',(12.09,166.75,-3.));
#3193=CARTESIAN_POINT('',(51.1475000447035,166.75,-3.));
#3194=CARTESIAN_POINT('',(12.09,163.999999970198,-3.));
#3195=CARTESIAN_POINT('',(12.09,166.,-3.));
#3196=CARTESIAN_POINT('',(12.09,163.999999970198,-3.));
#3197=CARTESIAN_POINT('',(72.91,163.999999970198,-3.));
#3198=CARTESIAN_POINT('',(72.91,166.75,-3.));
#3199=CARTESIAN_POINT('',(72.91,163.999999970198,-3.));
#3200=CARTESIAN_POINT('',(66.909999910593,166.75,-3.));
#3201=CARTESIAN_POINT('',(78.5575,166.75,-3.));
#3202=CARTESIAN_POINT('',(66.909999910593,163.999999970198,-3.));
#3203=CARTESIAN_POINT('',(66.909999910593,166.,-3.));
#3204=CARTESIAN_POINT('',(66.909999910593,163.999999970198,-3.));
#3205=CARTESIAN_POINT('',(13.45,10.029,-3.));
#3206=CARTESIAN_POINT('Origin',(16.8,10.029,-3.));
#3207=CARTESIAN_POINT('',(64.85,10.029,-3.));
#3208=CARTESIAN_POINT('Origin',(68.2,10.029,-3.));
#3209=CARTESIAN_POINT('Origin',(48.3525,11.000000089407,-2.));
#3210=CARTESIAN_POINT('Origin',(72.66,164.499999977648,-1.75));
#3211=CARTESIAN_POINT('',(72.91,166.,-2.));
#3212=CARTESIAN_POINT('',(72.41,166.,-1.5));
#3213=CARTESIAN_POINT('',(72.285,166.,-1.375));
#3214=CARTESIAN_POINT('',(72.91,163.999999970198,-2.));
#3215=CARTESIAN_POINT('',(72.91,164.499999977648,-2.));
#3216=CARTESIAN_POINT('',(72.41,163.999999970198,-1.5));
#3217=CARTESIAN_POINT('',(70.7849999776483,163.999999970198,0.125000022351745));
#3218=CARTESIAN_POINT('',(72.41,164.499999977648,-1.5));
#3219=CARTESIAN_POINT('Origin',(72.91,166.,0.));
#3220=CARTESIAN_POINT('',(67.409999910593,166.,-1.5));
#3221=CARTESIAN_POINT('',(71.4099999776483,166.,-1.5));
#3222=CARTESIAN_POINT('',(66.909999910593,166.,-2.));
#3223=CARTESIAN_POINT('',(69.0349999329448,166.,0.125000022351745));
#3224=CARTESIAN_POINT('',(66.909999910593,166.,-2.25));
#3225=CARTESIAN_POINT('',(66.909999910593,166.,0.));
#3226=CARTESIAN_POINT('',(72.91,166.,-2.25));
#3227=CARTESIAN_POINT('',(78.5575,166.,-2.25));
#3228=CARTESIAN_POINT('',(72.91,166.,0.));
#3229=CARTESIAN_POINT('Origin',(69.9099999552965,164.999999985099,-1.5));
#3230=CARTESIAN_POINT('',(67.409999910593,163.999999970198,-1.5));
#3231=CARTESIAN_POINT('',(68.4099999329448,163.999999970198,-1.5));
#3232=CARTESIAN_POINT('',(67.409999910593,165.499999992549,-1.5));
#3233=CARTESIAN_POINT('Origin',(67.159999910593,165.499999992549,-1.75));
#3234=CARTESIAN_POINT('',(66.909999910593,163.999999970198,-2.));
#3235=CARTESIAN_POINT('',(67.534999910593,163.999999970198,-1.375));
#3236=CARTESIAN_POINT('',(66.909999910593,165.499999992549,-2.));
#3237=CARTESIAN_POINT('Origin',(66.909999910593,163.999999970198,0.));
#3238=CARTESIAN_POINT('',(72.91,163.999999970198,0.));
#3239=CARTESIAN_POINT('',(66.909999910593,163.999999970198,0.));
#3240=CARTESIAN_POINT('Origin',(51.1475000447035,166.75,-2.25));
#3241=CARTESIAN_POINT('',(12.09,166.,-2.25));
#3242=CARTESIAN_POINT('Origin',(12.09,166.75,-2.25));
#3243=CARTESIAN_POINT('',(18.090000089407,166.,-2.25));
#3244=CARTESIAN_POINT('Origin',(18.090000089407,166.75,-2.25));
#3245=CARTESIAN_POINT('',(51.1475000447035,166.,-2.25));
#3246=CARTESIAN_POINT('Origin',(78.5575,166.75,-2.25));
#3247=CARTESIAN_POINT('Origin',(66.909999910593,166.75,-2.25));
#3248=CARTESIAN_POINT('Origin',(72.91,166.75,-2.25));
#3249=CARTESIAN_POINT('Origin',(18.090000089407,166.,0.));
#3250=CARTESIAN_POINT('',(18.090000089407,166.,-2.));
#3251=CARTESIAN_POINT('',(18.090000089407,166.,0.));
#3252=CARTESIAN_POINT('',(17.590000089407,166.,-1.5));
#3253=CARTESIAN_POINT('',(17.465000089407,166.,-1.375));
#3254=CARTESIAN_POINT('',(12.59,166.,-1.5));
#3255=CARTESIAN_POINT('',(16.5900000670552,166.,-1.5));
#3256=CARTESIAN_POINT('',(12.09,166.,-2.));
#3257=CARTESIAN_POINT('',(14.2150000223517,166.,0.125000022351744));
#3258=CARTESIAN_POINT('',(12.09,166.,0.));
#3259=CARTESIAN_POINT('Origin',(18.090000089407,163.999999970198,0.));
#3260=CARTESIAN_POINT('',(18.090000089407,163.999999970198,-2.));
#3261=CARTESIAN_POINT('',(18.090000089407,163.999999970198,0.));
#3262=CARTESIAN_POINT('',(18.090000089407,164.499999977648,-2.));
#3263=CARTESIAN_POINT('Origin',(72.91,163.999999970198,0.));
#3264=CARTESIAN_POINT('Origin',(12.34,165.499999992549,-1.75));
#3265=CARTESIAN_POINT('',(12.09,163.999999970198,-2.));
#3266=CARTESIAN_POINT('',(12.59,163.999999970198,-1.5));
#3267=CARTESIAN_POINT('',(12.715,163.999999970198,-1.375));
#3268=CARTESIAN_POINT('',(12.09,165.499999992549,-2.));
#3269=CARTESIAN_POINT('',(12.59,165.499999992549,-1.5));
#3270=CARTESIAN_POINT('Origin',(12.09,163.999999970198,0.));
#3271=CARTESIAN_POINT('',(17.590000089407,163.999999970198,-1.5));
#3272=CARTESIAN_POINT('',(13.5900000223517,163.999999970198,-1.5));
#3273=CARTESIAN_POINT('',(15.9650000670552,163.999999970198,0.125000022351744));
#3274=CARTESIAN_POINT('',(12.09,163.999999970198,0.));
#3275=CARTESIAN_POINT('Origin',(15.0900000447035,164.999999985099,-1.5));
#3276=CARTESIAN_POINT('',(17.590000089407,164.499999977648,-1.5));
#3277=CARTESIAN_POINT('Origin',(17.840000089407,164.499999977648,-1.75));
#3278=CARTESIAN_POINT('Origin',(11.4999999850988,7.00000004470348,-1.5));
#3279=CARTESIAN_POINT('Origin',(73.4999999850988,7.00000004470348,-1.5));
#3280=CARTESIAN_POINT('Origin',(80.5,43.595,1.5));
#3281=CARTESIAN_POINT('Ctrl Pts',(80.5,162.343508326896,-3.));
#3282=CARTESIAN_POINT('Ctrl Pts',(80.6667340054018,162.300457791818,-3.));
#3283=CARTESIAN_POINT('Ctrl Pts',(80.8371604500731,162.28,-2.99034197015268));
#3284=CARTESIAN_POINT('Ctrl Pts',(81.2605772883344,162.28,-2.94300252849417));
#3285=CARTESIAN_POINT('Ctrl Pts',(81.5329662005124,162.333760314821,-2.8874042109541));
#3286=CARTESIAN_POINT('Ctrl Pts',(82.0268032117728,162.542882604946,-2.74089692866364));
#3287=CARTESIAN_POINT('Ctrl Pts',(82.2486302270447,162.697962769208,-2.6508646285387));
#3288=CARTESIAN_POINT('Ctrl Pts',(82.594495092239,163.048380060819,-2.487341859226));
#3289=CARTESIAN_POINT('Ctrl Pts',(82.7449606911764,163.267706159728,-2.4018298896275));
#3290=CARTESIAN_POINT('Ctrl Pts',(82.9477934024717,163.754904103135,-2.27788748906457));
#3291=CARTESIAN_POINT('Ctrl Pts',(83.,164.023399836892,-2.24165738677394));
#3292=CARTESIAN_POINT('Ctrl Pts',(83.,164.28,-2.24165738677394));
#3293=CARTESIAN_POINT('Ctrl Pts',(83.,164.536600163108,-2.24165738677394));
#3294=CARTESIAN_POINT('Ctrl Pts',(82.9477934024718,164.805095896865,-2.27788748906456));
#3295=CARTESIAN_POINT('Ctrl Pts',(82.7449606911764,165.292293840272,-2.40182988962749));
#3296=CARTESIAN_POINT('Ctrl Pts',(82.5944950922391,165.51161993918,-2.487341859226));
#3297=CARTESIAN_POINT('Ctrl Pts',(82.2486302270447,165.862037230792,-2.6508646285387));
#3298=CARTESIAN_POINT('Ctrl Pts',(82.0268032117728,166.017117395054,-2.74089692866364));
#3299=CARTESIAN_POINT('Ctrl Pts',(81.5329662005124,166.226239685179,-2.8874042109541));
#3300=CARTESIAN_POINT('Ctrl Pts',(81.2605772883344,166.28,-2.94300252849417));
#3301=CARTESIAN_POINT('Ctrl Pts',(80.8371604500731,166.28,-2.99034197015268));
#3302=CARTESIAN_POINT('Ctrl Pts',(80.6667340054018,166.259542208182,-3.));
#3303=CARTESIAN_POINT('Ctrl Pts',(80.5,166.216491673104,-3.));
#3304=CARTESIAN_POINT('',(85.,167.81,1.5));
#3305=CARTESIAN_POINT('Origin',(80.5,167.81,1.5));
#3306=CARTESIAN_POINT('',(85.,2.19,1.5));
#3307=CARTESIAN_POINT('',(85.,43.595,1.5));
#3308=CARTESIAN_POINT('Origin',(80.5,2.19,1.5));
#3309=CARTESIAN_POINT('Ctrl Pts',(80.5,2.624295298478,-3.));
#3310=CARTESIAN_POINT('Ctrl Pts',(80.7013326410536,2.5598165837751,-3.));
#3311=CARTESIAN_POINT('Ctrl Pts',(80.9115173835876,2.529,-2.98561993983438));
#3312=CARTESIAN_POINT('Ctrl Pts',(81.3720074066779,2.529,-2.92261642049646));
#3313=CARTESIAN_POINT('Ctrl Pts',(81.6451672141457,2.58329474273285,-2.85960912819529));
#3314=CARTESIAN_POINT('Ctrl Pts',(82.1396465502105,2.79348835481741,-2.69870918195493));
#3315=CARTESIAN_POINT('Ctrl Pts',(82.3613723110125,2.94908075457613,-2.60166612850175));
#3316=CARTESIAN_POINT('Ctrl Pts',(82.7058254292936,3.29937935558013,-2.42690367285255));
#3317=CARTESIAN_POINT('Ctrl Pts',(82.8555018581651,3.51782071361231,-2.33616551815395));
#3318=CARTESIAN_POINT('Ctrl Pts',(83.0576685278682,4.00378985016394,-2.20444166945664));
#3319=CARTESIAN_POINT('Ctrl Pts',(83.11,4.27200900018624,-2.16577413379494));
#3320=CARTESIAN_POINT('Ctrl Pts',(83.11,4.52900000000001,-2.16577413379494));
#3321=CARTESIAN_POINT('Ctrl Pts',(83.11,4.78900276899736,-2.16577413379494));
#3322=CARTESIAN_POINT('Ctrl Pts',(83.0564678559276,5.06000962489806,-2.20535056370305));
#3323=CARTESIAN_POINT('Ctrl Pts',(82.8500977033067,5.5501612347308,-2.33955595745244));
#3324=CARTESIAN_POINT('Ctrl Pts',(82.697407500482,5.77001962426425,-2.4317941930516));
#3325=CARTESIAN_POINT('Ctrl Pts',(82.3500495165991,6.11737760814708,-2.606743788119));
#3326=CARTESIAN_POINT('Ctrl Pts',(82.1297263433899,6.26993742286448,-2.70242506634928));
#3327=CARTESIAN_POINT('Ctrl Pts',(81.639420728237,6.47589979567841,-2.8609752218365));
#3328=CARTESIAN_POINT('Ctrl Pts',(81.3690457833635,6.52900000000003,-2.92302162513153));
#3329=CARTESIAN_POINT('Ctrl Pts',(80.911446649994,6.52900000000003,-2.9856296174932));
#3330=CARTESIAN_POINT('Ctrl Pts',(80.701307255838,6.49817528636547,-3.));
#3331=CARTESIAN_POINT('Ctrl Pts',(80.5,6.43370470152202,-3.));
#3332=CARTESIAN_POINT('Ctrl Pts',(80.5,154.192525303747,-3.));
#3333=CARTESIAN_POINT('Ctrl Pts',(80.6372505842095,154.250315497037,-3.));
#3334=CARTESIAN_POINT('Ctrl Pts',(80.7755481887607,154.319622068693,-2.99352315212916));
#3335=CARTESIAN_POINT('Ctrl Pts',(81.1073159262433,154.516243539381,-2.96332175408818));
#3336=CARTESIAN_POINT('Ctrl Pts',(81.2930810468987,154.655865505337,-2.93245257561649));
#3337=CARTESIAN_POINT('Ctrl Pts',(81.7822980475712,155.099193095461,-2.82684799018015));
#3338=CARTESIAN_POINT('Ctrl Pts',(82.0684961190742,155.486389026299,-2.72295229387117));
#3339=CARTESIAN_POINT('Ctrl Pts',(82.4524225862382,156.348844157439,-2.55974844144077));
#3340=CARTESIAN_POINT('Ctrl Pts',(82.55,156.825200881315,-2.50593309979087));
#3341=CARTESIAN_POINT('Ctrl Pts',(82.55,157.28,-2.50593309979087));
#3342=CARTESIAN_POINT('Ctrl Pts',(82.55,157.734799118685,-2.50593309979087));
#3343=CARTESIAN_POINT('Ctrl Pts',(82.4524225862383,158.211155842561,-2.55974844144077));
#3344=CARTESIAN_POINT('Ctrl Pts',(82.0684961190743,159.073610973701,-2.72295229387117));
#3345=CARTESIAN_POINT('Ctrl Pts',(81.7822980475712,159.460806904539,-2.82684799018015));
#3346=CARTESIAN_POINT('Ctrl Pts',(81.2930810468987,159.904134494663,-2.93245257561649));
#3347=CARTESIAN_POINT('Ctrl Pts',(81.1073159262433,160.043756460619,-2.96332175408818));
#3348=CARTESIAN_POINT('Ctrl Pts',(80.7755481887607,160.240377931307,-2.99352315212916));
#3349=CARTESIAN_POINT('Ctrl Pts',(80.6372505842095,160.309684502963,-3.));
#3350=CARTESIAN_POINT('Ctrl Pts',(80.5,160.367474696253,-3.));
#3351=CARTESIAN_POINT('Origin',(81.,164.28,0.));
#3352=CARTESIAN_POINT('',(79.,164.28,0.));
#3353=CARTESIAN_POINT('',(79.,164.28,0.));
#3354=CARTESIAN_POINT('Origin',(81.,164.28,0.));
#3355=CARTESIAN_POINT('Origin',(79.2,157.28,0.));
#3356=CARTESIAN_POINT('',(75.85,157.28,0.));
#3357=CARTESIAN_POINT('',(75.85,157.28,0.));
#3358=CARTESIAN_POINT('Origin',(79.2,157.28,0.));
#3359=CARTESIAN_POINT('Origin',(81.11,4.52900000000001,0.));
#3360=CARTESIAN_POINT('',(79.11,4.52900000000001,0.));
#3361=CARTESIAN_POINT('',(79.11,4.52900000000001,0.));
#3362=CARTESIAN_POINT('Origin',(81.11,4.52900000000001,0.));
#3363=CARTESIAN_POINT('Origin',(4.5,126.405,1.5));
#3364=CARTESIAN_POINT('',(1.89,4.529,-2.16577413379494));
#3365=CARTESIAN_POINT('Ctrl Pts',(4.5,6.433704701522,-3.));
#3366=CARTESIAN_POINT('Ctrl Pts',(4.29869274416199,6.49817528636544,-3.));
#3367=CARTESIAN_POINT('Ctrl Pts',(4.088553350006,6.52900000000001,-2.9856296174932));
#3368=CARTESIAN_POINT('Ctrl Pts',(3.63095421663651,6.52900000000001,-2.92302162513153));
#3369=CARTESIAN_POINT('Ctrl Pts',(3.36057927176297,6.47589979567839,-2.86097522183649));
#3370=CARTESIAN_POINT('Ctrl Pts',(2.87027365661011,6.26993742286446,-2.70242506634927));
#3371=CARTESIAN_POINT('Ctrl Pts',(2.64995048340086,6.11737760814705,-2.606743788119));
#3372=CARTESIAN_POINT('Ctrl Pts',(2.30259249951804,5.77001962426423,-2.4317941930516));
#3373=CARTESIAN_POINT('Ctrl Pts',(2.14990229669327,5.55016123473078,-2.33955595745244));
#3374=CARTESIAN_POINT('Ctrl Pts',(1.94353214407243,5.06000962489805,-2.20535056370305));
#3375=CARTESIAN_POINT('Ctrl Pts',(1.89,4.78900276899735,-2.16577413379494));
#3376=CARTESIAN_POINT('Ctrl Pts',(1.89,4.529,-2.16577413379494));
#3377=CARTESIAN_POINT('Ctrl Pts',(1.89,4.529,-2.16577413379494));
#3378=CARTESIAN_POINT('Ctrl Pts',(1.89,4.27200900018623,-2.16577413379494));
#3379=CARTESIAN_POINT('Ctrl Pts',(1.94233147213184,4.00378985016393,-2.20444166945663));
#3380=CARTESIAN_POINT('Ctrl Pts',(2.14449814183491,3.51782071361231,-2.33616551815394));
#3381=CARTESIAN_POINT('Ctrl Pts',(2.2941745707064,3.29937935558012,-2.42690367285255));
#3382=CARTESIAN_POINT('Ctrl Pts',(2.63862768898755,2.94908075457612,-2.60166612850175));
#3383=CARTESIAN_POINT('Ctrl Pts',(2.86035344978951,2.7934883548174,-2.69870918195493));
#3384=CARTESIAN_POINT('Ctrl Pts',(3.35483278585434,2.58329474273285,-2.85960912819529));
#3385=CARTESIAN_POINT('Ctrl Pts',(3.62799259332209,2.529,-2.92261642049645));
#3386=CARTESIAN_POINT('Ctrl Pts',(4.08848261641236,2.529,-2.98561993983438));
#3387=CARTESIAN_POINT('Ctrl Pts',(4.29866735894638,2.5598165837751,-3.));
#3388=CARTESIAN_POINT('Ctrl Pts',(4.5,2.624295298478,-3.));
#3389=CARTESIAN_POINT('Origin',(4.5,2.18999999999999,1.5));
#3390=CARTESIAN_POINT('Origin',(4.5,167.81,1.5));
#3391=CARTESIAN_POINT('',(1.99999999999999,164.28,-2.24165738677393));
#3392=CARTESIAN_POINT('Ctrl Pts',(4.5,166.216491673104,-3.));
#3393=CARTESIAN_POINT('Ctrl Pts',(4.33326599459816,166.259542208182,-3.));
#3394=CARTESIAN_POINT('Ctrl Pts',(4.16283954992687,166.28,-2.99034197015268));
#3395=CARTESIAN_POINT('Ctrl Pts',(3.73942271166559,166.28,-2.94300252849416));
#3396=CARTESIAN_POINT('Ctrl Pts',(3.46703379948757,166.226239685179,-2.8874042109541));
#3397=CARTESIAN_POINT('Ctrl Pts',(2.97319678822717,166.017117395054,-2.74089692866364));
#3398=CARTESIAN_POINT('Ctrl Pts',(2.75136977295527,165.862037230792,-2.65086462853869));
#3399=CARTESIAN_POINT('Ctrl Pts',(2.40550490776095,165.51161993918,-2.48734185922599));
#3400=CARTESIAN_POINT('Ctrl Pts',(2.25503930882354,165.292293840272,-2.40182988962746));
#3401=CARTESIAN_POINT('Ctrl Pts',(2.05220659752823,164.805095896865,-2.27788748906454));
#3402=CARTESIAN_POINT('Ctrl Pts',(1.99999999999999,164.536600163108,-2.24165738677393));
#3403=CARTESIAN_POINT('Ctrl Pts',(1.99999999999999,164.28,-2.24165738677393));
#3404=CARTESIAN_POINT('Ctrl Pts',(1.99999999999999,164.28,-2.24165738677393));
#3405=CARTESIAN_POINT('Ctrl Pts',(1.99999999999999,164.023399836892,-2.24165738677394));
#3406=CARTESIAN_POINT('Ctrl Pts',(2.05220659752825,163.754904103135,-2.27788748906456));
#3407=CARTESIAN_POINT('Ctrl Pts',(2.25503930882357,163.267706159728,-2.40182988962748));
#3408=CARTESIAN_POINT('Ctrl Pts',(2.40550490776095,163.048380060819,-2.487341859226));
#3409=CARTESIAN_POINT('Ctrl Pts',(2.75136977295527,162.697962769208,-2.65086462853869));
#3410=CARTESIAN_POINT('Ctrl Pts',(2.97319678822716,162.542882604946,-2.74089692866363));
#3411=CARTESIAN_POINT('Ctrl Pts',(3.46703379948754,162.333760314821,-2.8874042109541));
#3412=CARTESIAN_POINT('Ctrl Pts',(3.73942271166559,162.28,-2.94300252849417));
#3413=CARTESIAN_POINT('Ctrl Pts',(4.16283954992686,162.28,-2.99034197015268));
#3414=CARTESIAN_POINT('Ctrl Pts',(4.33326599459815,162.300457791818,-3.));
#3415=CARTESIAN_POINT('Ctrl Pts',(4.49999999999999,162.343508326896,-3.));
#3416=CARTESIAN_POINT('',(2.45,157.28,-2.50593309979086));
#3417=CARTESIAN_POINT('Ctrl Pts',(4.5,160.367474696253,-3.));
#3418=CARTESIAN_POINT('Ctrl Pts',(4.36274941579048,160.309684502963,-3.));
#3419=CARTESIAN_POINT('Ctrl Pts',(4.22445181123934,160.240377931307,-2.99352315212915));
#3420=CARTESIAN_POINT('Ctrl Pts',(3.89268407375672,160.043756460619,-2.96332175408818));
#3421=CARTESIAN_POINT('Ctrl Pts',(3.70691895310127,159.904134494663,-2.93245257561649));
#3422=CARTESIAN_POINT('Ctrl Pts',(3.21770195242884,159.460806904539,-2.82684799018014));
#3423=CARTESIAN_POINT('Ctrl Pts',(2.93150388092574,159.073610973701,-2.72295229387116));
#3424=CARTESIAN_POINT('Ctrl Pts',(2.54757741376175,158.211155842561,-2.55974844144076));
#3425=CARTESIAN_POINT('Ctrl Pts',(2.45,157.734799118685,-2.50593309979086));
#3426=CARTESIAN_POINT('Ctrl Pts',(2.45,157.28,-2.50593309979086));
#3427=CARTESIAN_POINT('Ctrl Pts',(2.45,157.28,-2.50593309979086));
#3428=CARTESIAN_POINT('Ctrl Pts',(2.45,156.825200881315,-2.50593309979086));
#3429=CARTESIAN_POINT('Ctrl Pts',(2.54757741376175,156.348844157439,-2.55974844144076));
#3430=CARTESIAN_POINT('Ctrl Pts',(2.93150388092574,155.486389026299,-2.72295229387116));
#3431=CARTESIAN_POINT('Ctrl Pts',(3.21770195242884,155.099193095461,-2.82684799018014));
#3432=CARTESIAN_POINT('Ctrl Pts',(3.70691895310127,154.655865505337,-2.93245257561649));
#3433=CARTESIAN_POINT('Ctrl Pts',(3.89268407375671,154.516243539381,-2.96332175408818));
#3434=CARTESIAN_POINT('Ctrl Pts',(4.22445181123933,154.319622068693,-2.99352315212915));
#3435=CARTESIAN_POINT('Ctrl Pts',(4.36274941579047,154.250315497037,-3.));
#3436=CARTESIAN_POINT('Ctrl Pts',(4.49999999999999,154.192525303747,-3.));
#3437=CARTESIAN_POINT('Origin',(3.89,4.529,0.));
#3438=CARTESIAN_POINT('',(1.89,4.529,0.));
#3439=CARTESIAN_POINT('',(1.89,4.529,0.));
#3440=CARTESIAN_POINT('Origin',(3.89,4.529,0.));
#3441=CARTESIAN_POINT('Origin',(5.8,157.28,0.));
#3442=CARTESIAN_POINT('',(2.45,157.28,0.));
#3443=CARTESIAN_POINT('',(2.45,157.28,0.));
#3444=CARTESIAN_POINT('Origin',(5.8,157.28,0.));
#3445=CARTESIAN_POINT('Origin',(4.,164.28,0.));
#3446=CARTESIAN_POINT('',(1.99999999999999,164.28,0.));
#3447=CARTESIAN_POINT('',(1.99999999999999,164.28,0.));
#3448=CARTESIAN_POINT('Origin',(4.,164.28,0.));
#3449=CARTESIAN_POINT('Origin',(1.59,2.19,0.));
#3450=CARTESIAN_POINT('',(1.59,2.19,0.));
#3451=CARTESIAN_POINT('',(1.59,167.81,0.));
#3452=CARTESIAN_POINT('',(1.59,0.,0.));
#3453=CARTESIAN_POINT('',(1.59,167.81,0.));
#3454=CARTESIAN_POINT('',(1.59,2.19,0.));
#3455=CARTESIAN_POINT('Origin',(12.09,166.,0.));
#3456=CARTESIAN_POINT('Origin',(16.8,10.029,0.));
#3457=CARTESIAN_POINT('',(13.45,10.029,0.));
#3458=CARTESIAN_POINT('',(13.45,10.029,0.));
#3459=CARTESIAN_POINT('Origin',(16.8,10.029,0.));
#3460=CARTESIAN_POINT('Origin',(68.2,10.029,0.));
#3461=CARTESIAN_POINT('',(64.85,10.029,0.));
#3462=CARTESIAN_POINT('',(64.85,10.029,0.));
#3463=CARTESIAN_POINT('Origin',(68.2,10.029,0.));
#3464=CARTESIAN_POINT('Origin',(66.909999910593,166.,0.));
#3465=CARTESIAN_POINT('Origin',(42.5,85.,0.));
#3466=CARTESIAN_POINT('',(0.,2.19,0.));
#3467=CARTESIAN_POINT('',(0.,167.81,0.));
#3468=CARTESIAN_POINT('Origin',(85.,167.81,0.));
#3469=CARTESIAN_POINT('',(85.,167.81,0.));
#3470=CARTESIAN_POINT('Origin',(85.,2.19,0.));
#3471=CARTESIAN_POINT('',(85.,2.19,0.));
#3472=CARTESIAN_POINT('Origin',(83.41,2.19,0.));
#3473=CARTESIAN_POINT('Origin',(68.2,10.029,0.));
#3474=CARTESIAN_POINT('',(64.85,10.029,-0.5));
#3475=CARTESIAN_POINT('Origin',(68.2,10.029,-0.5));
#3476=CARTESIAN_POINT('',(64.85,10.029,0.));
#3477=CARTESIAN_POINT('',(64.85,10.029,0.));
#3478=CARTESIAN_POINT('Origin',(68.2,10.029,0.));
#3479=CARTESIAN_POINT('Origin',(68.2,10.029,0.));
#3480=CARTESIAN_POINT('Origin',(68.2,10.029,-0.5));
#3481=CARTESIAN_POINT('Origin',(5.8,157.28,0.));
#3482=CARTESIAN_POINT('',(2.45,157.28,-0.5));
#3483=CARTESIAN_POINT('Origin',(5.8,157.28,-0.5));
#3484=CARTESIAN_POINT('',(2.45,157.28,0.));
#3485=CARTESIAN_POINT('',(2.45,157.28,0.));
#3486=CARTESIAN_POINT('Origin',(5.8,157.28,0.));
#3487=CARTESIAN_POINT('Origin',(5.8,157.28,0.));
#3488=CARTESIAN_POINT('Origin',(5.8,157.28,-0.5));
#3489=CARTESIAN_POINT('Origin',(16.8,10.029,0.));
#3490=CARTESIAN_POINT('',(13.45,10.029,-0.5));
#3491=CARTESIAN_POINT('Origin',(16.8,10.029,-0.5));
#3492=CARTESIAN_POINT('',(13.45,10.029,0.));
#3493=CARTESIAN_POINT('',(13.45,10.029,0.));
#3494=CARTESIAN_POINT('Origin',(16.8,10.029,0.));
#3495=CARTESIAN_POINT('Origin',(16.8,10.029,0.));
#3496=CARTESIAN_POINT('Origin',(16.8,10.029,-0.5));
#3497=CARTESIAN_POINT('Origin',(79.2,157.28,0.));
#3498=CARTESIAN_POINT('',(75.85,157.28,-0.5));
#3499=CARTESIAN_POINT('Origin',(79.2,157.28,-0.5));
#3500=CARTESIAN_POINT('',(75.85,157.28,0.));
#3501=CARTESIAN_POINT('',(75.85,157.28,0.));
#3502=CARTESIAN_POINT('Origin',(79.2,157.28,0.));
#3503=CARTESIAN_POINT('Origin',(79.2,157.28,0.));
#3504=CARTESIAN_POINT('Origin',(79.2,157.28,-0.5));
#3505=CARTESIAN_POINT('Origin',(79.2,157.28,-3.1));
#3506=CARTESIAN_POINT('',(75.85,157.28,-3.1));
#3507=CARTESIAN_POINT('Origin',(79.2,157.28,-3.1));
#3508=CARTESIAN_POINT('Origin',(79.2,157.28,0.));
#3509=CARTESIAN_POINT('',(75.85,157.28,0.));
#3510=CARTESIAN_POINT('',(75.85,157.28,0.));
#3511=CARTESIAN_POINT('Origin',(79.2,157.28,0.));
#3512=CARTESIAN_POINT('Origin',(79.2,157.28,0.));
#3513=CARTESIAN_POINT('Origin',(68.2,10.029,-3.1));
#3514=CARTESIAN_POINT('',(64.85,10.029,-3.1));
#3515=CARTESIAN_POINT('Origin',(68.2,10.029,-3.1));
#3516=CARTESIAN_POINT('Origin',(68.2,10.029,0.));
#3517=CARTESIAN_POINT('',(64.85,10.029,0.));
#3518=CARTESIAN_POINT('',(64.85,10.029,0.));
#3519=CARTESIAN_POINT('Origin',(68.2,10.029,0.));
#3520=CARTESIAN_POINT('Origin',(68.2,10.029,0.));
#3521=CARTESIAN_POINT('Origin',(5.8,157.28,-3.1));
#3522=CARTESIAN_POINT('',(2.45,157.28,-3.1));
#3523=CARTESIAN_POINT('Origin',(5.8,157.28,-3.1));
#3524=CARTESIAN_POINT('Origin',(5.8,157.28,0.));
#3525=CARTESIAN_POINT('',(2.45,157.28,0.));
#3526=CARTESIAN_POINT('',(2.45,157.28,0.));
#3527=CARTESIAN_POINT('Origin',(5.8,157.28,0.));
#3528=CARTESIAN_POINT('Origin',(5.8,157.28,0.));
#3529=CARTESIAN_POINT('Origin',(16.8,10.029,-3.1));
#3530=CARTESIAN_POINT('',(13.45,10.029,-3.1));
#3531=CARTESIAN_POINT('Origin',(16.8,10.029,-3.1));
#3532=CARTESIAN_POINT('Origin',(16.8,10.029,0.));
#3533=CARTESIAN_POINT('',(13.45,10.029,0.));
#3534=CARTESIAN_POINT('',(13.45,10.029,0.));
#3535=CARTESIAN_POINT('Origin',(16.8,10.029,0.));
#3536=CARTESIAN_POINT('Origin',(16.8,10.029,0.));
#3537=UNCERTAINTY_MEASURE_WITH_UNIT(LENGTH_MEASURE(0.01),#3541,
'DISTANCE_ACCURACY_VALUE',
'Maximum model space distance between geometric entities at asserted c
onnectivities');
#3538=UNCERTAINTY_MEASURE_WITH_UNIT(LENGTH_MEASURE(0.01),#3541,
'DISTANCE_ACCURACY_VALUE',
'Maximum model space distance between geometric entities at asserted c
onnectivities');
#3539=(
GEOMETRIC_REPRESENTATION_CONTEXT(3)
GLOBAL_UNCERTAINTY_ASSIGNED_CONTEXT((#3537))
GLOBAL_UNIT_ASSIGNED_CONTEXT((#3541,#3543,#3544))
REPRESENTATION_CONTEXT('','3D')
);
#3540=(
GEOMETRIC_REPRESENTATION_CONTEXT(3)
GLOBAL_UNCERTAINTY_ASSIGNED_CONTEXT((#3538))
GLOBAL_UNIT_ASSIGNED_CONTEXT((#3541,#3543,#3544))
REPRESENTATION_CONTEXT('','3D')
);
#3541=(
LENGTH_UNIT()
NAMED_UNIT(*)
SI_UNIT(.MILLI.,.METRE.)
);
#3542=(
LENGTH_UNIT()
NAMED_UNIT(*)
SI_UNIT($,.METRE.)
);
#3543=(
NAMED_UNIT(*)
PLANE_ANGLE_UNIT()
SI_UNIT($,.RADIAN.)
);
#3544=(
NAMED_UNIT(*)
SI_UNIT($,.STERADIAN.)
SOLID_ANGLE_UNIT()
);
#3545=SHAPE_DEFINITION_REPRESENTATION(#3546,#3547);
#3546=PRODUCT_DEFINITION_SHAPE('',$,#3549);
#3547=SHAPE_REPRESENTATION('',(#2068),#3539);
#3548=PRODUCT_DEFINITION_CONTEXT('part definition',#3553,'design');
#3549=PRODUCT_DEFINITION('2026-04-23-13-22-06-541','Bottom_Calculator',
#3550,#3548);
#3550=PRODUCT_DEFINITION_FORMATION('',$,#3555);
#3551=PRODUCT_RELATED_PRODUCT_CATEGORY('Bottom_Calculator',
'Bottom_Calculator',(#3555));
#3552=APPLICATION_PROTOCOL_DEFINITION('international standard',
'automotive_design',2009,#3553);
#3553=APPLICATION_CONTEXT(
'Core Data for Automotive Mechanical Design Process');
#3554=PRODUCT_CONTEXT('part definition',#3553,'mechanical');
#3555=PRODUCT('2026-04-23-13-22-06-541','Bottom_Calculator',$,(#3554));
#3556=PRESENTATION_STYLE_ASSIGNMENT((#3557));
#3557=SURFACE_STYLE_USAGE(.BOTH.,#3558);
#3558=SURFACE_SIDE_STYLE('',(#3559));
#3559=SURFACE_STYLE_FILL_AREA(#3560);
#3560=FILL_AREA_STYLE('Steel - Satin',(#3561));
#3561=FILL_AREA_STYLE_COLOUR('Steel - Satin',#3562);
#3562=COLOUR_RGB('Steel - Satin',0.627450980392157,0.627450980392157,0.627450980392157);
ENDSEC;
END-ISO-10303-21;
