ISO-10303-21;
HEADER;
/* Generated by software containing ST-Developer
 * from STEP Tools, Inc. (www.steptools.com) 
 */

FILE_DESCRIPTION(
/* description */ (''),
/* implementation_level */ '2;1');

FILE_NAME(
/* name */ 'Buttons_Calculator.step',
/* time_stamp */ '2026-05-02T15:54:37+05:30',
/* author */ (''),
/* organization */ (''),
/* preprocessor_version */ 'ST-DEVELOPER v20.1',
/* originating_system */ 'Autodesk Translation Framework v15.8.0.0',
/* authorisation */ '');

FILE_SCHEMA (('AUTOMOTIVE_DESIGN { 1 0 10303 214 3 1 1 }'));
ENDSEC;

DATA;
#10=MECHANICAL_DESIGN_GEOMETRIC_PRESENTATION_REPRESENTATION('',(#93,#94,
#95,#96,#97,#98,#99,#100,#101,#102,#103,#104,#105,#106,#107,#108,#109,#110,
#111,#112,#113,#114,#115,#116,#117,#118,#119,#120,#121,#122,#123,#124,#125,
#126,#127,#128,#129,#130,#131,#132),#20232);
#11=SHAPE_REPRESENTATION_RELATIONSHIP('SRR','None',#20239,#12);
#12=ADVANCED_BREP_SHAPE_REPRESENTATION('',(#133,#134,#135,#136,#137,#138,
#139,#140,#141,#142,#143,#144,#145,#146,#147,#148,#149,#150,#151,#152,#153,
#154,#155,#156,#157,#158,#159,#160,#161,#162,#163,#164,#165,#166,#167,#168,
#169,#170,#171,#172),#20231);
#13=TOROIDAL_SURFACE('',#11866,0.8,0.6);
#14=TOROIDAL_SURFACE('',#11873,0.8,0.6);
#15=TOROIDAL_SURFACE('',#11879,0.8,0.6);
#16=TOROIDAL_SURFACE('',#11885,0.8,0.6);
#17=TOROIDAL_SURFACE('',#11904,0.8,0.6);
#18=TOROIDAL_SURFACE('',#11911,0.8,0.6);
#19=TOROIDAL_SURFACE('',#11917,0.8,0.6);
#20=TOROIDAL_SURFACE('',#11923,0.8,0.6);
#21=TOROIDAL_SURFACE('',#11942,0.8,0.6);
#22=TOROIDAL_SURFACE('',#11949,0.8,0.6);
#23=TOROIDAL_SURFACE('',#11955,0.8,0.6);
#24=TOROIDAL_SURFACE('',#11961,0.8,0.6);
#25=TOROIDAL_SURFACE('',#11980,0.8,0.6);
#26=TOROIDAL_SURFACE('',#11987,0.8,0.6);
#27=TOROIDAL_SURFACE('',#11993,0.8,0.6);
#28=TOROIDAL_SURFACE('',#11999,0.8,0.6);
#29=TOROIDAL_SURFACE('',#12018,0.8,0.6);
#30=TOROIDAL_SURFACE('',#12025,0.8,0.6);
#31=TOROIDAL_SURFACE('',#12031,0.8,0.6);
#32=TOROIDAL_SURFACE('',#12037,0.8,0.6);
#33=TOROIDAL_SURFACE('',#12056,0.8,0.6);
#34=TOROIDAL_SURFACE('',#12063,0.8,0.6);
#35=TOROIDAL_SURFACE('',#12069,0.8,0.6);
#36=TOROIDAL_SURFACE('',#12075,0.8,0.6);
#37=TOROIDAL_SURFACE('',#12094,0.8,0.6);
#38=TOROIDAL_SURFACE('',#12101,0.8,0.6);
#39=TOROIDAL_SURFACE('',#12107,0.8,0.6);
#40=TOROIDAL_SURFACE('',#12113,0.8,0.6);
#41=TOROIDAL_SURFACE('',#12132,0.8,0.6);
#42=TOROIDAL_SURFACE('',#12139,0.8,0.6);
#43=TOROIDAL_SURFACE('',#12145,0.8,0.6);
#44=TOROIDAL_SURFACE('',#12151,0.8,0.6);
#45=TOROIDAL_SURFACE('',#12170,0.8,0.6);
#46=TOROIDAL_SURFACE('',#12177,0.8,0.6);
#47=TOROIDAL_SURFACE('',#12183,0.8,0.6);
#48=TOROIDAL_SURFACE('',#12189,0.8,0.6);
#49=TOROIDAL_SURFACE('',#12208,0.8,0.6);
#50=TOROIDAL_SURFACE('',#12215,0.8,0.6);
#51=TOROIDAL_SURFACE('',#12221,0.8,0.6);
#52=TOROIDAL_SURFACE('',#12227,0.8,0.6);
#53=TOROIDAL_SURFACE('',#12246,0.8,0.6);
#54=TOROIDAL_SURFACE('',#12253,0.8,0.6);
#55=TOROIDAL_SURFACE('',#12259,0.8,0.6);
#56=TOROIDAL_SURFACE('',#12265,0.8,0.6);
#57=TOROIDAL_SURFACE('',#12284,0.8,0.6);
#58=TOROIDAL_SURFACE('',#12291,0.8,0.6);
#59=TOROIDAL_SURFACE('',#12297,0.8,0.6);
#60=TOROIDAL_SURFACE('',#12303,0.8,0.6);
#61=TOROIDAL_SURFACE('',#12322,0.8,0.6);
#62=TOROIDAL_SURFACE('',#12329,0.8,0.6);
#63=TOROIDAL_SURFACE('',#12335,0.8,0.6);
#64=TOROIDAL_SURFACE('',#12341,0.8,0.6);
#65=TOROIDAL_SURFACE('',#12360,0.8,0.6);
#66=TOROIDAL_SURFACE('',#12367,0.8,0.6);
#67=TOROIDAL_SURFACE('',#12373,0.8,0.6);
#68=TOROIDAL_SURFACE('',#12379,0.8,0.6);
#69=TOROIDAL_SURFACE('',#12398,0.8,0.6);
#70=TOROIDAL_SURFACE('',#12405,0.8,0.6);
#71=TOROIDAL_SURFACE('',#12411,0.8,0.6);
#72=TOROIDAL_SURFACE('',#12417,0.8,0.6);
#73=TOROIDAL_SURFACE('',#12436,0.8,0.6);
#74=TOROIDAL_SURFACE('',#12443,0.8,0.6);
#75=TOROIDAL_SURFACE('',#12449,0.8,0.6);
#76=TOROIDAL_SURFACE('',#12455,0.8,0.6);
#77=TOROIDAL_SURFACE('',#12474,0.8,0.6);
#78=TOROIDAL_SURFACE('',#12481,0.8,0.6);
#79=TOROIDAL_SURFACE('',#12487,0.8,0.6);
#80=TOROIDAL_SURFACE('',#12493,0.8,0.6);
#81=TOROIDAL_SURFACE('',#12512,0.8,0.6);
#82=TOROIDAL_SURFACE('',#12519,0.8,0.6);
#83=TOROIDAL_SURFACE('',#12525,0.8,0.6);
#84=TOROIDAL_SURFACE('',#12531,0.8,0.6);
#85=TOROIDAL_SURFACE('',#12550,0.8,0.6);
#86=TOROIDAL_SURFACE('',#12557,0.8,0.6);
#87=TOROIDAL_SURFACE('',#12563,0.8,0.6);
#88=TOROIDAL_SURFACE('',#12569,0.8,0.6);
#89=TOROIDAL_SURFACE('',#12588,0.8,0.6);
#90=TOROIDAL_SURFACE('',#12595,0.8,0.6);
#91=TOROIDAL_SURFACE('',#12601,0.8,0.6);
#92=TOROIDAL_SURFACE('',#12607,0.8,0.6);
#93=STYLED_ITEM('',(#20248),#133);
#94=STYLED_ITEM('',(#20248),#134);
#95=STYLED_ITEM('',(#20248),#135);
#96=STYLED_ITEM('',(#20248),#136);
#97=STYLED_ITEM('',(#20248),#137);
#98=STYLED_ITEM('',(#20248),#138);
#99=STYLED_ITEM('',(#20248),#139);
#100=STYLED_ITEM('',(#20248),#140);
#101=STYLED_ITEM('',(#20248),#141);
#102=STYLED_ITEM('',(#20248),#142);
#103=STYLED_ITEM('',(#20248),#143);
#104=STYLED_ITEM('',(#20248),#144);
#105=STYLED_ITEM('',(#20248),#145);
#106=STYLED_ITEM('',(#20248),#146);
#107=STYLED_ITEM('',(#20248),#147);
#108=STYLED_ITEM('',(#20248),#148);
#109=STYLED_ITEM('',(#20248),#149);
#110=STYLED_ITEM('',(#20248),#150);
#111=STYLED_ITEM('',(#20248),#151);
#112=STYLED_ITEM('',(#20248),#152);
#113=STYLED_ITEM('',(#20248),#153);
#114=STYLED_ITEM('',(#20248),#154);
#115=STYLED_ITEM('',(#20248),#155);
#116=STYLED_ITEM('',(#20248),#156);
#117=STYLED_ITEM('',(#20248),#157);
#118=STYLED_ITEM('',(#20248),#158);
#119=STYLED_ITEM('',(#20248),#159);
#120=STYLED_ITEM('',(#20248),#160);
#121=STYLED_ITEM('',(#20248),#161);
#122=STYLED_ITEM('',(#20248),#162);
#123=STYLED_ITEM('',(#20248),#163);
#124=STYLED_ITEM('',(#20248),#164);
#125=STYLED_ITEM('',(#20248),#165);
#126=STYLED_ITEM('',(#20248),#166);
#127=STYLED_ITEM('',(#20248),#167);
#128=STYLED_ITEM('',(#20248),#168);
#129=STYLED_ITEM('',(#20248),#169);
#130=STYLED_ITEM('',(#20248),#170);
#131=STYLED_ITEM('',(#20248),#171);
#132=STYLED_ITEM('',(#20248),#172);
#133=MANIFOLD_SOLID_BREP('Body42',#11133);
#134=MANIFOLD_SOLID_BREP('Body43',#11134);
#135=MANIFOLD_SOLID_BREP('Body44',#11135);
#136=MANIFOLD_SOLID_BREP('Body45',#11136);
#137=MANIFOLD_SOLID_BREP('Body46',#11137);
#138=MANIFOLD_SOLID_BREP('Body47',#11138);
#139=MANIFOLD_SOLID_BREP('Body48',#11139);
#140=MANIFOLD_SOLID_BREP('Body49',#11140);
#141=MANIFOLD_SOLID_BREP('Body50',#11141);
#142=MANIFOLD_SOLID_BREP('Body51',#11142);
#143=MANIFOLD_SOLID_BREP('Body52',#11143);
#144=MANIFOLD_SOLID_BREP('Body53',#11144);
#145=MANIFOLD_SOLID_BREP('Body54',#11145);
#146=MANIFOLD_SOLID_BREP('Body55',#11146);
#147=MANIFOLD_SOLID_BREP('Body56',#11147);
#148=MANIFOLD_SOLID_BREP('Body57',#11148);
#149=MANIFOLD_SOLID_BREP('Body58',#11149);
#150=MANIFOLD_SOLID_BREP('Body59',#11150);
#151=MANIFOLD_SOLID_BREP('Body60',#11151);
#152=MANIFOLD_SOLID_BREP('Body61',#11152);
#153=MANIFOLD_SOLID_BREP('Body62',#11153);
#154=MANIFOLD_SOLID_BREP('Body63',#11154);
#155=MANIFOLD_SOLID_BREP('Body64',#11155);
#156=MANIFOLD_SOLID_BREP('Body65',#11156);
#157=MANIFOLD_SOLID_BREP('Body66',#11157);
#158=MANIFOLD_SOLID_BREP('Body67',#11158);
#159=MANIFOLD_SOLID_BREP('Body68',#11159);
#160=MANIFOLD_SOLID_BREP('Body69',#11160);
#161=MANIFOLD_SOLID_BREP('Body70',#11161);
#162=MANIFOLD_SOLID_BREP('Body71',#11162);
#163=MANIFOLD_SOLID_BREP('Body72',#11163);
#164=MANIFOLD_SOLID_BREP('Body73',#11164);
#165=MANIFOLD_SOLID_BREP('Body74',#11165);
#166=MANIFOLD_SOLID_BREP('Body75',#11166);
#167=MANIFOLD_SOLID_BREP('Body76',#11167);
#168=MANIFOLD_SOLID_BREP('Body77',#11168);
#169=MANIFOLD_SOLID_BREP('Body78',#11169);
#170=MANIFOLD_SOLID_BREP('Body79',#11170);
#171=MANIFOLD_SOLID_BREP('Body80',#11171);
#172=MANIFOLD_SOLID_BREP('Body81',#11172);
#173=PLANE('',#11206);
#174=PLANE('',#11209);
#175=PLANE('',#11212);
#176=PLANE('',#11215);
#177=PLANE('',#11218);
#178=PLANE('',#11219);
#179=PLANE('',#11240);
#180=PLANE('',#11243);
#181=PLANE('',#11246);
#182=PLANE('',#11251);
#183=PLANE('',#11252);
#184=PLANE('',#11253);
#185=PLANE('',#11274);
#186=PLANE('',#11277);
#187=PLANE('',#11280);
#188=PLANE('',#11285);
#189=PLANE('',#11286);
#190=PLANE('',#11287);
#191=PLANE('',#11308);
#192=PLANE('',#11311);
#193=PLANE('',#11314);
#194=PLANE('',#11317);
#195=PLANE('',#11318);
#196=PLANE('',#11321);
#197=PLANE('',#11342);
#198=PLANE('',#11345);
#199=PLANE('',#11348);
#200=PLANE('',#11349);
#201=PLANE('',#11352);
#202=PLANE('',#11355);
#203=PLANE('',#11376);
#204=PLANE('',#11379);
#205=PLANE('',#11382);
#206=PLANE('',#11383);
#207=PLANE('',#11387);
#208=PLANE('',#11389);
#209=PLANE('',#11410);
#210=PLANE('',#11413);
#211=PLANE('',#11416);
#212=PLANE('',#11419);
#213=PLANE('',#11422);
#214=PLANE('',#11423);
#215=PLANE('',#11444);
#216=PLANE('',#11447);
#217=PLANE('',#11450);
#218=PLANE('',#11453);
#219=PLANE('',#11456);
#220=PLANE('',#11457);
#221=PLANE('',#11478);
#222=PLANE('',#11481);
#223=PLANE('',#11484);
#224=PLANE('',#11487);
#225=PLANE('',#11490);
#226=PLANE('',#11491);
#227=PLANE('',#11512);
#228=PLANE('',#11515);
#229=PLANE('',#11518);
#230=PLANE('',#11521);
#231=PLANE('',#11522);
#232=PLANE('',#11525);
#233=PLANE('',#11546);
#234=PLANE('',#11549);
#235=PLANE('',#11552);
#236=PLANE('',#11553);
#237=PLANE('',#11556);
#238=PLANE('',#11559);
#239=PLANE('',#11580);
#240=PLANE('',#11583);
#241=PLANE('',#11586);
#242=PLANE('',#11589);
#243=PLANE('',#11592);
#244=PLANE('',#11593);
#245=PLANE('',#11614);
#246=PLANE('',#11617);
#247=PLANE('',#11620);
#248=PLANE('',#11623);
#249=PLANE('',#11626);
#250=PLANE('',#11627);
#251=PLANE('',#11648);
#252=PLANE('',#11651);
#253=PLANE('',#11654);
#254=PLANE('',#11655);
#255=PLANE('',#11658);
#256=PLANE('',#11661);
#257=PLANE('',#11682);
#258=PLANE('',#11685);
#259=PLANE('',#11688);
#260=PLANE('',#11691);
#261=PLANE('',#11694);
#262=PLANE('',#11695);
#263=PLANE('',#11716);
#264=PLANE('',#11719);
#265=PLANE('',#11722);
#266=PLANE('',#11725);
#267=PLANE('',#11726);
#268=PLANE('',#11729);
#269=PLANE('',#11750);
#270=PLANE('',#11753);
#271=PLANE('',#11756);
#272=PLANE('',#11759);
#273=PLANE('',#11762);
#274=PLANE('',#11763);
#275=PLANE('',#11784);
#276=PLANE('',#11787);
#277=PLANE('',#11790);
#278=PLANE('',#11793);
#279=PLANE('',#11796);
#280=PLANE('',#11797);
#281=PLANE('',#11818);
#282=PLANE('',#11821);
#283=PLANE('',#11824);
#284=PLANE('',#11829);
#285=PLANE('',#11830);
#286=PLANE('',#11831);
#287=PLANE('',#11852);
#288=PLANE('',#11855);
#289=PLANE('',#11858);
#290=PLANE('',#11859);
#291=PLANE('',#11862);
#292=PLANE('',#11865);
#293=PLANE('',#11890);
#294=PLANE('',#11893);
#295=PLANE('',#11896);
#296=PLANE('',#11897);
#297=PLANE('',#11900);
#298=PLANE('',#11903);
#299=PLANE('',#11928);
#300=PLANE('',#11931);
#301=PLANE('',#11934);
#302=PLANE('',#11935);
#303=PLANE('',#11938);
#304=PLANE('',#11941);
#305=PLANE('',#11966);
#306=PLANE('',#11969);
#307=PLANE('',#11972);
#308=PLANE('',#11973);
#309=PLANE('',#11976);
#310=PLANE('',#11979);
#311=PLANE('',#12004);
#312=PLANE('',#12007);
#313=PLANE('',#12010);
#314=PLANE('',#12011);
#315=PLANE('',#12014);
#316=PLANE('',#12017);
#317=PLANE('',#12042);
#318=PLANE('',#12045);
#319=PLANE('',#12048);
#320=PLANE('',#12049);
#321=PLANE('',#12052);
#322=PLANE('',#12055);
#323=PLANE('',#12080);
#324=PLANE('',#12083);
#325=PLANE('',#12086);
#326=PLANE('',#12087);
#327=PLANE('',#12091);
#328=PLANE('',#12093);
#329=PLANE('',#12118);
#330=PLANE('',#12121);
#331=PLANE('',#12124);
#332=PLANE('',#12125);
#333=PLANE('',#12128);
#334=PLANE('',#12131);
#335=PLANE('',#12156);
#336=PLANE('',#12159);
#337=PLANE('',#12162);
#338=PLANE('',#12163);
#339=PLANE('',#12166);
#340=PLANE('',#12169);
#341=PLANE('',#12194);
#342=PLANE('',#12197);
#343=PLANE('',#12200);
#344=PLANE('',#12201);
#345=PLANE('',#12204);
#346=PLANE('',#12207);
#347=PLANE('',#12232);
#348=PLANE('',#12235);
#349=PLANE('',#12238);
#350=PLANE('',#12241);
#351=PLANE('',#12242);
#352=PLANE('',#12245);
#353=PLANE('',#12270);
#354=PLANE('',#12273);
#355=PLANE('',#12276);
#356=PLANE('',#12277);
#357=PLANE('',#12280);
#358=PLANE('',#12283);
#359=PLANE('',#12308);
#360=PLANE('',#12311);
#361=PLANE('',#12314);
#362=PLANE('',#12315);
#363=PLANE('',#12318);
#364=PLANE('',#12321);
#365=PLANE('',#12346);
#366=PLANE('',#12349);
#367=PLANE('',#12352);
#368=PLANE('',#12355);
#369=PLANE('',#12356);
#370=PLANE('',#12359);
#371=PLANE('',#12384);
#372=PLANE('',#12387);
#373=PLANE('',#12390);
#374=PLANE('',#12393);
#375=PLANE('',#12394);
#376=PLANE('',#12397);
#377=PLANE('',#12422);
#378=PLANE('',#12425);
#379=PLANE('',#12428);
#380=PLANE('',#12429);
#381=PLANE('',#12433);
#382=PLANE('',#12435);
#383=PLANE('',#12460);
#384=PLANE('',#12463);
#385=PLANE('',#12466);
#386=PLANE('',#12467);
#387=PLANE('',#12470);
#388=PLANE('',#12473);
#389=PLANE('',#12498);
#390=PLANE('',#12501);
#391=PLANE('',#12504);
#392=PLANE('',#12505);
#393=PLANE('',#12508);
#394=PLANE('',#12511);
#395=PLANE('',#12536);
#396=PLANE('',#12539);
#397=PLANE('',#12542);
#398=PLANE('',#12543);
#399=PLANE('',#12546);
#400=PLANE('',#12549);
#401=PLANE('',#12574);
#402=PLANE('',#12577);
#403=PLANE('',#12580);
#404=PLANE('',#12583);
#405=PLANE('',#12584);
#406=PLANE('',#12587);
#407=PLANE('',#12612);
#408=PLANE('',#12615);
#409=PLANE('',#12618);
#410=PLANE('',#12619);
#411=PLANE('',#12622);
#412=PLANE('',#12625);
#413=LINE('',#16330,#1213);
#414=LINE('',#16331,#1214);
#415=LINE('',#16350,#1215);
#416=LINE('',#16351,#1216);
#417=LINE('',#16370,#1217);
#418=LINE('',#16371,#1218);
#419=LINE('',#16387,#1219);
#420=LINE('',#16388,#1220);
#421=LINE('',#16391,#1221);
#422=LINE('',#16393,#1222);
#423=LINE('',#16394,#1223);
#424=LINE('',#16397,#1224);
#425=LINE('',#16401,#1225);
#426=LINE('',#16402,#1226);
#427=LINE('',#16405,#1227);
#428=LINE('',#16410,#1228);
#429=LINE('',#16413,#1229);
#430=LINE('',#16416,#1230);
#431=LINE('',#16417,#1231);
#432=LINE('',#16421,#1232);
#433=LINE('',#16444,#1233);
#434=LINE('',#16445,#1234);
#435=LINE('',#16464,#1235);
#436=LINE('',#16465,#1236);
#437=LINE('',#16484,#1237);
#438=LINE('',#16485,#1238);
#439=LINE('',#16501,#1239);
#440=LINE('',#16502,#1240);
#441=LINE('',#16505,#1241);
#442=LINE('',#16507,#1242);
#443=LINE('',#16508,#1243);
#444=LINE('',#16511,#1244);
#445=LINE('',#16515,#1245);
#446=LINE('',#16516,#1246);
#447=LINE('',#16519,#1247);
#448=LINE('',#16525,#1248);
#449=LINE('',#16528,#1249);
#450=LINE('',#16531,#1250);
#451=LINE('',#16533,#1251);
#452=LINE('',#16535,#1252);
#453=LINE('',#16558,#1253);
#454=LINE('',#16559,#1254);
#455=LINE('',#16578,#1255);
#456=LINE('',#16579,#1256);
#457=LINE('',#16598,#1257);
#458=LINE('',#16599,#1258);
#459=LINE('',#16615,#1259);
#460=LINE('',#16616,#1260);
#461=LINE('',#16619,#1261);
#462=LINE('',#16621,#1262);
#463=LINE('',#16622,#1263);
#464=LINE('',#16625,#1264);
#465=LINE('',#16629,#1265);
#466=LINE('',#16630,#1266);
#467=LINE('',#16633,#1267);
#468=LINE('',#16639,#1268);
#469=LINE('',#16642,#1269);
#470=LINE('',#16645,#1270);
#471=LINE('',#16647,#1271);
#472=LINE('',#16649,#1272);
#473=LINE('',#16672,#1273);
#474=LINE('',#16673,#1274);
#475=LINE('',#16692,#1275);
#476=LINE('',#16693,#1276);
#477=LINE('',#16712,#1277);
#478=LINE('',#16713,#1278);
#479=LINE('',#16729,#1279);
#480=LINE('',#16730,#1280);
#481=LINE('',#16733,#1281);
#482=LINE('',#16735,#1282);
#483=LINE('',#16736,#1283);
#484=LINE('',#16739,#1284);
#485=LINE('',#16743,#1285);
#486=LINE('',#16744,#1286);
#487=LINE('',#16747,#1287);
#488=LINE('',#16752,#1288);
#489=LINE('',#16755,#1289);
#490=LINE('',#16757,#1290);
#491=LINE('',#16760,#1291);
#492=LINE('',#16763,#1292);
#493=LINE('',#16786,#1293);
#494=LINE('',#16787,#1294);
#495=LINE('',#16806,#1295);
#496=LINE('',#16807,#1296);
#497=LINE('',#16826,#1297);
#498=LINE('',#16827,#1298);
#499=LINE('',#16843,#1299);
#500=LINE('',#16844,#1300);
#501=LINE('',#16847,#1301);
#502=LINE('',#16849,#1302);
#503=LINE('',#16850,#1303);
#504=LINE('',#16853,#1304);
#505=LINE('',#16857,#1305);
#506=LINE('',#16858,#1306);
#507=LINE('',#16861,#1307);
#508=LINE('',#16866,#1308);
#509=LINE('',#16870,#1309);
#510=LINE('',#16873,#1310);
#511=LINE('',#16875,#1311);
#512=LINE('',#16877,#1312);
#513=LINE('',#16900,#1313);
#514=LINE('',#16901,#1314);
#515=LINE('',#16920,#1315);
#516=LINE('',#16921,#1316);
#517=LINE('',#16940,#1317);
#518=LINE('',#16941,#1318);
#519=LINE('',#16957,#1319);
#520=LINE('',#16958,#1320);
#521=LINE('',#16961,#1321);
#522=LINE('',#16963,#1322);
#523=LINE('',#16964,#1323);
#524=LINE('',#16967,#1324);
#525=LINE('',#16971,#1325);
#526=LINE('',#16972,#1326);
#527=LINE('',#16975,#1327);
#528=LINE('',#16980,#1328);
#529=LINE('',#16984,#1329);
#530=LINE('',#16987,#1330);
#531=LINE('',#16988,#1331);
#532=LINE('',#16990,#1332);
#533=LINE('',#17014,#1333);
#534=LINE('',#17015,#1334);
#535=LINE('',#17034,#1335);
#536=LINE('',#17035,#1336);
#537=LINE('',#17054,#1337);
#538=LINE('',#17055,#1338);
#539=LINE('',#17071,#1339);
#540=LINE('',#17072,#1340);
#541=LINE('',#17075,#1341);
#542=LINE('',#17077,#1342);
#543=LINE('',#17078,#1343);
#544=LINE('',#17081,#1344);
#545=LINE('',#17085,#1345);
#546=LINE('',#17086,#1346);
#547=LINE('',#17089,#1347);
#548=LINE('',#17095,#1348);
#549=LINE('',#17098,#1349);
#550=LINE('',#17101,#1350);
#551=LINE('',#17103,#1351);
#552=LINE('',#17104,#1352);
#553=LINE('',#17128,#1353);
#554=LINE('',#17129,#1354);
#555=LINE('',#17148,#1355);
#556=LINE('',#17149,#1356);
#557=LINE('',#17168,#1357);
#558=LINE('',#17169,#1358);
#559=LINE('',#17185,#1359);
#560=LINE('',#17186,#1360);
#561=LINE('',#17189,#1361);
#562=LINE('',#17191,#1362);
#563=LINE('',#17192,#1363);
#564=LINE('',#17195,#1364);
#565=LINE('',#17199,#1365);
#566=LINE('',#17200,#1366);
#567=LINE('',#17203,#1367);
#568=LINE('',#17208,#1368);
#569=LINE('',#17211,#1369);
#570=LINE('',#17214,#1370);
#571=LINE('',#17215,#1371);
#572=LINE('',#17219,#1372);
#573=LINE('',#17242,#1373);
#574=LINE('',#17243,#1374);
#575=LINE('',#17262,#1375);
#576=LINE('',#17263,#1376);
#577=LINE('',#17282,#1377);
#578=LINE('',#17283,#1378);
#579=LINE('',#17299,#1379);
#580=LINE('',#17300,#1380);
#581=LINE('',#17303,#1381);
#582=LINE('',#17305,#1382);
#583=LINE('',#17306,#1383);
#584=LINE('',#17309,#1384);
#585=LINE('',#17313,#1385);
#586=LINE('',#17314,#1386);
#587=LINE('',#17317,#1387);
#588=LINE('',#17323,#1388);
#589=LINE('',#17326,#1389);
#590=LINE('',#17329,#1390);
#591=LINE('',#17331,#1391);
#592=LINE('',#17332,#1392);
#593=LINE('',#17356,#1393);
#594=LINE('',#17357,#1394);
#595=LINE('',#17376,#1395);
#596=LINE('',#17377,#1396);
#597=LINE('',#17396,#1397);
#598=LINE('',#17397,#1398);
#599=LINE('',#17413,#1399);
#600=LINE('',#17414,#1400);
#601=LINE('',#17417,#1401);
#602=LINE('',#17419,#1402);
#603=LINE('',#17420,#1403);
#604=LINE('',#17423,#1404);
#605=LINE('',#17427,#1405);
#606=LINE('',#17428,#1406);
#607=LINE('',#17431,#1407);
#608=LINE('',#17436,#1408);
#609=LINE('',#17439,#1409);
#610=LINE('',#17441,#1410);
#611=LINE('',#17444,#1411);
#612=LINE('',#17447,#1412);
#613=LINE('',#17470,#1413);
#614=LINE('',#17471,#1414);
#615=LINE('',#17490,#1415);
#616=LINE('',#17491,#1416);
#617=LINE('',#17510,#1417);
#618=LINE('',#17511,#1418);
#619=LINE('',#17527,#1419);
#620=LINE('',#17528,#1420);
#621=LINE('',#17531,#1421);
#622=LINE('',#17533,#1422);
#623=LINE('',#17534,#1423);
#624=LINE('',#17537,#1424);
#625=LINE('',#17541,#1425);
#626=LINE('',#17542,#1426);
#627=LINE('',#17545,#1427);
#628=LINE('',#17550,#1428);
#629=LINE('',#17551,#1429);
#630=LINE('',#17554,#1430);
#631=LINE('',#17558,#1431);
#632=LINE('',#17559,#1432);
#633=LINE('',#17584,#1433);
#634=LINE('',#17585,#1434);
#635=LINE('',#17604,#1435);
#636=LINE('',#17605,#1436);
#637=LINE('',#17624,#1437);
#638=LINE('',#17625,#1438);
#639=LINE('',#17641,#1439);
#640=LINE('',#17642,#1440);
#641=LINE('',#17645,#1441);
#642=LINE('',#17647,#1442);
#643=LINE('',#17648,#1443);
#644=LINE('',#17651,#1444);
#645=LINE('',#17655,#1445);
#646=LINE('',#17656,#1446);
#647=LINE('',#17659,#1447);
#648=LINE('',#17665,#1448);
#649=LINE('',#17668,#1449);
#650=LINE('',#17671,#1450);
#651=LINE('',#17673,#1451);
#652=LINE('',#17674,#1452);
#653=LINE('',#17698,#1453);
#654=LINE('',#17699,#1454);
#655=LINE('',#17718,#1455);
#656=LINE('',#17719,#1456);
#657=LINE('',#17738,#1457);
#658=LINE('',#17739,#1458);
#659=LINE('',#17755,#1459);
#660=LINE('',#17756,#1460);
#661=LINE('',#17759,#1461);
#662=LINE('',#17761,#1462);
#663=LINE('',#17762,#1463);
#664=LINE('',#17765,#1464);
#665=LINE('',#17769,#1465);
#666=LINE('',#17770,#1466);
#667=LINE('',#17773,#1467);
#668=LINE('',#17779,#1468);
#669=LINE('',#17782,#1469);
#670=LINE('',#17785,#1470);
#671=LINE('',#17787,#1471);
#672=LINE('',#17788,#1472);
#673=LINE('',#17812,#1473);
#674=LINE('',#17813,#1474);
#675=LINE('',#17832,#1475);
#676=LINE('',#17833,#1476);
#677=LINE('',#17852,#1477);
#678=LINE('',#17853,#1478);
#679=LINE('',#17869,#1479);
#680=LINE('',#17870,#1480);
#681=LINE('',#17873,#1481);
#682=LINE('',#17875,#1482);
#683=LINE('',#17876,#1483);
#684=LINE('',#17879,#1484);
#685=LINE('',#17883,#1485);
#686=LINE('',#17884,#1486);
#687=LINE('',#17887,#1487);
#688=LINE('',#17892,#1488);
#689=LINE('',#17893,#1489);
#690=LINE('',#17896,#1490);
#691=LINE('',#17900,#1491);
#692=LINE('',#17901,#1492);
#693=LINE('',#17926,#1493);
#694=LINE('',#17927,#1494);
#695=LINE('',#17946,#1495);
#696=LINE('',#17947,#1496);
#697=LINE('',#17966,#1497);
#698=LINE('',#17967,#1498);
#699=LINE('',#17983,#1499);
#700=LINE('',#17984,#1500);
#701=LINE('',#17987,#1501);
#702=LINE('',#17989,#1502);
#703=LINE('',#17990,#1503);
#704=LINE('',#17993,#1504);
#705=LINE('',#17997,#1505);
#706=LINE('',#17998,#1506);
#707=LINE('',#18001,#1507);
#708=LINE('',#18007,#1508);
#709=LINE('',#18010,#1509);
#710=LINE('',#18013,#1510);
#711=LINE('',#18015,#1511);
#712=LINE('',#18016,#1512);
#713=LINE('',#18040,#1513);
#714=LINE('',#18041,#1514);
#715=LINE('',#18060,#1515);
#716=LINE('',#18061,#1516);
#717=LINE('',#18080,#1517);
#718=LINE('',#18081,#1518);
#719=LINE('',#18097,#1519);
#720=LINE('',#18098,#1520);
#721=LINE('',#18101,#1521);
#722=LINE('',#18103,#1522);
#723=LINE('',#18104,#1523);
#724=LINE('',#18107,#1524);
#725=LINE('',#18111,#1525);
#726=LINE('',#18112,#1526);
#727=LINE('',#18115,#1527);
#728=LINE('',#18120,#1528);
#729=LINE('',#18123,#1529);
#730=LINE('',#18125,#1530);
#731=LINE('',#18128,#1531);
#732=LINE('',#18131,#1532);
#733=LINE('',#18154,#1533);
#734=LINE('',#18155,#1534);
#735=LINE('',#18174,#1535);
#736=LINE('',#18175,#1536);
#737=LINE('',#18194,#1537);
#738=LINE('',#18195,#1538);
#739=LINE('',#18211,#1539);
#740=LINE('',#18212,#1540);
#741=LINE('',#18215,#1541);
#742=LINE('',#18217,#1542);
#743=LINE('',#18218,#1543);
#744=LINE('',#18221,#1544);
#745=LINE('',#18225,#1545);
#746=LINE('',#18226,#1546);
#747=LINE('',#18229,#1547);
#748=LINE('',#18235,#1548);
#749=LINE('',#18238,#1549);
#750=LINE('',#18241,#1550);
#751=LINE('',#18243,#1551);
#752=LINE('',#18244,#1552);
#753=LINE('',#18268,#1553);
#754=LINE('',#18269,#1554);
#755=LINE('',#18288,#1555);
#756=LINE('',#18289,#1556);
#757=LINE('',#18308,#1557);
#758=LINE('',#18309,#1558);
#759=LINE('',#18325,#1559);
#760=LINE('',#18326,#1560);
#761=LINE('',#18329,#1561);
#762=LINE('',#18331,#1562);
#763=LINE('',#18332,#1563);
#764=LINE('',#18335,#1564);
#765=LINE('',#18339,#1565);
#766=LINE('',#18340,#1566);
#767=LINE('',#18343,#1567);
#768=LINE('',#18349,#1568);
#769=LINE('',#18352,#1569);
#770=LINE('',#18355,#1570);
#771=LINE('',#18357,#1571);
#772=LINE('',#18358,#1572);
#773=LINE('',#18382,#1573);
#774=LINE('',#18383,#1574);
#775=LINE('',#18402,#1575);
#776=LINE('',#18403,#1576);
#777=LINE('',#18422,#1577);
#778=LINE('',#18423,#1578);
#779=LINE('',#18439,#1579);
#780=LINE('',#18440,#1580);
#781=LINE('',#18443,#1581);
#782=LINE('',#18445,#1582);
#783=LINE('',#18446,#1583);
#784=LINE('',#18449,#1584);
#785=LINE('',#18453,#1585);
#786=LINE('',#18454,#1586);
#787=LINE('',#18457,#1587);
#788=LINE('',#18463,#1588);
#789=LINE('',#18466,#1589);
#790=LINE('',#18469,#1590);
#791=LINE('',#18471,#1591);
#792=LINE('',#18473,#1592);
#793=LINE('',#18496,#1593);
#794=LINE('',#18497,#1594);
#795=LINE('',#18516,#1595);
#796=LINE('',#18517,#1596);
#797=LINE('',#18536,#1597);
#798=LINE('',#18537,#1598);
#799=LINE('',#18553,#1599);
#800=LINE('',#18554,#1600);
#801=LINE('',#18557,#1601);
#802=LINE('',#18559,#1602);
#803=LINE('',#18560,#1603);
#804=LINE('',#18563,#1604);
#805=LINE('',#18567,#1605);
#806=LINE('',#18568,#1606);
#807=LINE('',#18571,#1607);
#808=LINE('',#18576,#1608);
#809=LINE('',#18577,#1609);
#810=LINE('',#18580,#1610);
#811=LINE('',#18584,#1611);
#812=LINE('',#18585,#1612);
#813=LINE('',#18602,#1613);
#814=LINE('',#18603,#1614);
#815=LINE('',#18614,#1615);
#816=LINE('',#18615,#1616);
#817=LINE('',#18626,#1617);
#818=LINE('',#18627,#1618);
#819=LINE('',#18635,#1619);
#820=LINE('',#18636,#1620);
#821=LINE('',#18639,#1621);
#822=LINE('',#18641,#1622);
#823=LINE('',#18642,#1623);
#824=LINE('',#18645,#1624);
#825=LINE('',#18649,#1625);
#826=LINE('',#18650,#1626);
#827=LINE('',#18653,#1627);
#828=LINE('',#18658,#1628);
#829=LINE('',#18662,#1629);
#830=LINE('',#18665,#1630);
#831=LINE('',#18667,#1631);
#832=LINE('',#18669,#1632);
#833=LINE('',#18684,#1633);
#834=LINE('',#18685,#1634);
#835=LINE('',#18696,#1635);
#836=LINE('',#18697,#1636);
#837=LINE('',#18708,#1637);
#838=LINE('',#18709,#1638);
#839=LINE('',#18717,#1639);
#840=LINE('',#18718,#1640);
#841=LINE('',#18721,#1641);
#842=LINE('',#18723,#1642);
#843=LINE('',#18724,#1643);
#844=LINE('',#18727,#1644);
#845=LINE('',#18731,#1645);
#846=LINE('',#18732,#1646);
#847=LINE('',#18735,#1647);
#848=LINE('',#18740,#1648);
#849=LINE('',#18744,#1649);
#850=LINE('',#18747,#1650);
#851=LINE('',#18749,#1651);
#852=LINE('',#18751,#1652);
#853=LINE('',#18766,#1653);
#854=LINE('',#18767,#1654);
#855=LINE('',#18778,#1655);
#856=LINE('',#18779,#1656);
#857=LINE('',#18790,#1657);
#858=LINE('',#18791,#1658);
#859=LINE('',#18799,#1659);
#860=LINE('',#18800,#1660);
#861=LINE('',#18803,#1661);
#862=LINE('',#18805,#1662);
#863=LINE('',#18806,#1663);
#864=LINE('',#18809,#1664);
#865=LINE('',#18813,#1665);
#866=LINE('',#18814,#1666);
#867=LINE('',#18817,#1667);
#868=LINE('',#18822,#1668);
#869=LINE('',#18826,#1669);
#870=LINE('',#18829,#1670);
#871=LINE('',#18831,#1671);
#872=LINE('',#18833,#1672);
#873=LINE('',#18848,#1673);
#874=LINE('',#18849,#1674);
#875=LINE('',#18860,#1675);
#876=LINE('',#18861,#1676);
#877=LINE('',#18872,#1677);
#878=LINE('',#18873,#1678);
#879=LINE('',#18881,#1679);
#880=LINE('',#18882,#1680);
#881=LINE('',#18885,#1681);
#882=LINE('',#18887,#1682);
#883=LINE('',#18888,#1683);
#884=LINE('',#18891,#1684);
#885=LINE('',#18895,#1685);
#886=LINE('',#18896,#1686);
#887=LINE('',#18899,#1687);
#888=LINE('',#18904,#1688);
#889=LINE('',#18908,#1689);
#890=LINE('',#18911,#1690);
#891=LINE('',#18913,#1691);
#892=LINE('',#18915,#1692);
#893=LINE('',#18930,#1693);
#894=LINE('',#18931,#1694);
#895=LINE('',#18942,#1695);
#896=LINE('',#18943,#1696);
#897=LINE('',#18954,#1697);
#898=LINE('',#18955,#1698);
#899=LINE('',#18963,#1699);
#900=LINE('',#18964,#1700);
#901=LINE('',#18967,#1701);
#902=LINE('',#18969,#1702);
#903=LINE('',#18970,#1703);
#904=LINE('',#18973,#1704);
#905=LINE('',#18977,#1705);
#906=LINE('',#18978,#1706);
#907=LINE('',#18981,#1707);
#908=LINE('',#18986,#1708);
#909=LINE('',#18987,#1709);
#910=LINE('',#18990,#1710);
#911=LINE('',#18994,#1711);
#912=LINE('',#18995,#1712);
#913=LINE('',#19012,#1713);
#914=LINE('',#19013,#1714);
#915=LINE('',#19024,#1715);
#916=LINE('',#19025,#1716);
#917=LINE('',#19036,#1717);
#918=LINE('',#19037,#1718);
#919=LINE('',#19045,#1719);
#920=LINE('',#19046,#1720);
#921=LINE('',#19049,#1721);
#922=LINE('',#19051,#1722);
#923=LINE('',#19052,#1723);
#924=LINE('',#19055,#1724);
#925=LINE('',#19059,#1725);
#926=LINE('',#19060,#1726);
#927=LINE('',#19063,#1727);
#928=LINE('',#19068,#1728);
#929=LINE('',#19072,#1729);
#930=LINE('',#19075,#1730);
#931=LINE('',#19076,#1731);
#932=LINE('',#19078,#1732);
#933=LINE('',#19094,#1733);
#934=LINE('',#19095,#1734);
#935=LINE('',#19106,#1735);
#936=LINE('',#19107,#1736);
#937=LINE('',#19118,#1737);
#938=LINE('',#19119,#1738);
#939=LINE('',#19127,#1739);
#940=LINE('',#19128,#1740);
#941=LINE('',#19131,#1741);
#942=LINE('',#19133,#1742);
#943=LINE('',#19134,#1743);
#944=LINE('',#19137,#1744);
#945=LINE('',#19141,#1745);
#946=LINE('',#19142,#1746);
#947=LINE('',#19145,#1747);
#948=LINE('',#19150,#1748);
#949=LINE('',#19154,#1749);
#950=LINE('',#19157,#1750);
#951=LINE('',#19159,#1751);
#952=LINE('',#19161,#1752);
#953=LINE('',#19176,#1753);
#954=LINE('',#19177,#1754);
#955=LINE('',#19188,#1755);
#956=LINE('',#19189,#1756);
#957=LINE('',#19200,#1757);
#958=LINE('',#19201,#1758);
#959=LINE('',#19209,#1759);
#960=LINE('',#19210,#1760);
#961=LINE('',#19213,#1761);
#962=LINE('',#19215,#1762);
#963=LINE('',#19216,#1763);
#964=LINE('',#19219,#1764);
#965=LINE('',#19223,#1765);
#966=LINE('',#19224,#1766);
#967=LINE('',#19227,#1767);
#968=LINE('',#19232,#1768);
#969=LINE('',#19233,#1769);
#970=LINE('',#19236,#1770);
#971=LINE('',#19240,#1771);
#972=LINE('',#19241,#1772);
#973=LINE('',#19258,#1773);
#974=LINE('',#19259,#1774);
#975=LINE('',#19270,#1775);
#976=LINE('',#19271,#1776);
#977=LINE('',#19282,#1777);
#978=LINE('',#19283,#1778);
#979=LINE('',#19291,#1779);
#980=LINE('',#19292,#1780);
#981=LINE('',#19295,#1781);
#982=LINE('',#19297,#1782);
#983=LINE('',#19298,#1783);
#984=LINE('',#19301,#1784);
#985=LINE('',#19305,#1785);
#986=LINE('',#19306,#1786);
#987=LINE('',#19309,#1787);
#988=LINE('',#19314,#1788);
#989=LINE('',#19318,#1789);
#990=LINE('',#19321,#1790);
#991=LINE('',#19323,#1791);
#992=LINE('',#19325,#1792);
#993=LINE('',#19340,#1793);
#994=LINE('',#19341,#1794);
#995=LINE('',#19352,#1795);
#996=LINE('',#19353,#1796);
#997=LINE('',#19364,#1797);
#998=LINE('',#19365,#1798);
#999=LINE('',#19373,#1799);
#1000=LINE('',#19374,#1800);
#1001=LINE('',#19377,#1801);
#1002=LINE('',#19379,#1802);
#1003=LINE('',#19380,#1803);
#1004=LINE('',#19383,#1804);
#1005=LINE('',#19387,#1805);
#1006=LINE('',#19388,#1806);
#1007=LINE('',#19391,#1807);
#1008=LINE('',#19396,#1808);
#1009=LINE('',#19399,#1809);
#1010=LINE('',#19401,#1810);
#1011=LINE('',#19404,#1811);
#1012=LINE('',#19407,#1812);
#1013=LINE('',#19422,#1813);
#1014=LINE('',#19423,#1814);
#1015=LINE('',#19434,#1815);
#1016=LINE('',#19435,#1816);
#1017=LINE('',#19446,#1817);
#1018=LINE('',#19447,#1818);
#1019=LINE('',#19455,#1819);
#1020=LINE('',#19456,#1820);
#1021=LINE('',#19459,#1821);
#1022=LINE('',#19461,#1822);
#1023=LINE('',#19462,#1823);
#1024=LINE('',#19465,#1824);
#1025=LINE('',#19469,#1825);
#1026=LINE('',#19470,#1826);
#1027=LINE('',#19473,#1827);
#1028=LINE('',#19478,#1828);
#1029=LINE('',#19482,#1829);
#1030=LINE('',#19485,#1830);
#1031=LINE('',#19487,#1831);
#1032=LINE('',#19489,#1832);
#1033=LINE('',#19504,#1833);
#1034=LINE('',#19505,#1834);
#1035=LINE('',#19516,#1835);
#1036=LINE('',#19517,#1836);
#1037=LINE('',#19528,#1837);
#1038=LINE('',#19529,#1838);
#1039=LINE('',#19537,#1839);
#1040=LINE('',#19538,#1840);
#1041=LINE('',#19541,#1841);
#1042=LINE('',#19543,#1842);
#1043=LINE('',#19544,#1843);
#1044=LINE('',#19547,#1844);
#1045=LINE('',#19551,#1845);
#1046=LINE('',#19552,#1846);
#1047=LINE('',#19555,#1847);
#1048=LINE('',#19560,#1848);
#1049=LINE('',#19564,#1849);
#1050=LINE('',#19567,#1850);
#1051=LINE('',#19569,#1851);
#1052=LINE('',#19571,#1852);
#1053=LINE('',#19586,#1853);
#1054=LINE('',#19587,#1854);
#1055=LINE('',#19598,#1855);
#1056=LINE('',#19599,#1856);
#1057=LINE('',#19610,#1857);
#1058=LINE('',#19611,#1858);
#1059=LINE('',#19619,#1859);
#1060=LINE('',#19620,#1860);
#1061=LINE('',#19623,#1861);
#1062=LINE('',#19625,#1862);
#1063=LINE('',#19626,#1863);
#1064=LINE('',#19629,#1864);
#1065=LINE('',#19633,#1865);
#1066=LINE('',#19634,#1866);
#1067=LINE('',#19637,#1867);
#1068=LINE('',#19642,#1868);
#1069=LINE('',#19645,#1869);
#1070=LINE('',#19647,#1870);
#1071=LINE('',#19650,#1871);
#1072=LINE('',#19653,#1872);
#1073=LINE('',#19668,#1873);
#1074=LINE('',#19669,#1874);
#1075=LINE('',#19680,#1875);
#1076=LINE('',#19681,#1876);
#1077=LINE('',#19692,#1877);
#1078=LINE('',#19693,#1878);
#1079=LINE('',#19701,#1879);
#1080=LINE('',#19702,#1880);
#1081=LINE('',#19705,#1881);
#1082=LINE('',#19707,#1882);
#1083=LINE('',#19708,#1883);
#1084=LINE('',#19711,#1884);
#1085=LINE('',#19715,#1885);
#1086=LINE('',#19716,#1886);
#1087=LINE('',#19719,#1887);
#1088=LINE('',#19724,#1888);
#1089=LINE('',#19727,#1889);
#1090=LINE('',#19729,#1890);
#1091=LINE('',#19732,#1891);
#1092=LINE('',#19735,#1892);
#1093=LINE('',#19750,#1893);
#1094=LINE('',#19751,#1894);
#1095=LINE('',#19762,#1895);
#1096=LINE('',#19763,#1896);
#1097=LINE('',#19774,#1897);
#1098=LINE('',#19775,#1898);
#1099=LINE('',#19783,#1899);
#1100=LINE('',#19784,#1900);
#1101=LINE('',#19787,#1901);
#1102=LINE('',#19789,#1902);
#1103=LINE('',#19790,#1903);
#1104=LINE('',#19793,#1904);
#1105=LINE('',#19797,#1905);
#1106=LINE('',#19798,#1906);
#1107=LINE('',#19801,#1907);
#1108=LINE('',#19806,#1908);
#1109=LINE('',#19810,#1909);
#1110=LINE('',#19813,#1910);
#1111=LINE('',#19814,#1911);
#1112=LINE('',#19816,#1912);
#1113=LINE('',#19832,#1913);
#1114=LINE('',#19833,#1914);
#1115=LINE('',#19844,#1915);
#1116=LINE('',#19845,#1916);
#1117=LINE('',#19856,#1917);
#1118=LINE('',#19857,#1918);
#1119=LINE('',#19865,#1919);
#1120=LINE('',#19866,#1920);
#1121=LINE('',#19869,#1921);
#1122=LINE('',#19871,#1922);
#1123=LINE('',#19872,#1923);
#1124=LINE('',#19875,#1924);
#1125=LINE('',#19879,#1925);
#1126=LINE('',#19880,#1926);
#1127=LINE('',#19883,#1927);
#1128=LINE('',#19888,#1928);
#1129=LINE('',#19892,#1929);
#1130=LINE('',#19895,#1930);
#1131=LINE('',#19897,#1931);
#1132=LINE('',#19899,#1932);
#1133=LINE('',#19914,#1933);
#1134=LINE('',#19915,#1934);
#1135=LINE('',#19926,#1935);
#1136=LINE('',#19927,#1936);
#1137=LINE('',#19938,#1937);
#1138=LINE('',#19939,#1938);
#1139=LINE('',#19947,#1939);
#1140=LINE('',#19948,#1940);
#1141=LINE('',#19951,#1941);
#1142=LINE('',#19953,#1942);
#1143=LINE('',#19954,#1943);
#1144=LINE('',#19957,#1944);
#1145=LINE('',#19961,#1945);
#1146=LINE('',#19962,#1946);
#1147=LINE('',#19965,#1947);
#1148=LINE('',#19970,#1948);
#1149=LINE('',#19974,#1949);
#1150=LINE('',#19977,#1950);
#1151=LINE('',#19979,#1951);
#1152=LINE('',#19981,#1952);
#1153=LINE('',#19996,#1953);
#1154=LINE('',#19997,#1954);
#1155=LINE('',#20008,#1955);
#1156=LINE('',#20009,#1956);
#1157=LINE('',#20020,#1957);
#1158=LINE('',#20021,#1958);
#1159=LINE('',#20029,#1959);
#1160=LINE('',#20030,#1960);
#1161=LINE('',#20033,#1961);
#1162=LINE('',#20035,#1962);
#1163=LINE('',#20036,#1963);
#1164=LINE('',#20039,#1964);
#1165=LINE('',#20043,#1965);
#1166=LINE('',#20044,#1966);
#1167=LINE('',#20047,#1967);
#1168=LINE('',#20052,#1968);
#1169=LINE('',#20053,#1969);
#1170=LINE('',#20056,#1970);
#1171=LINE('',#20060,#1971);
#1172=LINE('',#20061,#1972);
#1173=LINE('',#20078,#1973);
#1174=LINE('',#20079,#1974);
#1175=LINE('',#20090,#1975);
#1176=LINE('',#20091,#1976);
#1177=LINE('',#20102,#1977);
#1178=LINE('',#20103,#1978);
#1179=LINE('',#20111,#1979);
#1180=LINE('',#20112,#1980);
#1181=LINE('',#20115,#1981);
#1182=LINE('',#20117,#1982);
#1183=LINE('',#20118,#1983);
#1184=LINE('',#20121,#1984);
#1185=LINE('',#20125,#1985);
#1186=LINE('',#20126,#1986);
#1187=LINE('',#20129,#1987);
#1188=LINE('',#20134,#1988);
#1189=LINE('',#20137,#1989);
#1190=LINE('',#20139,#1990);
#1191=LINE('',#20142,#1991);
#1192=LINE('',#20145,#1992);
#1193=LINE('',#20160,#1993);
#1194=LINE('',#20161,#1994);
#1195=LINE('',#20172,#1995);
#1196=LINE('',#20173,#1996);
#1197=LINE('',#20184,#1997);
#1198=LINE('',#20185,#1998);
#1199=LINE('',#20193,#1999);
#1200=LINE('',#20194,#2000);
#1201=LINE('',#20197,#2001);
#1202=LINE('',#20199,#2002);
#1203=LINE('',#20200,#2003);
#1204=LINE('',#20203,#2004);
#1205=LINE('',#20207,#2005);
#1206=LINE('',#20208,#2006);
#1207=LINE('',#20211,#2007);
#1208=LINE('',#20216,#2008);
#1209=LINE('',#20220,#2009);
#1210=LINE('',#20223,#2010);
#1211=LINE('',#20225,#2011);
#1212=LINE('',#20227,#2012);
#1213=VECTOR('',#12640,10.);
#1214=VECTOR('',#12641,10.);
#1215=VECTOR('',#12652,10.);
#1216=VECTOR('',#12653,10.);
#1217=VECTOR('',#12664,10.);
#1218=VECTOR('',#12665,10.);
#1219=VECTOR('',#12674,10.);
#1220=VECTOR('',#12675,10.);
#1221=VECTOR('',#12678,10.);
#1222=VECTOR('',#12679,10.);
#1223=VECTOR('',#12680,10.);
#1224=VECTOR('',#12683,10.);
#1225=VECTOR('',#12688,10.);
#1226=VECTOR('',#12689,10.);
#1227=VECTOR('',#12692,10.);
#1228=VECTOR('',#12699,10.);
#1229=VECTOR('',#12702,10.);
#1230=VECTOR('',#12705,10.);
#1231=VECTOR('',#12706,10.);
#1232=VECTOR('',#12713,10.);
#1233=VECTOR('',#12728,10.);
#1234=VECTOR('',#12729,10.);
#1235=VECTOR('',#12740,10.);
#1236=VECTOR('',#12741,10.);
#1237=VECTOR('',#12752,10.);
#1238=VECTOR('',#12753,10.);
#1239=VECTOR('',#12762,10.);
#1240=VECTOR('',#12763,10.);
#1241=VECTOR('',#12766,10.);
#1242=VECTOR('',#12767,10.);
#1243=VECTOR('',#12768,10.);
#1244=VECTOR('',#12771,10.);
#1245=VECTOR('',#12776,10.);
#1246=VECTOR('',#12777,10.);
#1247=VECTOR('',#12780,10.);
#1248=VECTOR('',#12789,10.);
#1249=VECTOR('',#12792,10.);
#1250=VECTOR('',#12795,10.);
#1251=VECTOR('',#12798,10.);
#1252=VECTOR('',#12801,10.);
#1253=VECTOR('',#12816,10.);
#1254=VECTOR('',#12817,10.);
#1255=VECTOR('',#12828,10.);
#1256=VECTOR('',#12829,10.);
#1257=VECTOR('',#12840,10.);
#1258=VECTOR('',#12841,10.);
#1259=VECTOR('',#12850,10.);
#1260=VECTOR('',#12851,10.);
#1261=VECTOR('',#12854,10.);
#1262=VECTOR('',#12855,10.);
#1263=VECTOR('',#12856,10.);
#1264=VECTOR('',#12859,10.);
#1265=VECTOR('',#12864,10.);
#1266=VECTOR('',#12865,10.);
#1267=VECTOR('',#12868,10.);
#1268=VECTOR('',#12877,10.);
#1269=VECTOR('',#12880,10.);
#1270=VECTOR('',#12883,10.);
#1271=VECTOR('',#12886,10.);
#1272=VECTOR('',#12889,10.);
#1273=VECTOR('',#12904,10.);
#1274=VECTOR('',#12905,10.);
#1275=VECTOR('',#12916,10.);
#1276=VECTOR('',#12917,10.);
#1277=VECTOR('',#12928,10.);
#1278=VECTOR('',#12929,10.);
#1279=VECTOR('',#12938,10.);
#1280=VECTOR('',#12939,10.);
#1281=VECTOR('',#12942,10.);
#1282=VECTOR('',#12943,10.);
#1283=VECTOR('',#12944,10.);
#1284=VECTOR('',#12947,10.);
#1285=VECTOR('',#12952,10.);
#1286=VECTOR('',#12953,10.);
#1287=VECTOR('',#12956,10.);
#1288=VECTOR('',#12963,10.);
#1289=VECTOR('',#12966,10.);
#1290=VECTOR('',#12969,10.);
#1291=VECTOR('',#12972,10.);
#1292=VECTOR('',#12977,10.);
#1293=VECTOR('',#12992,10.);
#1294=VECTOR('',#12993,10.);
#1295=VECTOR('',#13004,10.);
#1296=VECTOR('',#13005,10.);
#1297=VECTOR('',#13016,10.);
#1298=VECTOR('',#13017,10.);
#1299=VECTOR('',#13026,10.);
#1300=VECTOR('',#13027,10.);
#1301=VECTOR('',#13030,10.);
#1302=VECTOR('',#13031,10.);
#1303=VECTOR('',#13032,10.);
#1304=VECTOR('',#13035,10.);
#1305=VECTOR('',#13040,10.);
#1306=VECTOR('',#13041,10.);
#1307=VECTOR('',#13044,10.);
#1308=VECTOR('',#13051,10.);
#1309=VECTOR('',#13054,10.);
#1310=VECTOR('',#13059,10.);
#1311=VECTOR('',#13062,10.);
#1312=VECTOR('',#13065,10.);
#1313=VECTOR('',#13080,10.);
#1314=VECTOR('',#13081,10.);
#1315=VECTOR('',#13092,10.);
#1316=VECTOR('',#13093,10.);
#1317=VECTOR('',#13104,10.);
#1318=VECTOR('',#13105,10.);
#1319=VECTOR('',#13114,10.);
#1320=VECTOR('',#13115,10.);
#1321=VECTOR('',#13118,10.);
#1322=VECTOR('',#13119,10.);
#1323=VECTOR('',#13120,10.);
#1324=VECTOR('',#13123,10.);
#1325=VECTOR('',#13128,10.);
#1326=VECTOR('',#13129,10.);
#1327=VECTOR('',#13132,10.);
#1328=VECTOR('',#13139,10.);
#1329=VECTOR('',#13142,10.);
#1330=VECTOR('',#13147,10.);
#1331=VECTOR('',#13148,10.);
#1332=VECTOR('',#13151,10.);
#1333=VECTOR('',#13168,10.);
#1334=VECTOR('',#13169,10.);
#1335=VECTOR('',#13180,10.);
#1336=VECTOR('',#13181,10.);
#1337=VECTOR('',#13192,10.);
#1338=VECTOR('',#13193,10.);
#1339=VECTOR('',#13202,10.);
#1340=VECTOR('',#13203,10.);
#1341=VECTOR('',#13206,10.);
#1342=VECTOR('',#13207,10.);
#1343=VECTOR('',#13208,10.);
#1344=VECTOR('',#13211,10.);
#1345=VECTOR('',#13216,10.);
#1346=VECTOR('',#13217,10.);
#1347=VECTOR('',#13220,10.);
#1348=VECTOR('',#13229,10.);
#1349=VECTOR('',#13232,10.);
#1350=VECTOR('',#13235,10.);
#1351=VECTOR('',#13238,10.);
#1352=VECTOR('',#13239,10.);
#1353=VECTOR('',#13256,10.);
#1354=VECTOR('',#13257,10.);
#1355=VECTOR('',#13268,10.);
#1356=VECTOR('',#13269,10.);
#1357=VECTOR('',#13280,10.);
#1358=VECTOR('',#13281,10.);
#1359=VECTOR('',#13290,10.);
#1360=VECTOR('',#13291,10.);
#1361=VECTOR('',#13294,10.);
#1362=VECTOR('',#13295,10.);
#1363=VECTOR('',#13296,10.);
#1364=VECTOR('',#13299,10.);
#1365=VECTOR('',#13304,10.);
#1366=VECTOR('',#13305,10.);
#1367=VECTOR('',#13308,10.);
#1368=VECTOR('',#13315,10.);
#1369=VECTOR('',#13318,10.);
#1370=VECTOR('',#13321,10.);
#1371=VECTOR('',#13322,10.);
#1372=VECTOR('',#13329,10.);
#1373=VECTOR('',#13344,10.);
#1374=VECTOR('',#13345,10.);
#1375=VECTOR('',#13356,10.);
#1376=VECTOR('',#13357,10.);
#1377=VECTOR('',#13368,10.);
#1378=VECTOR('',#13369,10.);
#1379=VECTOR('',#13378,10.);
#1380=VECTOR('',#13379,10.);
#1381=VECTOR('',#13382,10.);
#1382=VECTOR('',#13383,10.);
#1383=VECTOR('',#13384,10.);
#1384=VECTOR('',#13387,10.);
#1385=VECTOR('',#13392,10.);
#1386=VECTOR('',#13393,10.);
#1387=VECTOR('',#13396,10.);
#1388=VECTOR('',#13405,10.);
#1389=VECTOR('',#13408,10.);
#1390=VECTOR('',#13411,10.);
#1391=VECTOR('',#13414,10.);
#1392=VECTOR('',#13415,10.);
#1393=VECTOR('',#13432,10.);
#1394=VECTOR('',#13433,10.);
#1395=VECTOR('',#13444,10.);
#1396=VECTOR('',#13445,10.);
#1397=VECTOR('',#13456,10.);
#1398=VECTOR('',#13457,10.);
#1399=VECTOR('',#13466,10.);
#1400=VECTOR('',#13467,10.);
#1401=VECTOR('',#13470,10.);
#1402=VECTOR('',#13471,10.);
#1403=VECTOR('',#13472,10.);
#1404=VECTOR('',#13475,10.);
#1405=VECTOR('',#13480,10.);
#1406=VECTOR('',#13481,10.);
#1407=VECTOR('',#13484,10.);
#1408=VECTOR('',#13491,10.);
#1409=VECTOR('',#13494,10.);
#1410=VECTOR('',#13497,10.);
#1411=VECTOR('',#13500,10.);
#1412=VECTOR('',#13505,10.);
#1413=VECTOR('',#13520,10.);
#1414=VECTOR('',#13521,10.);
#1415=VECTOR('',#13532,10.);
#1416=VECTOR('',#13533,10.);
#1417=VECTOR('',#13544,10.);
#1418=VECTOR('',#13545,10.);
#1419=VECTOR('',#13554,10.);
#1420=VECTOR('',#13555,10.);
#1421=VECTOR('',#13558,10.);
#1422=VECTOR('',#13559,10.);
#1423=VECTOR('',#13560,10.);
#1424=VECTOR('',#13563,10.);
#1425=VECTOR('',#13568,10.);
#1426=VECTOR('',#13569,10.);
#1427=VECTOR('',#13572,10.);
#1428=VECTOR('',#13579,10.);
#1429=VECTOR('',#13580,10.);
#1430=VECTOR('',#13583,10.);
#1431=VECTOR('',#13588,10.);
#1432=VECTOR('',#13589,10.);
#1433=VECTOR('',#13608,10.);
#1434=VECTOR('',#13609,10.);
#1435=VECTOR('',#13620,10.);
#1436=VECTOR('',#13621,10.);
#1437=VECTOR('',#13632,10.);
#1438=VECTOR('',#13633,10.);
#1439=VECTOR('',#13642,10.);
#1440=VECTOR('',#13643,10.);
#1441=VECTOR('',#13646,10.);
#1442=VECTOR('',#13647,10.);
#1443=VECTOR('',#13648,10.);
#1444=VECTOR('',#13651,10.);
#1445=VECTOR('',#13656,10.);
#1446=VECTOR('',#13657,10.);
#1447=VECTOR('',#13660,10.);
#1448=VECTOR('',#13669,10.);
#1449=VECTOR('',#13672,10.);
#1450=VECTOR('',#13675,10.);
#1451=VECTOR('',#13678,10.);
#1452=VECTOR('',#13679,10.);
#1453=VECTOR('',#13696,10.);
#1454=VECTOR('',#13697,10.);
#1455=VECTOR('',#13708,10.);
#1456=VECTOR('',#13709,10.);
#1457=VECTOR('',#13720,10.);
#1458=VECTOR('',#13721,10.);
#1459=VECTOR('',#13730,10.);
#1460=VECTOR('',#13731,10.);
#1461=VECTOR('',#13734,10.);
#1462=VECTOR('',#13735,10.);
#1463=VECTOR('',#13736,10.);
#1464=VECTOR('',#13739,10.);
#1465=VECTOR('',#13744,10.);
#1466=VECTOR('',#13745,10.);
#1467=VECTOR('',#13748,10.);
#1468=VECTOR('',#13757,10.);
#1469=VECTOR('',#13760,10.);
#1470=VECTOR('',#13763,10.);
#1471=VECTOR('',#13766,10.);
#1472=VECTOR('',#13767,10.);
#1473=VECTOR('',#13784,10.);
#1474=VECTOR('',#13785,10.);
#1475=VECTOR('',#13796,10.);
#1476=VECTOR('',#13797,10.);
#1477=VECTOR('',#13808,10.);
#1478=VECTOR('',#13809,10.);
#1479=VECTOR('',#13818,10.);
#1480=VECTOR('',#13819,10.);
#1481=VECTOR('',#13822,10.);
#1482=VECTOR('',#13823,10.);
#1483=VECTOR('',#13824,10.);
#1484=VECTOR('',#13827,10.);
#1485=VECTOR('',#13832,10.);
#1486=VECTOR('',#13833,10.);
#1487=VECTOR('',#13836,10.);
#1488=VECTOR('',#13843,10.);
#1489=VECTOR('',#13844,10.);
#1490=VECTOR('',#13847,10.);
#1491=VECTOR('',#13852,10.);
#1492=VECTOR('',#13853,10.);
#1493=VECTOR('',#13872,10.);
#1494=VECTOR('',#13873,10.);
#1495=VECTOR('',#13884,10.);
#1496=VECTOR('',#13885,10.);
#1497=VECTOR('',#13896,10.);
#1498=VECTOR('',#13897,10.);
#1499=VECTOR('',#13906,10.);
#1500=VECTOR('',#13907,10.);
#1501=VECTOR('',#13910,10.);
#1502=VECTOR('',#13911,10.);
#1503=VECTOR('',#13912,10.);
#1504=VECTOR('',#13915,10.);
#1505=VECTOR('',#13920,10.);
#1506=VECTOR('',#13921,10.);
#1507=VECTOR('',#13924,10.);
#1508=VECTOR('',#13933,10.);
#1509=VECTOR('',#13936,10.);
#1510=VECTOR('',#13939,10.);
#1511=VECTOR('',#13942,10.);
#1512=VECTOR('',#13943,10.);
#1513=VECTOR('',#13960,10.);
#1514=VECTOR('',#13961,10.);
#1515=VECTOR('',#13972,10.);
#1516=VECTOR('',#13973,10.);
#1517=VECTOR('',#13984,10.);
#1518=VECTOR('',#13985,10.);
#1519=VECTOR('',#13994,10.);
#1520=VECTOR('',#13995,10.);
#1521=VECTOR('',#13998,10.);
#1522=VECTOR('',#13999,10.);
#1523=VECTOR('',#14000,10.);
#1524=VECTOR('',#14003,10.);
#1525=VECTOR('',#14008,10.);
#1526=VECTOR('',#14009,10.);
#1527=VECTOR('',#14012,10.);
#1528=VECTOR('',#14019,10.);
#1529=VECTOR('',#14022,10.);
#1530=VECTOR('',#14025,10.);
#1531=VECTOR('',#14028,10.);
#1532=VECTOR('',#14033,10.);
#1533=VECTOR('',#14048,10.);
#1534=VECTOR('',#14049,10.);
#1535=VECTOR('',#14060,10.);
#1536=VECTOR('',#14061,10.);
#1537=VECTOR('',#14072,10.);
#1538=VECTOR('',#14073,10.);
#1539=VECTOR('',#14082,10.);
#1540=VECTOR('',#14083,10.);
#1541=VECTOR('',#14086,10.);
#1542=VECTOR('',#14087,10.);
#1543=VECTOR('',#14088,10.);
#1544=VECTOR('',#14091,10.);
#1545=VECTOR('',#14096,10.);
#1546=VECTOR('',#14097,10.);
#1547=VECTOR('',#14100,10.);
#1548=VECTOR('',#14109,10.);
#1549=VECTOR('',#14112,10.);
#1550=VECTOR('',#14115,10.);
#1551=VECTOR('',#14118,10.);
#1552=VECTOR('',#14119,10.);
#1553=VECTOR('',#14136,10.);
#1554=VECTOR('',#14137,10.);
#1555=VECTOR('',#14148,10.);
#1556=VECTOR('',#14149,10.);
#1557=VECTOR('',#14160,10.);
#1558=VECTOR('',#14161,10.);
#1559=VECTOR('',#14170,10.);
#1560=VECTOR('',#14171,10.);
#1561=VECTOR('',#14174,10.);
#1562=VECTOR('',#14175,10.);
#1563=VECTOR('',#14176,10.);
#1564=VECTOR('',#14179,10.);
#1565=VECTOR('',#14184,10.);
#1566=VECTOR('',#14185,10.);
#1567=VECTOR('',#14188,10.);
#1568=VECTOR('',#14197,10.);
#1569=VECTOR('',#14200,10.);
#1570=VECTOR('',#14203,10.);
#1571=VECTOR('',#14206,10.);
#1572=VECTOR('',#14207,10.);
#1573=VECTOR('',#14224,10.);
#1574=VECTOR('',#14225,10.);
#1575=VECTOR('',#14236,10.);
#1576=VECTOR('',#14237,10.);
#1577=VECTOR('',#14248,10.);
#1578=VECTOR('',#14249,10.);
#1579=VECTOR('',#14258,10.);
#1580=VECTOR('',#14259,10.);
#1581=VECTOR('',#14262,10.);
#1582=VECTOR('',#14263,10.);
#1583=VECTOR('',#14264,10.);
#1584=VECTOR('',#14267,10.);
#1585=VECTOR('',#14272,10.);
#1586=VECTOR('',#14273,10.);
#1587=VECTOR('',#14276,10.);
#1588=VECTOR('',#14285,10.);
#1589=VECTOR('',#14288,10.);
#1590=VECTOR('',#14291,10.);
#1591=VECTOR('',#14294,10.);
#1592=VECTOR('',#14297,10.);
#1593=VECTOR('',#14312,10.);
#1594=VECTOR('',#14313,10.);
#1595=VECTOR('',#14324,10.);
#1596=VECTOR('',#14325,10.);
#1597=VECTOR('',#14336,10.);
#1598=VECTOR('',#14337,10.);
#1599=VECTOR('',#14346,10.);
#1600=VECTOR('',#14347,10.);
#1601=VECTOR('',#14350,10.);
#1602=VECTOR('',#14351,10.);
#1603=VECTOR('',#14352,10.);
#1604=VECTOR('',#14355,10.);
#1605=VECTOR('',#14360,10.);
#1606=VECTOR('',#14361,10.);
#1607=VECTOR('',#14364,10.);
#1608=VECTOR('',#14371,10.);
#1609=VECTOR('',#14372,10.);
#1610=VECTOR('',#14375,10.);
#1611=VECTOR('',#14380,10.);
#1612=VECTOR('',#14381,10.);
#1613=VECTOR('',#14402,10.);
#1614=VECTOR('',#14403,10.);
#1615=VECTOR('',#14416,10.);
#1616=VECTOR('',#14417,10.);
#1617=VECTOR('',#14430,10.);
#1618=VECTOR('',#14431,10.);
#1619=VECTOR('',#14442,10.);
#1620=VECTOR('',#14443,10.);
#1621=VECTOR('',#14446,10.);
#1622=VECTOR('',#14447,10.);
#1623=VECTOR('',#14448,10.);
#1624=VECTOR('',#14451,10.);
#1625=VECTOR('',#14456,10.);
#1626=VECTOR('',#14457,10.);
#1627=VECTOR('',#14460,10.);
#1628=VECTOR('',#14467,10.);
#1629=VECTOR('',#14470,10.);
#1630=VECTOR('',#14475,10.);
#1631=VECTOR('',#14478,10.);
#1632=VECTOR('',#14481,10.);
#1633=VECTOR('',#14498,10.);
#1634=VECTOR('',#14499,10.);
#1635=VECTOR('',#14512,10.);
#1636=VECTOR('',#14513,10.);
#1637=VECTOR('',#14526,10.);
#1638=VECTOR('',#14527,10.);
#1639=VECTOR('',#14538,10.);
#1640=VECTOR('',#14539,10.);
#1641=VECTOR('',#14542,10.);
#1642=VECTOR('',#14543,10.);
#1643=VECTOR('',#14544,10.);
#1644=VECTOR('',#14547,10.);
#1645=VECTOR('',#14552,10.);
#1646=VECTOR('',#14553,10.);
#1647=VECTOR('',#14556,10.);
#1648=VECTOR('',#14563,10.);
#1649=VECTOR('',#14566,10.);
#1650=VECTOR('',#14571,10.);
#1651=VECTOR('',#14574,10.);
#1652=VECTOR('',#14577,10.);
#1653=VECTOR('',#14594,10.);
#1654=VECTOR('',#14595,10.);
#1655=VECTOR('',#14608,10.);
#1656=VECTOR('',#14609,10.);
#1657=VECTOR('',#14622,10.);
#1658=VECTOR('',#14623,10.);
#1659=VECTOR('',#14634,10.);
#1660=VECTOR('',#14635,10.);
#1661=VECTOR('',#14638,10.);
#1662=VECTOR('',#14639,10.);
#1663=VECTOR('',#14640,10.);
#1664=VECTOR('',#14643,10.);
#1665=VECTOR('',#14648,10.);
#1666=VECTOR('',#14649,10.);
#1667=VECTOR('',#14652,10.);
#1668=VECTOR('',#14659,10.);
#1669=VECTOR('',#14662,10.);
#1670=VECTOR('',#14667,10.);
#1671=VECTOR('',#14670,10.);
#1672=VECTOR('',#14673,10.);
#1673=VECTOR('',#14690,10.);
#1674=VECTOR('',#14691,10.);
#1675=VECTOR('',#14704,10.);
#1676=VECTOR('',#14705,10.);
#1677=VECTOR('',#14718,10.);
#1678=VECTOR('',#14719,10.);
#1679=VECTOR('',#14730,10.);
#1680=VECTOR('',#14731,10.);
#1681=VECTOR('',#14734,10.);
#1682=VECTOR('',#14735,10.);
#1683=VECTOR('',#14736,10.);
#1684=VECTOR('',#14739,10.);
#1685=VECTOR('',#14744,10.);
#1686=VECTOR('',#14745,10.);
#1687=VECTOR('',#14748,10.);
#1688=VECTOR('',#14755,10.);
#1689=VECTOR('',#14758,10.);
#1690=VECTOR('',#14763,10.);
#1691=VECTOR('',#14766,10.);
#1692=VECTOR('',#14769,10.);
#1693=VECTOR('',#14786,10.);
#1694=VECTOR('',#14787,10.);
#1695=VECTOR('',#14800,10.);
#1696=VECTOR('',#14801,10.);
#1697=VECTOR('',#14814,10.);
#1698=VECTOR('',#14815,10.);
#1699=VECTOR('',#14826,10.);
#1700=VECTOR('',#14827,10.);
#1701=VECTOR('',#14830,10.);
#1702=VECTOR('',#14831,10.);
#1703=VECTOR('',#14832,10.);
#1704=VECTOR('',#14835,10.);
#1705=VECTOR('',#14840,10.);
#1706=VECTOR('',#14841,10.);
#1707=VECTOR('',#14844,10.);
#1708=VECTOR('',#14851,10.);
#1709=VECTOR('',#14852,10.);
#1710=VECTOR('',#14855,10.);
#1711=VECTOR('',#14860,10.);
#1712=VECTOR('',#14861,10.);
#1713=VECTOR('',#14882,10.);
#1714=VECTOR('',#14883,10.);
#1715=VECTOR('',#14896,10.);
#1716=VECTOR('',#14897,10.);
#1717=VECTOR('',#14910,10.);
#1718=VECTOR('',#14911,10.);
#1719=VECTOR('',#14922,10.);
#1720=VECTOR('',#14923,10.);
#1721=VECTOR('',#14926,10.);
#1722=VECTOR('',#14927,10.);
#1723=VECTOR('',#14928,10.);
#1724=VECTOR('',#14931,10.);
#1725=VECTOR('',#14936,10.);
#1726=VECTOR('',#14937,10.);
#1727=VECTOR('',#14940,10.);
#1728=VECTOR('',#14947,10.);
#1729=VECTOR('',#14950,10.);
#1730=VECTOR('',#14955,10.);
#1731=VECTOR('',#14956,10.);
#1732=VECTOR('',#14959,10.);
#1733=VECTOR('',#14978,10.);
#1734=VECTOR('',#14979,10.);
#1735=VECTOR('',#14992,10.);
#1736=VECTOR('',#14993,10.);
#1737=VECTOR('',#15006,10.);
#1738=VECTOR('',#15007,10.);
#1739=VECTOR('',#15018,10.);
#1740=VECTOR('',#15019,10.);
#1741=VECTOR('',#15022,10.);
#1742=VECTOR('',#15023,10.);
#1743=VECTOR('',#15024,10.);
#1744=VECTOR('',#15027,10.);
#1745=VECTOR('',#15032,10.);
#1746=VECTOR('',#15033,10.);
#1747=VECTOR('',#15036,10.);
#1748=VECTOR('',#15043,10.);
#1749=VECTOR('',#15046,10.);
#1750=VECTOR('',#15051,10.);
#1751=VECTOR('',#15054,10.);
#1752=VECTOR('',#15057,10.);
#1753=VECTOR('',#15074,10.);
#1754=VECTOR('',#15075,10.);
#1755=VECTOR('',#15088,10.);
#1756=VECTOR('',#15089,10.);
#1757=VECTOR('',#15102,10.);
#1758=VECTOR('',#15103,10.);
#1759=VECTOR('',#15114,10.);
#1760=VECTOR('',#15115,10.);
#1761=VECTOR('',#15118,10.);
#1762=VECTOR('',#15119,10.);
#1763=VECTOR('',#15120,10.);
#1764=VECTOR('',#15123,10.);
#1765=VECTOR('',#15128,10.);
#1766=VECTOR('',#15129,10.);
#1767=VECTOR('',#15132,10.);
#1768=VECTOR('',#15139,10.);
#1769=VECTOR('',#15140,10.);
#1770=VECTOR('',#15143,10.);
#1771=VECTOR('',#15148,10.);
#1772=VECTOR('',#15149,10.);
#1773=VECTOR('',#15170,10.);
#1774=VECTOR('',#15171,10.);
#1775=VECTOR('',#15184,10.);
#1776=VECTOR('',#15185,10.);
#1777=VECTOR('',#15198,10.);
#1778=VECTOR('',#15199,10.);
#1779=VECTOR('',#15210,10.);
#1780=VECTOR('',#15211,10.);
#1781=VECTOR('',#15214,10.);
#1782=VECTOR('',#15215,10.);
#1783=VECTOR('',#15216,10.);
#1784=VECTOR('',#15219,10.);
#1785=VECTOR('',#15224,10.);
#1786=VECTOR('',#15225,10.);
#1787=VECTOR('',#15228,10.);
#1788=VECTOR('',#15235,10.);
#1789=VECTOR('',#15238,10.);
#1790=VECTOR('',#15243,10.);
#1791=VECTOR('',#15246,10.);
#1792=VECTOR('',#15249,10.);
#1793=VECTOR('',#15266,10.);
#1794=VECTOR('',#15267,10.);
#1795=VECTOR('',#15280,10.);
#1796=VECTOR('',#15281,10.);
#1797=VECTOR('',#15294,10.);
#1798=VECTOR('',#15295,10.);
#1799=VECTOR('',#15306,10.);
#1800=VECTOR('',#15307,10.);
#1801=VECTOR('',#15310,10.);
#1802=VECTOR('',#15311,10.);
#1803=VECTOR('',#15312,10.);
#1804=VECTOR('',#15315,10.);
#1805=VECTOR('',#15320,10.);
#1806=VECTOR('',#15321,10.);
#1807=VECTOR('',#15324,10.);
#1808=VECTOR('',#15331,10.);
#1809=VECTOR('',#15334,10.);
#1810=VECTOR('',#15337,10.);
#1811=VECTOR('',#15340,10.);
#1812=VECTOR('',#15345,10.);
#1813=VECTOR('',#15362,10.);
#1814=VECTOR('',#15363,10.);
#1815=VECTOR('',#15376,10.);
#1816=VECTOR('',#15377,10.);
#1817=VECTOR('',#15390,10.);
#1818=VECTOR('',#15391,10.);
#1819=VECTOR('',#15402,10.);
#1820=VECTOR('',#15403,10.);
#1821=VECTOR('',#15406,10.);
#1822=VECTOR('',#15407,10.);
#1823=VECTOR('',#15408,10.);
#1824=VECTOR('',#15411,10.);
#1825=VECTOR('',#15416,10.);
#1826=VECTOR('',#15417,10.);
#1827=VECTOR('',#15420,10.);
#1828=VECTOR('',#15427,10.);
#1829=VECTOR('',#15430,10.);
#1830=VECTOR('',#15435,10.);
#1831=VECTOR('',#15438,10.);
#1832=VECTOR('',#15441,10.);
#1833=VECTOR('',#15458,10.);
#1834=VECTOR('',#15459,10.);
#1835=VECTOR('',#15472,10.);
#1836=VECTOR('',#15473,10.);
#1837=VECTOR('',#15486,10.);
#1838=VECTOR('',#15487,10.);
#1839=VECTOR('',#15498,10.);
#1840=VECTOR('',#15499,10.);
#1841=VECTOR('',#15502,10.);
#1842=VECTOR('',#15503,10.);
#1843=VECTOR('',#15504,10.);
#1844=VECTOR('',#15507,10.);
#1845=VECTOR('',#15512,10.);
#1846=VECTOR('',#15513,10.);
#1847=VECTOR('',#15516,10.);
#1848=VECTOR('',#15523,10.);
#1849=VECTOR('',#15526,10.);
#1850=VECTOR('',#15531,10.);
#1851=VECTOR('',#15534,10.);
#1852=VECTOR('',#15537,10.);
#1853=VECTOR('',#15554,10.);
#1854=VECTOR('',#15555,10.);
#1855=VECTOR('',#15568,10.);
#1856=VECTOR('',#15569,10.);
#1857=VECTOR('',#15582,10.);
#1858=VECTOR('',#15583,10.);
#1859=VECTOR('',#15594,10.);
#1860=VECTOR('',#15595,10.);
#1861=VECTOR('',#15598,10.);
#1862=VECTOR('',#15599,10.);
#1863=VECTOR('',#15600,10.);
#1864=VECTOR('',#15603,10.);
#1865=VECTOR('',#15608,10.);
#1866=VECTOR('',#15609,10.);
#1867=VECTOR('',#15612,10.);
#1868=VECTOR('',#15619,10.);
#1869=VECTOR('',#15622,10.);
#1870=VECTOR('',#15625,10.);
#1871=VECTOR('',#15628,10.);
#1872=VECTOR('',#15633,10.);
#1873=VECTOR('',#15650,10.);
#1874=VECTOR('',#15651,10.);
#1875=VECTOR('',#15664,10.);
#1876=VECTOR('',#15665,10.);
#1877=VECTOR('',#15678,10.);
#1878=VECTOR('',#15679,10.);
#1879=VECTOR('',#15690,10.);
#1880=VECTOR('',#15691,10.);
#1881=VECTOR('',#15694,10.);
#1882=VECTOR('',#15695,10.);
#1883=VECTOR('',#15696,10.);
#1884=VECTOR('',#15699,10.);
#1885=VECTOR('',#15704,10.);
#1886=VECTOR('',#15705,10.);
#1887=VECTOR('',#15708,10.);
#1888=VECTOR('',#15715,10.);
#1889=VECTOR('',#15718,10.);
#1890=VECTOR('',#15721,10.);
#1891=VECTOR('',#15724,10.);
#1892=VECTOR('',#15729,10.);
#1893=VECTOR('',#15746,10.);
#1894=VECTOR('',#15747,10.);
#1895=VECTOR('',#15760,10.);
#1896=VECTOR('',#15761,10.);
#1897=VECTOR('',#15774,10.);
#1898=VECTOR('',#15775,10.);
#1899=VECTOR('',#15786,10.);
#1900=VECTOR('',#15787,10.);
#1901=VECTOR('',#15790,10.);
#1902=VECTOR('',#15791,10.);
#1903=VECTOR('',#15792,10.);
#1904=VECTOR('',#15795,10.);
#1905=VECTOR('',#15800,10.);
#1906=VECTOR('',#15801,10.);
#1907=VECTOR('',#15804,10.);
#1908=VECTOR('',#15811,10.);
#1909=VECTOR('',#15814,10.);
#1910=VECTOR('',#15819,10.);
#1911=VECTOR('',#15820,10.);
#1912=VECTOR('',#15823,10.);
#1913=VECTOR('',#15842,10.);
#1914=VECTOR('',#15843,10.);
#1915=VECTOR('',#15856,10.);
#1916=VECTOR('',#15857,10.);
#1917=VECTOR('',#15870,10.);
#1918=VECTOR('',#15871,10.);
#1919=VECTOR('',#15882,10.);
#1920=VECTOR('',#15883,10.);
#1921=VECTOR('',#15886,10.);
#1922=VECTOR('',#15887,10.);
#1923=VECTOR('',#15888,10.);
#1924=VECTOR('',#15891,10.);
#1925=VECTOR('',#15896,10.);
#1926=VECTOR('',#15897,10.);
#1927=VECTOR('',#15900,10.);
#1928=VECTOR('',#15907,10.);
#1929=VECTOR('',#15910,10.);
#1930=VECTOR('',#15915,10.);
#1931=VECTOR('',#15918,10.);
#1932=VECTOR('',#15921,10.);
#1933=VECTOR('',#15938,10.);
#1934=VECTOR('',#15939,10.);
#1935=VECTOR('',#15952,10.);
#1936=VECTOR('',#15953,10.);
#1937=VECTOR('',#15966,10.);
#1938=VECTOR('',#15967,10.);
#1939=VECTOR('',#15978,10.);
#1940=VECTOR('',#15979,10.);
#1941=VECTOR('',#15982,10.);
#1942=VECTOR('',#15983,10.);
#1943=VECTOR('',#15984,10.);
#1944=VECTOR('',#15987,10.);
#1945=VECTOR('',#15992,10.);
#1946=VECTOR('',#15993,10.);
#1947=VECTOR('',#15996,10.);
#1948=VECTOR('',#16003,10.);
#1949=VECTOR('',#16006,10.);
#1950=VECTOR('',#16011,10.);
#1951=VECTOR('',#16014,10.);
#1952=VECTOR('',#16017,10.);
#1953=VECTOR('',#16034,10.);
#1954=VECTOR('',#16035,10.);
#1955=VECTOR('',#16048,10.);
#1956=VECTOR('',#16049,10.);
#1957=VECTOR('',#16062,10.);
#1958=VECTOR('',#16063,10.);
#1959=VECTOR('',#16074,10.);
#1960=VECTOR('',#16075,10.);
#1961=VECTOR('',#16078,10.);
#1962=VECTOR('',#16079,10.);
#1963=VECTOR('',#16080,10.);
#1964=VECTOR('',#16083,10.);
#1965=VECTOR('',#16088,10.);
#1966=VECTOR('',#16089,10.);
#1967=VECTOR('',#16092,10.);
#1968=VECTOR('',#16099,10.);
#1969=VECTOR('',#16100,10.);
#1970=VECTOR('',#16103,10.);
#1971=VECTOR('',#16108,10.);
#1972=VECTOR('',#16109,10.);
#1973=VECTOR('',#16130,10.);
#1974=VECTOR('',#16131,10.);
#1975=VECTOR('',#16144,10.);
#1976=VECTOR('',#16145,10.);
#1977=VECTOR('',#16158,10.);
#1978=VECTOR('',#16159,10.);
#1979=VECTOR('',#16170,10.);
#1980=VECTOR('',#16171,10.);
#1981=VECTOR('',#16174,10.);
#1982=VECTOR('',#16175,10.);
#1983=VECTOR('',#16176,10.);
#1984=VECTOR('',#16179,10.);
#1985=VECTOR('',#16184,10.);
#1986=VECTOR('',#16185,10.);
#1987=VECTOR('',#16188,10.);
#1988=VECTOR('',#16195,10.);
#1989=VECTOR('',#16198,10.);
#1990=VECTOR('',#16201,10.);
#1991=VECTOR('',#16204,10.);
#1992=VECTOR('',#16209,10.);
#1993=VECTOR('',#16226,10.);
#1994=VECTOR('',#16227,10.);
#1995=VECTOR('',#16240,10.);
#1996=VECTOR('',#16241,10.);
#1997=VECTOR('',#16254,10.);
#1998=VECTOR('',#16255,10.);
#1999=VECTOR('',#16266,10.);
#2000=VECTOR('',#16267,10.);
#2001=VECTOR('',#16270,10.);
#2002=VECTOR('',#16271,10.);
#2003=VECTOR('',#16272,10.);
#2004=VECTOR('',#16275,10.);
#2005=VECTOR('',#16280,10.);
#2006=VECTOR('',#16281,10.);
#2007=VECTOR('',#16284,10.);
#2008=VECTOR('',#16291,10.);
#2009=VECTOR('',#16294,10.);
#2010=VECTOR('',#16299,10.);
#2011=VECTOR('',#16302,10.);
#2012=VECTOR('',#16305,10.);
#2013=CYLINDRICAL_SURFACE('',#11190,0.75);
#2014=CYLINDRICAL_SURFACE('',#11195,0.75);
#2015=CYLINDRICAL_SURFACE('',#11200,0.75);
#2016=CYLINDRICAL_SURFACE('',#11205,0.75);
#2017=CYLINDRICAL_SURFACE('',#11207,1.2);
#2018=CYLINDRICAL_SURFACE('',#11210,1.2);
#2019=CYLINDRICAL_SURFACE('',#11213,1.2);
#2020=CYLINDRICAL_SURFACE('',#11216,1.2);
#2021=CYLINDRICAL_SURFACE('',#11224,0.75);
#2022=CYLINDRICAL_SURFACE('',#11229,0.75);
#2023=CYLINDRICAL_SURFACE('',#11234,0.75);
#2024=CYLINDRICAL_SURFACE('',#11239,0.75);
#2025=CYLINDRICAL_SURFACE('',#11241,1.2);
#2026=CYLINDRICAL_SURFACE('',#11244,1.2);
#2027=CYLINDRICAL_SURFACE('',#11247,1.2);
#2028=CYLINDRICAL_SURFACE('',#11249,1.2);
#2029=CYLINDRICAL_SURFACE('',#11258,0.75);
#2030=CYLINDRICAL_SURFACE('',#11263,0.75);
#2031=CYLINDRICAL_SURFACE('',#11268,0.75);
#2032=CYLINDRICAL_SURFACE('',#11273,0.75);
#2033=CYLINDRICAL_SURFACE('',#11275,1.2);
#2034=CYLINDRICAL_SURFACE('',#11278,1.2);
#2035=CYLINDRICAL_SURFACE('',#11281,1.2);
#2036=CYLINDRICAL_SURFACE('',#11283,1.2);
#2037=CYLINDRICAL_SURFACE('',#11292,0.75);
#2038=CYLINDRICAL_SURFACE('',#11297,0.75);
#2039=CYLINDRICAL_SURFACE('',#11302,0.75);
#2040=CYLINDRICAL_SURFACE('',#11307,0.75);
#2041=CYLINDRICAL_SURFACE('',#11309,1.2);
#2042=CYLINDRICAL_SURFACE('',#11312,1.2);
#2043=CYLINDRICAL_SURFACE('',#11315,1.2);
#2044=CYLINDRICAL_SURFACE('',#11320,1.2);
#2045=CYLINDRICAL_SURFACE('',#11326,0.75);
#2046=CYLINDRICAL_SURFACE('',#11331,0.75);
#2047=CYLINDRICAL_SURFACE('',#11336,0.75);
#2048=CYLINDRICAL_SURFACE('',#11341,0.75);
#2049=CYLINDRICAL_SURFACE('',#11343,1.2);
#2050=CYLINDRICAL_SURFACE('',#11346,1.2);
#2051=CYLINDRICAL_SURFACE('',#11353,1.2);
#2052=CYLINDRICAL_SURFACE('',#11354,1.2);
#2053=CYLINDRICAL_SURFACE('',#11360,0.75);
#2054=CYLINDRICAL_SURFACE('',#11365,0.75);
#2055=CYLINDRICAL_SURFACE('',#11370,0.75);
#2056=CYLINDRICAL_SURFACE('',#11375,0.75);
#2057=CYLINDRICAL_SURFACE('',#11377,1.2);
#2058=CYLINDRICAL_SURFACE('',#11380,1.2);
#2059=CYLINDRICAL_SURFACE('',#11386,1.2);
#2060=CYLINDRICAL_SURFACE('',#11388,1.2);
#2061=CYLINDRICAL_SURFACE('',#11394,0.75);
#2062=CYLINDRICAL_SURFACE('',#11399,0.75);
#2063=CYLINDRICAL_SURFACE('',#11404,0.75);
#2064=CYLINDRICAL_SURFACE('',#11409,0.75);
#2065=CYLINDRICAL_SURFACE('',#11411,1.2);
#2066=CYLINDRICAL_SURFACE('',#11414,1.2);
#2067=CYLINDRICAL_SURFACE('',#11417,1.2);
#2068=CYLINDRICAL_SURFACE('',#11421,1.2);
#2069=CYLINDRICAL_SURFACE('',#11428,0.75);
#2070=CYLINDRICAL_SURFACE('',#11433,0.75);
#2071=CYLINDRICAL_SURFACE('',#11438,0.75);
#2072=CYLINDRICAL_SURFACE('',#11443,0.75);
#2073=CYLINDRICAL_SURFACE('',#11445,1.2);
#2074=CYLINDRICAL_SURFACE('',#11448,1.2);
#2075=CYLINDRICAL_SURFACE('',#11451,1.2);
#2076=CYLINDRICAL_SURFACE('',#11454,1.2);
#2077=CYLINDRICAL_SURFACE('',#11462,0.75);
#2078=CYLINDRICAL_SURFACE('',#11467,0.75);
#2079=CYLINDRICAL_SURFACE('',#11472,0.75);
#2080=CYLINDRICAL_SURFACE('',#11477,0.75);
#2081=CYLINDRICAL_SURFACE('',#11479,1.2);
#2082=CYLINDRICAL_SURFACE('',#11482,1.2);
#2083=CYLINDRICAL_SURFACE('',#11485,1.2);
#2084=CYLINDRICAL_SURFACE('',#11489,1.2);
#2085=CYLINDRICAL_SURFACE('',#11496,0.75);
#2086=CYLINDRICAL_SURFACE('',#11501,0.75);
#2087=CYLINDRICAL_SURFACE('',#11506,0.75);
#2088=CYLINDRICAL_SURFACE('',#11511,0.75);
#2089=CYLINDRICAL_SURFACE('',#11513,1.2);
#2090=CYLINDRICAL_SURFACE('',#11516,1.2);
#2091=CYLINDRICAL_SURFACE('',#11519,1.2);
#2092=CYLINDRICAL_SURFACE('',#11524,1.2);
#2093=CYLINDRICAL_SURFACE('',#11530,0.75);
#2094=CYLINDRICAL_SURFACE('',#11535,0.75);
#2095=CYLINDRICAL_SURFACE('',#11540,0.75);
#2096=CYLINDRICAL_SURFACE('',#11545,0.75);
#2097=CYLINDRICAL_SURFACE('',#11547,1.2);
#2098=CYLINDRICAL_SURFACE('',#11550,1.2);
#2099=CYLINDRICAL_SURFACE('',#11554,1.2);
#2100=CYLINDRICAL_SURFACE('',#11557,1.2);
#2101=CYLINDRICAL_SURFACE('',#11564,0.75);
#2102=CYLINDRICAL_SURFACE('',#11569,0.75);
#2103=CYLINDRICAL_SURFACE('',#11574,0.75);
#2104=CYLINDRICAL_SURFACE('',#11579,0.75);
#2105=CYLINDRICAL_SURFACE('',#11581,1.2);
#2106=CYLINDRICAL_SURFACE('',#11584,1.2);
#2107=CYLINDRICAL_SURFACE('',#11587,1.2);
#2108=CYLINDRICAL_SURFACE('',#11591,1.2);
#2109=CYLINDRICAL_SURFACE('',#11598,0.75);
#2110=CYLINDRICAL_SURFACE('',#11603,0.75);
#2111=CYLINDRICAL_SURFACE('',#11608,0.75);
#2112=CYLINDRICAL_SURFACE('',#11613,0.75);
#2113=CYLINDRICAL_SURFACE('',#11615,1.2);
#2114=CYLINDRICAL_SURFACE('',#11618,1.2);
#2115=CYLINDRICAL_SURFACE('',#11621,1.2);
#2116=CYLINDRICAL_SURFACE('',#11625,1.2);
#2117=CYLINDRICAL_SURFACE('',#11632,0.75);
#2118=CYLINDRICAL_SURFACE('',#11637,0.75);
#2119=CYLINDRICAL_SURFACE('',#11642,0.75);
#2120=CYLINDRICAL_SURFACE('',#11647,0.75);
#2121=CYLINDRICAL_SURFACE('',#11649,1.2);
#2122=CYLINDRICAL_SURFACE('',#11652,1.2);
#2123=CYLINDRICAL_SURFACE('',#11656,1.2);
#2124=CYLINDRICAL_SURFACE('',#11659,1.2);
#2125=CYLINDRICAL_SURFACE('',#11666,0.75);
#2126=CYLINDRICAL_SURFACE('',#11671,0.75);
#2127=CYLINDRICAL_SURFACE('',#11676,0.75);
#2128=CYLINDRICAL_SURFACE('',#11681,0.75);
#2129=CYLINDRICAL_SURFACE('',#11683,1.2);
#2130=CYLINDRICAL_SURFACE('',#11686,1.2);
#2131=CYLINDRICAL_SURFACE('',#11689,1.2);
#2132=CYLINDRICAL_SURFACE('',#11693,1.2);
#2133=CYLINDRICAL_SURFACE('',#11700,0.75);
#2134=CYLINDRICAL_SURFACE('',#11705,0.75);
#2135=CYLINDRICAL_SURFACE('',#11710,0.75);
#2136=CYLINDRICAL_SURFACE('',#11715,0.75);
#2137=CYLINDRICAL_SURFACE('',#11717,1.2);
#2138=CYLINDRICAL_SURFACE('',#11720,1.2);
#2139=CYLINDRICAL_SURFACE('',#11723,1.2);
#2140=CYLINDRICAL_SURFACE('',#11728,1.2);
#2141=CYLINDRICAL_SURFACE('',#11734,0.75);
#2142=CYLINDRICAL_SURFACE('',#11739,0.75);
#2143=CYLINDRICAL_SURFACE('',#11744,0.75);
#2144=CYLINDRICAL_SURFACE('',#11749,0.75);
#2145=CYLINDRICAL_SURFACE('',#11751,1.2);
#2146=CYLINDRICAL_SURFACE('',#11754,1.2);
#2147=CYLINDRICAL_SURFACE('',#11757,1.2);
#2148=CYLINDRICAL_SURFACE('',#11761,1.2);
#2149=CYLINDRICAL_SURFACE('',#11768,0.75);
#2150=CYLINDRICAL_SURFACE('',#11773,0.75);
#2151=CYLINDRICAL_SURFACE('',#11778,0.75);
#2152=CYLINDRICAL_SURFACE('',#11783,0.75);
#2153=CYLINDRICAL_SURFACE('',#11785,1.2);
#2154=CYLINDRICAL_SURFACE('',#11788,1.2);
#2155=CYLINDRICAL_SURFACE('',#11791,1.2);
#2156=CYLINDRICAL_SURFACE('',#11795,1.2);
#2157=CYLINDRICAL_SURFACE('',#11802,0.75);
#2158=CYLINDRICAL_SURFACE('',#11807,0.75);
#2159=CYLINDRICAL_SURFACE('',#11812,0.75);
#2160=CYLINDRICAL_SURFACE('',#11817,0.75);
#2161=CYLINDRICAL_SURFACE('',#11819,1.2);
#2162=CYLINDRICAL_SURFACE('',#11822,1.2);
#2163=CYLINDRICAL_SURFACE('',#11825,1.2);
#2164=CYLINDRICAL_SURFACE('',#11827,1.2);
#2165=CYLINDRICAL_SURFACE('',#11836,0.75);
#2166=CYLINDRICAL_SURFACE('',#11841,0.75);
#2167=CYLINDRICAL_SURFACE('',#11846,0.75);
#2168=CYLINDRICAL_SURFACE('',#11851,0.75);
#2169=CYLINDRICAL_SURFACE('',#11853,1.2);
#2170=CYLINDRICAL_SURFACE('',#11856,1.2);
#2171=CYLINDRICAL_SURFACE('',#11860,1.2);
#2172=CYLINDRICAL_SURFACE('',#11863,1.2);
#2173=CYLINDRICAL_SURFACE('',#11871,0.6);
#2174=CYLINDRICAL_SURFACE('',#11877,0.6);
#2175=CYLINDRICAL_SURFACE('',#11883,0.6);
#2176=CYLINDRICAL_SURFACE('',#11889,0.6);
#2177=CYLINDRICAL_SURFACE('',#11891,1.4);
#2178=CYLINDRICAL_SURFACE('',#11894,1.4);
#2179=CYLINDRICAL_SURFACE('',#11901,1.4);
#2180=CYLINDRICAL_SURFACE('',#11902,1.4);
#2181=CYLINDRICAL_SURFACE('',#11909,0.6);
#2182=CYLINDRICAL_SURFACE('',#11915,0.6);
#2183=CYLINDRICAL_SURFACE('',#11921,0.6);
#2184=CYLINDRICAL_SURFACE('',#11927,0.6);
#2185=CYLINDRICAL_SURFACE('',#11929,1.4);
#2186=CYLINDRICAL_SURFACE('',#11932,1.4);
#2187=CYLINDRICAL_SURFACE('',#11939,1.4);
#2188=CYLINDRICAL_SURFACE('',#11940,1.4);
#2189=CYLINDRICAL_SURFACE('',#11947,0.6);
#2190=CYLINDRICAL_SURFACE('',#11953,0.6);
#2191=CYLINDRICAL_SURFACE('',#11959,0.6);
#2192=CYLINDRICAL_SURFACE('',#11965,0.6);
#2193=CYLINDRICAL_SURFACE('',#11967,1.4);
#2194=CYLINDRICAL_SURFACE('',#11970,1.4);
#2195=CYLINDRICAL_SURFACE('',#11977,1.4);
#2196=CYLINDRICAL_SURFACE('',#11978,1.4);
#2197=CYLINDRICAL_SURFACE('',#11985,0.6);
#2198=CYLINDRICAL_SURFACE('',#11991,0.6);
#2199=CYLINDRICAL_SURFACE('',#11997,0.6);
#2200=CYLINDRICAL_SURFACE('',#12003,0.6);
#2201=CYLINDRICAL_SURFACE('',#12005,1.4);
#2202=CYLINDRICAL_SURFACE('',#12008,1.4);
#2203=CYLINDRICAL_SURFACE('',#12015,1.4);
#2204=CYLINDRICAL_SURFACE('',#12016,1.4);
#2205=CYLINDRICAL_SURFACE('',#12023,0.6);
#2206=CYLINDRICAL_SURFACE('',#12029,0.6);
#2207=CYLINDRICAL_SURFACE('',#12035,0.6);
#2208=CYLINDRICAL_SURFACE('',#12041,0.6);
#2209=CYLINDRICAL_SURFACE('',#12043,1.4);
#2210=CYLINDRICAL_SURFACE('',#12046,1.4);
#2211=CYLINDRICAL_SURFACE('',#12050,1.4);
#2212=CYLINDRICAL_SURFACE('',#12053,1.4);
#2213=CYLINDRICAL_SURFACE('',#12061,0.6);
#2214=CYLINDRICAL_SURFACE('',#12067,0.6);
#2215=CYLINDRICAL_SURFACE('',#12073,0.6);
#2216=CYLINDRICAL_SURFACE('',#12079,0.6);
#2217=CYLINDRICAL_SURFACE('',#12081,1.4);
#2218=CYLINDRICAL_SURFACE('',#12084,1.4);
#2219=CYLINDRICAL_SURFACE('',#12090,1.4);
#2220=CYLINDRICAL_SURFACE('',#12092,1.4);
#2221=CYLINDRICAL_SURFACE('',#12099,0.6);
#2222=CYLINDRICAL_SURFACE('',#12105,0.6);
#2223=CYLINDRICAL_SURFACE('',#12111,0.6);
#2224=CYLINDRICAL_SURFACE('',#12117,0.6);
#2225=CYLINDRICAL_SURFACE('',#12119,1.4);
#2226=CYLINDRICAL_SURFACE('',#12122,1.4);
#2227=CYLINDRICAL_SURFACE('',#12129,1.4);
#2228=CYLINDRICAL_SURFACE('',#12130,1.4);
#2229=CYLINDRICAL_SURFACE('',#12137,0.6);
#2230=CYLINDRICAL_SURFACE('',#12143,0.6);
#2231=CYLINDRICAL_SURFACE('',#12149,0.6);
#2232=CYLINDRICAL_SURFACE('',#12155,0.6);
#2233=CYLINDRICAL_SURFACE('',#12157,1.4);
#2234=CYLINDRICAL_SURFACE('',#12160,1.4);
#2235=CYLINDRICAL_SURFACE('',#12164,1.4);
#2236=CYLINDRICAL_SURFACE('',#12167,1.4);
#2237=CYLINDRICAL_SURFACE('',#12175,0.6);
#2238=CYLINDRICAL_SURFACE('',#12181,0.6);
#2239=CYLINDRICAL_SURFACE('',#12187,0.6);
#2240=CYLINDRICAL_SURFACE('',#12193,0.6);
#2241=CYLINDRICAL_SURFACE('',#12195,1.4);
#2242=CYLINDRICAL_SURFACE('',#12198,1.4);
#2243=CYLINDRICAL_SURFACE('',#12205,1.4);
#2244=CYLINDRICAL_SURFACE('',#12206,1.4);
#2245=CYLINDRICAL_SURFACE('',#12213,0.6);
#2246=CYLINDRICAL_SURFACE('',#12219,0.6);
#2247=CYLINDRICAL_SURFACE('',#12225,0.6);
#2248=CYLINDRICAL_SURFACE('',#12231,0.6);
#2249=CYLINDRICAL_SURFACE('',#12233,1.4);
#2250=CYLINDRICAL_SURFACE('',#12236,1.4);
#2251=CYLINDRICAL_SURFACE('',#12239,1.4);
#2252=CYLINDRICAL_SURFACE('',#12244,1.4);
#2253=CYLINDRICAL_SURFACE('',#12251,0.6);
#2254=CYLINDRICAL_SURFACE('',#12257,0.6);
#2255=CYLINDRICAL_SURFACE('',#12263,0.6);
#2256=CYLINDRICAL_SURFACE('',#12269,0.6);
#2257=CYLINDRICAL_SURFACE('',#12271,1.4);
#2258=CYLINDRICAL_SURFACE('',#12274,1.4);
#2259=CYLINDRICAL_SURFACE('',#12281,1.4);
#2260=CYLINDRICAL_SURFACE('',#12282,1.4);
#2261=CYLINDRICAL_SURFACE('',#12289,0.6);
#2262=CYLINDRICAL_SURFACE('',#12295,0.6);
#2263=CYLINDRICAL_SURFACE('',#12301,0.6);
#2264=CYLINDRICAL_SURFACE('',#12307,0.6);
#2265=CYLINDRICAL_SURFACE('',#12309,1.4);
#2266=CYLINDRICAL_SURFACE('',#12312,1.4);
#2267=CYLINDRICAL_SURFACE('',#12319,1.4);
#2268=CYLINDRICAL_SURFACE('',#12320,1.4);
#2269=CYLINDRICAL_SURFACE('',#12327,0.6);
#2270=CYLINDRICAL_SURFACE('',#12333,0.6);
#2271=CYLINDRICAL_SURFACE('',#12339,0.6);
#2272=CYLINDRICAL_SURFACE('',#12345,0.6);
#2273=CYLINDRICAL_SURFACE('',#12347,1.4);
#2274=CYLINDRICAL_SURFACE('',#12350,1.4);
#2275=CYLINDRICAL_SURFACE('',#12353,1.4);
#2276=CYLINDRICAL_SURFACE('',#12358,1.4);
#2277=CYLINDRICAL_SURFACE('',#12365,0.6);
#2278=CYLINDRICAL_SURFACE('',#12371,0.6);
#2279=CYLINDRICAL_SURFACE('',#12377,0.6);
#2280=CYLINDRICAL_SURFACE('',#12383,0.6);
#2281=CYLINDRICAL_SURFACE('',#12385,1.4);
#2282=CYLINDRICAL_SURFACE('',#12388,1.4);
#2283=CYLINDRICAL_SURFACE('',#12391,1.4);
#2284=CYLINDRICAL_SURFACE('',#12396,1.4);
#2285=CYLINDRICAL_SURFACE('',#12403,0.6);
#2286=CYLINDRICAL_SURFACE('',#12409,0.6);
#2287=CYLINDRICAL_SURFACE('',#12415,0.6);
#2288=CYLINDRICAL_SURFACE('',#12421,0.6);
#2289=CYLINDRICAL_SURFACE('',#12423,1.4);
#2290=CYLINDRICAL_SURFACE('',#12426,1.4);
#2291=CYLINDRICAL_SURFACE('',#12432,1.4);
#2292=CYLINDRICAL_SURFACE('',#12434,1.4);
#2293=CYLINDRICAL_SURFACE('',#12441,0.6);
#2294=CYLINDRICAL_SURFACE('',#12447,0.6);
#2295=CYLINDRICAL_SURFACE('',#12453,0.6);
#2296=CYLINDRICAL_SURFACE('',#12459,0.6);
#2297=CYLINDRICAL_SURFACE('',#12461,1.4);
#2298=CYLINDRICAL_SURFACE('',#12464,1.4);
#2299=CYLINDRICAL_SURFACE('',#12471,1.4);
#2300=CYLINDRICAL_SURFACE('',#12472,1.4);
#2301=CYLINDRICAL_SURFACE('',#12479,0.6);
#2302=CYLINDRICAL_SURFACE('',#12485,0.6);
#2303=CYLINDRICAL_SURFACE('',#12491,0.6);
#2304=CYLINDRICAL_SURFACE('',#12497,0.6);
#2305=CYLINDRICAL_SURFACE('',#12499,1.4);
#2306=CYLINDRICAL_SURFACE('',#12502,1.4);
#2307=CYLINDRICAL_SURFACE('',#12509,1.4);
#2308=CYLINDRICAL_SURFACE('',#12510,1.4);
#2309=CYLINDRICAL_SURFACE('',#12517,0.6);
#2310=CYLINDRICAL_SURFACE('',#12523,0.6);
#2311=CYLINDRICAL_SURFACE('',#12529,0.6);
#2312=CYLINDRICAL_SURFACE('',#12535,0.6);
#2313=CYLINDRICAL_SURFACE('',#12537,1.4);
#2314=CYLINDRICAL_SURFACE('',#12540,1.4);
#2315=CYLINDRICAL_SURFACE('',#12544,1.4);
#2316=CYLINDRICAL_SURFACE('',#12547,1.4);
#2317=CYLINDRICAL_SURFACE('',#12555,0.6);
#2318=CYLINDRICAL_SURFACE('',#12561,0.6);
#2319=CYLINDRICAL_SURFACE('',#12567,0.6);
#2320=CYLINDRICAL_SURFACE('',#12573,0.6);
#2321=CYLINDRICAL_SURFACE('',#12575,1.4);
#2322=CYLINDRICAL_SURFACE('',#12578,1.4);
#2323=CYLINDRICAL_SURFACE('',#12581,1.4);
#2324=CYLINDRICAL_SURFACE('',#12586,1.4);
#2325=CYLINDRICAL_SURFACE('',#12593,0.6);
#2326=CYLINDRICAL_SURFACE('',#12599,0.6);
#2327=CYLINDRICAL_SURFACE('',#12605,0.6);
#2328=CYLINDRICAL_SURFACE('',#12611,0.6);
#2329=CYLINDRICAL_SURFACE('',#12613,1.4);
#2330=CYLINDRICAL_SURFACE('',#12616,1.4);
#2331=CYLINDRICAL_SURFACE('',#12623,1.4);
#2332=CYLINDRICAL_SURFACE('',#12624,1.4);
#2333=FACE_OUTER_BOUND('',#3053,.T.);
#2334=FACE_OUTER_BOUND('',#3054,.T.);
#2335=FACE_OUTER_BOUND('',#3055,.T.);
#2336=FACE_OUTER_BOUND('',#3056,.T.);
#2337=FACE_OUTER_BOUND('',#3057,.T.);
#2338=FACE_OUTER_BOUND('',#3058,.T.);
#2339=FACE_OUTER_BOUND('',#3059,.T.);
#2340=FACE_OUTER_BOUND('',#3060,.T.);
#2341=FACE_OUTER_BOUND('',#3061,.T.);
#2342=FACE_OUTER_BOUND('',#3062,.T.);
#2343=FACE_OUTER_BOUND('',#3063,.T.);
#2344=FACE_OUTER_BOUND('',#3064,.T.);
#2345=FACE_OUTER_BOUND('',#3065,.T.);
#2346=FACE_OUTER_BOUND('',#3066,.T.);
#2347=FACE_OUTER_BOUND('',#3067,.T.);
#2348=FACE_OUTER_BOUND('',#3068,.T.);
#2349=FACE_OUTER_BOUND('',#3069,.T.);
#2350=FACE_OUTER_BOUND('',#3070,.T.);
#2351=FACE_OUTER_BOUND('',#3071,.T.);
#2352=FACE_OUTER_BOUND('',#3072,.T.);
#2353=FACE_OUTER_BOUND('',#3073,.T.);
#2354=FACE_OUTER_BOUND('',#3074,.T.);
#2355=FACE_OUTER_BOUND('',#3075,.T.);
#2356=FACE_OUTER_BOUND('',#3076,.T.);
#2357=FACE_OUTER_BOUND('',#3077,.T.);
#2358=FACE_OUTER_BOUND('',#3078,.T.);
#2359=FACE_OUTER_BOUND('',#3079,.T.);
#2360=FACE_OUTER_BOUND('',#3080,.T.);
#2361=FACE_OUTER_BOUND('',#3081,.T.);
#2362=FACE_OUTER_BOUND('',#3082,.T.);
#2363=FACE_OUTER_BOUND('',#3083,.T.);
#2364=FACE_OUTER_BOUND('',#3084,.T.);
#2365=FACE_OUTER_BOUND('',#3085,.T.);
#2366=FACE_OUTER_BOUND('',#3086,.T.);
#2367=FACE_OUTER_BOUND('',#3087,.T.);
#2368=FACE_OUTER_BOUND('',#3088,.T.);
#2369=FACE_OUTER_BOUND('',#3089,.T.);
#2370=FACE_OUTER_BOUND('',#3090,.T.);
#2371=FACE_OUTER_BOUND('',#3091,.T.);
#2372=FACE_OUTER_BOUND('',#3092,.T.);
#2373=FACE_OUTER_BOUND('',#3093,.T.);
#2374=FACE_OUTER_BOUND('',#3094,.T.);
#2375=FACE_OUTER_BOUND('',#3095,.T.);
#2376=FACE_OUTER_BOUND('',#3096,.T.);
#2377=FACE_OUTER_BOUND('',#3097,.T.);
#2378=FACE_OUTER_BOUND('',#3098,.T.);
#2379=FACE_OUTER_BOUND('',#3099,.T.);
#2380=FACE_OUTER_BOUND('',#3100,.T.);
#2381=FACE_OUTER_BOUND('',#3101,.T.);
#2382=FACE_OUTER_BOUND('',#3102,.T.);
#2383=FACE_OUTER_BOUND('',#3103,.T.);
#2384=FACE_OUTER_BOUND('',#3104,.T.);
#2385=FACE_OUTER_BOUND('',#3105,.T.);
#2386=FACE_OUTER_BOUND('',#3106,.T.);
#2387=FACE_OUTER_BOUND('',#3107,.T.);
#2388=FACE_OUTER_BOUND('',#3108,.T.);
#2389=FACE_OUTER_BOUND('',#3109,.T.);
#2390=FACE_OUTER_BOUND('',#3110,.T.);
#2391=FACE_OUTER_BOUND('',#3111,.T.);
#2392=FACE_OUTER_BOUND('',#3112,.T.);
#2393=FACE_OUTER_BOUND('',#3113,.T.);
#2394=FACE_OUTER_BOUND('',#3114,.T.);
#2395=FACE_OUTER_BOUND('',#3115,.T.);
#2396=FACE_OUTER_BOUND('',#3116,.T.);
#2397=FACE_OUTER_BOUND('',#3117,.T.);
#2398=FACE_OUTER_BOUND('',#3118,.T.);
#2399=FACE_OUTER_BOUND('',#3119,.T.);
#2400=FACE_OUTER_BOUND('',#3120,.T.);
#2401=FACE_OUTER_BOUND('',#3121,.T.);
#2402=FACE_OUTER_BOUND('',#3122,.T.);
#2403=FACE_OUTER_BOUND('',#3123,.T.);
#2404=FACE_OUTER_BOUND('',#3124,.T.);
#2405=FACE_OUTER_BOUND('',#3125,.T.);
#2406=FACE_OUTER_BOUND('',#3126,.T.);
#2407=FACE_OUTER_BOUND('',#3127,.T.);
#2408=FACE_OUTER_BOUND('',#3128,.T.);
#2409=FACE_OUTER_BOUND('',#3129,.T.);
#2410=FACE_OUTER_BOUND('',#3130,.T.);
#2411=FACE_OUTER_BOUND('',#3131,.T.);
#2412=FACE_OUTER_BOUND('',#3132,.T.);
#2413=FACE_OUTER_BOUND('',#3133,.T.);
#2414=FACE_OUTER_BOUND('',#3134,.T.);
#2415=FACE_OUTER_BOUND('',#3135,.T.);
#2416=FACE_OUTER_BOUND('',#3136,.T.);
#2417=FACE_OUTER_BOUND('',#3137,.T.);
#2418=FACE_OUTER_BOUND('',#3138,.T.);
#2419=FACE_OUTER_BOUND('',#3139,.T.);
#2420=FACE_OUTER_BOUND('',#3140,.T.);
#2421=FACE_OUTER_BOUND('',#3141,.T.);
#2422=FACE_OUTER_BOUND('',#3142,.T.);
#2423=FACE_OUTER_BOUND('',#3143,.T.);
#2424=FACE_OUTER_BOUND('',#3144,.T.);
#2425=FACE_OUTER_BOUND('',#3145,.T.);
#2426=FACE_OUTER_BOUND('',#3146,.T.);
#2427=FACE_OUTER_BOUND('',#3147,.T.);
#2428=FACE_OUTER_BOUND('',#3148,.T.);
#2429=FACE_OUTER_BOUND('',#3149,.T.);
#2430=FACE_OUTER_BOUND('',#3150,.T.);
#2431=FACE_OUTER_BOUND('',#3151,.T.);
#2432=FACE_OUTER_BOUND('',#3152,.T.);
#2433=FACE_OUTER_BOUND('',#3153,.T.);
#2434=FACE_OUTER_BOUND('',#3154,.T.);
#2435=FACE_OUTER_BOUND('',#3155,.T.);
#2436=FACE_OUTER_BOUND('',#3156,.T.);
#2437=FACE_OUTER_BOUND('',#3157,.T.);
#2438=FACE_OUTER_BOUND('',#3158,.T.);
#2439=FACE_OUTER_BOUND('',#3159,.T.);
#2440=FACE_OUTER_BOUND('',#3160,.T.);
#2441=FACE_OUTER_BOUND('',#3161,.T.);
#2442=FACE_OUTER_BOUND('',#3162,.T.);
#2443=FACE_OUTER_BOUND('',#3163,.T.);
#2444=FACE_OUTER_BOUND('',#3164,.T.);
#2445=FACE_OUTER_BOUND('',#3165,.T.);
#2446=FACE_OUTER_BOUND('',#3166,.T.);
#2447=FACE_OUTER_BOUND('',#3167,.T.);
#2448=FACE_OUTER_BOUND('',#3168,.T.);
#2449=FACE_OUTER_BOUND('',#3169,.T.);
#2450=FACE_OUTER_BOUND('',#3170,.T.);
#2451=FACE_OUTER_BOUND('',#3171,.T.);
#2452=FACE_OUTER_BOUND('',#3172,.T.);
#2453=FACE_OUTER_BOUND('',#3173,.T.);
#2454=FACE_OUTER_BOUND('',#3174,.T.);
#2455=FACE_OUTER_BOUND('',#3175,.T.);
#2456=FACE_OUTER_BOUND('',#3176,.T.);
#2457=FACE_OUTER_BOUND('',#3177,.T.);
#2458=FACE_OUTER_BOUND('',#3178,.T.);
#2459=FACE_OUTER_BOUND('',#3179,.T.);
#2460=FACE_OUTER_BOUND('',#3180,.T.);
#2461=FACE_OUTER_BOUND('',#3181,.T.);
#2462=FACE_OUTER_BOUND('',#3182,.T.);
#2463=FACE_OUTER_BOUND('',#3183,.T.);
#2464=FACE_OUTER_BOUND('',#3184,.T.);
#2465=FACE_OUTER_BOUND('',#3185,.T.);
#2466=FACE_OUTER_BOUND('',#3186,.T.);
#2467=FACE_OUTER_BOUND('',#3187,.T.);
#2468=FACE_OUTER_BOUND('',#3188,.T.);
#2469=FACE_OUTER_BOUND('',#3189,.T.);
#2470=FACE_OUTER_BOUND('',#3190,.T.);
#2471=FACE_OUTER_BOUND('',#3191,.T.);
#2472=FACE_OUTER_BOUND('',#3192,.T.);
#2473=FACE_OUTER_BOUND('',#3193,.T.);
#2474=FACE_OUTER_BOUND('',#3194,.T.);
#2475=FACE_OUTER_BOUND('',#3195,.T.);
#2476=FACE_OUTER_BOUND('',#3196,.T.);
#2477=FACE_OUTER_BOUND('',#3197,.T.);
#2478=FACE_OUTER_BOUND('',#3198,.T.);
#2479=FACE_OUTER_BOUND('',#3199,.T.);
#2480=FACE_OUTER_BOUND('',#3200,.T.);
#2481=FACE_OUTER_BOUND('',#3201,.T.);
#2482=FACE_OUTER_BOUND('',#3202,.T.);
#2483=FACE_OUTER_BOUND('',#3203,.T.);
#2484=FACE_OUTER_BOUND('',#3204,.T.);
#2485=FACE_OUTER_BOUND('',#3205,.T.);
#2486=FACE_OUTER_BOUND('',#3206,.T.);
#2487=FACE_OUTER_BOUND('',#3207,.T.);
#2488=FACE_OUTER_BOUND('',#3208,.T.);
#2489=FACE_OUTER_BOUND('',#3209,.T.);
#2490=FACE_OUTER_BOUND('',#3210,.T.);
#2491=FACE_OUTER_BOUND('',#3211,.T.);
#2492=FACE_OUTER_BOUND('',#3212,.T.);
#2493=FACE_OUTER_BOUND('',#3213,.T.);
#2494=FACE_OUTER_BOUND('',#3214,.T.);
#2495=FACE_OUTER_BOUND('',#3215,.T.);
#2496=FACE_OUTER_BOUND('',#3216,.T.);
#2497=FACE_OUTER_BOUND('',#3217,.T.);
#2498=FACE_OUTER_BOUND('',#3218,.T.);
#2499=FACE_OUTER_BOUND('',#3219,.T.);
#2500=FACE_OUTER_BOUND('',#3220,.T.);
#2501=FACE_OUTER_BOUND('',#3221,.T.);
#2502=FACE_OUTER_BOUND('',#3222,.T.);
#2503=FACE_OUTER_BOUND('',#3223,.T.);
#2504=FACE_OUTER_BOUND('',#3224,.T.);
#2505=FACE_OUTER_BOUND('',#3225,.T.);
#2506=FACE_OUTER_BOUND('',#3226,.T.);
#2507=FACE_OUTER_BOUND('',#3227,.T.);
#2508=FACE_OUTER_BOUND('',#3228,.T.);
#2509=FACE_OUTER_BOUND('',#3229,.T.);
#2510=FACE_OUTER_BOUND('',#3230,.T.);
#2511=FACE_OUTER_BOUND('',#3231,.T.);
#2512=FACE_OUTER_BOUND('',#3232,.T.);
#2513=FACE_OUTER_BOUND('',#3233,.T.);
#2514=FACE_OUTER_BOUND('',#3234,.T.);
#2515=FACE_OUTER_BOUND('',#3235,.T.);
#2516=FACE_OUTER_BOUND('',#3236,.T.);
#2517=FACE_OUTER_BOUND('',#3237,.T.);
#2518=FACE_OUTER_BOUND('',#3238,.T.);
#2519=FACE_OUTER_BOUND('',#3239,.T.);
#2520=FACE_OUTER_BOUND('',#3240,.T.);
#2521=FACE_OUTER_BOUND('',#3241,.T.);
#2522=FACE_OUTER_BOUND('',#3242,.T.);
#2523=FACE_OUTER_BOUND('',#3243,.T.);
#2524=FACE_OUTER_BOUND('',#3244,.T.);
#2525=FACE_OUTER_BOUND('',#3245,.T.);
#2526=FACE_OUTER_BOUND('',#3246,.T.);
#2527=FACE_OUTER_BOUND('',#3247,.T.);
#2528=FACE_OUTER_BOUND('',#3248,.T.);
#2529=FACE_OUTER_BOUND('',#3249,.T.);
#2530=FACE_OUTER_BOUND('',#3250,.T.);
#2531=FACE_OUTER_BOUND('',#3251,.T.);
#2532=FACE_OUTER_BOUND('',#3252,.T.);
#2533=FACE_OUTER_BOUND('',#3253,.T.);
#2534=FACE_OUTER_BOUND('',#3254,.T.);
#2535=FACE_OUTER_BOUND('',#3255,.T.);
#2536=FACE_OUTER_BOUND('',#3256,.T.);
#2537=FACE_OUTER_BOUND('',#3257,.T.);
#2538=FACE_OUTER_BOUND('',#3258,.T.);
#2539=FACE_OUTER_BOUND('',#3259,.T.);
#2540=FACE_OUTER_BOUND('',#3260,.T.);
#2541=FACE_OUTER_BOUND('',#3261,.T.);
#2542=FACE_OUTER_BOUND('',#3262,.T.);
#2543=FACE_OUTER_BOUND('',#3263,.T.);
#2544=FACE_OUTER_BOUND('',#3264,.T.);
#2545=FACE_OUTER_BOUND('',#3265,.T.);
#2546=FACE_OUTER_BOUND('',#3266,.T.);
#2547=FACE_OUTER_BOUND('',#3267,.T.);
#2548=FACE_OUTER_BOUND('',#3268,.T.);
#2549=FACE_OUTER_BOUND('',#3269,.T.);
#2550=FACE_OUTER_BOUND('',#3270,.T.);
#2551=FACE_OUTER_BOUND('',#3271,.T.);
#2552=FACE_OUTER_BOUND('',#3272,.T.);
#2553=FACE_OUTER_BOUND('',#3273,.T.);
#2554=FACE_OUTER_BOUND('',#3274,.T.);
#2555=FACE_OUTER_BOUND('',#3275,.T.);
#2556=FACE_OUTER_BOUND('',#3276,.T.);
#2557=FACE_OUTER_BOUND('',#3277,.T.);
#2558=FACE_OUTER_BOUND('',#3278,.T.);
#2559=FACE_OUTER_BOUND('',#3279,.T.);
#2560=FACE_OUTER_BOUND('',#3280,.T.);
#2561=FACE_OUTER_BOUND('',#3281,.T.);
#2562=FACE_OUTER_BOUND('',#3282,.T.);
#2563=FACE_OUTER_BOUND('',#3283,.T.);
#2564=FACE_OUTER_BOUND('',#3284,.T.);
#2565=FACE_OUTER_BOUND('',#3285,.T.);
#2566=FACE_OUTER_BOUND('',#3286,.T.);
#2567=FACE_OUTER_BOUND('',#3287,.T.);
#2568=FACE_OUTER_BOUND('',#3288,.T.);
#2569=FACE_OUTER_BOUND('',#3289,.T.);
#2570=FACE_OUTER_BOUND('',#3290,.T.);
#2571=FACE_OUTER_BOUND('',#3291,.T.);
#2572=FACE_OUTER_BOUND('',#3292,.T.);
#2573=FACE_OUTER_BOUND('',#3293,.T.);
#2574=FACE_OUTER_BOUND('',#3294,.T.);
#2575=FACE_OUTER_BOUND('',#3295,.T.);
#2576=FACE_OUTER_BOUND('',#3296,.T.);
#2577=FACE_OUTER_BOUND('',#3297,.T.);
#2578=FACE_OUTER_BOUND('',#3298,.T.);
#2579=FACE_OUTER_BOUND('',#3299,.T.);
#2580=FACE_OUTER_BOUND('',#3300,.T.);
#2581=FACE_OUTER_BOUND('',#3301,.T.);
#2582=FACE_OUTER_BOUND('',#3302,.T.);
#2583=FACE_OUTER_BOUND('',#3303,.T.);
#2584=FACE_OUTER_BOUND('',#3304,.T.);
#2585=FACE_OUTER_BOUND('',#3305,.T.);
#2586=FACE_OUTER_BOUND('',#3306,.T.);
#2587=FACE_OUTER_BOUND('',#3307,.T.);
#2588=FACE_OUTER_BOUND('',#3308,.T.);
#2589=FACE_OUTER_BOUND('',#3309,.T.);
#2590=FACE_OUTER_BOUND('',#3310,.T.);
#2591=FACE_OUTER_BOUND('',#3311,.T.);
#2592=FACE_OUTER_BOUND('',#3312,.T.);
#2593=FACE_OUTER_BOUND('',#3313,.T.);
#2594=FACE_OUTER_BOUND('',#3314,.T.);
#2595=FACE_OUTER_BOUND('',#3315,.T.);
#2596=FACE_OUTER_BOUND('',#3316,.T.);
#2597=FACE_OUTER_BOUND('',#3317,.T.);
#2598=FACE_OUTER_BOUND('',#3318,.T.);
#2599=FACE_OUTER_BOUND('',#3319,.T.);
#2600=FACE_OUTER_BOUND('',#3320,.T.);
#2601=FACE_OUTER_BOUND('',#3321,.T.);
#2602=FACE_OUTER_BOUND('',#3322,.T.);
#2603=FACE_OUTER_BOUND('',#3323,.T.);
#2604=FACE_OUTER_BOUND('',#3324,.T.);
#2605=FACE_OUTER_BOUND('',#3325,.T.);
#2606=FACE_OUTER_BOUND('',#3326,.T.);
#2607=FACE_OUTER_BOUND('',#3327,.T.);
#2608=FACE_OUTER_BOUND('',#3328,.T.);
#2609=FACE_OUTER_BOUND('',#3329,.T.);
#2610=FACE_OUTER_BOUND('',#3330,.T.);
#2611=FACE_OUTER_BOUND('',#3331,.T.);
#2612=FACE_OUTER_BOUND('',#3332,.T.);
#2613=FACE_OUTER_BOUND('',#3333,.T.);
#2614=FACE_OUTER_BOUND('',#3334,.T.);
#2615=FACE_OUTER_BOUND('',#3335,.T.);
#2616=FACE_OUTER_BOUND('',#3336,.T.);
#2617=FACE_OUTER_BOUND('',#3337,.T.);
#2618=FACE_OUTER_BOUND('',#3338,.T.);
#2619=FACE_OUTER_BOUND('',#3339,.T.);
#2620=FACE_OUTER_BOUND('',#3340,.T.);
#2621=FACE_OUTER_BOUND('',#3341,.T.);
#2622=FACE_OUTER_BOUND('',#3342,.T.);
#2623=FACE_OUTER_BOUND('',#3343,.T.);
#2624=FACE_OUTER_BOUND('',#3344,.T.);
#2625=FACE_OUTER_BOUND('',#3345,.T.);
#2626=FACE_OUTER_BOUND('',#3346,.T.);
#2627=FACE_OUTER_BOUND('',#3347,.T.);
#2628=FACE_OUTER_BOUND('',#3348,.T.);
#2629=FACE_OUTER_BOUND('',#3349,.T.);
#2630=FACE_OUTER_BOUND('',#3350,.T.);
#2631=FACE_OUTER_BOUND('',#3351,.T.);
#2632=FACE_OUTER_BOUND('',#3352,.T.);
#2633=FACE_OUTER_BOUND('',#3353,.T.);
#2634=FACE_OUTER_BOUND('',#3354,.T.);
#2635=FACE_OUTER_BOUND('',#3355,.T.);
#2636=FACE_OUTER_BOUND('',#3356,.T.);
#2637=FACE_OUTER_BOUND('',#3357,.T.);
#2638=FACE_OUTER_BOUND('',#3358,.T.);
#2639=FACE_OUTER_BOUND('',#3359,.T.);
#2640=FACE_OUTER_BOUND('',#3360,.T.);
#2641=FACE_OUTER_BOUND('',#3361,.T.);
#2642=FACE_OUTER_BOUND('',#3362,.T.);
#2643=FACE_OUTER_BOUND('',#3363,.T.);
#2644=FACE_OUTER_BOUND('',#3364,.T.);
#2645=FACE_OUTER_BOUND('',#3365,.T.);
#2646=FACE_OUTER_BOUND('',#3366,.T.);
#2647=FACE_OUTER_BOUND('',#3367,.T.);
#2648=FACE_OUTER_BOUND('',#3368,.T.);
#2649=FACE_OUTER_BOUND('',#3369,.T.);
#2650=FACE_OUTER_BOUND('',#3370,.T.);
#2651=FACE_OUTER_BOUND('',#3371,.T.);
#2652=FACE_OUTER_BOUND('',#3372,.T.);
#2653=FACE_OUTER_BOUND('',#3373,.T.);
#2654=FACE_OUTER_BOUND('',#3374,.T.);
#2655=FACE_OUTER_BOUND('',#3375,.T.);
#2656=FACE_OUTER_BOUND('',#3376,.T.);
#2657=FACE_OUTER_BOUND('',#3377,.T.);
#2658=FACE_OUTER_BOUND('',#3378,.T.);
#2659=FACE_OUTER_BOUND('',#3379,.T.);
#2660=FACE_OUTER_BOUND('',#3380,.T.);
#2661=FACE_OUTER_BOUND('',#3381,.T.);
#2662=FACE_OUTER_BOUND('',#3382,.T.);
#2663=FACE_OUTER_BOUND('',#3383,.T.);
#2664=FACE_OUTER_BOUND('',#3384,.T.);
#2665=FACE_OUTER_BOUND('',#3385,.T.);
#2666=FACE_OUTER_BOUND('',#3386,.T.);
#2667=FACE_OUTER_BOUND('',#3387,.T.);
#2668=FACE_OUTER_BOUND('',#3388,.T.);
#2669=FACE_OUTER_BOUND('',#3389,.T.);
#2670=FACE_OUTER_BOUND('',#3390,.T.);
#2671=FACE_OUTER_BOUND('',#3391,.T.);
#2672=FACE_OUTER_BOUND('',#3392,.T.);
#2673=FACE_OUTER_BOUND('',#3393,.T.);
#2674=FACE_OUTER_BOUND('',#3394,.T.);
#2675=FACE_OUTER_BOUND('',#3395,.T.);
#2676=FACE_OUTER_BOUND('',#3396,.T.);
#2677=FACE_OUTER_BOUND('',#3397,.T.);
#2678=FACE_OUTER_BOUND('',#3398,.T.);
#2679=FACE_OUTER_BOUND('',#3399,.T.);
#2680=FACE_OUTER_BOUND('',#3400,.T.);
#2681=FACE_OUTER_BOUND('',#3401,.T.);
#2682=FACE_OUTER_BOUND('',#3402,.T.);
#2683=FACE_OUTER_BOUND('',#3403,.T.);
#2684=FACE_OUTER_BOUND('',#3404,.T.);
#2685=FACE_OUTER_BOUND('',#3405,.T.);
#2686=FACE_OUTER_BOUND('',#3406,.T.);
#2687=FACE_OUTER_BOUND('',#3407,.T.);
#2688=FACE_OUTER_BOUND('',#3408,.T.);
#2689=FACE_OUTER_BOUND('',#3409,.T.);
#2690=FACE_OUTER_BOUND('',#3410,.T.);
#2691=FACE_OUTER_BOUND('',#3411,.T.);
#2692=FACE_OUTER_BOUND('',#3412,.T.);
#2693=FACE_OUTER_BOUND('',#3413,.T.);
#2694=FACE_OUTER_BOUND('',#3414,.T.);
#2695=FACE_OUTER_BOUND('',#3415,.T.);
#2696=FACE_OUTER_BOUND('',#3416,.T.);
#2697=FACE_OUTER_BOUND('',#3417,.T.);
#2698=FACE_OUTER_BOUND('',#3418,.T.);
#2699=FACE_OUTER_BOUND('',#3419,.T.);
#2700=FACE_OUTER_BOUND('',#3420,.T.);
#2701=FACE_OUTER_BOUND('',#3421,.T.);
#2702=FACE_OUTER_BOUND('',#3422,.T.);
#2703=FACE_OUTER_BOUND('',#3423,.T.);
#2704=FACE_OUTER_BOUND('',#3424,.T.);
#2705=FACE_OUTER_BOUND('',#3425,.T.);
#2706=FACE_OUTER_BOUND('',#3426,.T.);
#2707=FACE_OUTER_BOUND('',#3427,.T.);
#2708=FACE_OUTER_BOUND('',#3428,.T.);
#2709=FACE_OUTER_BOUND('',#3429,.T.);
#2710=FACE_OUTER_BOUND('',#3430,.T.);
#2711=FACE_OUTER_BOUND('',#3431,.T.);
#2712=FACE_OUTER_BOUND('',#3432,.T.);
#2713=FACE_OUTER_BOUND('',#3433,.T.);
#2714=FACE_OUTER_BOUND('',#3434,.T.);
#2715=FACE_OUTER_BOUND('',#3435,.T.);
#2716=FACE_OUTER_BOUND('',#3436,.T.);
#2717=FACE_OUTER_BOUND('',#3437,.T.);
#2718=FACE_OUTER_BOUND('',#3438,.T.);
#2719=FACE_OUTER_BOUND('',#3439,.T.);
#2720=FACE_OUTER_BOUND('',#3440,.T.);
#2721=FACE_OUTER_BOUND('',#3441,.T.);
#2722=FACE_OUTER_BOUND('',#3442,.T.);
#2723=FACE_OUTER_BOUND('',#3443,.T.);
#2724=FACE_OUTER_BOUND('',#3444,.T.);
#2725=FACE_OUTER_BOUND('',#3445,.T.);
#2726=FACE_OUTER_BOUND('',#3446,.T.);
#2727=FACE_OUTER_BOUND('',#3447,.T.);
#2728=FACE_OUTER_BOUND('',#3448,.T.);
#2729=FACE_OUTER_BOUND('',#3449,.T.);
#2730=FACE_OUTER_BOUND('',#3450,.T.);
#2731=FACE_OUTER_BOUND('',#3451,.T.);
#2732=FACE_OUTER_BOUND('',#3452,.T.);
#2733=FACE_OUTER_BOUND('',#3453,.T.);
#2734=FACE_OUTER_BOUND('',#3454,.T.);
#2735=FACE_OUTER_BOUND('',#3455,.T.);
#2736=FACE_OUTER_BOUND('',#3456,.T.);
#2737=FACE_OUTER_BOUND('',#3457,.T.);
#2738=FACE_OUTER_BOUND('',#3458,.T.);
#2739=FACE_OUTER_BOUND('',#3459,.T.);
#2740=FACE_OUTER_BOUND('',#3460,.T.);
#2741=FACE_OUTER_BOUND('',#3461,.T.);
#2742=FACE_OUTER_BOUND('',#3462,.T.);
#2743=FACE_OUTER_BOUND('',#3463,.T.);
#2744=FACE_OUTER_BOUND('',#3464,.T.);
#2745=FACE_OUTER_BOUND('',#3465,.T.);
#2746=FACE_OUTER_BOUND('',#3466,.T.);
#2747=FACE_OUTER_BOUND('',#3467,.T.);
#2748=FACE_OUTER_BOUND('',#3468,.T.);
#2749=FACE_OUTER_BOUND('',#3469,.T.);
#2750=FACE_OUTER_BOUND('',#3470,.T.);
#2751=FACE_OUTER_BOUND('',#3471,.T.);
#2752=FACE_OUTER_BOUND('',#3472,.T.);
#2753=FACE_OUTER_BOUND('',#3473,.T.);
#2754=FACE_OUTER_BOUND('',#3474,.T.);
#2755=FACE_OUTER_BOUND('',#3475,.T.);
#2756=FACE_OUTER_BOUND('',#3476,.T.);
#2757=FACE_OUTER_BOUND('',#3477,.T.);
#2758=FACE_OUTER_BOUND('',#3478,.T.);
#2759=FACE_OUTER_BOUND('',#3479,.T.);
#2760=FACE_OUTER_BOUND('',#3480,.T.);
#2761=FACE_OUTER_BOUND('',#3481,.T.);
#2762=FACE_OUTER_BOUND('',#3482,.T.);
#2763=FACE_OUTER_BOUND('',#3483,.T.);
#2764=FACE_OUTER_BOUND('',#3484,.T.);
#2765=FACE_OUTER_BOUND('',#3485,.T.);
#2766=FACE_OUTER_BOUND('',#3486,.T.);
#2767=FACE_OUTER_BOUND('',#3487,.T.);
#2768=FACE_OUTER_BOUND('',#3488,.T.);
#2769=FACE_OUTER_BOUND('',#3489,.T.);
#2770=FACE_OUTER_BOUND('',#3490,.T.);
#2771=FACE_OUTER_BOUND('',#3491,.T.);
#2772=FACE_OUTER_BOUND('',#3492,.T.);
#2773=FACE_OUTER_BOUND('',#3493,.T.);
#2774=FACE_OUTER_BOUND('',#3494,.T.);
#2775=FACE_OUTER_BOUND('',#3495,.T.);
#2776=FACE_OUTER_BOUND('',#3496,.T.);
#2777=FACE_OUTER_BOUND('',#3497,.T.);
#2778=FACE_OUTER_BOUND('',#3498,.T.);
#2779=FACE_OUTER_BOUND('',#3499,.T.);
#2780=FACE_OUTER_BOUND('',#3500,.T.);
#2781=FACE_OUTER_BOUND('',#3501,.T.);
#2782=FACE_OUTER_BOUND('',#3502,.T.);
#2783=FACE_OUTER_BOUND('',#3503,.T.);
#2784=FACE_OUTER_BOUND('',#3504,.T.);
#2785=FACE_OUTER_BOUND('',#3505,.T.);
#2786=FACE_OUTER_BOUND('',#3506,.T.);
#2787=FACE_OUTER_BOUND('',#3507,.T.);
#2788=FACE_OUTER_BOUND('',#3508,.T.);
#2789=FACE_OUTER_BOUND('',#3509,.T.);
#2790=FACE_OUTER_BOUND('',#3510,.T.);
#2791=FACE_OUTER_BOUND('',#3511,.T.);
#2792=FACE_OUTER_BOUND('',#3512,.T.);
#2793=FACE_OUTER_BOUND('',#3513,.T.);
#2794=FACE_OUTER_BOUND('',#3514,.T.);
#2795=FACE_OUTER_BOUND('',#3515,.T.);
#2796=FACE_OUTER_BOUND('',#3516,.T.);
#2797=FACE_OUTER_BOUND('',#3517,.T.);
#2798=FACE_OUTER_BOUND('',#3518,.T.);
#2799=FACE_OUTER_BOUND('',#3519,.T.);
#2800=FACE_OUTER_BOUND('',#3520,.T.);
#2801=FACE_OUTER_BOUND('',#3521,.T.);
#2802=FACE_OUTER_BOUND('',#3522,.T.);
#2803=FACE_OUTER_BOUND('',#3523,.T.);
#2804=FACE_OUTER_BOUND('',#3524,.T.);
#2805=FACE_OUTER_BOUND('',#3525,.T.);
#2806=FACE_OUTER_BOUND('',#3526,.T.);
#2807=FACE_OUTER_BOUND('',#3527,.T.);
#2808=FACE_OUTER_BOUND('',#3528,.T.);
#2809=FACE_OUTER_BOUND('',#3529,.T.);
#2810=FACE_OUTER_BOUND('',#3530,.T.);
#2811=FACE_OUTER_BOUND('',#3531,.T.);
#2812=FACE_OUTER_BOUND('',#3532,.T.);
#2813=FACE_OUTER_BOUND('',#3533,.T.);
#2814=FACE_OUTER_BOUND('',#3534,.T.);
#2815=FACE_OUTER_BOUND('',#3535,.T.);
#2816=FACE_OUTER_BOUND('',#3536,.T.);
#2817=FACE_OUTER_BOUND('',#3537,.T.);
#2818=FACE_OUTER_BOUND('',#3538,.T.);
#2819=FACE_OUTER_BOUND('',#3539,.T.);
#2820=FACE_OUTER_BOUND('',#3540,.T.);
#2821=FACE_OUTER_BOUND('',#3541,.T.);
#2822=FACE_OUTER_BOUND('',#3542,.T.);
#2823=FACE_OUTER_BOUND('',#3543,.T.);
#2824=FACE_OUTER_BOUND('',#3544,.T.);
#2825=FACE_OUTER_BOUND('',#3545,.T.);
#2826=FACE_OUTER_BOUND('',#3546,.T.);
#2827=FACE_OUTER_BOUND('',#3547,.T.);
#2828=FACE_OUTER_BOUND('',#3548,.T.);
#2829=FACE_OUTER_BOUND('',#3549,.T.);
#2830=FACE_OUTER_BOUND('',#3550,.T.);
#2831=FACE_OUTER_BOUND('',#3551,.T.);
#2832=FACE_OUTER_BOUND('',#3552,.T.);
#2833=FACE_OUTER_BOUND('',#3553,.T.);
#2834=FACE_OUTER_BOUND('',#3554,.T.);
#2835=FACE_OUTER_BOUND('',#3555,.T.);
#2836=FACE_OUTER_BOUND('',#3556,.T.);
#2837=FACE_OUTER_BOUND('',#3557,.T.);
#2838=FACE_OUTER_BOUND('',#3558,.T.);
#2839=FACE_OUTER_BOUND('',#3559,.T.);
#2840=FACE_OUTER_BOUND('',#3560,.T.);
#2841=FACE_OUTER_BOUND('',#3561,.T.);
#2842=FACE_OUTER_BOUND('',#3562,.T.);
#2843=FACE_OUTER_BOUND('',#3563,.T.);
#2844=FACE_OUTER_BOUND('',#3564,.T.);
#2845=FACE_OUTER_BOUND('',#3565,.T.);
#2846=FACE_OUTER_BOUND('',#3566,.T.);
#2847=FACE_OUTER_BOUND('',#3567,.T.);
#2848=FACE_OUTER_BOUND('',#3568,.T.);
#2849=FACE_OUTER_BOUND('',#3569,.T.);
#2850=FACE_OUTER_BOUND('',#3570,.T.);
#2851=FACE_OUTER_BOUND('',#3571,.T.);
#2852=FACE_OUTER_BOUND('',#3572,.T.);
#2853=FACE_OUTER_BOUND('',#3573,.T.);
#2854=FACE_OUTER_BOUND('',#3574,.T.);
#2855=FACE_OUTER_BOUND('',#3575,.T.);
#2856=FACE_OUTER_BOUND('',#3576,.T.);
#2857=FACE_OUTER_BOUND('',#3577,.T.);
#2858=FACE_OUTER_BOUND('',#3578,.T.);
#2859=FACE_OUTER_BOUND('',#3579,.T.);
#2860=FACE_OUTER_BOUND('',#3580,.T.);
#2861=FACE_OUTER_BOUND('',#3581,.T.);
#2862=FACE_OUTER_BOUND('',#3582,.T.);
#2863=FACE_OUTER_BOUND('',#3583,.T.);
#2864=FACE_OUTER_BOUND('',#3584,.T.);
#2865=FACE_OUTER_BOUND('',#3585,.T.);
#2866=FACE_OUTER_BOUND('',#3586,.T.);
#2867=FACE_OUTER_BOUND('',#3587,.T.);
#2868=FACE_OUTER_BOUND('',#3588,.T.);
#2869=FACE_OUTER_BOUND('',#3589,.T.);
#2870=FACE_OUTER_BOUND('',#3590,.T.);
#2871=FACE_OUTER_BOUND('',#3591,.T.);
#2872=FACE_OUTER_BOUND('',#3592,.T.);
#2873=FACE_OUTER_BOUND('',#3593,.T.);
#2874=FACE_OUTER_BOUND('',#3594,.T.);
#2875=FACE_OUTER_BOUND('',#3595,.T.);
#2876=FACE_OUTER_BOUND('',#3596,.T.);
#2877=FACE_OUTER_BOUND('',#3597,.T.);
#2878=FACE_OUTER_BOUND('',#3598,.T.);
#2879=FACE_OUTER_BOUND('',#3599,.T.);
#2880=FACE_OUTER_BOUND('',#3600,.T.);
#2881=FACE_OUTER_BOUND('',#3601,.T.);
#2882=FACE_OUTER_BOUND('',#3602,.T.);
#2883=FACE_OUTER_BOUND('',#3603,.T.);
#2884=FACE_OUTER_BOUND('',#3604,.T.);
#2885=FACE_OUTER_BOUND('',#3605,.T.);
#2886=FACE_OUTER_BOUND('',#3606,.T.);
#2887=FACE_OUTER_BOUND('',#3607,.T.);
#2888=FACE_OUTER_BOUND('',#3608,.T.);
#2889=FACE_OUTER_BOUND('',#3609,.T.);
#2890=FACE_OUTER_BOUND('',#3610,.T.);
#2891=FACE_OUTER_BOUND('',#3611,.T.);
#2892=FACE_OUTER_BOUND('',#3612,.T.);
#2893=FACE_OUTER_BOUND('',#3613,.T.);
#2894=FACE_OUTER_BOUND('',#3614,.T.);
#2895=FACE_OUTER_BOUND('',#3615,.T.);
#2896=FACE_OUTER_BOUND('',#3616,.T.);
#2897=FACE_OUTER_BOUND('',#3617,.T.);
#2898=FACE_OUTER_BOUND('',#3618,.T.);
#2899=FACE_OUTER_BOUND('',#3619,.T.);
#2900=FACE_OUTER_BOUND('',#3620,.T.);
#2901=FACE_OUTER_BOUND('',#3621,.T.);
#2902=FACE_OUTER_BOUND('',#3622,.T.);
#2903=FACE_OUTER_BOUND('',#3623,.T.);
#2904=FACE_OUTER_BOUND('',#3624,.T.);
#2905=FACE_OUTER_BOUND('',#3625,.T.);
#2906=FACE_OUTER_BOUND('',#3626,.T.);
#2907=FACE_OUTER_BOUND('',#3627,.T.);
#2908=FACE_OUTER_BOUND('',#3628,.T.);
#2909=FACE_OUTER_BOUND('',#3629,.T.);
#2910=FACE_OUTER_BOUND('',#3630,.T.);
#2911=FACE_OUTER_BOUND('',#3631,.T.);
#2912=FACE_OUTER_BOUND('',#3632,.T.);
#2913=FACE_OUTER_BOUND('',#3633,.T.);
#2914=FACE_OUTER_BOUND('',#3634,.T.);
#2915=FACE_OUTER_BOUND('',#3635,.T.);
#2916=FACE_OUTER_BOUND('',#3636,.T.);
#2917=FACE_OUTER_BOUND('',#3637,.T.);
#2918=FACE_OUTER_BOUND('',#3638,.T.);
#2919=FACE_OUTER_BOUND('',#3639,.T.);
#2920=FACE_OUTER_BOUND('',#3640,.T.);
#2921=FACE_OUTER_BOUND('',#3641,.T.);
#2922=FACE_OUTER_BOUND('',#3642,.T.);
#2923=FACE_OUTER_BOUND('',#3643,.T.);
#2924=FACE_OUTER_BOUND('',#3644,.T.);
#2925=FACE_OUTER_BOUND('',#3645,.T.);
#2926=FACE_OUTER_BOUND('',#3646,.T.);
#2927=FACE_OUTER_BOUND('',#3647,.T.);
#2928=FACE_OUTER_BOUND('',#3648,.T.);
#2929=FACE_OUTER_BOUND('',#3649,.T.);
#2930=FACE_OUTER_BOUND('',#3650,.T.);
#2931=FACE_OUTER_BOUND('',#3651,.T.);
#2932=FACE_OUTER_BOUND('',#3652,.T.);
#2933=FACE_OUTER_BOUND('',#3653,.T.);
#2934=FACE_OUTER_BOUND('',#3654,.T.);
#2935=FACE_OUTER_BOUND('',#3655,.T.);
#2936=FACE_OUTER_BOUND('',#3656,.T.);
#2937=FACE_OUTER_BOUND('',#3657,.T.);
#2938=FACE_OUTER_BOUND('',#3658,.T.);
#2939=FACE_OUTER_BOUND('',#3659,.T.);
#2940=FACE_OUTER_BOUND('',#3660,.T.);
#2941=FACE_OUTER_BOUND('',#3661,.T.);
#2942=FACE_OUTER_BOUND('',#3662,.T.);
#2943=FACE_OUTER_BOUND('',#3663,.T.);
#2944=FACE_OUTER_BOUND('',#3664,.T.);
#2945=FACE_OUTER_BOUND('',#3665,.T.);
#2946=FACE_OUTER_BOUND('',#3666,.T.);
#2947=FACE_OUTER_BOUND('',#3667,.T.);
#2948=FACE_OUTER_BOUND('',#3668,.T.);
#2949=FACE_OUTER_BOUND('',#3669,.T.);
#2950=FACE_OUTER_BOUND('',#3670,.T.);
#2951=FACE_OUTER_BOUND('',#3671,.T.);
#2952=FACE_OUTER_BOUND('',#3672,.T.);
#2953=FACE_OUTER_BOUND('',#3673,.T.);
#2954=FACE_OUTER_BOUND('',#3674,.T.);
#2955=FACE_OUTER_BOUND('',#3675,.T.);
#2956=FACE_OUTER_BOUND('',#3676,.T.);
#2957=FACE_OUTER_BOUND('',#3677,.T.);
#2958=FACE_OUTER_BOUND('',#3678,.T.);
#2959=FACE_OUTER_BOUND('',#3679,.T.);
#2960=FACE_OUTER_BOUND('',#3680,.T.);
#2961=FACE_OUTER_BOUND('',#3681,.T.);
#2962=FACE_OUTER_BOUND('',#3682,.T.);
#2963=FACE_OUTER_BOUND('',#3683,.T.);
#2964=FACE_OUTER_BOUND('',#3684,.T.);
#2965=FACE_OUTER_BOUND('',#3685,.T.);
#2966=FACE_OUTER_BOUND('',#3686,.T.);
#2967=FACE_OUTER_BOUND('',#3687,.T.);
#2968=FACE_OUTER_BOUND('',#3688,.T.);
#2969=FACE_OUTER_BOUND('',#3689,.T.);
#2970=FACE_OUTER_BOUND('',#3690,.T.);
#2971=FACE_OUTER_BOUND('',#3691,.T.);
#2972=FACE_OUTER_BOUND('',#3692,.T.);
#2973=FACE_OUTER_BOUND('',#3693,.T.);
#2974=FACE_OUTER_BOUND('',#3694,.T.);
#2975=FACE_OUTER_BOUND('',#3695,.T.);
#2976=FACE_OUTER_BOUND('',#3696,.T.);
#2977=FACE_OUTER_BOUND('',#3697,.T.);
#2978=FACE_OUTER_BOUND('',#3698,.T.);
#2979=FACE_OUTER_BOUND('',#3699,.T.);
#2980=FACE_OUTER_BOUND('',#3700,.T.);
#2981=FACE_OUTER_BOUND('',#3701,.T.);
#2982=FACE_OUTER_BOUND('',#3702,.T.);
#2983=FACE_OUTER_BOUND('',#3703,.T.);
#2984=FACE_OUTER_BOUND('',#3704,.T.);
#2985=FACE_OUTER_BOUND('',#3705,.T.);
#2986=FACE_OUTER_BOUND('',#3706,.T.);
#2987=FACE_OUTER_BOUND('',#3707,.T.);
#2988=FACE_OUTER_BOUND('',#3708,.T.);
#2989=FACE_OUTER_BOUND('',#3709,.T.);
#2990=FACE_OUTER_BOUND('',#3710,.T.);
#2991=FACE_OUTER_BOUND('',#3711,.T.);
#2992=FACE_OUTER_BOUND('',#3712,.T.);
#2993=FACE_OUTER_BOUND('',#3713,.T.);
#2994=FACE_OUTER_BOUND('',#3714,.T.);
#2995=FACE_OUTER_BOUND('',#3715,.T.);
#2996=FACE_OUTER_BOUND('',#3716,.T.);
#2997=FACE_OUTER_BOUND('',#3717,.T.);
#2998=FACE_OUTER_BOUND('',#3718,.T.);
#2999=FACE_OUTER_BOUND('',#3719,.T.);
#3000=FACE_OUTER_BOUND('',#3720,.T.);
#3001=FACE_OUTER_BOUND('',#3721,.T.);
#3002=FACE_OUTER_BOUND('',#3722,.T.);
#3003=FACE_OUTER_BOUND('',#3723,.T.);
#3004=FACE_OUTER_BOUND('',#3724,.T.);
#3005=FACE_OUTER_BOUND('',#3725,.T.);
#3006=FACE_OUTER_BOUND('',#3726,.T.);
#3007=FACE_OUTER_BOUND('',#3727,.T.);
#3008=FACE_OUTER_BOUND('',#3728,.T.);
#3009=FACE_OUTER_BOUND('',#3729,.T.);
#3010=FACE_OUTER_BOUND('',#3730,.T.);
#3011=FACE_OUTER_BOUND('',#3731,.T.);
#3012=FACE_OUTER_BOUND('',#3732,.T.);
#3013=FACE_OUTER_BOUND('',#3733,.T.);
#3014=FACE_OUTER_BOUND('',#3734,.T.);
#3015=FACE_OUTER_BOUND('',#3735,.T.);
#3016=FACE_OUTER_BOUND('',#3736,.T.);
#3017=FACE_OUTER_BOUND('',#3737,.T.);
#3018=FACE_OUTER_BOUND('',#3738,.T.);
#3019=FACE_OUTER_BOUND('',#3739,.T.);
#3020=FACE_OUTER_BOUND('',#3740,.T.);
#3021=FACE_OUTER_BOUND('',#3741,.T.);
#3022=FACE_OUTER_BOUND('',#3742,.T.);
#3023=FACE_OUTER_BOUND('',#3743,.T.);
#3024=FACE_OUTER_BOUND('',#3744,.T.);
#3025=FACE_OUTER_BOUND('',#3745,.T.);
#3026=FACE_OUTER_BOUND('',#3746,.T.);
#3027=FACE_OUTER_BOUND('',#3747,.T.);
#3028=FACE_OUTER_BOUND('',#3748,.T.);
#3029=FACE_OUTER_BOUND('',#3749,.T.);
#3030=FACE_OUTER_BOUND('',#3750,.T.);
#3031=FACE_OUTER_BOUND('',#3751,.T.);
#3032=FACE_OUTER_BOUND('',#3752,.T.);
#3033=FACE_OUTER_BOUND('',#3753,.T.);
#3034=FACE_OUTER_BOUND('',#3754,.T.);
#3035=FACE_OUTER_BOUND('',#3755,.T.);
#3036=FACE_OUTER_BOUND('',#3756,.T.);
#3037=FACE_OUTER_BOUND('',#3757,.T.);
#3038=FACE_OUTER_BOUND('',#3758,.T.);
#3039=FACE_OUTER_BOUND('',#3759,.T.);
#3040=FACE_OUTER_BOUND('',#3760,.T.);
#3041=FACE_OUTER_BOUND('',#3761,.T.);
#3042=FACE_OUTER_BOUND('',#3762,.T.);
#3043=FACE_OUTER_BOUND('',#3763,.T.);
#3044=FACE_OUTER_BOUND('',#3764,.T.);
#3045=FACE_OUTER_BOUND('',#3765,.T.);
#3046=FACE_OUTER_BOUND('',#3766,.T.);
#3047=FACE_OUTER_BOUND('',#3767,.T.);
#3048=FACE_OUTER_BOUND('',#3768,.T.);
#3049=FACE_OUTER_BOUND('',#3769,.T.);
#3050=FACE_OUTER_BOUND('',#3770,.T.);
#3051=FACE_OUTER_BOUND('',#3771,.T.);
#3052=FACE_OUTER_BOUND('',#3772,.T.);
#3053=EDGE_LOOP('',(#7133,#7134,#7135,#7136));
#3054=EDGE_LOOP('',(#7137,#7138,#7139,#7140));
#3055=EDGE_LOOP('',(#7141,#7142,#7143,#7144));
#3056=EDGE_LOOP('',(#7145,#7146,#7147,#7148));
#3057=EDGE_LOOP('',(#7149,#7150,#7151,#7152));
#3058=EDGE_LOOP('',(#7153,#7154,#7155,#7156));
#3059=EDGE_LOOP('',(#7157,#7158,#7159,#7160));
#3060=EDGE_LOOP('',(#7161,#7162,#7163,#7164));
#3061=EDGE_LOOP('',(#7165,#7166,#7167,#7168));
#3062=EDGE_LOOP('',(#7169,#7170,#7171,#7172));
#3063=EDGE_LOOP('',(#7173,#7174,#7175,#7176));
#3064=EDGE_LOOP('',(#7177,#7178,#7179,#7180));
#3065=EDGE_LOOP('',(#7181,#7182,#7183,#7184,#7185,#7186,#7187,#7188));
#3066=EDGE_LOOP('',(#7189,#7190,#7191,#7192));
#3067=EDGE_LOOP('',(#7193,#7194,#7195,#7196));
#3068=EDGE_LOOP('',(#7197,#7198,#7199,#7200));
#3069=EDGE_LOOP('',(#7201,#7202,#7203,#7204));
#3070=EDGE_LOOP('',(#7205,#7206,#7207,#7208,#7209,#7210,#7211,#7212));
#3071=EDGE_LOOP('',(#7213,#7214,#7215,#7216));
#3072=EDGE_LOOP('',(#7217,#7218,#7219,#7220));
#3073=EDGE_LOOP('',(#7221,#7222,#7223,#7224));
#3074=EDGE_LOOP('',(#7225,#7226,#7227,#7228));
#3075=EDGE_LOOP('',(#7229,#7230,#7231,#7232));
#3076=EDGE_LOOP('',(#7233,#7234,#7235,#7236));
#3077=EDGE_LOOP('',(#7237,#7238,#7239,#7240));
#3078=EDGE_LOOP('',(#7241,#7242,#7243,#7244));
#3079=EDGE_LOOP('',(#7245,#7246,#7247,#7248));
#3080=EDGE_LOOP('',(#7249,#7250,#7251,#7252));
#3081=EDGE_LOOP('',(#7253,#7254,#7255,#7256));
#3082=EDGE_LOOP('',(#7257,#7258,#7259,#7260));
#3083=EDGE_LOOP('',(#7261,#7262,#7263,#7264,#7265,#7266,#7267,#7268));
#3084=EDGE_LOOP('',(#7269,#7270,#7271,#7272));
#3085=EDGE_LOOP('',(#7273,#7274,#7275,#7276));
#3086=EDGE_LOOP('',(#7277,#7278,#7279,#7280));
#3087=EDGE_LOOP('',(#7281,#7282,#7283,#7284));
#3088=EDGE_LOOP('',(#7285,#7286,#7287,#7288,#7289,#7290,#7291,#7292));
#3089=EDGE_LOOP('',(#7293,#7294,#7295,#7296));
#3090=EDGE_LOOP('',(#7297,#7298,#7299,#7300));
#3091=EDGE_LOOP('',(#7301,#7302,#7303,#7304));
#3092=EDGE_LOOP('',(#7305,#7306,#7307,#7308));
#3093=EDGE_LOOP('',(#7309,#7310,#7311,#7312));
#3094=EDGE_LOOP('',(#7313,#7314,#7315,#7316));
#3095=EDGE_LOOP('',(#7317,#7318,#7319,#7320));
#3096=EDGE_LOOP('',(#7321,#7322,#7323,#7324));
#3097=EDGE_LOOP('',(#7325,#7326,#7327,#7328));
#3098=EDGE_LOOP('',(#7329,#7330,#7331,#7332));
#3099=EDGE_LOOP('',(#7333,#7334,#7335,#7336));
#3100=EDGE_LOOP('',(#7337,#7338,#7339,#7340));
#3101=EDGE_LOOP('',(#7341,#7342,#7343,#7344,#7345,#7346,#7347,#7348));
#3102=EDGE_LOOP('',(#7349,#7350,#7351,#7352));
#3103=EDGE_LOOP('',(#7353,#7354,#7355,#7356));
#3104=EDGE_LOOP('',(#7357,#7358,#7359,#7360));
#3105=EDGE_LOOP('',(#7361,#7362,#7363,#7364));
#3106=EDGE_LOOP('',(#7365,#7366,#7367,#7368,#7369,#7370,#7371,#7372));
#3107=EDGE_LOOP('',(#7373,#7374,#7375,#7376));
#3108=EDGE_LOOP('',(#7377,#7378,#7379,#7380));
#3109=EDGE_LOOP('',(#7381,#7382,#7383,#7384));
#3110=EDGE_LOOP('',(#7385,#7386,#7387,#7388));
#3111=EDGE_LOOP('',(#7389,#7390,#7391,#7392));
#3112=EDGE_LOOP('',(#7393,#7394,#7395,#7396));
#3113=EDGE_LOOP('',(#7397,#7398,#7399,#7400));
#3114=EDGE_LOOP('',(#7401,#7402,#7403,#7404));
#3115=EDGE_LOOP('',(#7405,#7406,#7407,#7408));
#3116=EDGE_LOOP('',(#7409,#7410,#7411,#7412));
#3117=EDGE_LOOP('',(#7413,#7414,#7415,#7416));
#3118=EDGE_LOOP('',(#7417,#7418,#7419,#7420));
#3119=EDGE_LOOP('',(#7421,#7422,#7423,#7424,#7425,#7426,#7427,#7428));
#3120=EDGE_LOOP('',(#7429,#7430,#7431,#7432));
#3121=EDGE_LOOP('',(#7433,#7434,#7435,#7436));
#3122=EDGE_LOOP('',(#7437,#7438,#7439,#7440,#7441,#7442,#7443,#7444));
#3123=EDGE_LOOP('',(#7445,#7446,#7447,#7448));
#3124=EDGE_LOOP('',(#7449,#7450,#7451,#7452));
#3125=EDGE_LOOP('',(#7453,#7454,#7455,#7456));
#3126=EDGE_LOOP('',(#7457,#7458,#7459,#7460));
#3127=EDGE_LOOP('',(#7461,#7462,#7463,#7464));
#3128=EDGE_LOOP('',(#7465,#7466,#7467,#7468));
#3129=EDGE_LOOP('',(#7469,#7470,#7471,#7472));
#3130=EDGE_LOOP('',(#7473,#7474,#7475,#7476));
#3131=EDGE_LOOP('',(#7477,#7478,#7479,#7480));
#3132=EDGE_LOOP('',(#7481,#7482,#7483,#7484));
#3133=EDGE_LOOP('',(#7485,#7486,#7487,#7488));
#3134=EDGE_LOOP('',(#7489,#7490,#7491,#7492));
#3135=EDGE_LOOP('',(#7493,#7494,#7495,#7496));
#3136=EDGE_LOOP('',(#7497,#7498,#7499,#7500));
#3137=EDGE_LOOP('',(#7501,#7502,#7503,#7504,#7505,#7506,#7507,#7508));
#3138=EDGE_LOOP('',(#7509,#7510,#7511,#7512,#7513,#7514,#7515,#7516));
#3139=EDGE_LOOP('',(#7517,#7518,#7519,#7520));
#3140=EDGE_LOOP('',(#7521,#7522,#7523,#7524));
#3141=EDGE_LOOP('',(#7525,#7526,#7527,#7528));
#3142=EDGE_LOOP('',(#7529,#7530,#7531,#7532));
#3143=EDGE_LOOP('',(#7533,#7534,#7535,#7536));
#3144=EDGE_LOOP('',(#7537,#7538,#7539,#7540));
#3145=EDGE_LOOP('',(#7541,#7542,#7543,#7544));
#3146=EDGE_LOOP('',(#7545,#7546,#7547,#7548));
#3147=EDGE_LOOP('',(#7549,#7550,#7551,#7552));
#3148=EDGE_LOOP('',(#7553,#7554,#7555,#7556));
#3149=EDGE_LOOP('',(#7557,#7558,#7559,#7560));
#3150=EDGE_LOOP('',(#7561,#7562,#7563,#7564));
#3151=EDGE_LOOP('',(#7565,#7566,#7567,#7568));
#3152=EDGE_LOOP('',(#7569,#7570,#7571,#7572));
#3153=EDGE_LOOP('',(#7573,#7574,#7575,#7576));
#3154=EDGE_LOOP('',(#7577,#7578,#7579,#7580));
#3155=EDGE_LOOP('',(#7581,#7582,#7583,#7584,#7585,#7586,#7587,#7588));
#3156=EDGE_LOOP('',(#7589,#7590,#7591,#7592,#7593,#7594,#7595,#7596));
#3157=EDGE_LOOP('',(#7597,#7598,#7599,#7600));
#3158=EDGE_LOOP('',(#7601,#7602,#7603,#7604));
#3159=EDGE_LOOP('',(#7605,#7606,#7607,#7608));
#3160=EDGE_LOOP('',(#7609,#7610,#7611,#7612));
#3161=EDGE_LOOP('',(#7613,#7614,#7615,#7616));
#3162=EDGE_LOOP('',(#7617,#7618,#7619,#7620));
#3163=EDGE_LOOP('',(#7621,#7622,#7623,#7624));
#3164=EDGE_LOOP('',(#7625,#7626,#7627,#7628));
#3165=EDGE_LOOP('',(#7629,#7630,#7631,#7632));
#3166=EDGE_LOOP('',(#7633,#7634,#7635,#7636));
#3167=EDGE_LOOP('',(#7637,#7638,#7639,#7640));
#3168=EDGE_LOOP('',(#7641,#7642,#7643,#7644));
#3169=EDGE_LOOP('',(#7645,#7646,#7647,#7648));
#3170=EDGE_LOOP('',(#7649,#7650,#7651,#7652));
#3171=EDGE_LOOP('',(#7653,#7654,#7655,#7656));
#3172=EDGE_LOOP('',(#7657,#7658,#7659,#7660));
#3173=EDGE_LOOP('',(#7661,#7662,#7663,#7664,#7665,#7666,#7667,#7668));
#3174=EDGE_LOOP('',(#7669,#7670,#7671,#7672));
#3175=EDGE_LOOP('',(#7673,#7674,#7675,#7676,#7677,#7678,#7679,#7680));
#3176=EDGE_LOOP('',(#7681,#7682,#7683,#7684));
#3177=EDGE_LOOP('',(#7685,#7686,#7687,#7688));
#3178=EDGE_LOOP('',(#7689,#7690,#7691,#7692));
#3179=EDGE_LOOP('',(#7693,#7694,#7695,#7696));
#3180=EDGE_LOOP('',(#7697,#7698,#7699,#7700));
#3181=EDGE_LOOP('',(#7701,#7702,#7703,#7704));
#3182=EDGE_LOOP('',(#7705,#7706,#7707,#7708));
#3183=EDGE_LOOP('',(#7709,#7710,#7711,#7712));
#3184=EDGE_LOOP('',(#7713,#7714,#7715,#7716));
#3185=EDGE_LOOP('',(#7717,#7718,#7719,#7720));
#3186=EDGE_LOOP('',(#7721,#7722,#7723,#7724));
#3187=EDGE_LOOP('',(#7725,#7726,#7727,#7728));
#3188=EDGE_LOOP('',(#7729,#7730,#7731,#7732));
#3189=EDGE_LOOP('',(#7733,#7734,#7735,#7736));
#3190=EDGE_LOOP('',(#7737,#7738,#7739,#7740));
#3191=EDGE_LOOP('',(#7741,#7742,#7743,#7744,#7745,#7746,#7747,#7748));
#3192=EDGE_LOOP('',(#7749,#7750,#7751,#7752));
#3193=EDGE_LOOP('',(#7753,#7754,#7755,#7756));
#3194=EDGE_LOOP('',(#7757,#7758,#7759,#7760));
#3195=EDGE_LOOP('',(#7761,#7762,#7763,#7764));
#3196=EDGE_LOOP('',(#7765,#7766,#7767,#7768,#7769,#7770,#7771,#7772));
#3197=EDGE_LOOP('',(#7773,#7774,#7775,#7776));
#3198=EDGE_LOOP('',(#7777,#7778,#7779,#7780));
#3199=EDGE_LOOP('',(#7781,#7782,#7783,#7784));
#3200=EDGE_LOOP('',(#7785,#7786,#7787,#7788));
#3201=EDGE_LOOP('',(#7789,#7790,#7791,#7792));
#3202=EDGE_LOOP('',(#7793,#7794,#7795,#7796));
#3203=EDGE_LOOP('',(#7797,#7798,#7799,#7800));
#3204=EDGE_LOOP('',(#7801,#7802,#7803,#7804));
#3205=EDGE_LOOP('',(#7805,#7806,#7807,#7808));
#3206=EDGE_LOOP('',(#7809,#7810,#7811,#7812));
#3207=EDGE_LOOP('',(#7813,#7814,#7815,#7816));
#3208=EDGE_LOOP('',(#7817,#7818,#7819,#7820));
#3209=EDGE_LOOP('',(#7821,#7822,#7823,#7824,#7825,#7826,#7827,#7828));
#3210=EDGE_LOOP('',(#7829,#7830,#7831,#7832));
#3211=EDGE_LOOP('',(#7833,#7834,#7835,#7836,#7837,#7838,#7839,#7840));
#3212=EDGE_LOOP('',(#7841,#7842,#7843,#7844));
#3213=EDGE_LOOP('',(#7845,#7846,#7847,#7848));
#3214=EDGE_LOOP('',(#7849,#7850,#7851,#7852));
#3215=EDGE_LOOP('',(#7853,#7854,#7855,#7856));
#3216=EDGE_LOOP('',(#7857,#7858,#7859,#7860));
#3217=EDGE_LOOP('',(#7861,#7862,#7863,#7864));
#3218=EDGE_LOOP('',(#7865,#7866,#7867,#7868));
#3219=EDGE_LOOP('',(#7869,#7870,#7871,#7872));
#3220=EDGE_LOOP('',(#7873,#7874,#7875,#7876));
#3221=EDGE_LOOP('',(#7877,#7878,#7879,#7880));
#3222=EDGE_LOOP('',(#7881,#7882,#7883,#7884));
#3223=EDGE_LOOP('',(#7885,#7886,#7887,#7888));
#3224=EDGE_LOOP('',(#7889,#7890,#7891,#7892));
#3225=EDGE_LOOP('',(#7893,#7894,#7895,#7896));
#3226=EDGE_LOOP('',(#7897,#7898,#7899,#7900));
#3227=EDGE_LOOP('',(#7901,#7902,#7903,#7904,#7905,#7906,#7907,#7908));
#3228=EDGE_LOOP('',(#7909,#7910,#7911,#7912));
#3229=EDGE_LOOP('',(#7913,#7914,#7915,#7916));
#3230=EDGE_LOOP('',(#7917,#7918,#7919,#7920,#7921,#7922,#7923,#7924));
#3231=EDGE_LOOP('',(#7925,#7926,#7927,#7928));
#3232=EDGE_LOOP('',(#7929,#7930,#7931,#7932));
#3233=EDGE_LOOP('',(#7933,#7934,#7935,#7936));
#3234=EDGE_LOOP('',(#7937,#7938,#7939,#7940));
#3235=EDGE_LOOP('',(#7941,#7942,#7943,#7944));
#3236=EDGE_LOOP('',(#7945,#7946,#7947,#7948));
#3237=EDGE_LOOP('',(#7949,#7950,#7951,#7952));
#3238=EDGE_LOOP('',(#7953,#7954,#7955,#7956));
#3239=EDGE_LOOP('',(#7957,#7958,#7959,#7960));
#3240=EDGE_LOOP('',(#7961,#7962,#7963,#7964));
#3241=EDGE_LOOP('',(#7965,#7966,#7967,#7968));
#3242=EDGE_LOOP('',(#7969,#7970,#7971,#7972));
#3243=EDGE_LOOP('',(#7973,#7974,#7975,#7976));
#3244=EDGE_LOOP('',(#7977,#7978,#7979,#7980));
#3245=EDGE_LOOP('',(#7981,#7982,#7983,#7984,#7985,#7986,#7987,#7988));
#3246=EDGE_LOOP('',(#7989,#7990,#7991,#7992));
#3247=EDGE_LOOP('',(#7993,#7994,#7995,#7996));
#3248=EDGE_LOOP('',(#7997,#7998,#7999,#8000));
#3249=EDGE_LOOP('',(#8001,#8002,#8003,#8004));
#3250=EDGE_LOOP('',(#8005,#8006,#8007,#8008,#8009,#8010,#8011,#8012));
#3251=EDGE_LOOP('',(#8013,#8014,#8015,#8016));
#3252=EDGE_LOOP('',(#8017,#8018,#8019,#8020));
#3253=EDGE_LOOP('',(#8021,#8022,#8023,#8024));
#3254=EDGE_LOOP('',(#8025,#8026,#8027,#8028));
#3255=EDGE_LOOP('',(#8029,#8030,#8031,#8032));
#3256=EDGE_LOOP('',(#8033,#8034,#8035,#8036));
#3257=EDGE_LOOP('',(#8037,#8038,#8039,#8040));
#3258=EDGE_LOOP('',(#8041,#8042,#8043,#8044));
#3259=EDGE_LOOP('',(#8045,#8046,#8047,#8048));
#3260=EDGE_LOOP('',(#8049,#8050,#8051,#8052));
#3261=EDGE_LOOP('',(#8053,#8054,#8055,#8056));
#3262=EDGE_LOOP('',(#8057,#8058,#8059,#8060));
#3263=EDGE_LOOP('',(#8061,#8062,#8063,#8064,#8065,#8066,#8067,#8068));
#3264=EDGE_LOOP('',(#8069,#8070,#8071,#8072));
#3265=EDGE_LOOP('',(#8073,#8074,#8075,#8076,#8077,#8078,#8079,#8080));
#3266=EDGE_LOOP('',(#8081,#8082,#8083,#8084));
#3267=EDGE_LOOP('',(#8085,#8086,#8087,#8088));
#3268=EDGE_LOOP('',(#8089,#8090,#8091,#8092));
#3269=EDGE_LOOP('',(#8093,#8094,#8095,#8096));
#3270=EDGE_LOOP('',(#8097,#8098,#8099,#8100));
#3271=EDGE_LOOP('',(#8101,#8102,#8103,#8104));
#3272=EDGE_LOOP('',(#8105,#8106,#8107,#8108));
#3273=EDGE_LOOP('',(#8109,#8110,#8111,#8112));
#3274=EDGE_LOOP('',(#8113,#8114,#8115,#8116));
#3275=EDGE_LOOP('',(#8117,#8118,#8119,#8120));
#3276=EDGE_LOOP('',(#8121,#8122,#8123,#8124));
#3277=EDGE_LOOP('',(#8125,#8126,#8127,#8128));
#3278=EDGE_LOOP('',(#8129,#8130,#8131,#8132));
#3279=EDGE_LOOP('',(#8133,#8134,#8135,#8136));
#3280=EDGE_LOOP('',(#8137,#8138,#8139,#8140));
#3281=EDGE_LOOP('',(#8141,#8142,#8143,#8144,#8145,#8146,#8147,#8148));
#3282=EDGE_LOOP('',(#8149,#8150,#8151,#8152));
#3283=EDGE_LOOP('',(#8153,#8154,#8155,#8156,#8157,#8158,#8159,#8160));
#3284=EDGE_LOOP('',(#8161,#8162,#8163,#8164));
#3285=EDGE_LOOP('',(#8165,#8166,#8167,#8168));
#3286=EDGE_LOOP('',(#8169,#8170,#8171,#8172));
#3287=EDGE_LOOP('',(#8173,#8174,#8175,#8176));
#3288=EDGE_LOOP('',(#8177,#8178,#8179,#8180));
#3289=EDGE_LOOP('',(#8181,#8182,#8183,#8184));
#3290=EDGE_LOOP('',(#8185,#8186,#8187,#8188));
#3291=EDGE_LOOP('',(#8189,#8190,#8191,#8192));
#3292=EDGE_LOOP('',(#8193,#8194,#8195,#8196));
#3293=EDGE_LOOP('',(#8197,#8198,#8199,#8200));
#3294=EDGE_LOOP('',(#8201,#8202,#8203,#8204));
#3295=EDGE_LOOP('',(#8205,#8206,#8207,#8208));
#3296=EDGE_LOOP('',(#8209,#8210,#8211,#8212));
#3297=EDGE_LOOP('',(#8213,#8214,#8215,#8216));
#3298=EDGE_LOOP('',(#8217,#8218,#8219,#8220));
#3299=EDGE_LOOP('',(#8221,#8222,#8223,#8224,#8225,#8226,#8227,#8228));
#3300=EDGE_LOOP('',(#8229,#8230,#8231,#8232));
#3301=EDGE_LOOP('',(#8233,#8234,#8235,#8236));
#3302=EDGE_LOOP('',(#8237,#8238,#8239,#8240));
#3303=EDGE_LOOP('',(#8241,#8242,#8243,#8244));
#3304=EDGE_LOOP('',(#8245,#8246,#8247,#8248,#8249,#8250,#8251,#8252));
#3305=EDGE_LOOP('',(#8253,#8254,#8255,#8256));
#3306=EDGE_LOOP('',(#8257,#8258,#8259,#8260));
#3307=EDGE_LOOP('',(#8261,#8262,#8263,#8264));
#3308=EDGE_LOOP('',(#8265,#8266,#8267,#8268));
#3309=EDGE_LOOP('',(#8269,#8270,#8271,#8272));
#3310=EDGE_LOOP('',(#8273,#8274,#8275,#8276));
#3311=EDGE_LOOP('',(#8277,#8278,#8279,#8280));
#3312=EDGE_LOOP('',(#8281,#8282,#8283,#8284));
#3313=EDGE_LOOP('',(#8285,#8286,#8287,#8288));
#3314=EDGE_LOOP('',(#8289,#8290,#8291,#8292));
#3315=EDGE_LOOP('',(#8293,#8294,#8295,#8296));
#3316=EDGE_LOOP('',(#8297,#8298,#8299,#8300));
#3317=EDGE_LOOP('',(#8301,#8302,#8303,#8304,#8305,#8306,#8307,#8308));
#3318=EDGE_LOOP('',(#8309,#8310,#8311,#8312));
#3319=EDGE_LOOP('',(#8313,#8314,#8315,#8316,#8317,#8318,#8319,#8320));
#3320=EDGE_LOOP('',(#8321,#8322,#8323,#8324));
#3321=EDGE_LOOP('',(#8325,#8326,#8327,#8328));
#3322=EDGE_LOOP('',(#8329,#8330,#8331,#8332));
#3323=EDGE_LOOP('',(#8333,#8334,#8335,#8336));
#3324=EDGE_LOOP('',(#8337,#8338,#8339,#8340));
#3325=EDGE_LOOP('',(#8341,#8342,#8343,#8344));
#3326=EDGE_LOOP('',(#8345,#8346,#8347,#8348));
#3327=EDGE_LOOP('',(#8349,#8350,#8351,#8352));
#3328=EDGE_LOOP('',(#8353,#8354,#8355,#8356));
#3329=EDGE_LOOP('',(#8357,#8358,#8359,#8360));
#3330=EDGE_LOOP('',(#8361,#8362,#8363,#8364));
#3331=EDGE_LOOP('',(#8365,#8366,#8367,#8368));
#3332=EDGE_LOOP('',(#8369,#8370,#8371,#8372));
#3333=EDGE_LOOP('',(#8373,#8374,#8375,#8376));
#3334=EDGE_LOOP('',(#8377,#8378,#8379,#8380));
#3335=EDGE_LOOP('',(#8381,#8382,#8383,#8384,#8385,#8386,#8387,#8388));
#3336=EDGE_LOOP('',(#8389,#8390,#8391,#8392));
#3337=EDGE_LOOP('',(#8393,#8394,#8395,#8396));
#3338=EDGE_LOOP('',(#8397,#8398,#8399,#8400,#8401,#8402,#8403,#8404));
#3339=EDGE_LOOP('',(#8405,#8406,#8407,#8408));
#3340=EDGE_LOOP('',(#8409,#8410,#8411,#8412));
#3341=EDGE_LOOP('',(#8413,#8414,#8415,#8416));
#3342=EDGE_LOOP('',(#8417,#8418,#8419,#8420));
#3343=EDGE_LOOP('',(#8421,#8422,#8423,#8424));
#3344=EDGE_LOOP('',(#8425,#8426,#8427,#8428));
#3345=EDGE_LOOP('',(#8429,#8430,#8431,#8432));
#3346=EDGE_LOOP('',(#8433,#8434,#8435,#8436));
#3347=EDGE_LOOP('',(#8437,#8438,#8439,#8440));
#3348=EDGE_LOOP('',(#8441,#8442,#8443,#8444));
#3349=EDGE_LOOP('',(#8445,#8446,#8447,#8448));
#3350=EDGE_LOOP('',(#8449,#8450,#8451,#8452));
#3351=EDGE_LOOP('',(#8453,#8454,#8455,#8456));
#3352=EDGE_LOOP('',(#8457,#8458,#8459,#8460));
#3353=EDGE_LOOP('',(#8461,#8462,#8463,#8464,#8465,#8466,#8467,#8468));
#3354=EDGE_LOOP('',(#8469,#8470,#8471,#8472));
#3355=EDGE_LOOP('',(#8473,#8474,#8475,#8476,#8477,#8478,#8479,#8480));
#3356=EDGE_LOOP('',(#8481,#8482,#8483,#8484));
#3357=EDGE_LOOP('',(#8485,#8486,#8487,#8488));
#3358=EDGE_LOOP('',(#8489,#8490,#8491,#8492));
#3359=EDGE_LOOP('',(#8493,#8494,#8495,#8496));
#3360=EDGE_LOOP('',(#8497,#8498,#8499,#8500));
#3361=EDGE_LOOP('',(#8501,#8502,#8503,#8504));
#3362=EDGE_LOOP('',(#8505,#8506,#8507,#8508));
#3363=EDGE_LOOP('',(#8509,#8510,#8511,#8512));
#3364=EDGE_LOOP('',(#8513,#8514,#8515,#8516));
#3365=EDGE_LOOP('',(#8517,#8518,#8519,#8520));
#3366=EDGE_LOOP('',(#8521,#8522,#8523,#8524));
#3367=EDGE_LOOP('',(#8525,#8526,#8527,#8528));
#3368=EDGE_LOOP('',(#8529,#8530,#8531,#8532));
#3369=EDGE_LOOP('',(#8533,#8534,#8535,#8536));
#3370=EDGE_LOOP('',(#8537,#8538,#8539,#8540));
#3371=EDGE_LOOP('',(#8541,#8542,#8543,#8544,#8545,#8546,#8547,#8548));
#3372=EDGE_LOOP('',(#8549,#8550,#8551,#8552));
#3373=EDGE_LOOP('',(#8553,#8554,#8555,#8556,#8557,#8558,#8559,#8560));
#3374=EDGE_LOOP('',(#8561,#8562,#8563,#8564));
#3375=EDGE_LOOP('',(#8565,#8566,#8567,#8568));
#3376=EDGE_LOOP('',(#8569,#8570,#8571,#8572));
#3377=EDGE_LOOP('',(#8573,#8574,#8575,#8576));
#3378=EDGE_LOOP('',(#8577,#8578,#8579,#8580));
#3379=EDGE_LOOP('',(#8581,#8582,#8583,#8584));
#3380=EDGE_LOOP('',(#8585,#8586,#8587,#8588));
#3381=EDGE_LOOP('',(#8589,#8590,#8591,#8592));
#3382=EDGE_LOOP('',(#8593,#8594,#8595,#8596));
#3383=EDGE_LOOP('',(#8597,#8598,#8599,#8600));
#3384=EDGE_LOOP('',(#8601,#8602,#8603,#8604));
#3385=EDGE_LOOP('',(#8605,#8606,#8607,#8608));
#3386=EDGE_LOOP('',(#8609,#8610,#8611,#8612));
#3387=EDGE_LOOP('',(#8613,#8614,#8615,#8616));
#3388=EDGE_LOOP('',(#8617,#8618,#8619,#8620));
#3389=EDGE_LOOP('',(#8621,#8622,#8623,#8624,#8625,#8626,#8627,#8628));
#3390=EDGE_LOOP('',(#8629,#8630,#8631,#8632));
#3391=EDGE_LOOP('',(#8633,#8634,#8635,#8636));
#3392=EDGE_LOOP('',(#8637,#8638,#8639,#8640));
#3393=EDGE_LOOP('',(#8641,#8642,#8643,#8644));
#3394=EDGE_LOOP('',(#8645,#8646,#8647,#8648,#8649,#8650,#8651,#8652));
#3395=EDGE_LOOP('',(#8653,#8654,#8655,#8656));
#3396=EDGE_LOOP('',(#8657,#8658,#8659,#8660));
#3397=EDGE_LOOP('',(#8661,#8662,#8663,#8664));
#3398=EDGE_LOOP('',(#8665,#8666,#8667,#8668));
#3399=EDGE_LOOP('',(#8669,#8670,#8671,#8672));
#3400=EDGE_LOOP('',(#8673,#8674,#8675,#8676));
#3401=EDGE_LOOP('',(#8677,#8678,#8679,#8680));
#3402=EDGE_LOOP('',(#8681,#8682,#8683,#8684));
#3403=EDGE_LOOP('',(#8685,#8686,#8687,#8688));
#3404=EDGE_LOOP('',(#8689,#8690,#8691,#8692));
#3405=EDGE_LOOP('',(#8693,#8694,#8695,#8696));
#3406=EDGE_LOOP('',(#8697,#8698,#8699,#8700));
#3407=EDGE_LOOP('',(#8701,#8702,#8703,#8704,#8705,#8706,#8707,#8708));
#3408=EDGE_LOOP('',(#8709,#8710,#8711,#8712));
#3409=EDGE_LOOP('',(#8713,#8714,#8715,#8716));
#3410=EDGE_LOOP('',(#8717,#8718,#8719,#8720));
#3411=EDGE_LOOP('',(#8721,#8722,#8723,#8724));
#3412=EDGE_LOOP('',(#8725,#8726,#8727,#8728,#8729,#8730,#8731,#8732));
#3413=EDGE_LOOP('',(#8733,#8734,#8735,#8736));
#3414=EDGE_LOOP('',(#8737,#8738,#8739,#8740));
#3415=EDGE_LOOP('',(#8741,#8742,#8743,#8744));
#3416=EDGE_LOOP('',(#8745,#8746,#8747,#8748));
#3417=EDGE_LOOP('',(#8749,#8750,#8751,#8752));
#3418=EDGE_LOOP('',(#8753,#8754,#8755,#8756));
#3419=EDGE_LOOP('',(#8757,#8758,#8759,#8760));
#3420=EDGE_LOOP('',(#8761,#8762,#8763,#8764));
#3421=EDGE_LOOP('',(#8765,#8766,#8767,#8768));
#3422=EDGE_LOOP('',(#8769,#8770,#8771,#8772));
#3423=EDGE_LOOP('',(#8773,#8774,#8775,#8776));
#3424=EDGE_LOOP('',(#8777,#8778,#8779,#8780));
#3425=EDGE_LOOP('',(#8781,#8782,#8783,#8784,#8785,#8786,#8787,#8788));
#3426=EDGE_LOOP('',(#8789,#8790,#8791,#8792,#8793,#8794,#8795,#8796));
#3427=EDGE_LOOP('',(#8797,#8798,#8799,#8800));
#3428=EDGE_LOOP('',(#8801,#8802,#8803,#8804));
#3429=EDGE_LOOP('',(#8805,#8806,#8807,#8808));
#3430=EDGE_LOOP('',(#8809,#8810,#8811,#8812));
#3431=EDGE_LOOP('',(#8813,#8814,#8815,#8816));
#3432=EDGE_LOOP('',(#8817,#8818,#8819,#8820));
#3433=EDGE_LOOP('',(#8821,#8822,#8823,#8824));
#3434=EDGE_LOOP('',(#8825,#8826,#8827,#8828));
#3435=EDGE_LOOP('',(#8829,#8830,#8831,#8832));
#3436=EDGE_LOOP('',(#8833,#8834,#8835,#8836));
#3437=EDGE_LOOP('',(#8837,#8838,#8839,#8840));
#3438=EDGE_LOOP('',(#8841,#8842,#8843,#8844));
#3439=EDGE_LOOP('',(#8845,#8846,#8847,#8848));
#3440=EDGE_LOOP('',(#8849,#8850,#8851,#8852));
#3441=EDGE_LOOP('',(#8853,#8854,#8855,#8856));
#3442=EDGE_LOOP('',(#8857,#8858,#8859,#8860));
#3443=EDGE_LOOP('',(#8861,#8862,#8863,#8864,#8865,#8866,#8867,#8868));
#3444=EDGE_LOOP('',(#8869,#8870,#8871,#8872,#8873,#8874,#8875,#8876));
#3445=EDGE_LOOP('',(#8877,#8878,#8879,#8880));
#3446=EDGE_LOOP('',(#8881,#8882,#8883,#8884));
#3447=EDGE_LOOP('',(#8885,#8886,#8887,#8888));
#3448=EDGE_LOOP('',(#8889,#8890,#8891,#8892));
#3449=EDGE_LOOP('',(#8893,#8894,#8895,#8896));
#3450=EDGE_LOOP('',(#8897,#8898,#8899,#8900));
#3451=EDGE_LOOP('',(#8901,#8902,#8903,#8904));
#3452=EDGE_LOOP('',(#8905,#8906,#8907,#8908));
#3453=EDGE_LOOP('',(#8909,#8910,#8911,#8912));
#3454=EDGE_LOOP('',(#8913,#8914,#8915,#8916));
#3455=EDGE_LOOP('',(#8917,#8918,#8919,#8920));
#3456=EDGE_LOOP('',(#8921,#8922,#8923,#8924));
#3457=EDGE_LOOP('',(#8925,#8926,#8927,#8928));
#3458=EDGE_LOOP('',(#8929,#8930,#8931,#8932));
#3459=EDGE_LOOP('',(#8933,#8934,#8935,#8936));
#3460=EDGE_LOOP('',(#8937,#8938,#8939,#8940));
#3461=EDGE_LOOP('',(#8941,#8942,#8943,#8944,#8945,#8946,#8947,#8948));
#3462=EDGE_LOOP('',(#8949,#8950,#8951,#8952,#8953,#8954,#8955,#8956));
#3463=EDGE_LOOP('',(#8957,#8958,#8959,#8960));
#3464=EDGE_LOOP('',(#8961,#8962,#8963,#8964));
#3465=EDGE_LOOP('',(#8965,#8966,#8967,#8968));
#3466=EDGE_LOOP('',(#8969,#8970,#8971,#8972));
#3467=EDGE_LOOP('',(#8973,#8974,#8975,#8976));
#3468=EDGE_LOOP('',(#8977,#8978,#8979,#8980));
#3469=EDGE_LOOP('',(#8981,#8982,#8983,#8984));
#3470=EDGE_LOOP('',(#8985,#8986,#8987,#8988));
#3471=EDGE_LOOP('',(#8989,#8990,#8991,#8992));
#3472=EDGE_LOOP('',(#8993,#8994,#8995,#8996));
#3473=EDGE_LOOP('',(#8997,#8998,#8999,#9000));
#3474=EDGE_LOOP('',(#9001,#9002,#9003,#9004));
#3475=EDGE_LOOP('',(#9005,#9006,#9007,#9008));
#3476=EDGE_LOOP('',(#9009,#9010,#9011,#9012));
#3477=EDGE_LOOP('',(#9013,#9014,#9015,#9016));
#3478=EDGE_LOOP('',(#9017,#9018,#9019,#9020));
#3479=EDGE_LOOP('',(#9021,#9022,#9023,#9024,#9025,#9026,#9027,#9028));
#3480=EDGE_LOOP('',(#9029,#9030,#9031,#9032,#9033,#9034,#9035,#9036));
#3481=EDGE_LOOP('',(#9037,#9038,#9039,#9040));
#3482=EDGE_LOOP('',(#9041,#9042,#9043,#9044));
#3483=EDGE_LOOP('',(#9045,#9046,#9047,#9048));
#3484=EDGE_LOOP('',(#9049,#9050,#9051,#9052));
#3485=EDGE_LOOP('',(#9053,#9054,#9055,#9056));
#3486=EDGE_LOOP('',(#9057,#9058,#9059,#9060));
#3487=EDGE_LOOP('',(#9061,#9062,#9063,#9064));
#3488=EDGE_LOOP('',(#9065,#9066,#9067,#9068));
#3489=EDGE_LOOP('',(#9069,#9070,#9071,#9072));
#3490=EDGE_LOOP('',(#9073,#9074,#9075,#9076));
#3491=EDGE_LOOP('',(#9077,#9078,#9079,#9080));
#3492=EDGE_LOOP('',(#9081,#9082,#9083,#9084));
#3493=EDGE_LOOP('',(#9085,#9086,#9087,#9088));
#3494=EDGE_LOOP('',(#9089,#9090,#9091,#9092));
#3495=EDGE_LOOP('',(#9093,#9094,#9095,#9096));
#3496=EDGE_LOOP('',(#9097,#9098,#9099,#9100));
#3497=EDGE_LOOP('',(#9101,#9102,#9103,#9104,#9105,#9106,#9107,#9108));
#3498=EDGE_LOOP('',(#9109,#9110,#9111,#9112));
#3499=EDGE_LOOP('',(#9113,#9114,#9115,#9116));
#3500=EDGE_LOOP('',(#9117,#9118,#9119,#9120));
#3501=EDGE_LOOP('',(#9121,#9122,#9123,#9124));
#3502=EDGE_LOOP('',(#9125,#9126,#9127,#9128,#9129,#9130,#9131,#9132));
#3503=EDGE_LOOP('',(#9133,#9134,#9135,#9136));
#3504=EDGE_LOOP('',(#9137,#9138,#9139,#9140));
#3505=EDGE_LOOP('',(#9141,#9142,#9143,#9144));
#3506=EDGE_LOOP('',(#9145,#9146,#9147,#9148));
#3507=EDGE_LOOP('',(#9149,#9150,#9151,#9152));
#3508=EDGE_LOOP('',(#9153,#9154,#9155,#9156));
#3509=EDGE_LOOP('',(#9157,#9158,#9159,#9160));
#3510=EDGE_LOOP('',(#9161,#9162,#9163,#9164));
#3511=EDGE_LOOP('',(#9165,#9166,#9167,#9168));
#3512=EDGE_LOOP('',(#9169,#9170,#9171,#9172));
#3513=EDGE_LOOP('',(#9173,#9174,#9175,#9176));
#3514=EDGE_LOOP('',(#9177,#9178,#9179,#9180));
#3515=EDGE_LOOP('',(#9181,#9182,#9183,#9184,#9185,#9186,#9187,#9188));
#3516=EDGE_LOOP('',(#9189,#9190,#9191,#9192,#9193,#9194,#9195,#9196));
#3517=EDGE_LOOP('',(#9197,#9198,#9199,#9200));
#3518=EDGE_LOOP('',(#9201,#9202,#9203,#9204));
#3519=EDGE_LOOP('',(#9205,#9206,#9207,#9208));
#3520=EDGE_LOOP('',(#9209,#9210,#9211,#9212));
#3521=EDGE_LOOP('',(#9213,#9214,#9215,#9216));
#3522=EDGE_LOOP('',(#9217,#9218,#9219,#9220));
#3523=EDGE_LOOP('',(#9221,#9222,#9223,#9224));
#3524=EDGE_LOOP('',(#9225,#9226,#9227,#9228));
#3525=EDGE_LOOP('',(#9229,#9230,#9231,#9232));
#3526=EDGE_LOOP('',(#9233,#9234,#9235,#9236));
#3527=EDGE_LOOP('',(#9237,#9238,#9239,#9240));
#3528=EDGE_LOOP('',(#9241,#9242,#9243,#9244));
#3529=EDGE_LOOP('',(#9245,#9246,#9247,#9248));
#3530=EDGE_LOOP('',(#9249,#9250,#9251,#9252));
#3531=EDGE_LOOP('',(#9253,#9254,#9255,#9256));
#3532=EDGE_LOOP('',(#9257,#9258,#9259,#9260));
#3533=EDGE_LOOP('',(#9261,#9262,#9263,#9264,#9265,#9266,#9267,#9268));
#3534=EDGE_LOOP('',(#9269,#9270,#9271,#9272,#9273,#9274,#9275,#9276));
#3535=EDGE_LOOP('',(#9277,#9278,#9279,#9280));
#3536=EDGE_LOOP('',(#9281,#9282,#9283,#9284));
#3537=EDGE_LOOP('',(#9285,#9286,#9287,#9288));
#3538=EDGE_LOOP('',(#9289,#9290,#9291,#9292));
#3539=EDGE_LOOP('',(#9293,#9294,#9295,#9296));
#3540=EDGE_LOOP('',(#9297,#9298,#9299,#9300));
#3541=EDGE_LOOP('',(#9301,#9302,#9303,#9304));
#3542=EDGE_LOOP('',(#9305,#9306,#9307,#9308));
#3543=EDGE_LOOP('',(#9309,#9310,#9311,#9312));
#3544=EDGE_LOOP('',(#9313,#9314,#9315,#9316));
#3545=EDGE_LOOP('',(#9317,#9318,#9319,#9320));
#3546=EDGE_LOOP('',(#9321,#9322,#9323,#9324));
#3547=EDGE_LOOP('',(#9325,#9326,#9327,#9328));
#3548=EDGE_LOOP('',(#9329,#9330,#9331,#9332));
#3549=EDGE_LOOP('',(#9333,#9334,#9335,#9336));
#3550=EDGE_LOOP('',(#9337,#9338,#9339,#9340));
#3551=EDGE_LOOP('',(#9341,#9342,#9343,#9344,#9345,#9346,#9347,#9348));
#3552=EDGE_LOOP('',(#9349,#9350,#9351,#9352));
#3553=EDGE_LOOP('',(#9353,#9354,#9355,#9356));
#3554=EDGE_LOOP('',(#9357,#9358,#9359,#9360));
#3555=EDGE_LOOP('',(#9361,#9362,#9363,#9364));
#3556=EDGE_LOOP('',(#9365,#9366,#9367,#9368,#9369,#9370,#9371,#9372));
#3557=EDGE_LOOP('',(#9373,#9374,#9375,#9376));
#3558=EDGE_LOOP('',(#9377,#9378,#9379,#9380));
#3559=EDGE_LOOP('',(#9381,#9382,#9383,#9384));
#3560=EDGE_LOOP('',(#9385,#9386,#9387,#9388));
#3561=EDGE_LOOP('',(#9389,#9390,#9391,#9392));
#3562=EDGE_LOOP('',(#9393,#9394,#9395,#9396));
#3563=EDGE_LOOP('',(#9397,#9398,#9399,#9400));
#3564=EDGE_LOOP('',(#9401,#9402,#9403,#9404));
#3565=EDGE_LOOP('',(#9405,#9406,#9407,#9408));
#3566=EDGE_LOOP('',(#9409,#9410,#9411,#9412));
#3567=EDGE_LOOP('',(#9413,#9414,#9415,#9416));
#3568=EDGE_LOOP('',(#9417,#9418,#9419,#9420));
#3569=EDGE_LOOP('',(#9421,#9422,#9423,#9424,#9425,#9426,#9427,#9428));
#3570=EDGE_LOOP('',(#9429,#9430,#9431,#9432,#9433,#9434,#9435,#9436));
#3571=EDGE_LOOP('',(#9437,#9438,#9439,#9440));
#3572=EDGE_LOOP('',(#9441,#9442,#9443,#9444));
#3573=EDGE_LOOP('',(#9445,#9446,#9447,#9448));
#3574=EDGE_LOOP('',(#9449,#9450,#9451,#9452));
#3575=EDGE_LOOP('',(#9453,#9454,#9455,#9456));
#3576=EDGE_LOOP('',(#9457,#9458,#9459,#9460));
#3577=EDGE_LOOP('',(#9461,#9462,#9463,#9464));
#3578=EDGE_LOOP('',(#9465,#9466,#9467,#9468));
#3579=EDGE_LOOP('',(#9469,#9470,#9471,#9472));
#3580=EDGE_LOOP('',(#9473,#9474,#9475,#9476));
#3581=EDGE_LOOP('',(#9477,#9478,#9479,#9480));
#3582=EDGE_LOOP('',(#9481,#9482,#9483,#9484));
#3583=EDGE_LOOP('',(#9485,#9486,#9487,#9488));
#3584=EDGE_LOOP('',(#9489,#9490,#9491,#9492));
#3585=EDGE_LOOP('',(#9493,#9494,#9495,#9496));
#3586=EDGE_LOOP('',(#9497,#9498,#9499,#9500));
#3587=EDGE_LOOP('',(#9501,#9502,#9503,#9504,#9505,#9506,#9507,#9508));
#3588=EDGE_LOOP('',(#9509,#9510,#9511,#9512));
#3589=EDGE_LOOP('',(#9513,#9514,#9515,#9516));
#3590=EDGE_LOOP('',(#9517,#9518,#9519,#9520,#9521,#9522,#9523,#9524));
#3591=EDGE_LOOP('',(#9525,#9526,#9527,#9528));
#3592=EDGE_LOOP('',(#9529,#9530,#9531,#9532));
#3593=EDGE_LOOP('',(#9533,#9534,#9535,#9536));
#3594=EDGE_LOOP('',(#9537,#9538,#9539,#9540));
#3595=EDGE_LOOP('',(#9541,#9542,#9543,#9544));
#3596=EDGE_LOOP('',(#9545,#9546,#9547,#9548));
#3597=EDGE_LOOP('',(#9549,#9550,#9551,#9552));
#3598=EDGE_LOOP('',(#9553,#9554,#9555,#9556));
#3599=EDGE_LOOP('',(#9557,#9558,#9559,#9560));
#3600=EDGE_LOOP('',(#9561,#9562,#9563,#9564));
#3601=EDGE_LOOP('',(#9565,#9566,#9567,#9568));
#3602=EDGE_LOOP('',(#9569,#9570,#9571,#9572));
#3603=EDGE_LOOP('',(#9573,#9574,#9575,#9576));
#3604=EDGE_LOOP('',(#9577,#9578,#9579,#9580));
#3605=EDGE_LOOP('',(#9581,#9582,#9583,#9584,#9585,#9586,#9587,#9588));
#3606=EDGE_LOOP('',(#9589,#9590,#9591,#9592,#9593,#9594,#9595,#9596));
#3607=EDGE_LOOP('',(#9597,#9598,#9599,#9600));
#3608=EDGE_LOOP('',(#9601,#9602,#9603,#9604));
#3609=EDGE_LOOP('',(#9605,#9606,#9607,#9608));
#3610=EDGE_LOOP('',(#9609,#9610,#9611,#9612));
#3611=EDGE_LOOP('',(#9613,#9614,#9615,#9616));
#3612=EDGE_LOOP('',(#9617,#9618,#9619,#9620));
#3613=EDGE_LOOP('',(#9621,#9622,#9623,#9624));
#3614=EDGE_LOOP('',(#9625,#9626,#9627,#9628));
#3615=EDGE_LOOP('',(#9629,#9630,#9631,#9632));
#3616=EDGE_LOOP('',(#9633,#9634,#9635,#9636));
#3617=EDGE_LOOP('',(#9637,#9638,#9639,#9640));
#3618=EDGE_LOOP('',(#9641,#9642,#9643,#9644));
#3619=EDGE_LOOP('',(#9645,#9646,#9647,#9648));
#3620=EDGE_LOOP('',(#9649,#9650,#9651,#9652));
#3621=EDGE_LOOP('',(#9653,#9654,#9655,#9656));
#3622=EDGE_LOOP('',(#9657,#9658,#9659,#9660));
#3623=EDGE_LOOP('',(#9661,#9662,#9663,#9664,#9665,#9666,#9667,#9668));
#3624=EDGE_LOOP('',(#9669,#9670,#9671,#9672,#9673,#9674,#9675,#9676));
#3625=EDGE_LOOP('',(#9677,#9678,#9679,#9680));
#3626=EDGE_LOOP('',(#9681,#9682,#9683,#9684));
#3627=EDGE_LOOP('',(#9685,#9686,#9687,#9688));
#3628=EDGE_LOOP('',(#9689,#9690,#9691,#9692));
#3629=EDGE_LOOP('',(#9693,#9694,#9695,#9696));
#3630=EDGE_LOOP('',(#9697,#9698,#9699,#9700));
#3631=EDGE_LOOP('',(#9701,#9702,#9703,#9704));
#3632=EDGE_LOOP('',(#9705,#9706,#9707,#9708));
#3633=EDGE_LOOP('',(#9709,#9710,#9711,#9712));
#3634=EDGE_LOOP('',(#9713,#9714,#9715,#9716));
#3635=EDGE_LOOP('',(#9717,#9718,#9719,#9720));
#3636=EDGE_LOOP('',(#9721,#9722,#9723,#9724));
#3637=EDGE_LOOP('',(#9725,#9726,#9727,#9728));
#3638=EDGE_LOOP('',(#9729,#9730,#9731,#9732));
#3639=EDGE_LOOP('',(#9733,#9734,#9735,#9736));
#3640=EDGE_LOOP('',(#9737,#9738,#9739,#9740));
#3641=EDGE_LOOP('',(#9741,#9742,#9743,#9744,#9745,#9746,#9747,#9748));
#3642=EDGE_LOOP('',(#9749,#9750,#9751,#9752));
#3643=EDGE_LOOP('',(#9753,#9754,#9755,#9756));
#3644=EDGE_LOOP('',(#9757,#9758,#9759,#9760,#9761,#9762,#9763,#9764));
#3645=EDGE_LOOP('',(#9765,#9766,#9767,#9768));
#3646=EDGE_LOOP('',(#9769,#9770,#9771,#9772));
#3647=EDGE_LOOP('',(#9773,#9774,#9775,#9776));
#3648=EDGE_LOOP('',(#9777,#9778,#9779,#9780));
#3649=EDGE_LOOP('',(#9781,#9782,#9783,#9784));
#3650=EDGE_LOOP('',(#9785,#9786,#9787,#9788));
#3651=EDGE_LOOP('',(#9789,#9790,#9791,#9792));
#3652=EDGE_LOOP('',(#9793,#9794,#9795,#9796));
#3653=EDGE_LOOP('',(#9797,#9798,#9799,#9800));
#3654=EDGE_LOOP('',(#9801,#9802,#9803,#9804));
#3655=EDGE_LOOP('',(#9805,#9806,#9807,#9808));
#3656=EDGE_LOOP('',(#9809,#9810,#9811,#9812));
#3657=EDGE_LOOP('',(#9813,#9814,#9815,#9816));
#3658=EDGE_LOOP('',(#9817,#9818,#9819,#9820));
#3659=EDGE_LOOP('',(#9821,#9822,#9823,#9824,#9825,#9826,#9827,#9828));
#3660=EDGE_LOOP('',(#9829,#9830,#9831,#9832));
#3661=EDGE_LOOP('',(#9833,#9834,#9835,#9836));
#3662=EDGE_LOOP('',(#9837,#9838,#9839,#9840,#9841,#9842,#9843,#9844));
#3663=EDGE_LOOP('',(#9845,#9846,#9847,#9848));
#3664=EDGE_LOOP('',(#9849,#9850,#9851,#9852));
#3665=EDGE_LOOP('',(#9853,#9854,#9855,#9856));
#3666=EDGE_LOOP('',(#9857,#9858,#9859,#9860));
#3667=EDGE_LOOP('',(#9861,#9862,#9863,#9864));
#3668=EDGE_LOOP('',(#9865,#9866,#9867,#9868));
#3669=EDGE_LOOP('',(#9869,#9870,#9871,#9872));
#3670=EDGE_LOOP('',(#9873,#9874,#9875,#9876));
#3671=EDGE_LOOP('',(#9877,#9878,#9879,#9880));
#3672=EDGE_LOOP('',(#9881,#9882,#9883,#9884));
#3673=EDGE_LOOP('',(#9885,#9886,#9887,#9888));
#3674=EDGE_LOOP('',(#9889,#9890,#9891,#9892));
#3675=EDGE_LOOP('',(#9893,#9894,#9895,#9896));
#3676=EDGE_LOOP('',(#9897,#9898,#9899,#9900));
#3677=EDGE_LOOP('',(#9901,#9902,#9903,#9904,#9905,#9906,#9907,#9908));
#3678=EDGE_LOOP('',(#9909,#9910,#9911,#9912,#9913,#9914,#9915,#9916));
#3679=EDGE_LOOP('',(#9917,#9918,#9919,#9920));
#3680=EDGE_LOOP('',(#9921,#9922,#9923,#9924));
#3681=EDGE_LOOP('',(#9925,#9926,#9927,#9928));
#3682=EDGE_LOOP('',(#9929,#9930,#9931,#9932));
#3683=EDGE_LOOP('',(#9933,#9934,#9935,#9936));
#3684=EDGE_LOOP('',(#9937,#9938,#9939,#9940));
#3685=EDGE_LOOP('',(#9941,#9942,#9943,#9944));
#3686=EDGE_LOOP('',(#9945,#9946,#9947,#9948));
#3687=EDGE_LOOP('',(#9949,#9950,#9951,#9952));
#3688=EDGE_LOOP('',(#9953,#9954,#9955,#9956));
#3689=EDGE_LOOP('',(#9957,#9958,#9959,#9960));
#3690=EDGE_LOOP('',(#9961,#9962,#9963,#9964));
#3691=EDGE_LOOP('',(#9965,#9966,#9967,#9968));
#3692=EDGE_LOOP('',(#9969,#9970,#9971,#9972));
#3693=EDGE_LOOP('',(#9973,#9974,#9975,#9976));
#3694=EDGE_LOOP('',(#9977,#9978,#9979,#9980));
#3695=EDGE_LOOP('',(#9981,#9982,#9983,#9984,#9985,#9986,#9987,#9988));
#3696=EDGE_LOOP('',(#9989,#9990,#9991,#9992,#9993,#9994,#9995,#9996));
#3697=EDGE_LOOP('',(#9997,#9998,#9999,#10000));
#3698=EDGE_LOOP('',(#10001,#10002,#10003,#10004));
#3699=EDGE_LOOP('',(#10005,#10006,#10007,#10008));
#3700=EDGE_LOOP('',(#10009,#10010,#10011,#10012));
#3701=EDGE_LOOP('',(#10013,#10014,#10015,#10016));
#3702=EDGE_LOOP('',(#10017,#10018,#10019,#10020));
#3703=EDGE_LOOP('',(#10021,#10022,#10023,#10024));
#3704=EDGE_LOOP('',(#10025,#10026,#10027,#10028));
#3705=EDGE_LOOP('',(#10029,#10030,#10031,#10032));
#3706=EDGE_LOOP('',(#10033,#10034,#10035,#10036));
#3707=EDGE_LOOP('',(#10037,#10038,#10039,#10040));
#3708=EDGE_LOOP('',(#10041,#10042,#10043,#10044));
#3709=EDGE_LOOP('',(#10045,#10046,#10047,#10048));
#3710=EDGE_LOOP('',(#10049,#10050,#10051,#10052));
#3711=EDGE_LOOP('',(#10053,#10054,#10055,#10056));
#3712=EDGE_LOOP('',(#10057,#10058,#10059,#10060));
#3713=EDGE_LOOP('',(#10061,#10062,#10063,#10064,#10065,#10066,#10067,#10068));
#3714=EDGE_LOOP('',(#10069,#10070,#10071,#10072,#10073,#10074,#10075,#10076));
#3715=EDGE_LOOP('',(#10077,#10078,#10079,#10080));
#3716=EDGE_LOOP('',(#10081,#10082,#10083,#10084));
#3717=EDGE_LOOP('',(#10085,#10086,#10087,#10088));
#3718=EDGE_LOOP('',(#10089,#10090,#10091,#10092));
#3719=EDGE_LOOP('',(#10093,#10094,#10095,#10096));
#3720=EDGE_LOOP('',(#10097,#10098,#10099,#10100));
#3721=EDGE_LOOP('',(#10101,#10102,#10103,#10104));
#3722=EDGE_LOOP('',(#10105,#10106,#10107,#10108));
#3723=EDGE_LOOP('',(#10109,#10110,#10111,#10112));
#3724=EDGE_LOOP('',(#10113,#10114,#10115,#10116));
#3725=EDGE_LOOP('',(#10117,#10118,#10119,#10120));
#3726=EDGE_LOOP('',(#10121,#10122,#10123,#10124));
#3727=EDGE_LOOP('',(#10125,#10126,#10127,#10128));
#3728=EDGE_LOOP('',(#10129,#10130,#10131,#10132));
#3729=EDGE_LOOP('',(#10133,#10134,#10135,#10136));
#3730=EDGE_LOOP('',(#10137,#10138,#10139,#10140));
#3731=EDGE_LOOP('',(#10141,#10142,#10143,#10144,#10145,#10146,#10147,#10148));
#3732=EDGE_LOOP('',(#10149,#10150,#10151,#10152));
#3733=EDGE_LOOP('',(#10153,#10154,#10155,#10156));
#3734=EDGE_LOOP('',(#10157,#10158,#10159,#10160));
#3735=EDGE_LOOP('',(#10161,#10162,#10163,#10164));
#3736=EDGE_LOOP('',(#10165,#10166,#10167,#10168,#10169,#10170,#10171,#10172));
#3737=EDGE_LOOP('',(#10173,#10174,#10175,#10176));
#3738=EDGE_LOOP('',(#10177,#10178,#10179,#10180));
#3739=EDGE_LOOP('',(#10181,#10182,#10183,#10184));
#3740=EDGE_LOOP('',(#10185,#10186,#10187,#10188));
#3741=EDGE_LOOP('',(#10189,#10190,#10191,#10192));
#3742=EDGE_LOOP('',(#10193,#10194,#10195,#10196));
#3743=EDGE_LOOP('',(#10197,#10198,#10199,#10200));
#3744=EDGE_LOOP('',(#10201,#10202,#10203,#10204));
#3745=EDGE_LOOP('',(#10205,#10206,#10207,#10208));
#3746=EDGE_LOOP('',(#10209,#10210,#10211,#10212));
#3747=EDGE_LOOP('',(#10213,#10214,#10215,#10216));
#3748=EDGE_LOOP('',(#10217,#10218,#10219,#10220));
#3749=EDGE_LOOP('',(#10221,#10222,#10223,#10224,#10225,#10226,#10227,#10228));
#3750=EDGE_LOOP('',(#10229,#10230,#10231,#10232));
#3751=EDGE_LOOP('',(#10233,#10234,#10235,#10236));
#3752=EDGE_LOOP('',(#10237,#10238,#10239,#10240,#10241,#10242,#10243,#10244));
#3753=EDGE_LOOP('',(#10245,#10246,#10247,#10248));
#3754=EDGE_LOOP('',(#10249,#10250,#10251,#10252));
#3755=EDGE_LOOP('',(#10253,#10254,#10255,#10256));
#3756=EDGE_LOOP('',(#10257,#10258,#10259,#10260));
#3757=EDGE_LOOP('',(#10261,#10262,#10263,#10264));
#3758=EDGE_LOOP('',(#10265,#10266,#10267,#10268));
#3759=EDGE_LOOP('',(#10269,#10270,#10271,#10272));
#3760=EDGE_LOOP('',(#10273,#10274,#10275,#10276));
#3761=EDGE_LOOP('',(#10277,#10278,#10279,#10280));
#3762=EDGE_LOOP('',(#10281,#10282,#10283,#10284));
#3763=EDGE_LOOP('',(#10285,#10286,#10287,#10288));
#3764=EDGE_LOOP('',(#10289,#10290,#10291,#10292));
#3765=EDGE_LOOP('',(#10293,#10294,#10295,#10296));
#3766=EDGE_LOOP('',(#10297,#10298,#10299,#10300));
#3767=EDGE_LOOP('',(#10301,#10302,#10303,#10304,#10305,#10306,#10307,#10308));
#3768=EDGE_LOOP('',(#10309,#10310,#10311,#10312,#10313,#10314,#10315,#10316));
#3769=EDGE_LOOP('',(#10317,#10318,#10319,#10320));
#3770=EDGE_LOOP('',(#10321,#10322,#10323,#10324));
#3771=EDGE_LOOP('',(#10325,#10326,#10327,#10328));
#3772=EDGE_LOOP('',(#10329,#10330,#10331,#10332));
#3773=CIRCLE('',#11186,0.750000000000002);
#3774=CIRCLE('',#11187,0.45);
#3775=CIRCLE('',#11188,0.75);
#3776=CIRCLE('',#11189,1.2);
#3777=CIRCLE('',#11191,0.75);
#3778=CIRCLE('',#11192,0.75);
#3779=CIRCLE('',#11193,1.2);
#3780=CIRCLE('',#11194,0.45);
#3781=CIRCLE('',#11196,0.75);
#3782=CIRCLE('',#11197,0.75);
#3783=CIRCLE('',#11198,1.2);
#3784=CIRCLE('',#11199,0.45);
#3785=CIRCLE('',#11201,0.75);
#3786=CIRCLE('',#11202,0.75);
#3787=CIRCLE('',#11203,1.2);
#3788=CIRCLE('',#11204,0.45);
#3789=CIRCLE('',#11208,1.2);
#3790=CIRCLE('',#11211,1.2);
#3791=CIRCLE('',#11214,1.2);
#3792=CIRCLE('',#11217,1.2);
#3793=CIRCLE('',#11220,0.750000000000002);
#3794=CIRCLE('',#11221,0.45);
#3795=CIRCLE('',#11222,0.75);
#3796=CIRCLE('',#11223,1.2);
#3797=CIRCLE('',#11225,0.75);
#3798=CIRCLE('',#11226,0.75);
#3799=CIRCLE('',#11227,1.2);
#3800=CIRCLE('',#11228,0.45);
#3801=CIRCLE('',#11230,0.75);
#3802=CIRCLE('',#11231,0.75);
#3803=CIRCLE('',#11232,1.2);
#3804=CIRCLE('',#11233,0.45);
#3805=CIRCLE('',#11235,0.75);
#3806=CIRCLE('',#11236,0.75);
#3807=CIRCLE('',#11237,1.2);
#3808=CIRCLE('',#11238,0.45);
#3809=CIRCLE('',#11242,1.2);
#3810=CIRCLE('',#11245,1.2);
#3811=CIRCLE('',#11248,1.2);
#3812=CIRCLE('',#11250,1.2);
#3813=CIRCLE('',#11254,0.750000000000002);
#3814=CIRCLE('',#11255,0.45);
#3815=CIRCLE('',#11256,0.75);
#3816=CIRCLE('',#11257,1.2);
#3817=CIRCLE('',#11259,0.75);
#3818=CIRCLE('',#11260,0.75);
#3819=CIRCLE('',#11261,1.2);
#3820=CIRCLE('',#11262,0.45);
#3821=CIRCLE('',#11264,0.75);
#3822=CIRCLE('',#11265,0.75);
#3823=CIRCLE('',#11266,1.2);
#3824=CIRCLE('',#11267,0.45);
#3825=CIRCLE('',#11269,0.75);
#3826=CIRCLE('',#11270,0.75);
#3827=CIRCLE('',#11271,1.2);
#3828=CIRCLE('',#11272,0.45);
#3829=CIRCLE('',#11276,1.2);
#3830=CIRCLE('',#11279,1.2);
#3831=CIRCLE('',#11282,1.2);
#3832=CIRCLE('',#11284,1.2);
#3833=CIRCLE('',#11288,0.750000000000002);
#3834=CIRCLE('',#11289,0.45);
#3835=CIRCLE('',#11290,0.75);
#3836=CIRCLE('',#11291,1.2);
#3837=CIRCLE('',#11293,0.75);
#3838=CIRCLE('',#11294,0.75);
#3839=CIRCLE('',#11295,1.2);
#3840=CIRCLE('',#11296,0.45);
#3841=CIRCLE('',#11298,0.75);
#3842=CIRCLE('',#11299,0.75);
#3843=CIRCLE('',#11300,1.2);
#3844=CIRCLE('',#11301,0.45);
#3845=CIRCLE('',#11303,0.75);
#3846=CIRCLE('',#11304,0.75);
#3847=CIRCLE('',#11305,1.2);
#3848=CIRCLE('',#11306,0.45);
#3849=CIRCLE('',#11310,1.2);
#3850=CIRCLE('',#11313,1.2);
#3851=CIRCLE('',#11316,1.2);
#3852=CIRCLE('',#11319,1.2);
#3853=CIRCLE('',#11322,0.749999999999993);
#3854=CIRCLE('',#11323,0.45);
#3855=CIRCLE('',#11324,0.75);
#3856=CIRCLE('',#11325,1.2);
#3857=CIRCLE('',#11327,0.75);
#3858=CIRCLE('',#11328,0.75);
#3859=CIRCLE('',#11329,1.2);
#3860=CIRCLE('',#11330,0.45);
#3861=CIRCLE('',#11332,0.75);
#3862=CIRCLE('',#11333,0.75);
#3863=CIRCLE('',#11334,1.2);
#3864=CIRCLE('',#11335,0.45);
#3865=CIRCLE('',#11337,0.75);
#3866=CIRCLE('',#11338,0.75);
#3867=CIRCLE('',#11339,1.2);
#3868=CIRCLE('',#11340,0.45);
#3869=CIRCLE('',#11344,1.2);
#3870=CIRCLE('',#11347,1.2);
#3871=CIRCLE('',#11350,1.2);
#3872=CIRCLE('',#11351,1.2);
#3873=CIRCLE('',#11356,0.750000000000002);
#3874=CIRCLE('',#11357,0.45);
#3875=CIRCLE('',#11358,0.75);
#3876=CIRCLE('',#11359,1.2);
#3877=CIRCLE('',#11361,0.75);
#3878=CIRCLE('',#11362,0.75);
#3879=CIRCLE('',#11363,1.2);
#3880=CIRCLE('',#11364,0.45);
#3881=CIRCLE('',#11366,0.75);
#3882=CIRCLE('',#11367,0.75);
#3883=CIRCLE('',#11368,1.2);
#3884=CIRCLE('',#11369,0.45);
#3885=CIRCLE('',#11371,0.75);
#3886=CIRCLE('',#11372,0.75);
#3887=CIRCLE('',#11373,1.2);
#3888=CIRCLE('',#11374,0.45);
#3889=CIRCLE('',#11378,1.2);
#3890=CIRCLE('',#11381,1.2);
#3891=CIRCLE('',#11384,1.2);
#3892=CIRCLE('',#11385,1.2);
#3893=CIRCLE('',#11390,0.750000000000002);
#3894=CIRCLE('',#11391,0.45);
#3895=CIRCLE('',#11392,0.75);
#3896=CIRCLE('',#11393,1.2);
#3897=CIRCLE('',#11395,0.75);
#3898=CIRCLE('',#11396,0.75);
#3899=CIRCLE('',#11397,1.2);
#3900=CIRCLE('',#11398,0.45);
#3901=CIRCLE('',#11400,0.75);
#3902=CIRCLE('',#11401,0.75);
#3903=CIRCLE('',#11402,1.2);
#3904=CIRCLE('',#11403,0.45);
#3905=CIRCLE('',#11405,0.75);
#3906=CIRCLE('',#11406,0.75);
#3907=CIRCLE('',#11407,1.2);
#3908=CIRCLE('',#11408,0.45);
#3909=CIRCLE('',#11412,1.2);
#3910=CIRCLE('',#11415,1.2);
#3911=CIRCLE('',#11418,1.2);
#3912=CIRCLE('',#11420,1.2);
#3913=CIRCLE('',#11424,0.750000000000002);
#3914=CIRCLE('',#11425,0.45);
#3915=CIRCLE('',#11426,0.75);
#3916=CIRCLE('',#11427,1.2);
#3917=CIRCLE('',#11429,0.75);
#3918=CIRCLE('',#11430,0.75);
#3919=CIRCLE('',#11431,1.2);
#3920=CIRCLE('',#11432,0.45);
#3921=CIRCLE('',#11434,0.75);
#3922=CIRCLE('',#11435,0.75);
#3923=CIRCLE('',#11436,1.2);
#3924=CIRCLE('',#11437,0.45);
#3925=CIRCLE('',#11439,0.75);
#3926=CIRCLE('',#11440,0.75);
#3927=CIRCLE('',#11441,1.2);
#3928=CIRCLE('',#11442,0.45);
#3929=CIRCLE('',#11446,1.2);
#3930=CIRCLE('',#11449,1.2);
#3931=CIRCLE('',#11452,1.2);
#3932=CIRCLE('',#11455,1.2);
#3933=CIRCLE('',#11458,0.749999999999993);
#3934=CIRCLE('',#11459,0.45);
#3935=CIRCLE('',#11460,0.75);
#3936=CIRCLE('',#11461,1.2);
#3937=CIRCLE('',#11463,0.75);
#3938=CIRCLE('',#11464,0.75);
#3939=CIRCLE('',#11465,1.2);
#3940=CIRCLE('',#11466,0.45);
#3941=CIRCLE('',#11468,0.75);
#3942=CIRCLE('',#11469,0.75);
#3943=CIRCLE('',#11470,1.2);
#3944=CIRCLE('',#11471,0.45);
#3945=CIRCLE('',#11473,0.75);
#3946=CIRCLE('',#11474,0.75);
#3947=CIRCLE('',#11475,1.2);
#3948=CIRCLE('',#11476,0.45);
#3949=CIRCLE('',#11480,1.2);
#3950=CIRCLE('',#11483,1.2);
#3951=CIRCLE('',#11486,1.2);
#3952=CIRCLE('',#11488,1.2);
#3953=CIRCLE('',#11492,0.750000000000002);
#3954=CIRCLE('',#11493,0.45);
#3955=CIRCLE('',#11494,0.75);
#3956=CIRCLE('',#11495,1.2);
#3957=CIRCLE('',#11497,0.75);
#3958=CIRCLE('',#11498,0.75);
#3959=CIRCLE('',#11499,1.2);
#3960=CIRCLE('',#11500,0.45);
#3961=CIRCLE('',#11502,0.75);
#3962=CIRCLE('',#11503,0.75);
#3963=CIRCLE('',#11504,1.2);
#3964=CIRCLE('',#11505,0.45);
#3965=CIRCLE('',#11507,0.75);
#3966=CIRCLE('',#11508,0.75);
#3967=CIRCLE('',#11509,1.2);
#3968=CIRCLE('',#11510,0.45);
#3969=CIRCLE('',#11514,1.2);
#3970=CIRCLE('',#11517,1.2);
#3971=CIRCLE('',#11520,1.2);
#3972=CIRCLE('',#11523,1.2);
#3973=CIRCLE('',#11526,0.749999999999993);
#3974=CIRCLE('',#11527,0.45);
#3975=CIRCLE('',#11528,0.75);
#3976=CIRCLE('',#11529,1.2);
#3977=CIRCLE('',#11531,0.75);
#3978=CIRCLE('',#11532,0.75);
#3979=CIRCLE('',#11533,1.2);
#3980=CIRCLE('',#11534,0.45);
#3981=CIRCLE('',#11536,0.75);
#3982=CIRCLE('',#11537,0.75);
#3983=CIRCLE('',#11538,1.2);
#3984=CIRCLE('',#11539,0.45);
#3985=CIRCLE('',#11541,0.75);
#3986=CIRCLE('',#11542,0.75);
#3987=CIRCLE('',#11543,1.2);
#3988=CIRCLE('',#11544,0.45);
#3989=CIRCLE('',#11548,1.2);
#3990=CIRCLE('',#11551,1.2);
#3991=CIRCLE('',#11555,1.2);
#3992=CIRCLE('',#11558,1.2);
#3993=CIRCLE('',#11560,0.749999999999993);
#3994=CIRCLE('',#11561,0.45);
#3995=CIRCLE('',#11562,0.75);
#3996=CIRCLE('',#11563,1.2);
#3997=CIRCLE('',#11565,0.75);
#3998=CIRCLE('',#11566,0.75);
#3999=CIRCLE('',#11567,1.2);
#4000=CIRCLE('',#11568,0.45);
#4001=CIRCLE('',#11570,0.75);
#4002=CIRCLE('',#11571,0.75);
#4003=CIRCLE('',#11572,1.2);
#4004=CIRCLE('',#11573,0.45);
#4005=CIRCLE('',#11575,0.75);
#4006=CIRCLE('',#11576,0.75);
#4007=CIRCLE('',#11577,1.2);
#4008=CIRCLE('',#11578,0.45);
#4009=CIRCLE('',#11582,1.2);
#4010=CIRCLE('',#11585,1.2);
#4011=CIRCLE('',#11588,1.2);
#4012=CIRCLE('',#11590,1.2);
#4013=CIRCLE('',#11594,0.750000000000002);
#4014=CIRCLE('',#11595,0.45);
#4015=CIRCLE('',#11596,0.75);
#4016=CIRCLE('',#11597,1.2);
#4017=CIRCLE('',#11599,0.75);
#4018=CIRCLE('',#11600,0.75);
#4019=CIRCLE('',#11601,1.2);
#4020=CIRCLE('',#11602,0.45);
#4021=CIRCLE('',#11604,0.75);
#4022=CIRCLE('',#11605,0.75);
#4023=CIRCLE('',#11606,1.2);
#4024=CIRCLE('',#11607,0.45);
#4025=CIRCLE('',#11609,0.75);
#4026=CIRCLE('',#11610,0.75);
#4027=CIRCLE('',#11611,1.2);
#4028=CIRCLE('',#11612,0.45);
#4029=CIRCLE('',#11616,1.2);
#4030=CIRCLE('',#11619,1.2);
#4031=CIRCLE('',#11622,1.2);
#4032=CIRCLE('',#11624,1.2);
#4033=CIRCLE('',#11628,0.749999999999993);
#4034=CIRCLE('',#11629,0.45);
#4035=CIRCLE('',#11630,0.75);
#4036=CIRCLE('',#11631,1.2);
#4037=CIRCLE('',#11633,0.75);
#4038=CIRCLE('',#11634,0.75);
#4039=CIRCLE('',#11635,1.2);
#4040=CIRCLE('',#11636,0.45);
#4041=CIRCLE('',#11638,0.75);
#4042=CIRCLE('',#11639,0.75);
#4043=CIRCLE('',#11640,1.2);
#4044=CIRCLE('',#11641,0.45);
#4045=CIRCLE('',#11643,0.75);
#4046=CIRCLE('',#11644,0.75);
#4047=CIRCLE('',#11645,1.2);
#4048=CIRCLE('',#11646,0.45);
#4049=CIRCLE('',#11650,1.2);
#4050=CIRCLE('',#11653,1.2);
#4051=CIRCLE('',#11657,1.2);
#4052=CIRCLE('',#11660,1.2);
#4053=CIRCLE('',#11662,0.749999999999993);
#4054=CIRCLE('',#11663,0.45);
#4055=CIRCLE('',#11664,0.75);
#4056=CIRCLE('',#11665,1.2);
#4057=CIRCLE('',#11667,0.75);
#4058=CIRCLE('',#11668,0.75);
#4059=CIRCLE('',#11669,1.2);
#4060=CIRCLE('',#11670,0.45);
#4061=CIRCLE('',#11672,0.75);
#4062=CIRCLE('',#11673,0.75);
#4063=CIRCLE('',#11674,1.2);
#4064=CIRCLE('',#11675,0.45);
#4065=CIRCLE('',#11677,0.75);
#4066=CIRCLE('',#11678,0.75);
#4067=CIRCLE('',#11679,1.2);
#4068=CIRCLE('',#11680,0.45);
#4069=CIRCLE('',#11684,1.2);
#4070=CIRCLE('',#11687,1.2);
#4071=CIRCLE('',#11690,1.2);
#4072=CIRCLE('',#11692,1.2);
#4073=CIRCLE('',#11696,0.750000000000002);
#4074=CIRCLE('',#11697,0.45);
#4075=CIRCLE('',#11698,0.75);
#4076=CIRCLE('',#11699,1.2);
#4077=CIRCLE('',#11701,0.75);
#4078=CIRCLE('',#11702,0.75);
#4079=CIRCLE('',#11703,1.2);
#4080=CIRCLE('',#11704,0.45);
#4081=CIRCLE('',#11706,0.75);
#4082=CIRCLE('',#11707,0.75);
#4083=CIRCLE('',#11708,1.2);
#4084=CIRCLE('',#11709,0.45);
#4085=CIRCLE('',#11711,0.75);
#4086=CIRCLE('',#11712,0.75);
#4087=CIRCLE('',#11713,1.2);
#4088=CIRCLE('',#11714,0.45);
#4089=CIRCLE('',#11718,1.2);
#4090=CIRCLE('',#11721,1.2);
#4091=CIRCLE('',#11724,1.2);
#4092=CIRCLE('',#11727,1.2);
#4093=CIRCLE('',#11730,0.750000000000002);
#4094=CIRCLE('',#11731,0.45);
#4095=CIRCLE('',#11732,0.75);
#4096=CIRCLE('',#11733,1.2);
#4097=CIRCLE('',#11735,0.75);
#4098=CIRCLE('',#11736,0.75);
#4099=CIRCLE('',#11737,1.2);
#4100=CIRCLE('',#11738,0.45);
#4101=CIRCLE('',#11740,0.75);
#4102=CIRCLE('',#11741,0.75);
#4103=CIRCLE('',#11742,1.2);
#4104=CIRCLE('',#11743,0.45);
#4105=CIRCLE('',#11745,0.75);
#4106=CIRCLE('',#11746,0.75);
#4107=CIRCLE('',#11747,1.2);
#4108=CIRCLE('',#11748,0.45);
#4109=CIRCLE('',#11752,1.2);
#4110=CIRCLE('',#11755,1.2);
#4111=CIRCLE('',#11758,1.2);
#4112=CIRCLE('',#11760,1.2);
#4113=CIRCLE('',#11764,0.750000000000002);
#4114=CIRCLE('',#11765,0.45);
#4115=CIRCLE('',#11766,0.75);
#4116=CIRCLE('',#11767,1.2);
#4117=CIRCLE('',#11769,0.75);
#4118=CIRCLE('',#11770,0.75);
#4119=CIRCLE('',#11771,1.2);
#4120=CIRCLE('',#11772,0.45);
#4121=CIRCLE('',#11774,0.75);
#4122=CIRCLE('',#11775,0.75);
#4123=CIRCLE('',#11776,1.2);
#4124=CIRCLE('',#11777,0.45);
#4125=CIRCLE('',#11779,0.75);
#4126=CIRCLE('',#11780,0.75);
#4127=CIRCLE('',#11781,1.2);
#4128=CIRCLE('',#11782,0.45);
#4129=CIRCLE('',#11786,1.2);
#4130=CIRCLE('',#11789,1.2);
#4131=CIRCLE('',#11792,1.2);
#4132=CIRCLE('',#11794,1.2);
#4133=CIRCLE('',#11798,0.749999999999993);
#4134=CIRCLE('',#11799,0.45);
#4135=CIRCLE('',#11800,0.75);
#4136=CIRCLE('',#11801,1.2);
#4137=CIRCLE('',#11803,0.75);
#4138=CIRCLE('',#11804,0.75);
#4139=CIRCLE('',#11805,1.2);
#4140=CIRCLE('',#11806,0.45);
#4141=CIRCLE('',#11808,0.75);
#4142=CIRCLE('',#11809,0.75);
#4143=CIRCLE('',#11810,1.2);
#4144=CIRCLE('',#11811,0.45);
#4145=CIRCLE('',#11813,0.75);
#4146=CIRCLE('',#11814,0.75);
#4147=CIRCLE('',#11815,1.2);
#4148=CIRCLE('',#11816,0.45);
#4149=CIRCLE('',#11820,1.2);
#4150=CIRCLE('',#11823,1.2);
#4151=CIRCLE('',#11826,1.2);
#4152=CIRCLE('',#11828,1.2);
#4153=CIRCLE('',#11832,0.749999999999993);
#4154=CIRCLE('',#11833,0.45);
#4155=CIRCLE('',#11834,0.75);
#4156=CIRCLE('',#11835,1.2);
#4157=CIRCLE('',#11837,0.75);
#4158=CIRCLE('',#11838,0.75);
#4159=CIRCLE('',#11839,1.2);
#4160=CIRCLE('',#11840,0.45);
#4161=CIRCLE('',#11842,0.75);
#4162=CIRCLE('',#11843,0.75);
#4163=CIRCLE('',#11844,1.2);
#4164=CIRCLE('',#11845,0.45);
#4165=CIRCLE('',#11847,0.75);
#4166=CIRCLE('',#11848,0.75);
#4167=CIRCLE('',#11849,1.2);
#4168=CIRCLE('',#11850,0.45);
#4169=CIRCLE('',#11854,1.2);
#4170=CIRCLE('',#11857,1.2);
#4171=CIRCLE('',#11861,1.2);
#4172=CIRCLE('',#11864,1.2);
#4173=CIRCLE('',#11867,0.599999999999996);
#4174=CIRCLE('',#11868,0.8);
#4175=CIRCLE('',#11869,0.6);
#4176=CIRCLE('',#11870,1.4);
#4177=CIRCLE('',#11872,0.6);
#4178=CIRCLE('',#11874,0.6);
#4179=CIRCLE('',#11875,1.4);
#4180=CIRCLE('',#11876,0.8);
#4181=CIRCLE('',#11878,0.6);
#4182=CIRCLE('',#11880,0.6);
#4183=CIRCLE('',#11881,1.4);
#4184=CIRCLE('',#11882,0.8);
#4185=CIRCLE('',#11884,0.6);
#4186=CIRCLE('',#11886,0.6);
#4187=CIRCLE('',#11887,1.4);
#4188=CIRCLE('',#11888,0.8);
#4189=CIRCLE('',#11892,1.4);
#4190=CIRCLE('',#11895,1.4);
#4191=CIRCLE('',#11898,1.4);
#4192=CIRCLE('',#11899,1.4);
#4193=CIRCLE('',#11905,0.599999999999998);
#4194=CIRCLE('',#11906,0.8);
#4195=CIRCLE('',#11907,0.6);
#4196=CIRCLE('',#11908,1.4);
#4197=CIRCLE('',#11910,0.6);
#4198=CIRCLE('',#11912,0.6);
#4199=CIRCLE('',#11913,1.4);
#4200=CIRCLE('',#11914,0.8);
#4201=CIRCLE('',#11916,0.6);
#4202=CIRCLE('',#11918,0.6);
#4203=CIRCLE('',#11919,1.4);
#4204=CIRCLE('',#11920,0.8);
#4205=CIRCLE('',#11922,0.6);
#4206=CIRCLE('',#11924,0.6);
#4207=CIRCLE('',#11925,1.4);
#4208=CIRCLE('',#11926,0.8);
#4209=CIRCLE('',#11930,1.4);
#4210=CIRCLE('',#11933,1.4);
#4211=CIRCLE('',#11936,1.4);
#4212=CIRCLE('',#11937,1.4);
#4213=CIRCLE('',#11943,0.600000000000001);
#4214=CIRCLE('',#11944,0.8);
#4215=CIRCLE('',#11945,0.6);
#4216=CIRCLE('',#11946,1.4);
#4217=CIRCLE('',#11948,0.6);
#4218=CIRCLE('',#11950,0.6);
#4219=CIRCLE('',#11951,1.4);
#4220=CIRCLE('',#11952,0.8);
#4221=CIRCLE('',#11954,0.6);
#4222=CIRCLE('',#11956,0.6);
#4223=CIRCLE('',#11957,1.4);
#4224=CIRCLE('',#11958,0.8);
#4225=CIRCLE('',#11960,0.6);
#4226=CIRCLE('',#11962,0.6);
#4227=CIRCLE('',#11963,1.4);
#4228=CIRCLE('',#11964,0.8);
#4229=CIRCLE('',#11968,1.4);
#4230=CIRCLE('',#11971,1.4);
#4231=CIRCLE('',#11974,1.4);
#4232=CIRCLE('',#11975,1.4);
#4233=CIRCLE('',#11981,0.599999999999996);
#4234=CIRCLE('',#11982,0.8);
#4235=CIRCLE('',#11983,0.6);
#4236=CIRCLE('',#11984,1.4);
#4237=CIRCLE('',#11986,0.6);
#4238=CIRCLE('',#11988,0.6);
#4239=CIRCLE('',#11989,1.4);
#4240=CIRCLE('',#11990,0.8);
#4241=CIRCLE('',#11992,0.6);
#4242=CIRCLE('',#11994,0.6);
#4243=CIRCLE('',#11995,1.4);
#4244=CIRCLE('',#11996,0.8);
#4245=CIRCLE('',#11998,0.6);
#4246=CIRCLE('',#12000,0.6);
#4247=CIRCLE('',#12001,1.4);
#4248=CIRCLE('',#12002,0.8);
#4249=CIRCLE('',#12006,1.4);
#4250=CIRCLE('',#12009,1.4);
#4251=CIRCLE('',#12012,1.4);
#4252=CIRCLE('',#12013,1.4);
#4253=CIRCLE('',#12019,0.599999999999996);
#4254=CIRCLE('',#12020,0.8);
#4255=CIRCLE('',#12021,0.6);
#4256=CIRCLE('',#12022,1.4);
#4257=CIRCLE('',#12024,0.6);
#4258=CIRCLE('',#12026,0.6);
#4259=CIRCLE('',#12027,1.4);
#4260=CIRCLE('',#12028,0.8);
#4261=CIRCLE('',#12030,0.6);
#4262=CIRCLE('',#12032,0.6);
#4263=CIRCLE('',#12033,1.4);
#4264=CIRCLE('',#12034,0.8);
#4265=CIRCLE('',#12036,0.6);
#4266=CIRCLE('',#12038,0.6);
#4267=CIRCLE('',#12039,1.4);
#4268=CIRCLE('',#12040,0.8);
#4269=CIRCLE('',#12044,1.4);
#4270=CIRCLE('',#12047,1.4);
#4271=CIRCLE('',#12051,1.4);
#4272=CIRCLE('',#12054,1.4);
#4273=CIRCLE('',#12057,0.599999999999996);
#4274=CIRCLE('',#12058,0.8);
#4275=CIRCLE('',#12059,0.6);
#4276=CIRCLE('',#12060,1.4);
#4277=CIRCLE('',#12062,0.6);
#4278=CIRCLE('',#12064,0.6);
#4279=CIRCLE('',#12065,1.4);
#4280=CIRCLE('',#12066,0.8);
#4281=CIRCLE('',#12068,0.6);
#4282=CIRCLE('',#12070,0.6);
#4283=CIRCLE('',#12071,1.4);
#4284=CIRCLE('',#12072,0.8);
#4285=CIRCLE('',#12074,0.6);
#4286=CIRCLE('',#12076,0.6);
#4287=CIRCLE('',#12077,1.4);
#4288=CIRCLE('',#12078,0.8);
#4289=CIRCLE('',#12082,1.4);
#4290=CIRCLE('',#12085,1.4);
#4291=CIRCLE('',#12088,1.4);
#4292=CIRCLE('',#12089,1.4);
#4293=CIRCLE('',#12095,0.599999999999996);
#4294=CIRCLE('',#12096,0.8);
#4295=CIRCLE('',#12097,0.6);
#4296=CIRCLE('',#12098,1.4);
#4297=CIRCLE('',#12100,0.6);
#4298=CIRCLE('',#12102,0.6);
#4299=CIRCLE('',#12103,1.4);
#4300=CIRCLE('',#12104,0.8);
#4301=CIRCLE('',#12106,0.6);
#4302=CIRCLE('',#12108,0.6);
#4303=CIRCLE('',#12109,1.4);
#4304=CIRCLE('',#12110,0.8);
#4305=CIRCLE('',#12112,0.6);
#4306=CIRCLE('',#12114,0.6);
#4307=CIRCLE('',#12115,1.4);
#4308=CIRCLE('',#12116,0.8);
#4309=CIRCLE('',#12120,1.4);
#4310=CIRCLE('',#12123,1.4);
#4311=CIRCLE('',#12126,1.4);
#4312=CIRCLE('',#12127,1.4);
#4313=CIRCLE('',#12133,0.600000000000001);
#4314=CIRCLE('',#12134,0.8);
#4315=CIRCLE('',#12135,0.6);
#4316=CIRCLE('',#12136,1.4);
#4317=CIRCLE('',#12138,0.6);
#4318=CIRCLE('',#12140,0.6);
#4319=CIRCLE('',#12141,1.4);
#4320=CIRCLE('',#12142,0.8);
#4321=CIRCLE('',#12144,0.6);
#4322=CIRCLE('',#12146,0.6);
#4323=CIRCLE('',#12147,1.4);
#4324=CIRCLE('',#12148,0.8);
#4325=CIRCLE('',#12150,0.6);
#4326=CIRCLE('',#12152,0.6);
#4327=CIRCLE('',#12153,1.4);
#4328=CIRCLE('',#12154,0.8);
#4329=CIRCLE('',#12158,1.4);
#4330=CIRCLE('',#12161,1.4);
#4331=CIRCLE('',#12165,1.4);
#4332=CIRCLE('',#12168,1.4);
#4333=CIRCLE('',#12171,0.599999999999998);
#4334=CIRCLE('',#12172,0.8);
#4335=CIRCLE('',#12173,0.6);
#4336=CIRCLE('',#12174,1.4);
#4337=CIRCLE('',#12176,0.6);
#4338=CIRCLE('',#12178,0.6);
#4339=CIRCLE('',#12179,1.4);
#4340=CIRCLE('',#12180,0.8);
#4341=CIRCLE('',#12182,0.6);
#4342=CIRCLE('',#12184,0.6);
#4343=CIRCLE('',#12185,1.4);
#4344=CIRCLE('',#12186,0.8);
#4345=CIRCLE('',#12188,0.6);
#4346=CIRCLE('',#12190,0.6);
#4347=CIRCLE('',#12191,1.4);
#4348=CIRCLE('',#12192,0.8);
#4349=CIRCLE('',#12196,1.4);
#4350=CIRCLE('',#12199,1.4);
#4351=CIRCLE('',#12202,1.4);
#4352=CIRCLE('',#12203,1.4);
#4353=CIRCLE('',#12209,0.599999999999996);
#4354=CIRCLE('',#12210,0.8);
#4355=CIRCLE('',#12211,0.6);
#4356=CIRCLE('',#12212,1.4);
#4357=CIRCLE('',#12214,0.6);
#4358=CIRCLE('',#12216,0.6);
#4359=CIRCLE('',#12217,1.4);
#4360=CIRCLE('',#12218,0.8);
#4361=CIRCLE('',#12220,0.6);
#4362=CIRCLE('',#12222,0.6);
#4363=CIRCLE('',#12223,1.4);
#4364=CIRCLE('',#12224,0.8);
#4365=CIRCLE('',#12226,0.6);
#4366=CIRCLE('',#12228,0.6);
#4367=CIRCLE('',#12229,1.4);
#4368=CIRCLE('',#12230,0.8);
#4369=CIRCLE('',#12234,1.4);
#4370=CIRCLE('',#12237,1.4);
#4371=CIRCLE('',#12240,1.4);
#4372=CIRCLE('',#12243,1.4);
#4373=CIRCLE('',#12247,0.599999999999998);
#4374=CIRCLE('',#12248,0.8);
#4375=CIRCLE('',#12249,0.6);
#4376=CIRCLE('',#12250,1.4);
#4377=CIRCLE('',#12252,0.6);
#4378=CIRCLE('',#12254,0.6);
#4379=CIRCLE('',#12255,1.4);
#4380=CIRCLE('',#12256,0.8);
#4381=CIRCLE('',#12258,0.6);
#4382=CIRCLE('',#12260,0.6);
#4383=CIRCLE('',#12261,1.4);
#4384=CIRCLE('',#12262,0.8);
#4385=CIRCLE('',#12264,0.6);
#4386=CIRCLE('',#12266,0.6);
#4387=CIRCLE('',#12267,1.4);
#4388=CIRCLE('',#12268,0.8);
#4389=CIRCLE('',#12272,1.4);
#4390=CIRCLE('',#12275,1.4);
#4391=CIRCLE('',#12278,1.4);
#4392=CIRCLE('',#12279,1.4);
#4393=CIRCLE('',#12285,0.599999999999998);
#4394=CIRCLE('',#12286,0.8);
#4395=CIRCLE('',#12287,0.6);
#4396=CIRCLE('',#12288,1.4);
#4397=CIRCLE('',#12290,0.6);
#4398=CIRCLE('',#12292,0.6);
#4399=CIRCLE('',#12293,1.4);
#4400=CIRCLE('',#12294,0.8);
#4401=CIRCLE('',#12296,0.6);
#4402=CIRCLE('',#12298,0.6);
#4403=CIRCLE('',#12299,1.4);
#4404=CIRCLE('',#12300,0.8);
#4405=CIRCLE('',#12302,0.6);
#4406=CIRCLE('',#12304,0.6);
#4407=CIRCLE('',#12305,1.4);
#4408=CIRCLE('',#12306,0.8);
#4409=CIRCLE('',#12310,1.4);
#4410=CIRCLE('',#12313,1.4);
#4411=CIRCLE('',#12316,1.4);
#4412=CIRCLE('',#12317,1.4);
#4413=CIRCLE('',#12323,0.600000000000001);
#4414=CIRCLE('',#12324,0.8);
#4415=CIRCLE('',#12325,0.6);
#4416=CIRCLE('',#12326,1.4);
#4417=CIRCLE('',#12328,0.6);
#4418=CIRCLE('',#12330,0.6);
#4419=CIRCLE('',#12331,1.4);
#4420=CIRCLE('',#12332,0.8);
#4421=CIRCLE('',#12334,0.6);
#4422=CIRCLE('',#12336,0.6);
#4423=CIRCLE('',#12337,1.4);
#4424=CIRCLE('',#12338,0.8);
#4425=CIRCLE('',#12340,0.6);
#4426=CIRCLE('',#12342,0.6);
#4427=CIRCLE('',#12343,1.4);
#4428=CIRCLE('',#12344,0.8);
#4429=CIRCLE('',#12348,1.4);
#4430=CIRCLE('',#12351,1.4);
#4431=CIRCLE('',#12354,1.4);
#4432=CIRCLE('',#12357,1.4);
#4433=CIRCLE('',#12361,0.599999999999996);
#4434=CIRCLE('',#12362,0.8);
#4435=CIRCLE('',#12363,0.6);
#4436=CIRCLE('',#12364,1.4);
#4437=CIRCLE('',#12366,0.6);
#4438=CIRCLE('',#12368,0.6);
#4439=CIRCLE('',#12369,1.4);
#4440=CIRCLE('',#12370,0.8);
#4441=CIRCLE('',#12372,0.6);
#4442=CIRCLE('',#12374,0.6);
#4443=CIRCLE('',#12375,1.4);
#4444=CIRCLE('',#12376,0.8);
#4445=CIRCLE('',#12378,0.6);
#4446=CIRCLE('',#12380,0.6);
#4447=CIRCLE('',#12381,1.4);
#4448=CIRCLE('',#12382,0.8);
#4449=CIRCLE('',#12386,1.4);
#4450=CIRCLE('',#12389,1.4);
#4451=CIRCLE('',#12392,1.4);
#4452=CIRCLE('',#12395,1.4);
#4453=CIRCLE('',#12399,0.599999999999996);
#4454=CIRCLE('',#12400,0.8);
#4455=CIRCLE('',#12401,0.6);
#4456=CIRCLE('',#12402,1.4);
#4457=CIRCLE('',#12404,0.6);
#4458=CIRCLE('',#12406,0.6);
#4459=CIRCLE('',#12407,1.4);
#4460=CIRCLE('',#12408,0.8);
#4461=CIRCLE('',#12410,0.6);
#4462=CIRCLE('',#12412,0.6);
#4463=CIRCLE('',#12413,1.4);
#4464=CIRCLE('',#12414,0.8);
#4465=CIRCLE('',#12416,0.6);
#4466=CIRCLE('',#12418,0.6);
#4467=CIRCLE('',#12419,1.4);
#4468=CIRCLE('',#12420,0.8);
#4469=CIRCLE('',#12424,1.4);
#4470=CIRCLE('',#12427,1.4);
#4471=CIRCLE('',#12430,1.4);
#4472=CIRCLE('',#12431,1.4);
#4473=CIRCLE('',#12437,0.599999999999996);
#4474=CIRCLE('',#12438,0.8);
#4475=CIRCLE('',#12439,0.6);
#4476=CIRCLE('',#12440,1.4);
#4477=CIRCLE('',#12442,0.6);
#4478=CIRCLE('',#12444,0.6);
#4479=CIRCLE('',#12445,1.4);
#4480=CIRCLE('',#12446,0.8);
#4481=CIRCLE('',#12448,0.6);
#4482=CIRCLE('',#12450,0.6);
#4483=CIRCLE('',#12451,1.4);
#4484=CIRCLE('',#12452,0.8);
#4485=CIRCLE('',#12454,0.6);
#4486=CIRCLE('',#12456,0.6);
#4487=CIRCLE('',#12457,1.4);
#4488=CIRCLE('',#12458,0.8);
#4489=CIRCLE('',#12462,1.4);
#4490=CIRCLE('',#12465,1.4);
#4491=CIRCLE('',#12468,1.4);
#4492=CIRCLE('',#12469,1.4);
#4493=CIRCLE('',#12475,0.600000000000001);
#4494=CIRCLE('',#12476,0.8);
#4495=CIRCLE('',#12477,0.6);
#4496=CIRCLE('',#12478,1.4);
#4497=CIRCLE('',#12480,0.6);
#4498=CIRCLE('',#12482,0.6);
#4499=CIRCLE('',#12483,1.4);
#4500=CIRCLE('',#12484,0.8);
#4501=CIRCLE('',#12486,0.6);
#4502=CIRCLE('',#12488,0.6);
#4503=CIRCLE('',#12489,1.4);
#4504=CIRCLE('',#12490,0.8);
#4505=CIRCLE('',#12492,0.6);
#4506=CIRCLE('',#12494,0.6);
#4507=CIRCLE('',#12495,1.4);
#4508=CIRCLE('',#12496,0.8);
#4509=CIRCLE('',#12500,1.4);
#4510=CIRCLE('',#12503,1.4);
#4511=CIRCLE('',#12506,1.4);
#4512=CIRCLE('',#12507,1.4);
#4513=CIRCLE('',#12513,0.600000000000001);
#4514=CIRCLE('',#12514,0.8);
#4515=CIRCLE('',#12515,0.6);
#4516=CIRCLE('',#12516,1.4);
#4517=CIRCLE('',#12518,0.6);
#4518=CIRCLE('',#12520,0.6);
#4519=CIRCLE('',#12521,1.4);
#4520=CIRCLE('',#12522,0.8);
#4521=CIRCLE('',#12524,0.6);
#4522=CIRCLE('',#12526,0.6);
#4523=CIRCLE('',#12527,1.4);
#4524=CIRCLE('',#12528,0.8);
#4525=CIRCLE('',#12530,0.6);
#4526=CIRCLE('',#12532,0.6);
#4527=CIRCLE('',#12533,1.4);
#4528=CIRCLE('',#12534,0.8);
#4529=CIRCLE('',#12538,1.4);
#4530=CIRCLE('',#12541,1.4);
#4531=CIRCLE('',#12545,1.4);
#4532=CIRCLE('',#12548,1.4);
#4533=CIRCLE('',#12551,0.599999999999998);
#4534=CIRCLE('',#12552,0.8);
#4535=CIRCLE('',#12553,0.6);
#4536=CIRCLE('',#12554,1.4);
#4537=CIRCLE('',#12556,0.6);
#4538=CIRCLE('',#12558,0.6);
#4539=CIRCLE('',#12559,1.4);
#4540=CIRCLE('',#12560,0.8);
#4541=CIRCLE('',#12562,0.6);
#4542=CIRCLE('',#12564,0.6);
#4543=CIRCLE('',#12565,1.4);
#4544=CIRCLE('',#12566,0.8);
#4545=CIRCLE('',#12568,0.6);
#4546=CIRCLE('',#12570,0.6);
#4547=CIRCLE('',#12571,1.4);
#4548=CIRCLE('',#12572,0.8);
#4549=CIRCLE('',#12576,1.4);
#4550=CIRCLE('',#12579,1.4);
#4551=CIRCLE('',#12582,1.4);
#4552=CIRCLE('',#12585,1.4);
#4553=CIRCLE('',#12589,0.599999999999996);
#4554=CIRCLE('',#12590,0.8);
#4555=CIRCLE('',#12591,0.6);
#4556=CIRCLE('',#12592,1.4);
#4557=CIRCLE('',#12594,0.6);
#4558=CIRCLE('',#12596,0.6);
#4559=CIRCLE('',#12597,1.4);
#4560=CIRCLE('',#12598,0.8);
#4561=CIRCLE('',#12600,0.6);
#4562=CIRCLE('',#12602,0.6);
#4563=CIRCLE('',#12603,1.4);
#4564=CIRCLE('',#12604,0.8);
#4565=CIRCLE('',#12606,0.6);
#4566=CIRCLE('',#12608,0.6);
#4567=CIRCLE('',#12609,1.4);
#4568=CIRCLE('',#12610,0.8);
#4569=CIRCLE('',#12614,1.4);
#4570=CIRCLE('',#12617,1.4);
#4571=CIRCLE('',#12620,1.4);
#4572=CIRCLE('',#12621,1.4);
#4573=VERTEX_POINT('',#16318);
#4574=VERTEX_POINT('',#16319);
#4575=VERTEX_POINT('',#16321);
#4576=VERTEX_POINT('',#16323);
#4577=VERTEX_POINT('',#16327);
#4578=VERTEX_POINT('',#16328);
#4579=VERTEX_POINT('',#16341);
#4580=VERTEX_POINT('',#16342);
#4581=VERTEX_POINT('',#16347);
#4582=VERTEX_POINT('',#16348);
#4583=VERTEX_POINT('',#16361);
#4584=VERTEX_POINT('',#16362);
#4585=VERTEX_POINT('',#16367);
#4586=VERTEX_POINT('',#16368);
#4587=VERTEX_POINT('',#16381);
#4588=VERTEX_POINT('',#16382);
#4589=VERTEX_POINT('',#16390);
#4590=VERTEX_POINT('',#16392);
#4591=VERTEX_POINT('',#16396);
#4592=VERTEX_POINT('',#16400);
#4593=VERTEX_POINT('',#16404);
#4594=VERTEX_POINT('',#16409);
#4595=VERTEX_POINT('',#16411);
#4596=VERTEX_POINT('',#16415);
#4597=VERTEX_POINT('',#16432);
#4598=VERTEX_POINT('',#16433);
#4599=VERTEX_POINT('',#16435);
#4600=VERTEX_POINT('',#16437);
#4601=VERTEX_POINT('',#16441);
#4602=VERTEX_POINT('',#16442);
#4603=VERTEX_POINT('',#16455);
#4604=VERTEX_POINT('',#16456);
#4605=VERTEX_POINT('',#16461);
#4606=VERTEX_POINT('',#16462);
#4607=VERTEX_POINT('',#16475);
#4608=VERTEX_POINT('',#16476);
#4609=VERTEX_POINT('',#16481);
#4610=VERTEX_POINT('',#16482);
#4611=VERTEX_POINT('',#16495);
#4612=VERTEX_POINT('',#16496);
#4613=VERTEX_POINT('',#16504);
#4614=VERTEX_POINT('',#16506);
#4615=VERTEX_POINT('',#16510);
#4616=VERTEX_POINT('',#16514);
#4617=VERTEX_POINT('',#16518);
#4618=VERTEX_POINT('',#16523);
#4619=VERTEX_POINT('',#16527);
#4620=VERTEX_POINT('',#16529);
#4621=VERTEX_POINT('',#16546);
#4622=VERTEX_POINT('',#16547);
#4623=VERTEX_POINT('',#16549);
#4624=VERTEX_POINT('',#16551);
#4625=VERTEX_POINT('',#16555);
#4626=VERTEX_POINT('',#16556);
#4627=VERTEX_POINT('',#16569);
#4628=VERTEX_POINT('',#16570);
#4629=VERTEX_POINT('',#16575);
#4630=VERTEX_POINT('',#16576);
#4631=VERTEX_POINT('',#16589);
#4632=VERTEX_POINT('',#16590);
#4633=VERTEX_POINT('',#16595);
#4634=VERTEX_POINT('',#16596);
#4635=VERTEX_POINT('',#16609);
#4636=VERTEX_POINT('',#16610);
#4637=VERTEX_POINT('',#16618);
#4638=VERTEX_POINT('',#16620);
#4639=VERTEX_POINT('',#16624);
#4640=VERTEX_POINT('',#16628);
#4641=VERTEX_POINT('',#16632);
#4642=VERTEX_POINT('',#16637);
#4643=VERTEX_POINT('',#16641);
#4644=VERTEX_POINT('',#16643);
#4645=VERTEX_POINT('',#16660);
#4646=VERTEX_POINT('',#16661);
#4647=VERTEX_POINT('',#16663);
#4648=VERTEX_POINT('',#16665);
#4649=VERTEX_POINT('',#16669);
#4650=VERTEX_POINT('',#16670);
#4651=VERTEX_POINT('',#16683);
#4652=VERTEX_POINT('',#16684);
#4653=VERTEX_POINT('',#16689);
#4654=VERTEX_POINT('',#16690);
#4655=VERTEX_POINT('',#16703);
#4656=VERTEX_POINT('',#16704);
#4657=VERTEX_POINT('',#16709);
#4658=VERTEX_POINT('',#16710);
#4659=VERTEX_POINT('',#16723);
#4660=VERTEX_POINT('',#16724);
#4661=VERTEX_POINT('',#16732);
#4662=VERTEX_POINT('',#16734);
#4663=VERTEX_POINT('',#16738);
#4664=VERTEX_POINT('',#16742);
#4665=VERTEX_POINT('',#16746);
#4666=VERTEX_POINT('',#16751);
#4667=VERTEX_POINT('',#16753);
#4668=VERTEX_POINT('',#16759);
#4669=VERTEX_POINT('',#16774);
#4670=VERTEX_POINT('',#16775);
#4671=VERTEX_POINT('',#16777);
#4672=VERTEX_POINT('',#16779);
#4673=VERTEX_POINT('',#16783);
#4674=VERTEX_POINT('',#16784);
#4675=VERTEX_POINT('',#16797);
#4676=VERTEX_POINT('',#16798);
#4677=VERTEX_POINT('',#16803);
#4678=VERTEX_POINT('',#16804);
#4679=VERTEX_POINT('',#16817);
#4680=VERTEX_POINT('',#16818);
#4681=VERTEX_POINT('',#16823);
#4682=VERTEX_POINT('',#16824);
#4683=VERTEX_POINT('',#16837);
#4684=VERTEX_POINT('',#16838);
#4685=VERTEX_POINT('',#16846);
#4686=VERTEX_POINT('',#16848);
#4687=VERTEX_POINT('',#16852);
#4688=VERTEX_POINT('',#16856);
#4689=VERTEX_POINT('',#16860);
#4690=VERTEX_POINT('',#16865);
#4691=VERTEX_POINT('',#16867);
#4692=VERTEX_POINT('',#16869);
#4693=VERTEX_POINT('',#16888);
#4694=VERTEX_POINT('',#16889);
#4695=VERTEX_POINT('',#16891);
#4696=VERTEX_POINT('',#16893);
#4697=VERTEX_POINT('',#16897);
#4698=VERTEX_POINT('',#16898);
#4699=VERTEX_POINT('',#16911);
#4700=VERTEX_POINT('',#16912);
#4701=VERTEX_POINT('',#16917);
#4702=VERTEX_POINT('',#16918);
#4703=VERTEX_POINT('',#16931);
#4704=VERTEX_POINT('',#16932);
#4705=VERTEX_POINT('',#16937);
#4706=VERTEX_POINT('',#16938);
#4707=VERTEX_POINT('',#16951);
#4708=VERTEX_POINT('',#16952);
#4709=VERTEX_POINT('',#16960);
#4710=VERTEX_POINT('',#16962);
#4711=VERTEX_POINT('',#16966);
#4712=VERTEX_POINT('',#16970);
#4713=VERTEX_POINT('',#16974);
#4714=VERTEX_POINT('',#16979);
#4715=VERTEX_POINT('',#16981);
#4716=VERTEX_POINT('',#16983);
#4717=VERTEX_POINT('',#17002);
#4718=VERTEX_POINT('',#17003);
#4719=VERTEX_POINT('',#17005);
#4720=VERTEX_POINT('',#17007);
#4721=VERTEX_POINT('',#17011);
#4722=VERTEX_POINT('',#17012);
#4723=VERTEX_POINT('',#17025);
#4724=VERTEX_POINT('',#17026);
#4725=VERTEX_POINT('',#17031);
#4726=VERTEX_POINT('',#17032);
#4727=VERTEX_POINT('',#17045);
#4728=VERTEX_POINT('',#17046);
#4729=VERTEX_POINT('',#17051);
#4730=VERTEX_POINT('',#17052);
#4731=VERTEX_POINT('',#17065);
#4732=VERTEX_POINT('',#17066);
#4733=VERTEX_POINT('',#17074);
#4734=VERTEX_POINT('',#17076);
#4735=VERTEX_POINT('',#17080);
#4736=VERTEX_POINT('',#17084);
#4737=VERTEX_POINT('',#17088);
#4738=VERTEX_POINT('',#17093);
#4739=VERTEX_POINT('',#17097);
#4740=VERTEX_POINT('',#17099);
#4741=VERTEX_POINT('',#17116);
#4742=VERTEX_POINT('',#17117);
#4743=VERTEX_POINT('',#17119);
#4744=VERTEX_POINT('',#17121);
#4745=VERTEX_POINT('',#17125);
#4746=VERTEX_POINT('',#17126);
#4747=VERTEX_POINT('',#17139);
#4748=VERTEX_POINT('',#17140);
#4749=VERTEX_POINT('',#17145);
#4750=VERTEX_POINT('',#17146);
#4751=VERTEX_POINT('',#17159);
#4752=VERTEX_POINT('',#17160);
#4753=VERTEX_POINT('',#17165);
#4754=VERTEX_POINT('',#17166);
#4755=VERTEX_POINT('',#17179);
#4756=VERTEX_POINT('',#17180);
#4757=VERTEX_POINT('',#17188);
#4758=VERTEX_POINT('',#17190);
#4759=VERTEX_POINT('',#17194);
#4760=VERTEX_POINT('',#17198);
#4761=VERTEX_POINT('',#17202);
#4762=VERTEX_POINT('',#17207);
#4763=VERTEX_POINT('',#17209);
#4764=VERTEX_POINT('',#17213);
#4765=VERTEX_POINT('',#17230);
#4766=VERTEX_POINT('',#17231);
#4767=VERTEX_POINT('',#17233);
#4768=VERTEX_POINT('',#17235);
#4769=VERTEX_POINT('',#17239);
#4770=VERTEX_POINT('',#17240);
#4771=VERTEX_POINT('',#17253);
#4772=VERTEX_POINT('',#17254);
#4773=VERTEX_POINT('',#17259);
#4774=VERTEX_POINT('',#17260);
#4775=VERTEX_POINT('',#17273);
#4776=VERTEX_POINT('',#17274);
#4777=VERTEX_POINT('',#17279);
#4778=VERTEX_POINT('',#17280);
#4779=VERTEX_POINT('',#17293);
#4780=VERTEX_POINT('',#17294);
#4781=VERTEX_POINT('',#17302);
#4782=VERTEX_POINT('',#17304);
#4783=VERTEX_POINT('',#17308);
#4784=VERTEX_POINT('',#17312);
#4785=VERTEX_POINT('',#17316);
#4786=VERTEX_POINT('',#17321);
#4787=VERTEX_POINT('',#17325);
#4788=VERTEX_POINT('',#17327);
#4789=VERTEX_POINT('',#17344);
#4790=VERTEX_POINT('',#17345);
#4791=VERTEX_POINT('',#17347);
#4792=VERTEX_POINT('',#17349);
#4793=VERTEX_POINT('',#17353);
#4794=VERTEX_POINT('',#17354);
#4795=VERTEX_POINT('',#17367);
#4796=VERTEX_POINT('',#17368);
#4797=VERTEX_POINT('',#17373);
#4798=VERTEX_POINT('',#17374);
#4799=VERTEX_POINT('',#17387);
#4800=VERTEX_POINT('',#17388);
#4801=VERTEX_POINT('',#17393);
#4802=VERTEX_POINT('',#17394);
#4803=VERTEX_POINT('',#17407);
#4804=VERTEX_POINT('',#17408);
#4805=VERTEX_POINT('',#17416);
#4806=VERTEX_POINT('',#17418);
#4807=VERTEX_POINT('',#17422);
#4808=VERTEX_POINT('',#17426);
#4809=VERTEX_POINT('',#17430);
#4810=VERTEX_POINT('',#17435);
#4811=VERTEX_POINT('',#17437);
#4812=VERTEX_POINT('',#17443);
#4813=VERTEX_POINT('',#17458);
#4814=VERTEX_POINT('',#17459);
#4815=VERTEX_POINT('',#17461);
#4816=VERTEX_POINT('',#17463);
#4817=VERTEX_POINT('',#17467);
#4818=VERTEX_POINT('',#17468);
#4819=VERTEX_POINT('',#17481);
#4820=VERTEX_POINT('',#17482);
#4821=VERTEX_POINT('',#17487);
#4822=VERTEX_POINT('',#17488);
#4823=VERTEX_POINT('',#17501);
#4824=VERTEX_POINT('',#17502);
#4825=VERTEX_POINT('',#17507);
#4826=VERTEX_POINT('',#17508);
#4827=VERTEX_POINT('',#17521);
#4828=VERTEX_POINT('',#17522);
#4829=VERTEX_POINT('',#17530);
#4830=VERTEX_POINT('',#17532);
#4831=VERTEX_POINT('',#17536);
#4832=VERTEX_POINT('',#17540);
#4833=VERTEX_POINT('',#17544);
#4834=VERTEX_POINT('',#17549);
#4835=VERTEX_POINT('',#17553);
#4836=VERTEX_POINT('',#17557);
#4837=VERTEX_POINT('',#17572);
#4838=VERTEX_POINT('',#17573);
#4839=VERTEX_POINT('',#17575);
#4840=VERTEX_POINT('',#17577);
#4841=VERTEX_POINT('',#17581);
#4842=VERTEX_POINT('',#17582);
#4843=VERTEX_POINT('',#17595);
#4844=VERTEX_POINT('',#17596);
#4845=VERTEX_POINT('',#17601);
#4846=VERTEX_POINT('',#17602);
#4847=VERTEX_POINT('',#17615);
#4848=VERTEX_POINT('',#17616);
#4849=VERTEX_POINT('',#17621);
#4850=VERTEX_POINT('',#17622);
#4851=VERTEX_POINT('',#17635);
#4852=VERTEX_POINT('',#17636);
#4853=VERTEX_POINT('',#17644);
#4854=VERTEX_POINT('',#17646);
#4855=VERTEX_POINT('',#17650);
#4856=VERTEX_POINT('',#17654);
#4857=VERTEX_POINT('',#17658);
#4858=VERTEX_POINT('',#17663);
#4859=VERTEX_POINT('',#17667);
#4860=VERTEX_POINT('',#17669);
#4861=VERTEX_POINT('',#17686);
#4862=VERTEX_POINT('',#17687);
#4863=VERTEX_POINT('',#17689);
#4864=VERTEX_POINT('',#17691);
#4865=VERTEX_POINT('',#17695);
#4866=VERTEX_POINT('',#17696);
#4867=VERTEX_POINT('',#17709);
#4868=VERTEX_POINT('',#17710);
#4869=VERTEX_POINT('',#17715);
#4870=VERTEX_POINT('',#17716);
#4871=VERTEX_POINT('',#17729);
#4872=VERTEX_POINT('',#17730);
#4873=VERTEX_POINT('',#17735);
#4874=VERTEX_POINT('',#17736);
#4875=VERTEX_POINT('',#17749);
#4876=VERTEX_POINT('',#17750);
#4877=VERTEX_POINT('',#17758);
#4878=VERTEX_POINT('',#17760);
#4879=VERTEX_POINT('',#17764);
#4880=VERTEX_POINT('',#17768);
#4881=VERTEX_POINT('',#17772);
#4882=VERTEX_POINT('',#17777);
#4883=VERTEX_POINT('',#17781);
#4884=VERTEX_POINT('',#17783);
#4885=VERTEX_POINT('',#17800);
#4886=VERTEX_POINT('',#17801);
#4887=VERTEX_POINT('',#17803);
#4888=VERTEX_POINT('',#17805);
#4889=VERTEX_POINT('',#17809);
#4890=VERTEX_POINT('',#17810);
#4891=VERTEX_POINT('',#17823);
#4892=VERTEX_POINT('',#17824);
#4893=VERTEX_POINT('',#17829);
#4894=VERTEX_POINT('',#17830);
#4895=VERTEX_POINT('',#17843);
#4896=VERTEX_POINT('',#17844);
#4897=VERTEX_POINT('',#17849);
#4898=VERTEX_POINT('',#17850);
#4899=VERTEX_POINT('',#17863);
#4900=VERTEX_POINT('',#17864);
#4901=VERTEX_POINT('',#17872);
#4902=VERTEX_POINT('',#17874);
#4903=VERTEX_POINT('',#17878);
#4904=VERTEX_POINT('',#17882);
#4905=VERTEX_POINT('',#17886);
#4906=VERTEX_POINT('',#17891);
#4907=VERTEX_POINT('',#17895);
#4908=VERTEX_POINT('',#17899);
#4909=VERTEX_POINT('',#17914);
#4910=VERTEX_POINT('',#17915);
#4911=VERTEX_POINT('',#17917);
#4912=VERTEX_POINT('',#17919);
#4913=VERTEX_POINT('',#17923);
#4914=VERTEX_POINT('',#17924);
#4915=VERTEX_POINT('',#17937);
#4916=VERTEX_POINT('',#17938);
#4917=VERTEX_POINT('',#17943);
#4918=VERTEX_POINT('',#17944);
#4919=VERTEX_POINT('',#17957);
#4920=VERTEX_POINT('',#17958);
#4921=VERTEX_POINT('',#17963);
#4922=VERTEX_POINT('',#17964);
#4923=VERTEX_POINT('',#17977);
#4924=VERTEX_POINT('',#17978);
#4925=VERTEX_POINT('',#17986);
#4926=VERTEX_POINT('',#17988);
#4927=VERTEX_POINT('',#17992);
#4928=VERTEX_POINT('',#17996);
#4929=VERTEX_POINT('',#18000);
#4930=VERTEX_POINT('',#18005);
#4931=VERTEX_POINT('',#18009);
#4932=VERTEX_POINT('',#18011);
#4933=VERTEX_POINT('',#18028);
#4934=VERTEX_POINT('',#18029);
#4935=VERTEX_POINT('',#18031);
#4936=VERTEX_POINT('',#18033);
#4937=VERTEX_POINT('',#18037);
#4938=VERTEX_POINT('',#18038);
#4939=VERTEX_POINT('',#18051);
#4940=VERTEX_POINT('',#18052);
#4941=VERTEX_POINT('',#18057);
#4942=VERTEX_POINT('',#18058);
#4943=VERTEX_POINT('',#18071);
#4944=VERTEX_POINT('',#18072);
#4945=VERTEX_POINT('',#18077);
#4946=VERTEX_POINT('',#18078);
#4947=VERTEX_POINT('',#18091);
#4948=VERTEX_POINT('',#18092);
#4949=VERTEX_POINT('',#18100);
#4950=VERTEX_POINT('',#18102);
#4951=VERTEX_POINT('',#18106);
#4952=VERTEX_POINT('',#18110);
#4953=VERTEX_POINT('',#18114);
#4954=VERTEX_POINT('',#18119);
#4955=VERTEX_POINT('',#18121);
#4956=VERTEX_POINT('',#18127);
#4957=VERTEX_POINT('',#18142);
#4958=VERTEX_POINT('',#18143);
#4959=VERTEX_POINT('',#18145);
#4960=VERTEX_POINT('',#18147);
#4961=VERTEX_POINT('',#18151);
#4962=VERTEX_POINT('',#18152);
#4963=VERTEX_POINT('',#18165);
#4964=VERTEX_POINT('',#18166);
#4965=VERTEX_POINT('',#18171);
#4966=VERTEX_POINT('',#18172);
#4967=VERTEX_POINT('',#18185);
#4968=VERTEX_POINT('',#18186);
#4969=VERTEX_POINT('',#18191);
#4970=VERTEX_POINT('',#18192);
#4971=VERTEX_POINT('',#18205);
#4972=VERTEX_POINT('',#18206);
#4973=VERTEX_POINT('',#18214);
#4974=VERTEX_POINT('',#18216);
#4975=VERTEX_POINT('',#18220);
#4976=VERTEX_POINT('',#18224);
#4977=VERTEX_POINT('',#18228);
#4978=VERTEX_POINT('',#18233);
#4979=VERTEX_POINT('',#18237);
#4980=VERTEX_POINT('',#18239);
#4981=VERTEX_POINT('',#18256);
#4982=VERTEX_POINT('',#18257);
#4983=VERTEX_POINT('',#18259);
#4984=VERTEX_POINT('',#18261);
#4985=VERTEX_POINT('',#18265);
#4986=VERTEX_POINT('',#18266);
#4987=VERTEX_POINT('',#18279);
#4988=VERTEX_POINT('',#18280);
#4989=VERTEX_POINT('',#18285);
#4990=VERTEX_POINT('',#18286);
#4991=VERTEX_POINT('',#18299);
#4992=VERTEX_POINT('',#18300);
#4993=VERTEX_POINT('',#18305);
#4994=VERTEX_POINT('',#18306);
#4995=VERTEX_POINT('',#18319);
#4996=VERTEX_POINT('',#18320);
#4997=VERTEX_POINT('',#18328);
#4998=VERTEX_POINT('',#18330);
#4999=VERTEX_POINT('',#18334);
#5000=VERTEX_POINT('',#18338);
#5001=VERTEX_POINT('',#18342);
#5002=VERTEX_POINT('',#18347);
#5003=VERTEX_POINT('',#18351);
#5004=VERTEX_POINT('',#18353);
#5005=VERTEX_POINT('',#18370);
#5006=VERTEX_POINT('',#18371);
#5007=VERTEX_POINT('',#18373);
#5008=VERTEX_POINT('',#18375);
#5009=VERTEX_POINT('',#18379);
#5010=VERTEX_POINT('',#18380);
#5011=VERTEX_POINT('',#18393);
#5012=VERTEX_POINT('',#18394);
#5013=VERTEX_POINT('',#18399);
#5014=VERTEX_POINT('',#18400);
#5015=VERTEX_POINT('',#18413);
#5016=VERTEX_POINT('',#18414);
#5017=VERTEX_POINT('',#18419);
#5018=VERTEX_POINT('',#18420);
#5019=VERTEX_POINT('',#18433);
#5020=VERTEX_POINT('',#18434);
#5021=VERTEX_POINT('',#18442);
#5022=VERTEX_POINT('',#18444);
#5023=VERTEX_POINT('',#18448);
#5024=VERTEX_POINT('',#18452);
#5025=VERTEX_POINT('',#18456);
#5026=VERTEX_POINT('',#18461);
#5027=VERTEX_POINT('',#18465);
#5028=VERTEX_POINT('',#18467);
#5029=VERTEX_POINT('',#18484);
#5030=VERTEX_POINT('',#18485);
#5031=VERTEX_POINT('',#18487);
#5032=VERTEX_POINT('',#18489);
#5033=VERTEX_POINT('',#18493);
#5034=VERTEX_POINT('',#18494);
#5035=VERTEX_POINT('',#18507);
#5036=VERTEX_POINT('',#18508);
#5037=VERTEX_POINT('',#18513);
#5038=VERTEX_POINT('',#18514);
#5039=VERTEX_POINT('',#18527);
#5040=VERTEX_POINT('',#18528);
#5041=VERTEX_POINT('',#18533);
#5042=VERTEX_POINT('',#18534);
#5043=VERTEX_POINT('',#18547);
#5044=VERTEX_POINT('',#18548);
#5045=VERTEX_POINT('',#18556);
#5046=VERTEX_POINT('',#18558);
#5047=VERTEX_POINT('',#18562);
#5048=VERTEX_POINT('',#18566);
#5049=VERTEX_POINT('',#18570);
#5050=VERTEX_POINT('',#18575);
#5051=VERTEX_POINT('',#18579);
#5052=VERTEX_POINT('',#18583);
#5053=VERTEX_POINT('',#18590);
#5054=VERTEX_POINT('',#18591);
#5055=VERTEX_POINT('',#18593);
#5056=VERTEX_POINT('',#18595);
#5057=VERTEX_POINT('',#18599);
#5058=VERTEX_POINT('',#18600);
#5059=VERTEX_POINT('',#18605);
#5060=VERTEX_POINT('',#18606);
#5061=VERTEX_POINT('',#18611);
#5062=VERTEX_POINT('',#18612);
#5063=VERTEX_POINT('',#18617);
#5064=VERTEX_POINT('',#18618);
#5065=VERTEX_POINT('',#18623);
#5066=VERTEX_POINT('',#18624);
#5067=VERTEX_POINT('',#18629);
#5068=VERTEX_POINT('',#18630);
#5069=VERTEX_POINT('',#18638);
#5070=VERTEX_POINT('',#18640);
#5071=VERTEX_POINT('',#18644);
#5072=VERTEX_POINT('',#18648);
#5073=VERTEX_POINT('',#18652);
#5074=VERTEX_POINT('',#18657);
#5075=VERTEX_POINT('',#18659);
#5076=VERTEX_POINT('',#18661);
#5077=VERTEX_POINT('',#18672);
#5078=VERTEX_POINT('',#18673);
#5079=VERTEX_POINT('',#18675);
#5080=VERTEX_POINT('',#18677);
#5081=VERTEX_POINT('',#18681);
#5082=VERTEX_POINT('',#18682);
#5083=VERTEX_POINT('',#18687);
#5084=VERTEX_POINT('',#18688);
#5085=VERTEX_POINT('',#18693);
#5086=VERTEX_POINT('',#18694);
#5087=VERTEX_POINT('',#18699);
#5088=VERTEX_POINT('',#18700);
#5089=VERTEX_POINT('',#18705);
#5090=VERTEX_POINT('',#18706);
#5091=VERTEX_POINT('',#18711);
#5092=VERTEX_POINT('',#18712);
#5093=VERTEX_POINT('',#18720);
#5094=VERTEX_POINT('',#18722);
#5095=VERTEX_POINT('',#18726);
#5096=VERTEX_POINT('',#18730);
#5097=VERTEX_POINT('',#18734);
#5098=VERTEX_POINT('',#18739);
#5099=VERTEX_POINT('',#18741);
#5100=VERTEX_POINT('',#18743);
#5101=VERTEX_POINT('',#18754);
#5102=VERTEX_POINT('',#18755);
#5103=VERTEX_POINT('',#18757);
#5104=VERTEX_POINT('',#18759);
#5105=VERTEX_POINT('',#18763);
#5106=VERTEX_POINT('',#18764);
#5107=VERTEX_POINT('',#18769);
#5108=VERTEX_POINT('',#18770);
#5109=VERTEX_POINT('',#18775);
#5110=VERTEX_POINT('',#18776);
#5111=VERTEX_POINT('',#18781);
#5112=VERTEX_POINT('',#18782);
#5113=VERTEX_POINT('',#18787);
#5114=VERTEX_POINT('',#18788);
#5115=VERTEX_POINT('',#18793);
#5116=VERTEX_POINT('',#18794);
#5117=VERTEX_POINT('',#18802);
#5118=VERTEX_POINT('',#18804);
#5119=VERTEX_POINT('',#18808);
#5120=VERTEX_POINT('',#18812);
#5121=VERTEX_POINT('',#18816);
#5122=VERTEX_POINT('',#18821);
#5123=VERTEX_POINT('',#18823);
#5124=VERTEX_POINT('',#18825);
#5125=VERTEX_POINT('',#18836);
#5126=VERTEX_POINT('',#18837);
#5127=VERTEX_POINT('',#18839);
#5128=VERTEX_POINT('',#18841);
#5129=VERTEX_POINT('',#18845);
#5130=VERTEX_POINT('',#18846);
#5131=VERTEX_POINT('',#18851);
#5132=VERTEX_POINT('',#18852);
#5133=VERTEX_POINT('',#18857);
#5134=VERTEX_POINT('',#18858);
#5135=VERTEX_POINT('',#18863);
#5136=VERTEX_POINT('',#18864);
#5137=VERTEX_POINT('',#18869);
#5138=VERTEX_POINT('',#18870);
#5139=VERTEX_POINT('',#18875);
#5140=VERTEX_POINT('',#18876);
#5141=VERTEX_POINT('',#18884);
#5142=VERTEX_POINT('',#18886);
#5143=VERTEX_POINT('',#18890);
#5144=VERTEX_POINT('',#18894);
#5145=VERTEX_POINT('',#18898);
#5146=VERTEX_POINT('',#18903);
#5147=VERTEX_POINT('',#18905);
#5148=VERTEX_POINT('',#18907);
#5149=VERTEX_POINT('',#18918);
#5150=VERTEX_POINT('',#18919);
#5151=VERTEX_POINT('',#18921);
#5152=VERTEX_POINT('',#18923);
#5153=VERTEX_POINT('',#18927);
#5154=VERTEX_POINT('',#18928);
#5155=VERTEX_POINT('',#18933);
#5156=VERTEX_POINT('',#18934);
#5157=VERTEX_POINT('',#18939);
#5158=VERTEX_POINT('',#18940);
#5159=VERTEX_POINT('',#18945);
#5160=VERTEX_POINT('',#18946);
#5161=VERTEX_POINT('',#18951);
#5162=VERTEX_POINT('',#18952);
#5163=VERTEX_POINT('',#18957);
#5164=VERTEX_POINT('',#18958);
#5165=VERTEX_POINT('',#18966);
#5166=VERTEX_POINT('',#18968);
#5167=VERTEX_POINT('',#18972);
#5168=VERTEX_POINT('',#18976);
#5169=VERTEX_POINT('',#18980);
#5170=VERTEX_POINT('',#18985);
#5171=VERTEX_POINT('',#18989);
#5172=VERTEX_POINT('',#18993);
#5173=VERTEX_POINT('',#19000);
#5174=VERTEX_POINT('',#19001);
#5175=VERTEX_POINT('',#19003);
#5176=VERTEX_POINT('',#19005);
#5177=VERTEX_POINT('',#19009);
#5178=VERTEX_POINT('',#19010);
#5179=VERTEX_POINT('',#19015);
#5180=VERTEX_POINT('',#19016);
#5181=VERTEX_POINT('',#19021);
#5182=VERTEX_POINT('',#19022);
#5183=VERTEX_POINT('',#19027);
#5184=VERTEX_POINT('',#19028);
#5185=VERTEX_POINT('',#19033);
#5186=VERTEX_POINT('',#19034);
#5187=VERTEX_POINT('',#19039);
#5188=VERTEX_POINT('',#19040);
#5189=VERTEX_POINT('',#19048);
#5190=VERTEX_POINT('',#19050);
#5191=VERTEX_POINT('',#19054);
#5192=VERTEX_POINT('',#19058);
#5193=VERTEX_POINT('',#19062);
#5194=VERTEX_POINT('',#19067);
#5195=VERTEX_POINT('',#19069);
#5196=VERTEX_POINT('',#19071);
#5197=VERTEX_POINT('',#19082);
#5198=VERTEX_POINT('',#19083);
#5199=VERTEX_POINT('',#19085);
#5200=VERTEX_POINT('',#19087);
#5201=VERTEX_POINT('',#19091);
#5202=VERTEX_POINT('',#19092);
#5203=VERTEX_POINT('',#19097);
#5204=VERTEX_POINT('',#19098);
#5205=VERTEX_POINT('',#19103);
#5206=VERTEX_POINT('',#19104);
#5207=VERTEX_POINT('',#19109);
#5208=VERTEX_POINT('',#19110);
#5209=VERTEX_POINT('',#19115);
#5210=VERTEX_POINT('',#19116);
#5211=VERTEX_POINT('',#19121);
#5212=VERTEX_POINT('',#19122);
#5213=VERTEX_POINT('',#19130);
#5214=VERTEX_POINT('',#19132);
#5215=VERTEX_POINT('',#19136);
#5216=VERTEX_POINT('',#19140);
#5217=VERTEX_POINT('',#19144);
#5218=VERTEX_POINT('',#19149);
#5219=VERTEX_POINT('',#19151);
#5220=VERTEX_POINT('',#19153);
#5221=VERTEX_POINT('',#19164);
#5222=VERTEX_POINT('',#19165);
#5223=VERTEX_POINT('',#19167);
#5224=VERTEX_POINT('',#19169);
#5225=VERTEX_POINT('',#19173);
#5226=VERTEX_POINT('',#19174);
#5227=VERTEX_POINT('',#19179);
#5228=VERTEX_POINT('',#19180);
#5229=VERTEX_POINT('',#19185);
#5230=VERTEX_POINT('',#19186);
#5231=VERTEX_POINT('',#19191);
#5232=VERTEX_POINT('',#19192);
#5233=VERTEX_POINT('',#19197);
#5234=VERTEX_POINT('',#19198);
#5235=VERTEX_POINT('',#19203);
#5236=VERTEX_POINT('',#19204);
#5237=VERTEX_POINT('',#19212);
#5238=VERTEX_POINT('',#19214);
#5239=VERTEX_POINT('',#19218);
#5240=VERTEX_POINT('',#19222);
#5241=VERTEX_POINT('',#19226);
#5242=VERTEX_POINT('',#19231);
#5243=VERTEX_POINT('',#19235);
#5244=VERTEX_POINT('',#19239);
#5245=VERTEX_POINT('',#19246);
#5246=VERTEX_POINT('',#19247);
#5247=VERTEX_POINT('',#19249);
#5248=VERTEX_POINT('',#19251);
#5249=VERTEX_POINT('',#19255);
#5250=VERTEX_POINT('',#19256);
#5251=VERTEX_POINT('',#19261);
#5252=VERTEX_POINT('',#19262);
#5253=VERTEX_POINT('',#19267);
#5254=VERTEX_POINT('',#19268);
#5255=VERTEX_POINT('',#19273);
#5256=VERTEX_POINT('',#19274);
#5257=VERTEX_POINT('',#19279);
#5258=VERTEX_POINT('',#19280);
#5259=VERTEX_POINT('',#19285);
#5260=VERTEX_POINT('',#19286);
#5261=VERTEX_POINT('',#19294);
#5262=VERTEX_POINT('',#19296);
#5263=VERTEX_POINT('',#19300);
#5264=VERTEX_POINT('',#19304);
#5265=VERTEX_POINT('',#19308);
#5266=VERTEX_POINT('',#19313);
#5267=VERTEX_POINT('',#19315);
#5268=VERTEX_POINT('',#19317);
#5269=VERTEX_POINT('',#19328);
#5270=VERTEX_POINT('',#19329);
#5271=VERTEX_POINT('',#19331);
#5272=VERTEX_POINT('',#19333);
#5273=VERTEX_POINT('',#19337);
#5274=VERTEX_POINT('',#19338);
#5275=VERTEX_POINT('',#19343);
#5276=VERTEX_POINT('',#19344);
#5277=VERTEX_POINT('',#19349);
#5278=VERTEX_POINT('',#19350);
#5279=VERTEX_POINT('',#19355);
#5280=VERTEX_POINT('',#19356);
#5281=VERTEX_POINT('',#19361);
#5282=VERTEX_POINT('',#19362);
#5283=VERTEX_POINT('',#19367);
#5284=VERTEX_POINT('',#19368);
#5285=VERTEX_POINT('',#19376);
#5286=VERTEX_POINT('',#19378);
#5287=VERTEX_POINT('',#19382);
#5288=VERTEX_POINT('',#19386);
#5289=VERTEX_POINT('',#19390);
#5290=VERTEX_POINT('',#19395);
#5291=VERTEX_POINT('',#19397);
#5292=VERTEX_POINT('',#19403);
#5293=VERTEX_POINT('',#19410);
#5294=VERTEX_POINT('',#19411);
#5295=VERTEX_POINT('',#19413);
#5296=VERTEX_POINT('',#19415);
#5297=VERTEX_POINT('',#19419);
#5298=VERTEX_POINT('',#19420);
#5299=VERTEX_POINT('',#19425);
#5300=VERTEX_POINT('',#19426);
#5301=VERTEX_POINT('',#19431);
#5302=VERTEX_POINT('',#19432);
#5303=VERTEX_POINT('',#19437);
#5304=VERTEX_POINT('',#19438);
#5305=VERTEX_POINT('',#19443);
#5306=VERTEX_POINT('',#19444);
#5307=VERTEX_POINT('',#19449);
#5308=VERTEX_POINT('',#19450);
#5309=VERTEX_POINT('',#19458);
#5310=VERTEX_POINT('',#19460);
#5311=VERTEX_POINT('',#19464);
#5312=VERTEX_POINT('',#19468);
#5313=VERTEX_POINT('',#19472);
#5314=VERTEX_POINT('',#19477);
#5315=VERTEX_POINT('',#19479);
#5316=VERTEX_POINT('',#19481);
#5317=VERTEX_POINT('',#19492);
#5318=VERTEX_POINT('',#19493);
#5319=VERTEX_POINT('',#19495);
#5320=VERTEX_POINT('',#19497);
#5321=VERTEX_POINT('',#19501);
#5322=VERTEX_POINT('',#19502);
#5323=VERTEX_POINT('',#19507);
#5324=VERTEX_POINT('',#19508);
#5325=VERTEX_POINT('',#19513);
#5326=VERTEX_POINT('',#19514);
#5327=VERTEX_POINT('',#19519);
#5328=VERTEX_POINT('',#19520);
#5329=VERTEX_POINT('',#19525);
#5330=VERTEX_POINT('',#19526);
#5331=VERTEX_POINT('',#19531);
#5332=VERTEX_POINT('',#19532);
#5333=VERTEX_POINT('',#19540);
#5334=VERTEX_POINT('',#19542);
#5335=VERTEX_POINT('',#19546);
#5336=VERTEX_POINT('',#19550);
#5337=VERTEX_POINT('',#19554);
#5338=VERTEX_POINT('',#19559);
#5339=VERTEX_POINT('',#19561);
#5340=VERTEX_POINT('',#19563);
#5341=VERTEX_POINT('',#19574);
#5342=VERTEX_POINT('',#19575);
#5343=VERTEX_POINT('',#19577);
#5344=VERTEX_POINT('',#19579);
#5345=VERTEX_POINT('',#19583);
#5346=VERTEX_POINT('',#19584);
#5347=VERTEX_POINT('',#19589);
#5348=VERTEX_POINT('',#19590);
#5349=VERTEX_POINT('',#19595);
#5350=VERTEX_POINT('',#19596);
#5351=VERTEX_POINT('',#19601);
#5352=VERTEX_POINT('',#19602);
#5353=VERTEX_POINT('',#19607);
#5354=VERTEX_POINT('',#19608);
#5355=VERTEX_POINT('',#19613);
#5356=VERTEX_POINT('',#19614);
#5357=VERTEX_POINT('',#19622);
#5358=VERTEX_POINT('',#19624);
#5359=VERTEX_POINT('',#19628);
#5360=VERTEX_POINT('',#19632);
#5361=VERTEX_POINT('',#19636);
#5362=VERTEX_POINT('',#19641);
#5363=VERTEX_POINT('',#19643);
#5364=VERTEX_POINT('',#19649);
#5365=VERTEX_POINT('',#19656);
#5366=VERTEX_POINT('',#19657);
#5367=VERTEX_POINT('',#19659);
#5368=VERTEX_POINT('',#19661);
#5369=VERTEX_POINT('',#19665);
#5370=VERTEX_POINT('',#19666);
#5371=VERTEX_POINT('',#19671);
#5372=VERTEX_POINT('',#19672);
#5373=VERTEX_POINT('',#19677);
#5374=VERTEX_POINT('',#19678);
#5375=VERTEX_POINT('',#19683);
#5376=VERTEX_POINT('',#19684);
#5377=VERTEX_POINT('',#19689);
#5378=VERTEX_POINT('',#19690);
#5379=VERTEX_POINT('',#19695);
#5380=VERTEX_POINT('',#19696);
#5381=VERTEX_POINT('',#19704);
#5382=VERTEX_POINT('',#19706);
#5383=VERTEX_POINT('',#19710);
#5384=VERTEX_POINT('',#19714);
#5385=VERTEX_POINT('',#19718);
#5386=VERTEX_POINT('',#19723);
#5387=VERTEX_POINT('',#19725);
#5388=VERTEX_POINT('',#19731);
#5389=VERTEX_POINT('',#19738);
#5390=VERTEX_POINT('',#19739);
#5391=VERTEX_POINT('',#19741);
#5392=VERTEX_POINT('',#19743);
#5393=VERTEX_POINT('',#19747);
#5394=VERTEX_POINT('',#19748);
#5395=VERTEX_POINT('',#19753);
#5396=VERTEX_POINT('',#19754);
#5397=VERTEX_POINT('',#19759);
#5398=VERTEX_POINT('',#19760);
#5399=VERTEX_POINT('',#19765);
#5400=VERTEX_POINT('',#19766);
#5401=VERTEX_POINT('',#19771);
#5402=VERTEX_POINT('',#19772);
#5403=VERTEX_POINT('',#19777);
#5404=VERTEX_POINT('',#19778);
#5405=VERTEX_POINT('',#19786);
#5406=VERTEX_POINT('',#19788);
#5407=VERTEX_POINT('',#19792);
#5408=VERTEX_POINT('',#19796);
#5409=VERTEX_POINT('',#19800);
#5410=VERTEX_POINT('',#19805);
#5411=VERTEX_POINT('',#19807);
#5412=VERTEX_POINT('',#19809);
#5413=VERTEX_POINT('',#19820);
#5414=VERTEX_POINT('',#19821);
#5415=VERTEX_POINT('',#19823);
#5416=VERTEX_POINT('',#19825);
#5417=VERTEX_POINT('',#19829);
#5418=VERTEX_POINT('',#19830);
#5419=VERTEX_POINT('',#19835);
#5420=VERTEX_POINT('',#19836);
#5421=VERTEX_POINT('',#19841);
#5422=VERTEX_POINT('',#19842);
#5423=VERTEX_POINT('',#19847);
#5424=VERTEX_POINT('',#19848);
#5425=VERTEX_POINT('',#19853);
#5426=VERTEX_POINT('',#19854);
#5427=VERTEX_POINT('',#19859);
#5428=VERTEX_POINT('',#19860);
#5429=VERTEX_POINT('',#19868);
#5430=VERTEX_POINT('',#19870);
#5431=VERTEX_POINT('',#19874);
#5432=VERTEX_POINT('',#19878);
#5433=VERTEX_POINT('',#19882);
#5434=VERTEX_POINT('',#19887);
#5435=VERTEX_POINT('',#19889);
#5436=VERTEX_POINT('',#19891);
#5437=VERTEX_POINT('',#19902);
#5438=VERTEX_POINT('',#19903);
#5439=VERTEX_POINT('',#19905);
#5440=VERTEX_POINT('',#19907);
#5441=VERTEX_POINT('',#19911);
#5442=VERTEX_POINT('',#19912);
#5443=VERTEX_POINT('',#19917);
#5444=VERTEX_POINT('',#19918);
#5445=VERTEX_POINT('',#19923);
#5446=VERTEX_POINT('',#19924);
#5447=VERTEX_POINT('',#19929);
#5448=VERTEX_POINT('',#19930);
#5449=VERTEX_POINT('',#19935);
#5450=VERTEX_POINT('',#19936);
#5451=VERTEX_POINT('',#19941);
#5452=VERTEX_POINT('',#19942);
#5453=VERTEX_POINT('',#19950);
#5454=VERTEX_POINT('',#19952);
#5455=VERTEX_POINT('',#19956);
#5456=VERTEX_POINT('',#19960);
#5457=VERTEX_POINT('',#19964);
#5458=VERTEX_POINT('',#19969);
#5459=VERTEX_POINT('',#19971);
#5460=VERTEX_POINT('',#19973);
#5461=VERTEX_POINT('',#19984);
#5462=VERTEX_POINT('',#19985);
#5463=VERTEX_POINT('',#19987);
#5464=VERTEX_POINT('',#19989);
#5465=VERTEX_POINT('',#19993);
#5466=VERTEX_POINT('',#19994);
#5467=VERTEX_POINT('',#19999);
#5468=VERTEX_POINT('',#20000);
#5469=VERTEX_POINT('',#20005);
#5470=VERTEX_POINT('',#20006);
#5471=VERTEX_POINT('',#20011);
#5472=VERTEX_POINT('',#20012);
#5473=VERTEX_POINT('',#20017);
#5474=VERTEX_POINT('',#20018);
#5475=VERTEX_POINT('',#20023);
#5476=VERTEX_POINT('',#20024);
#5477=VERTEX_POINT('',#20032);
#5478=VERTEX_POINT('',#20034);
#5479=VERTEX_POINT('',#20038);
#5480=VERTEX_POINT('',#20042);
#5481=VERTEX_POINT('',#20046);
#5482=VERTEX_POINT('',#20051);
#5483=VERTEX_POINT('',#20055);
#5484=VERTEX_POINT('',#20059);
#5485=VERTEX_POINT('',#20066);
#5486=VERTEX_POINT('',#20067);
#5487=VERTEX_POINT('',#20069);
#5488=VERTEX_POINT('',#20071);
#5489=VERTEX_POINT('',#20075);
#5490=VERTEX_POINT('',#20076);
#5491=VERTEX_POINT('',#20081);
#5492=VERTEX_POINT('',#20082);
#5493=VERTEX_POINT('',#20087);
#5494=VERTEX_POINT('',#20088);
#5495=VERTEX_POINT('',#20093);
#5496=VERTEX_POINT('',#20094);
#5497=VERTEX_POINT('',#20099);
#5498=VERTEX_POINT('',#20100);
#5499=VERTEX_POINT('',#20105);
#5500=VERTEX_POINT('',#20106);
#5501=VERTEX_POINT('',#20114);
#5502=VERTEX_POINT('',#20116);
#5503=VERTEX_POINT('',#20120);
#5504=VERTEX_POINT('',#20124);
#5505=VERTEX_POINT('',#20128);
#5506=VERTEX_POINT('',#20133);
#5507=VERTEX_POINT('',#20135);
#5508=VERTEX_POINT('',#20141);
#5509=VERTEX_POINT('',#20148);
#5510=VERTEX_POINT('',#20149);
#5511=VERTEX_POINT('',#20151);
#5512=VERTEX_POINT('',#20153);
#5513=VERTEX_POINT('',#20157);
#5514=VERTEX_POINT('',#20158);
#5515=VERTEX_POINT('',#20163);
#5516=VERTEX_POINT('',#20164);
#5517=VERTEX_POINT('',#20169);
#5518=VERTEX_POINT('',#20170);
#5519=VERTEX_POINT('',#20175);
#5520=VERTEX_POINT('',#20176);
#5521=VERTEX_POINT('',#20181);
#5522=VERTEX_POINT('',#20182);
#5523=VERTEX_POINT('',#20187);
#5524=VERTEX_POINT('',#20188);
#5525=VERTEX_POINT('',#20196);
#5526=VERTEX_POINT('',#20198);
#5527=VERTEX_POINT('',#20202);
#5528=VERTEX_POINT('',#20206);
#5529=VERTEX_POINT('',#20210);
#5530=VERTEX_POINT('',#20215);
#5531=VERTEX_POINT('',#20217);
#5532=VERTEX_POINT('',#20219);
#5533=EDGE_CURVE('',#4573,#4574,#3773,.T.);
#5534=EDGE_CURVE('',#4574,#4575,#3774,.T.);
#5535=EDGE_CURVE('',#4575,#4576,#3775,.T.);
#5536=EDGE_CURVE('',#4576,#4573,#3776,.T.);
#5537=EDGE_CURVE('',#4577,#4578,#3777,.T.);
#5538=EDGE_CURVE('',#4578,#4576,#413,.T.);
#5539=EDGE_CURVE('',#4575,#4577,#414,.T.);
#5540=EDGE_CURVE('',#4579,#4580,#3778,.T.);
#5541=EDGE_CURVE('',#4580,#4578,#3779,.T.);
#5542=EDGE_CURVE('',#4577,#4579,#3780,.T.);
#5543=EDGE_CURVE('',#4581,#4582,#3781,.T.);
#5544=EDGE_CURVE('',#4582,#4580,#415,.T.);
#5545=EDGE_CURVE('',#4579,#4581,#416,.T.);
#5546=EDGE_CURVE('',#4583,#4584,#3782,.T.);
#5547=EDGE_CURVE('',#4584,#4582,#3783,.T.);
#5548=EDGE_CURVE('',#4581,#4583,#3784,.T.);
#5549=EDGE_CURVE('',#4585,#4586,#3785,.T.);
#5550=EDGE_CURVE('',#4586,#4584,#417,.T.);
#5551=EDGE_CURVE('',#4583,#4585,#418,.T.);
#5552=EDGE_CURVE('',#4587,#4588,#3786,.T.);
#5553=EDGE_CURVE('',#4588,#4586,#3787,.T.);
#5554=EDGE_CURVE('',#4585,#4587,#3788,.T.);
#5555=EDGE_CURVE('',#4587,#4574,#419,.T.);
#5556=EDGE_CURVE('',#4573,#4588,#420,.T.);
#5557=EDGE_CURVE('',#4589,#4586,#421,.T.);
#5558=EDGE_CURVE('',#4590,#4589,#422,.T.);
#5559=EDGE_CURVE('',#4584,#4590,#423,.T.);
#5560=EDGE_CURVE('',#4588,#4591,#424,.T.);
#5561=EDGE_CURVE('',#4591,#4589,#3789,.T.);
#5562=EDGE_CURVE('',#4592,#4573,#425,.T.);
#5563=EDGE_CURVE('',#4591,#4592,#426,.T.);
#5564=EDGE_CURVE('',#4576,#4593,#427,.T.);
#5565=EDGE_CURVE('',#4593,#4592,#3790,.T.);
#5566=EDGE_CURVE('',#4580,#4594,#428,.T.);
#5567=EDGE_CURVE('',#4594,#4595,#3791,.T.);
#5568=EDGE_CURVE('',#4595,#4578,#429,.T.);
#5569=EDGE_CURVE('',#4596,#4582,#430,.T.);
#5570=EDGE_CURVE('',#4594,#4596,#431,.T.);
#5571=EDGE_CURVE('',#4590,#4596,#3792,.T.);
#5572=EDGE_CURVE('',#4593,#4595,#432,.T.);
#5573=EDGE_CURVE('',#4597,#4598,#3793,.T.);
#5574=EDGE_CURVE('',#4598,#4599,#3794,.T.);
#5575=EDGE_CURVE('',#4599,#4600,#3795,.T.);
#5576=EDGE_CURVE('',#4600,#4597,#3796,.T.);
#5577=EDGE_CURVE('',#4601,#4602,#3797,.T.);
#5578=EDGE_CURVE('',#4602,#4600,#433,.T.);
#5579=EDGE_CURVE('',#4599,#4601,#434,.T.);
#5580=EDGE_CURVE('',#4603,#4604,#3798,.T.);
#5581=EDGE_CURVE('',#4604,#4602,#3799,.T.);
#5582=EDGE_CURVE('',#4601,#4603,#3800,.T.);
#5583=EDGE_CURVE('',#4605,#4606,#3801,.T.);
#5584=EDGE_CURVE('',#4606,#4604,#435,.T.);
#5585=EDGE_CURVE('',#4603,#4605,#436,.T.);
#5586=EDGE_CURVE('',#4607,#4608,#3802,.T.);
#5587=EDGE_CURVE('',#4608,#4606,#3803,.T.);
#5588=EDGE_CURVE('',#4605,#4607,#3804,.T.);
#5589=EDGE_CURVE('',#4609,#4610,#3805,.T.);
#5590=EDGE_CURVE('',#4610,#4608,#437,.T.);
#5591=EDGE_CURVE('',#4607,#4609,#438,.T.);
#5592=EDGE_CURVE('',#4611,#4612,#3806,.T.);
#5593=EDGE_CURVE('',#4612,#4610,#3807,.T.);
#5594=EDGE_CURVE('',#4609,#4611,#3808,.T.);
#5595=EDGE_CURVE('',#4611,#4598,#439,.T.);
#5596=EDGE_CURVE('',#4597,#4612,#440,.T.);
#5597=EDGE_CURVE('',#4613,#4610,#441,.T.);
#5598=EDGE_CURVE('',#4614,#4613,#442,.T.);
#5599=EDGE_CURVE('',#4608,#4614,#443,.T.);
#5600=EDGE_CURVE('',#4612,#4615,#444,.T.);
#5601=EDGE_CURVE('',#4615,#4613,#3809,.T.);
#5602=EDGE_CURVE('',#4616,#4597,#445,.T.);
#5603=EDGE_CURVE('',#4615,#4616,#446,.T.);
#5604=EDGE_CURVE('',#4600,#4617,#447,.T.);
#5605=EDGE_CURVE('',#4617,#4616,#3810,.T.);
#5606=EDGE_CURVE('',#4614,#4618,#3811,.T.);
#5607=EDGE_CURVE('',#4618,#4606,#448,.T.);
#5608=EDGE_CURVE('',#4604,#4619,#449,.T.);
#5609=EDGE_CURVE('',#4619,#4620,#3812,.T.);
#5610=EDGE_CURVE('',#4620,#4602,#450,.T.);
#5611=EDGE_CURVE('',#4619,#4618,#451,.T.);
#5612=EDGE_CURVE('',#4617,#4620,#452,.T.);
#5613=EDGE_CURVE('',#4621,#4622,#3813,.T.);
#5614=EDGE_CURVE('',#4622,#4623,#3814,.T.);
#5615=EDGE_CURVE('',#4623,#4624,#3815,.T.);
#5616=EDGE_CURVE('',#4624,#4621,#3816,.T.);
#5617=EDGE_CURVE('',#4625,#4626,#3817,.T.);
#5618=EDGE_CURVE('',#4626,#4624,#453,.T.);
#5619=EDGE_CURVE('',#4623,#4625,#454,.T.);
#5620=EDGE_CURVE('',#4627,#4628,#3818,.T.);
#5621=EDGE_CURVE('',#4628,#4626,#3819,.T.);
#5622=EDGE_CURVE('',#4625,#4627,#3820,.T.);
#5623=EDGE_CURVE('',#4629,#4630,#3821,.T.);
#5624=EDGE_CURVE('',#4630,#4628,#455,.T.);
#5625=EDGE_CURVE('',#4627,#4629,#456,.T.);
#5626=EDGE_CURVE('',#4631,#4632,#3822,.T.);
#5627=EDGE_CURVE('',#4632,#4630,#3823,.T.);
#5628=EDGE_CURVE('',#4629,#4631,#3824,.T.);
#5629=EDGE_CURVE('',#4633,#4634,#3825,.T.);
#5630=EDGE_CURVE('',#4634,#4632,#457,.T.);
#5631=EDGE_CURVE('',#4631,#4633,#458,.T.);
#5632=EDGE_CURVE('',#4635,#4636,#3826,.T.);
#5633=EDGE_CURVE('',#4636,#4634,#3827,.T.);
#5634=EDGE_CURVE('',#4633,#4635,#3828,.T.);
#5635=EDGE_CURVE('',#4635,#4622,#459,.T.);
#5636=EDGE_CURVE('',#4621,#4636,#460,.T.);
#5637=EDGE_CURVE('',#4637,#4634,#461,.T.);
#5638=EDGE_CURVE('',#4638,#4637,#462,.T.);
#5639=EDGE_CURVE('',#4632,#4638,#463,.T.);
#5640=EDGE_CURVE('',#4636,#4639,#464,.T.);
#5641=EDGE_CURVE('',#4639,#4637,#3829,.T.);
#5642=EDGE_CURVE('',#4640,#4621,#465,.T.);
#5643=EDGE_CURVE('',#4639,#4640,#466,.T.);
#5644=EDGE_CURVE('',#4624,#4641,#467,.T.);
#5645=EDGE_CURVE('',#4641,#4640,#3830,.T.);
#5646=EDGE_CURVE('',#4638,#4642,#3831,.T.);
#5647=EDGE_CURVE('',#4642,#4630,#468,.T.);
#5648=EDGE_CURVE('',#4628,#4643,#469,.T.);
#5649=EDGE_CURVE('',#4643,#4644,#3832,.T.);
#5650=EDGE_CURVE('',#4644,#4626,#470,.T.);
#5651=EDGE_CURVE('',#4643,#4642,#471,.T.);
#5652=EDGE_CURVE('',#4641,#4644,#472,.T.);
#5653=EDGE_CURVE('',#4645,#4646,#3833,.T.);
#5654=EDGE_CURVE('',#4646,#4647,#3834,.T.);
#5655=EDGE_CURVE('',#4647,#4648,#3835,.T.);
#5656=EDGE_CURVE('',#4648,#4645,#3836,.T.);
#5657=EDGE_CURVE('',#4649,#4650,#3837,.T.);
#5658=EDGE_CURVE('',#4650,#4648,#473,.T.);
#5659=EDGE_CURVE('',#4647,#4649,#474,.T.);
#5660=EDGE_CURVE('',#4651,#4652,#3838,.T.);
#5661=EDGE_CURVE('',#4652,#4650,#3839,.T.);
#5662=EDGE_CURVE('',#4649,#4651,#3840,.T.);
#5663=EDGE_CURVE('',#4653,#4654,#3841,.T.);
#5664=EDGE_CURVE('',#4654,#4652,#475,.T.);
#5665=EDGE_CURVE('',#4651,#4653,#476,.T.);
#5666=EDGE_CURVE('',#4655,#4656,#3842,.T.);
#5667=EDGE_CURVE('',#4656,#4654,#3843,.T.);
#5668=EDGE_CURVE('',#4653,#4655,#3844,.T.);
#5669=EDGE_CURVE('',#4657,#4658,#3845,.T.);
#5670=EDGE_CURVE('',#4658,#4656,#477,.T.);
#5671=EDGE_CURVE('',#4655,#4657,#478,.T.);
#5672=EDGE_CURVE('',#4659,#4660,#3846,.T.);
#5673=EDGE_CURVE('',#4660,#4658,#3847,.T.);
#5674=EDGE_CURVE('',#4657,#4659,#3848,.T.);
#5675=EDGE_CURVE('',#4659,#4646,#479,.T.);
#5676=EDGE_CURVE('',#4645,#4660,#480,.T.);
#5677=EDGE_CURVE('',#4661,#4658,#481,.T.);
#5678=EDGE_CURVE('',#4662,#4661,#482,.T.);
#5679=EDGE_CURVE('',#4656,#4662,#483,.T.);
#5680=EDGE_CURVE('',#4660,#4663,#484,.T.);
#5681=EDGE_CURVE('',#4663,#4661,#3849,.T.);
#5682=EDGE_CURVE('',#4664,#4645,#485,.T.);
#5683=EDGE_CURVE('',#4663,#4664,#486,.T.);
#5684=EDGE_CURVE('',#4648,#4665,#487,.T.);
#5685=EDGE_CURVE('',#4665,#4664,#3850,.T.);
#5686=EDGE_CURVE('',#4652,#4666,#488,.T.);
#5687=EDGE_CURVE('',#4666,#4667,#3851,.T.);
#5688=EDGE_CURVE('',#4667,#4650,#489,.T.);
#5689=EDGE_CURVE('',#4665,#4667,#490,.T.);
#5690=EDGE_CURVE('',#4666,#4668,#491,.T.);
#5691=EDGE_CURVE('',#4662,#4668,#3852,.T.);
#5692=EDGE_CURVE('',#4668,#4654,#492,.T.);
#5693=EDGE_CURVE('',#4669,#4670,#3853,.T.);
#5694=EDGE_CURVE('',#4670,#4671,#3854,.T.);
#5695=EDGE_CURVE('',#4671,#4672,#3855,.T.);
#5696=EDGE_CURVE('',#4672,#4669,#3856,.T.);
#5697=EDGE_CURVE('',#4673,#4674,#3857,.T.);
#5698=EDGE_CURVE('',#4674,#4672,#493,.T.);
#5699=EDGE_CURVE('',#4671,#4673,#494,.T.);
#5700=EDGE_CURVE('',#4675,#4676,#3858,.T.);
#5701=EDGE_CURVE('',#4676,#4674,#3859,.T.);
#5702=EDGE_CURVE('',#4673,#4675,#3860,.T.);
#5703=EDGE_CURVE('',#4677,#4678,#3861,.T.);
#5704=EDGE_CURVE('',#4678,#4676,#495,.T.);
#5705=EDGE_CURVE('',#4675,#4677,#496,.T.);
#5706=EDGE_CURVE('',#4679,#4680,#3862,.T.);
#5707=EDGE_CURVE('',#4680,#4678,#3863,.T.);
#5708=EDGE_CURVE('',#4677,#4679,#3864,.T.);
#5709=EDGE_CURVE('',#4681,#4682,#3865,.T.);
#5710=EDGE_CURVE('',#4682,#4680,#497,.T.);
#5711=EDGE_CURVE('',#4679,#4681,#498,.T.);
#5712=EDGE_CURVE('',#4683,#4684,#3866,.T.);
#5713=EDGE_CURVE('',#4684,#4682,#3867,.T.);
#5714=EDGE_CURVE('',#4681,#4683,#3868,.T.);
#5715=EDGE_CURVE('',#4683,#4670,#499,.T.);
#5716=EDGE_CURVE('',#4669,#4684,#500,.T.);
#5717=EDGE_CURVE('',#4685,#4682,#501,.T.);
#5718=EDGE_CURVE('',#4686,#4685,#502,.T.);
#5719=EDGE_CURVE('',#4680,#4686,#503,.T.);
#5720=EDGE_CURVE('',#4684,#4687,#504,.T.);
#5721=EDGE_CURVE('',#4687,#4685,#3869,.T.);
#5722=EDGE_CURVE('',#4688,#4669,#505,.T.);
#5723=EDGE_CURVE('',#4687,#4688,#506,.T.);
#5724=EDGE_CURVE('',#4672,#4689,#507,.T.);
#5725=EDGE_CURVE('',#4689,#4688,#3870,.T.);
#5726=EDGE_CURVE('',#4689,#4690,#508,.T.);
#5727=EDGE_CURVE('',#4691,#4690,#3871,.T.);
#5728=EDGE_CURVE('',#4691,#4692,#509,.T.);
#5729=EDGE_CURVE('',#4686,#4692,#3872,.T.);
#5730=EDGE_CURVE('',#4690,#4674,#510,.T.);
#5731=EDGE_CURVE('',#4676,#4691,#511,.T.);
#5732=EDGE_CURVE('',#4692,#4678,#512,.T.);
#5733=EDGE_CURVE('',#4693,#4694,#3873,.T.);
#5734=EDGE_CURVE('',#4694,#4695,#3874,.T.);
#5735=EDGE_CURVE('',#4695,#4696,#3875,.T.);
#5736=EDGE_CURVE('',#4696,#4693,#3876,.T.);
#5737=EDGE_CURVE('',#4697,#4698,#3877,.T.);
#5738=EDGE_CURVE('',#4698,#4696,#513,.T.);
#5739=EDGE_CURVE('',#4695,#4697,#514,.T.);
#5740=EDGE_CURVE('',#4699,#4700,#3878,.T.);
#5741=EDGE_CURVE('',#4700,#4698,#3879,.T.);
#5742=EDGE_CURVE('',#4697,#4699,#3880,.T.);
#5743=EDGE_CURVE('',#4701,#4702,#3881,.T.);
#5744=EDGE_CURVE('',#4702,#4700,#515,.T.);
#5745=EDGE_CURVE('',#4699,#4701,#516,.T.);
#5746=EDGE_CURVE('',#4703,#4704,#3882,.T.);
#5747=EDGE_CURVE('',#4704,#4702,#3883,.T.);
#5748=EDGE_CURVE('',#4701,#4703,#3884,.T.);
#5749=EDGE_CURVE('',#4705,#4706,#3885,.T.);
#5750=EDGE_CURVE('',#4706,#4704,#517,.T.);
#5751=EDGE_CURVE('',#4703,#4705,#518,.T.);
#5752=EDGE_CURVE('',#4707,#4708,#3886,.T.);
#5753=EDGE_CURVE('',#4708,#4706,#3887,.T.);
#5754=EDGE_CURVE('',#4705,#4707,#3888,.T.);
#5755=EDGE_CURVE('',#4707,#4694,#519,.T.);
#5756=EDGE_CURVE('',#4693,#4708,#520,.T.);
#5757=EDGE_CURVE('',#4709,#4706,#521,.T.);
#5758=EDGE_CURVE('',#4710,#4709,#522,.T.);
#5759=EDGE_CURVE('',#4704,#4710,#523,.T.);
#5760=EDGE_CURVE('',#4708,#4711,#524,.T.);
#5761=EDGE_CURVE('',#4711,#4709,#3889,.T.);
#5762=EDGE_CURVE('',#4712,#4693,#525,.T.);
#5763=EDGE_CURVE('',#4711,#4712,#526,.T.);
#5764=EDGE_CURVE('',#4696,#4713,#527,.T.);
#5765=EDGE_CURVE('',#4713,#4712,#3890,.T.);
#5766=EDGE_CURVE('',#4713,#4714,#528,.T.);
#5767=EDGE_CURVE('',#4715,#4714,#3891,.T.);
#5768=EDGE_CURVE('',#4715,#4716,#529,.T.);
#5769=EDGE_CURVE('',#4710,#4716,#3892,.T.);
#5770=EDGE_CURVE('',#4700,#4715,#530,.T.);
#5771=EDGE_CURVE('',#4714,#4698,#531,.T.);
#5772=EDGE_CURVE('',#4716,#4702,#532,.T.);
#5773=EDGE_CURVE('',#4717,#4718,#3893,.T.);
#5774=EDGE_CURVE('',#4718,#4719,#3894,.T.);
#5775=EDGE_CURVE('',#4719,#4720,#3895,.T.);
#5776=EDGE_CURVE('',#4720,#4717,#3896,.T.);
#5777=EDGE_CURVE('',#4721,#4722,#3897,.T.);
#5778=EDGE_CURVE('',#4722,#4720,#533,.T.);
#5779=EDGE_CURVE('',#4719,#4721,#534,.T.);
#5780=EDGE_CURVE('',#4723,#4724,#3898,.T.);
#5781=EDGE_CURVE('',#4724,#4722,#3899,.T.);
#5782=EDGE_CURVE('',#4721,#4723,#3900,.T.);
#5783=EDGE_CURVE('',#4725,#4726,#3901,.T.);
#5784=EDGE_CURVE('',#4726,#4724,#535,.T.);
#5785=EDGE_CURVE('',#4723,#4725,#536,.T.);
#5786=EDGE_CURVE('',#4727,#4728,#3902,.T.);
#5787=EDGE_CURVE('',#4728,#4726,#3903,.T.);
#5788=EDGE_CURVE('',#4725,#4727,#3904,.T.);
#5789=EDGE_CURVE('',#4729,#4730,#3905,.T.);
#5790=EDGE_CURVE('',#4730,#4728,#537,.T.);
#5791=EDGE_CURVE('',#4727,#4729,#538,.T.);
#5792=EDGE_CURVE('',#4731,#4732,#3906,.T.);
#5793=EDGE_CURVE('',#4732,#4730,#3907,.T.);
#5794=EDGE_CURVE('',#4729,#4731,#3908,.T.);
#5795=EDGE_CURVE('',#4731,#4718,#539,.T.);
#5796=EDGE_CURVE('',#4717,#4732,#540,.T.);
#5797=EDGE_CURVE('',#4733,#4730,#541,.T.);
#5798=EDGE_CURVE('',#4734,#4733,#542,.T.);
#5799=EDGE_CURVE('',#4728,#4734,#543,.T.);
#5800=EDGE_CURVE('',#4732,#4735,#544,.T.);
#5801=EDGE_CURVE('',#4735,#4733,#3909,.T.);
#5802=EDGE_CURVE('',#4736,#4717,#545,.T.);
#5803=EDGE_CURVE('',#4735,#4736,#546,.T.);
#5804=EDGE_CURVE('',#4720,#4737,#547,.T.);
#5805=EDGE_CURVE('',#4737,#4736,#3910,.T.);
#5806=EDGE_CURVE('',#4734,#4738,#3911,.T.);
#5807=EDGE_CURVE('',#4738,#4726,#548,.T.);
#5808=EDGE_CURVE('',#4737,#4739,#549,.T.);
#5809=EDGE_CURVE('',#4740,#4739,#3912,.T.);
#5810=EDGE_CURVE('',#4740,#4738,#550,.T.);
#5811=EDGE_CURVE('',#4724,#4740,#551,.T.);
#5812=EDGE_CURVE('',#4739,#4722,#552,.T.);
#5813=EDGE_CURVE('',#4741,#4742,#3913,.T.);
#5814=EDGE_CURVE('',#4742,#4743,#3914,.T.);
#5815=EDGE_CURVE('',#4743,#4744,#3915,.T.);
#5816=EDGE_CURVE('',#4744,#4741,#3916,.T.);
#5817=EDGE_CURVE('',#4745,#4746,#3917,.T.);
#5818=EDGE_CURVE('',#4746,#4744,#553,.T.);
#5819=EDGE_CURVE('',#4743,#4745,#554,.T.);
#5820=EDGE_CURVE('',#4747,#4748,#3918,.T.);
#5821=EDGE_CURVE('',#4748,#4746,#3919,.T.);
#5822=EDGE_CURVE('',#4745,#4747,#3920,.T.);
#5823=EDGE_CURVE('',#4749,#4750,#3921,.T.);
#5824=EDGE_CURVE('',#4750,#4748,#555,.T.);
#5825=EDGE_CURVE('',#4747,#4749,#556,.T.);
#5826=EDGE_CURVE('',#4751,#4752,#3922,.T.);
#5827=EDGE_CURVE('',#4752,#4750,#3923,.T.);
#5828=EDGE_CURVE('',#4749,#4751,#3924,.T.);
#5829=EDGE_CURVE('',#4753,#4754,#3925,.T.);
#5830=EDGE_CURVE('',#4754,#4752,#557,.T.);
#5831=EDGE_CURVE('',#4751,#4753,#558,.T.);
#5832=EDGE_CURVE('',#4755,#4756,#3926,.T.);
#5833=EDGE_CURVE('',#4756,#4754,#3927,.T.);
#5834=EDGE_CURVE('',#4753,#4755,#3928,.T.);
#5835=EDGE_CURVE('',#4755,#4742,#559,.T.);
#5836=EDGE_CURVE('',#4741,#4756,#560,.T.);
#5837=EDGE_CURVE('',#4757,#4754,#561,.T.);
#5838=EDGE_CURVE('',#4758,#4757,#562,.T.);
#5839=EDGE_CURVE('',#4752,#4758,#563,.T.);
#5840=EDGE_CURVE('',#4756,#4759,#564,.T.);
#5841=EDGE_CURVE('',#4759,#4757,#3929,.T.);
#5842=EDGE_CURVE('',#4760,#4741,#565,.T.);
#5843=EDGE_CURVE('',#4759,#4760,#566,.T.);
#5844=EDGE_CURVE('',#4744,#4761,#567,.T.);
#5845=EDGE_CURVE('',#4761,#4760,#3930,.T.);
#5846=EDGE_CURVE('',#4748,#4762,#568,.T.);
#5847=EDGE_CURVE('',#4762,#4763,#3931,.T.);
#5848=EDGE_CURVE('',#4763,#4746,#569,.T.);
#5849=EDGE_CURVE('',#4764,#4750,#570,.T.);
#5850=EDGE_CURVE('',#4762,#4764,#571,.T.);
#5851=EDGE_CURVE('',#4758,#4764,#3932,.T.);
#5852=EDGE_CURVE('',#4761,#4763,#572,.T.);
#5853=EDGE_CURVE('',#4765,#4766,#3933,.T.);
#5854=EDGE_CURVE('',#4766,#4767,#3934,.T.);
#5855=EDGE_CURVE('',#4767,#4768,#3935,.T.);
#5856=EDGE_CURVE('',#4768,#4765,#3936,.T.);
#5857=EDGE_CURVE('',#4769,#4770,#3937,.T.);
#5858=EDGE_CURVE('',#4770,#4768,#573,.T.);
#5859=EDGE_CURVE('',#4767,#4769,#574,.T.);
#5860=EDGE_CURVE('',#4771,#4772,#3938,.T.);
#5861=EDGE_CURVE('',#4772,#4770,#3939,.T.);
#5862=EDGE_CURVE('',#4769,#4771,#3940,.T.);
#5863=EDGE_CURVE('',#4773,#4774,#3941,.T.);
#5864=EDGE_CURVE('',#4774,#4772,#575,.T.);
#5865=EDGE_CURVE('',#4771,#4773,#576,.T.);
#5866=EDGE_CURVE('',#4775,#4776,#3942,.T.);
#5867=EDGE_CURVE('',#4776,#4774,#3943,.T.);
#5868=EDGE_CURVE('',#4773,#4775,#3944,.T.);
#5869=EDGE_CURVE('',#4777,#4778,#3945,.T.);
#5870=EDGE_CURVE('',#4778,#4776,#577,.T.);
#5871=EDGE_CURVE('',#4775,#4777,#578,.T.);
#5872=EDGE_CURVE('',#4779,#4780,#3946,.T.);
#5873=EDGE_CURVE('',#4780,#4778,#3947,.T.);
#5874=EDGE_CURVE('',#4777,#4779,#3948,.T.);
#5875=EDGE_CURVE('',#4779,#4766,#579,.T.);
#5876=EDGE_CURVE('',#4765,#4780,#580,.T.);
#5877=EDGE_CURVE('',#4781,#4778,#581,.T.);
#5878=EDGE_CURVE('',#4782,#4781,#582,.T.);
#5879=EDGE_CURVE('',#4776,#4782,#583,.T.);
#5880=EDGE_CURVE('',#4780,#4783,#584,.T.);
#5881=EDGE_CURVE('',#4783,#4781,#3949,.T.);
#5882=EDGE_CURVE('',#4784,#4765,#585,.T.);
#5883=EDGE_CURVE('',#4783,#4784,#586,.T.);
#5884=EDGE_CURVE('',#4768,#4785,#587,.T.);
#5885=EDGE_CURVE('',#4785,#4784,#3950,.T.);
#5886=EDGE_CURVE('',#4782,#4786,#3951,.T.);
#5887=EDGE_CURVE('',#4786,#4774,#588,.T.);
#5888=EDGE_CURVE('',#4785,#4787,#589,.T.);
#5889=EDGE_CURVE('',#4788,#4787,#3952,.T.);
#5890=EDGE_CURVE('',#4788,#4786,#590,.T.);
#5891=EDGE_CURVE('',#4772,#4788,#591,.T.);
#5892=EDGE_CURVE('',#4787,#4770,#592,.T.);
#5893=EDGE_CURVE('',#4789,#4790,#3953,.T.);
#5894=EDGE_CURVE('',#4790,#4791,#3954,.T.);
#5895=EDGE_CURVE('',#4791,#4792,#3955,.T.);
#5896=EDGE_CURVE('',#4792,#4789,#3956,.T.);
#5897=EDGE_CURVE('',#4793,#4794,#3957,.T.);
#5898=EDGE_CURVE('',#4794,#4792,#593,.T.);
#5899=EDGE_CURVE('',#4791,#4793,#594,.T.);
#5900=EDGE_CURVE('',#4795,#4796,#3958,.T.);
#5901=EDGE_CURVE('',#4796,#4794,#3959,.T.);
#5902=EDGE_CURVE('',#4793,#4795,#3960,.T.);
#5903=EDGE_CURVE('',#4797,#4798,#3961,.T.);
#5904=EDGE_CURVE('',#4798,#4796,#595,.T.);
#5905=EDGE_CURVE('',#4795,#4797,#596,.T.);
#5906=EDGE_CURVE('',#4799,#4800,#3962,.T.);
#5907=EDGE_CURVE('',#4800,#4798,#3963,.T.);
#5908=EDGE_CURVE('',#4797,#4799,#3964,.T.);
#5909=EDGE_CURVE('',#4801,#4802,#3965,.T.);
#5910=EDGE_CURVE('',#4802,#4800,#597,.T.);
#5911=EDGE_CURVE('',#4799,#4801,#598,.T.);
#5912=EDGE_CURVE('',#4803,#4804,#3966,.T.);
#5913=EDGE_CURVE('',#4804,#4802,#3967,.T.);
#5914=EDGE_CURVE('',#4801,#4803,#3968,.T.);
#5915=EDGE_CURVE('',#4803,#4790,#599,.T.);
#5916=EDGE_CURVE('',#4789,#4804,#600,.T.);
#5917=EDGE_CURVE('',#4805,#4802,#601,.T.);
#5918=EDGE_CURVE('',#4806,#4805,#602,.T.);
#5919=EDGE_CURVE('',#4800,#4806,#603,.T.);
#5920=EDGE_CURVE('',#4804,#4807,#604,.T.);
#5921=EDGE_CURVE('',#4807,#4805,#3969,.T.);
#5922=EDGE_CURVE('',#4808,#4789,#605,.T.);
#5923=EDGE_CURVE('',#4807,#4808,#606,.T.);
#5924=EDGE_CURVE('',#4792,#4809,#607,.T.);
#5925=EDGE_CURVE('',#4809,#4808,#3970,.T.);
#5926=EDGE_CURVE('',#4796,#4810,#608,.T.);
#5927=EDGE_CURVE('',#4810,#4811,#3971,.T.);
#5928=EDGE_CURVE('',#4811,#4794,#609,.T.);
#5929=EDGE_CURVE('',#4809,#4811,#610,.T.);
#5930=EDGE_CURVE('',#4810,#4812,#611,.T.);
#5931=EDGE_CURVE('',#4806,#4812,#3972,.T.);
#5932=EDGE_CURVE('',#4812,#4798,#612,.T.);
#5933=EDGE_CURVE('',#4813,#4814,#3973,.T.);
#5934=EDGE_CURVE('',#4814,#4815,#3974,.T.);
#5935=EDGE_CURVE('',#4815,#4816,#3975,.T.);
#5936=EDGE_CURVE('',#4816,#4813,#3976,.T.);
#5937=EDGE_CURVE('',#4817,#4818,#3977,.T.);
#5938=EDGE_CURVE('',#4818,#4816,#613,.T.);
#5939=EDGE_CURVE('',#4815,#4817,#614,.T.);
#5940=EDGE_CURVE('',#4819,#4820,#3978,.T.);
#5941=EDGE_CURVE('',#4820,#4818,#3979,.T.);
#5942=EDGE_CURVE('',#4817,#4819,#3980,.T.);
#5943=EDGE_CURVE('',#4821,#4822,#3981,.T.);
#5944=EDGE_CURVE('',#4822,#4820,#615,.T.);
#5945=EDGE_CURVE('',#4819,#4821,#616,.T.);
#5946=EDGE_CURVE('',#4823,#4824,#3982,.T.);
#5947=EDGE_CURVE('',#4824,#4822,#3983,.T.);
#5948=EDGE_CURVE('',#4821,#4823,#3984,.T.);
#5949=EDGE_CURVE('',#4825,#4826,#3985,.T.);
#5950=EDGE_CURVE('',#4826,#4824,#617,.T.);
#5951=EDGE_CURVE('',#4823,#4825,#618,.T.);
#5952=EDGE_CURVE('',#4827,#4828,#3986,.T.);
#5953=EDGE_CURVE('',#4828,#4826,#3987,.T.);
#5954=EDGE_CURVE('',#4825,#4827,#3988,.T.);
#5955=EDGE_CURVE('',#4827,#4814,#619,.T.);
#5956=EDGE_CURVE('',#4813,#4828,#620,.T.);
#5957=EDGE_CURVE('',#4829,#4826,#621,.T.);
#5958=EDGE_CURVE('',#4830,#4829,#622,.T.);
#5959=EDGE_CURVE('',#4824,#4830,#623,.T.);
#5960=EDGE_CURVE('',#4828,#4831,#624,.T.);
#5961=EDGE_CURVE('',#4831,#4829,#3989,.T.);
#5962=EDGE_CURVE('',#4832,#4813,#625,.T.);
#5963=EDGE_CURVE('',#4831,#4832,#626,.T.);
#5964=EDGE_CURVE('',#4816,#4833,#627,.T.);
#5965=EDGE_CURVE('',#4833,#4832,#3990,.T.);
#5966=EDGE_CURVE('',#4834,#4818,#628,.T.);
#5967=EDGE_CURVE('',#4833,#4834,#629,.T.);
#5968=EDGE_CURVE('',#4820,#4835,#630,.T.);
#5969=EDGE_CURVE('',#4835,#4834,#3991,.T.);
#5970=EDGE_CURVE('',#4836,#4822,#631,.T.);
#5971=EDGE_CURVE('',#4835,#4836,#632,.T.);
#5972=EDGE_CURVE('',#4830,#4836,#3992,.T.);
#5973=EDGE_CURVE('',#4837,#4838,#3993,.T.);
#5974=EDGE_CURVE('',#4838,#4839,#3994,.T.);
#5975=EDGE_CURVE('',#4839,#4840,#3995,.T.);
#5976=EDGE_CURVE('',#4840,#4837,#3996,.T.);
#5977=EDGE_CURVE('',#4841,#4842,#3997,.T.);
#5978=EDGE_CURVE('',#4842,#4840,#633,.T.);
#5979=EDGE_CURVE('',#4839,#4841,#634,.T.);
#5980=EDGE_CURVE('',#4843,#4844,#3998,.T.);
#5981=EDGE_CURVE('',#4844,#4842,#3999,.T.);
#5982=EDGE_CURVE('',#4841,#4843,#4000,.T.);
#5983=EDGE_CURVE('',#4845,#4846,#4001,.T.);
#5984=EDGE_CURVE('',#4846,#4844,#635,.T.);
#5985=EDGE_CURVE('',#4843,#4845,#636,.T.);
#5986=EDGE_CURVE('',#4847,#4848,#4002,.T.);
#5987=EDGE_CURVE('',#4848,#4846,#4003,.T.);
#5988=EDGE_CURVE('',#4845,#4847,#4004,.T.);
#5989=EDGE_CURVE('',#4849,#4850,#4005,.T.);
#5990=EDGE_CURVE('',#4850,#4848,#637,.T.);
#5991=EDGE_CURVE('',#4847,#4849,#638,.T.);
#5992=EDGE_CURVE('',#4851,#4852,#4006,.T.);
#5993=EDGE_CURVE('',#4852,#4850,#4007,.T.);
#5994=EDGE_CURVE('',#4849,#4851,#4008,.T.);
#5995=EDGE_CURVE('',#4851,#4838,#639,.T.);
#5996=EDGE_CURVE('',#4837,#4852,#640,.T.);
#5997=EDGE_CURVE('',#4853,#4850,#641,.T.);
#5998=EDGE_CURVE('',#4854,#4853,#642,.T.);
#5999=EDGE_CURVE('',#4848,#4854,#643,.T.);
#6000=EDGE_CURVE('',#4852,#4855,#644,.T.);
#6001=EDGE_CURVE('',#4855,#4853,#4009,.T.);
#6002=EDGE_CURVE('',#4856,#4837,#645,.T.);
#6003=EDGE_CURVE('',#4855,#4856,#646,.T.);
#6004=EDGE_CURVE('',#4840,#4857,#647,.T.);
#6005=EDGE_CURVE('',#4857,#4856,#4010,.T.);
#6006=EDGE_CURVE('',#4854,#4858,#4011,.T.);
#6007=EDGE_CURVE('',#4858,#4846,#648,.T.);
#6008=EDGE_CURVE('',#4857,#4859,#649,.T.);
#6009=EDGE_CURVE('',#4860,#4859,#4012,.T.);
#6010=EDGE_CURVE('',#4860,#4858,#650,.T.);
#6011=EDGE_CURVE('',#4844,#4860,#651,.T.);
#6012=EDGE_CURVE('',#4859,#4842,#652,.T.);
#6013=EDGE_CURVE('',#4861,#4862,#4013,.T.);
#6014=EDGE_CURVE('',#4862,#4863,#4014,.T.);
#6015=EDGE_CURVE('',#4863,#4864,#4015,.T.);
#6016=EDGE_CURVE('',#4864,#4861,#4016,.T.);
#6017=EDGE_CURVE('',#4865,#4866,#4017,.T.);
#6018=EDGE_CURVE('',#4866,#4864,#653,.T.);
#6019=EDGE_CURVE('',#4863,#4865,#654,.T.);
#6020=EDGE_CURVE('',#4867,#4868,#4018,.T.);
#6021=EDGE_CURVE('',#4868,#4866,#4019,.T.);
#6022=EDGE_CURVE('',#4865,#4867,#4020,.T.);
#6023=EDGE_CURVE('',#4869,#4870,#4021,.T.);
#6024=EDGE_CURVE('',#4870,#4868,#655,.T.);
#6025=EDGE_CURVE('',#4867,#4869,#656,.T.);
#6026=EDGE_CURVE('',#4871,#4872,#4022,.T.);
#6027=EDGE_CURVE('',#4872,#4870,#4023,.T.);
#6028=EDGE_CURVE('',#4869,#4871,#4024,.T.);
#6029=EDGE_CURVE('',#4873,#4874,#4025,.T.);
#6030=EDGE_CURVE('',#4874,#4872,#657,.T.);
#6031=EDGE_CURVE('',#4871,#4873,#658,.T.);
#6032=EDGE_CURVE('',#4875,#4876,#4026,.T.);
#6033=EDGE_CURVE('',#4876,#4874,#4027,.T.);
#6034=EDGE_CURVE('',#4873,#4875,#4028,.T.);
#6035=EDGE_CURVE('',#4875,#4862,#659,.T.);
#6036=EDGE_CURVE('',#4861,#4876,#660,.T.);
#6037=EDGE_CURVE('',#4877,#4874,#661,.T.);
#6038=EDGE_CURVE('',#4878,#4877,#662,.T.);
#6039=EDGE_CURVE('',#4872,#4878,#663,.T.);
#6040=EDGE_CURVE('',#4876,#4879,#664,.T.);
#6041=EDGE_CURVE('',#4879,#4877,#4029,.T.);
#6042=EDGE_CURVE('',#4880,#4861,#665,.T.);
#6043=EDGE_CURVE('',#4879,#4880,#666,.T.);
#6044=EDGE_CURVE('',#4864,#4881,#667,.T.);
#6045=EDGE_CURVE('',#4881,#4880,#4030,.T.);
#6046=EDGE_CURVE('',#4878,#4882,#4031,.T.);
#6047=EDGE_CURVE('',#4882,#4870,#668,.T.);
#6048=EDGE_CURVE('',#4881,#4883,#669,.T.);
#6049=EDGE_CURVE('',#4884,#4883,#4032,.T.);
#6050=EDGE_CURVE('',#4884,#4882,#670,.T.);
#6051=EDGE_CURVE('',#4868,#4884,#671,.T.);
#6052=EDGE_CURVE('',#4883,#4866,#672,.T.);
#6053=EDGE_CURVE('',#4885,#4886,#4033,.T.);
#6054=EDGE_CURVE('',#4886,#4887,#4034,.T.);
#6055=EDGE_CURVE('',#4887,#4888,#4035,.T.);
#6056=EDGE_CURVE('',#4888,#4885,#4036,.T.);
#6057=EDGE_CURVE('',#4889,#4890,#4037,.T.);
#6058=EDGE_CURVE('',#4890,#4888,#673,.T.);
#6059=EDGE_CURVE('',#4887,#4889,#674,.T.);
#6060=EDGE_CURVE('',#4891,#4892,#4038,.T.);
#6061=EDGE_CURVE('',#4892,#4890,#4039,.T.);
#6062=EDGE_CURVE('',#4889,#4891,#4040,.T.);
#6063=EDGE_CURVE('',#4893,#4894,#4041,.T.);
#6064=EDGE_CURVE('',#4894,#4892,#675,.T.);
#6065=EDGE_CURVE('',#4891,#4893,#676,.T.);
#6066=EDGE_CURVE('',#4895,#4896,#4042,.T.);
#6067=EDGE_CURVE('',#4896,#4894,#4043,.T.);
#6068=EDGE_CURVE('',#4893,#4895,#4044,.T.);
#6069=EDGE_CURVE('',#4897,#4898,#4045,.T.);
#6070=EDGE_CURVE('',#4898,#4896,#677,.T.);
#6071=EDGE_CURVE('',#4895,#4897,#678,.T.);
#6072=EDGE_CURVE('',#4899,#4900,#4046,.T.);
#6073=EDGE_CURVE('',#4900,#4898,#4047,.T.);
#6074=EDGE_CURVE('',#4897,#4899,#4048,.T.);
#6075=EDGE_CURVE('',#4899,#4886,#679,.T.);
#6076=EDGE_CURVE('',#4885,#4900,#680,.T.);
#6077=EDGE_CURVE('',#4901,#4898,#681,.T.);
#6078=EDGE_CURVE('',#4902,#4901,#682,.T.);
#6079=EDGE_CURVE('',#4896,#4902,#683,.T.);
#6080=EDGE_CURVE('',#4900,#4903,#684,.T.);
#6081=EDGE_CURVE('',#4903,#4901,#4049,.T.);
#6082=EDGE_CURVE('',#4904,#4885,#685,.T.);
#6083=EDGE_CURVE('',#4903,#4904,#686,.T.);
#6084=EDGE_CURVE('',#4888,#4905,#687,.T.);
#6085=EDGE_CURVE('',#4905,#4904,#4050,.T.);
#6086=EDGE_CURVE('',#4906,#4890,#688,.T.);
#6087=EDGE_CURVE('',#4905,#4906,#689,.T.);
#6088=EDGE_CURVE('',#4892,#4907,#690,.T.);
#6089=EDGE_CURVE('',#4907,#4906,#4051,.T.);
#6090=EDGE_CURVE('',#4908,#4894,#691,.T.);
#6091=EDGE_CURVE('',#4907,#4908,#692,.T.);
#6092=EDGE_CURVE('',#4902,#4908,#4052,.T.);
#6093=EDGE_CURVE('',#4909,#4910,#4053,.T.);
#6094=EDGE_CURVE('',#4910,#4911,#4054,.T.);
#6095=EDGE_CURVE('',#4911,#4912,#4055,.T.);
#6096=EDGE_CURVE('',#4912,#4909,#4056,.T.);
#6097=EDGE_CURVE('',#4913,#4914,#4057,.T.);
#6098=EDGE_CURVE('',#4914,#4912,#693,.T.);
#6099=EDGE_CURVE('',#4911,#4913,#694,.T.);
#6100=EDGE_CURVE('',#4915,#4916,#4058,.T.);
#6101=EDGE_CURVE('',#4916,#4914,#4059,.T.);
#6102=EDGE_CURVE('',#4913,#4915,#4060,.T.);
#6103=EDGE_CURVE('',#4917,#4918,#4061,.T.);
#6104=EDGE_CURVE('',#4918,#4916,#695,.T.);
#6105=EDGE_CURVE('',#4915,#4917,#696,.T.);
#6106=EDGE_CURVE('',#4919,#4920,#4062,.T.);
#6107=EDGE_CURVE('',#4920,#4918,#4063,.T.);
#6108=EDGE_CURVE('',#4917,#4919,#4064,.T.);
#6109=EDGE_CURVE('',#4921,#4922,#4065,.T.);
#6110=EDGE_CURVE('',#4922,#4920,#697,.T.);
#6111=EDGE_CURVE('',#4919,#4921,#698,.T.);
#6112=EDGE_CURVE('',#4923,#4924,#4066,.T.);
#6113=EDGE_CURVE('',#4924,#4922,#4067,.T.);
#6114=EDGE_CURVE('',#4921,#4923,#4068,.T.);
#6115=EDGE_CURVE('',#4923,#4910,#699,.T.);
#6116=EDGE_CURVE('',#4909,#4924,#700,.T.);
#6117=EDGE_CURVE('',#4925,#4922,#701,.T.);
#6118=EDGE_CURVE('',#4926,#4925,#702,.T.);
#6119=EDGE_CURVE('',#4920,#4926,#703,.T.);
#6120=EDGE_CURVE('',#4924,#4927,#704,.T.);
#6121=EDGE_CURVE('',#4927,#4925,#4069,.T.);
#6122=EDGE_CURVE('',#4928,#4909,#705,.T.);
#6123=EDGE_CURVE('',#4927,#4928,#706,.T.);
#6124=EDGE_CURVE('',#4912,#4929,#707,.T.);
#6125=EDGE_CURVE('',#4929,#4928,#4070,.T.);
#6126=EDGE_CURVE('',#4926,#4930,#4071,.T.);
#6127=EDGE_CURVE('',#4930,#4918,#708,.T.);
#6128=EDGE_CURVE('',#4929,#4931,#709,.T.);
#6129=EDGE_CURVE('',#4932,#4931,#4072,.T.);
#6130=EDGE_CURVE('',#4932,#4930,#710,.T.);
#6131=EDGE_CURVE('',#4916,#4932,#711,.T.);
#6132=EDGE_CURVE('',#4931,#4914,#712,.T.);
#6133=EDGE_CURVE('',#4933,#4934,#4073,.T.);
#6134=EDGE_CURVE('',#4934,#4935,#4074,.T.);
#6135=EDGE_CURVE('',#4935,#4936,#4075,.T.);
#6136=EDGE_CURVE('',#4936,#4933,#4076,.T.);
#6137=EDGE_CURVE('',#4937,#4938,#4077,.T.);
#6138=EDGE_CURVE('',#4938,#4936,#713,.T.);
#6139=EDGE_CURVE('',#4935,#4937,#714,.T.);
#6140=EDGE_CURVE('',#4939,#4940,#4078,.T.);
#6141=EDGE_CURVE('',#4940,#4938,#4079,.T.);
#6142=EDGE_CURVE('',#4937,#4939,#4080,.T.);
#6143=EDGE_CURVE('',#4941,#4942,#4081,.T.);
#6144=EDGE_CURVE('',#4942,#4940,#715,.T.);
#6145=EDGE_CURVE('',#4939,#4941,#716,.T.);
#6146=EDGE_CURVE('',#4943,#4944,#4082,.T.);
#6147=EDGE_CURVE('',#4944,#4942,#4083,.T.);
#6148=EDGE_CURVE('',#4941,#4943,#4084,.T.);
#6149=EDGE_CURVE('',#4945,#4946,#4085,.T.);
#6150=EDGE_CURVE('',#4946,#4944,#717,.T.);
#6151=EDGE_CURVE('',#4943,#4945,#718,.T.);
#6152=EDGE_CURVE('',#4947,#4948,#4086,.T.);
#6153=EDGE_CURVE('',#4948,#4946,#4087,.T.);
#6154=EDGE_CURVE('',#4945,#4947,#4088,.T.);
#6155=EDGE_CURVE('',#4947,#4934,#719,.T.);
#6156=EDGE_CURVE('',#4933,#4948,#720,.T.);
#6157=EDGE_CURVE('',#4949,#4946,#721,.T.);
#6158=EDGE_CURVE('',#4950,#4949,#722,.T.);
#6159=EDGE_CURVE('',#4944,#4950,#723,.T.);
#6160=EDGE_CURVE('',#4948,#4951,#724,.T.);
#6161=EDGE_CURVE('',#4951,#4949,#4089,.T.);
#6162=EDGE_CURVE('',#4952,#4933,#725,.T.);
#6163=EDGE_CURVE('',#4951,#4952,#726,.T.);
#6164=EDGE_CURVE('',#4936,#4953,#727,.T.);
#6165=EDGE_CURVE('',#4953,#4952,#4090,.T.);
#6166=EDGE_CURVE('',#4940,#4954,#728,.T.);
#6167=EDGE_CURVE('',#4954,#4955,#4091,.T.);
#6168=EDGE_CURVE('',#4955,#4938,#729,.T.);
#6169=EDGE_CURVE('',#4953,#4955,#730,.T.);
#6170=EDGE_CURVE('',#4954,#4956,#731,.T.);
#6171=EDGE_CURVE('',#4950,#4956,#4092,.T.);
#6172=EDGE_CURVE('',#4956,#4942,#732,.T.);
#6173=EDGE_CURVE('',#4957,#4958,#4093,.T.);
#6174=EDGE_CURVE('',#4958,#4959,#4094,.T.);
#6175=EDGE_CURVE('',#4959,#4960,#4095,.T.);
#6176=EDGE_CURVE('',#4960,#4957,#4096,.T.);
#6177=EDGE_CURVE('',#4961,#4962,#4097,.T.);
#6178=EDGE_CURVE('',#4962,#4960,#733,.T.);
#6179=EDGE_CURVE('',#4959,#4961,#734,.T.);
#6180=EDGE_CURVE('',#4963,#4964,#4098,.T.);
#6181=EDGE_CURVE('',#4964,#4962,#4099,.T.);
#6182=EDGE_CURVE('',#4961,#4963,#4100,.T.);
#6183=EDGE_CURVE('',#4965,#4966,#4101,.T.);
#6184=EDGE_CURVE('',#4966,#4964,#735,.T.);
#6185=EDGE_CURVE('',#4963,#4965,#736,.T.);
#6186=EDGE_CURVE('',#4967,#4968,#4102,.T.);
#6187=EDGE_CURVE('',#4968,#4966,#4103,.T.);
#6188=EDGE_CURVE('',#4965,#4967,#4104,.T.);
#6189=EDGE_CURVE('',#4969,#4970,#4105,.T.);
#6190=EDGE_CURVE('',#4970,#4968,#737,.T.);
#6191=EDGE_CURVE('',#4967,#4969,#738,.T.);
#6192=EDGE_CURVE('',#4971,#4972,#4106,.T.);
#6193=EDGE_CURVE('',#4972,#4970,#4107,.T.);
#6194=EDGE_CURVE('',#4969,#4971,#4108,.T.);
#6195=EDGE_CURVE('',#4971,#4958,#739,.T.);
#6196=EDGE_CURVE('',#4957,#4972,#740,.T.);
#6197=EDGE_CURVE('',#4973,#4970,#741,.T.);
#6198=EDGE_CURVE('',#4974,#4973,#742,.T.);
#6199=EDGE_CURVE('',#4968,#4974,#743,.T.);
#6200=EDGE_CURVE('',#4972,#4975,#744,.T.);
#6201=EDGE_CURVE('',#4975,#4973,#4109,.T.);
#6202=EDGE_CURVE('',#4976,#4957,#745,.T.);
#6203=EDGE_CURVE('',#4975,#4976,#746,.T.);
#6204=EDGE_CURVE('',#4960,#4977,#747,.T.);
#6205=EDGE_CURVE('',#4977,#4976,#4110,.T.);
#6206=EDGE_CURVE('',#4974,#4978,#4111,.T.);
#6207=EDGE_CURVE('',#4978,#4966,#748,.T.);
#6208=EDGE_CURVE('',#4977,#4979,#749,.T.);
#6209=EDGE_CURVE('',#4980,#4979,#4112,.T.);
#6210=EDGE_CURVE('',#4980,#4978,#750,.T.);
#6211=EDGE_CURVE('',#4964,#4980,#751,.T.);
#6212=EDGE_CURVE('',#4979,#4962,#752,.T.);
#6213=EDGE_CURVE('',#4981,#4982,#4113,.T.);
#6214=EDGE_CURVE('',#4982,#4983,#4114,.T.);
#6215=EDGE_CURVE('',#4983,#4984,#4115,.T.);
#6216=EDGE_CURVE('',#4984,#4981,#4116,.T.);
#6217=EDGE_CURVE('',#4985,#4986,#4117,.T.);
#6218=EDGE_CURVE('',#4986,#4984,#753,.T.);
#6219=EDGE_CURVE('',#4983,#4985,#754,.T.);
#6220=EDGE_CURVE('',#4987,#4988,#4118,.T.);
#6221=EDGE_CURVE('',#4988,#4986,#4119,.T.);
#6222=EDGE_CURVE('',#4985,#4987,#4120,.T.);
#6223=EDGE_CURVE('',#4989,#4990,#4121,.T.);
#6224=EDGE_CURVE('',#4990,#4988,#755,.T.);
#6225=EDGE_CURVE('',#4987,#4989,#756,.T.);
#6226=EDGE_CURVE('',#4991,#4992,#4122,.T.);
#6227=EDGE_CURVE('',#4992,#4990,#4123,.T.);
#6228=EDGE_CURVE('',#4989,#4991,#4124,.T.);
#6229=EDGE_CURVE('',#4993,#4994,#4125,.T.);
#6230=EDGE_CURVE('',#4994,#4992,#757,.T.);
#6231=EDGE_CURVE('',#4991,#4993,#758,.T.);
#6232=EDGE_CURVE('',#4995,#4996,#4126,.T.);
#6233=EDGE_CURVE('',#4996,#4994,#4127,.T.);
#6234=EDGE_CURVE('',#4993,#4995,#4128,.T.);
#6235=EDGE_CURVE('',#4995,#4982,#759,.T.);
#6236=EDGE_CURVE('',#4981,#4996,#760,.T.);
#6237=EDGE_CURVE('',#4997,#4994,#761,.T.);
#6238=EDGE_CURVE('',#4998,#4997,#762,.T.);
#6239=EDGE_CURVE('',#4992,#4998,#763,.T.);
#6240=EDGE_CURVE('',#4996,#4999,#764,.T.);
#6241=EDGE_CURVE('',#4999,#4997,#4129,.T.);
#6242=EDGE_CURVE('',#5000,#4981,#765,.T.);
#6243=EDGE_CURVE('',#4999,#5000,#766,.T.);
#6244=EDGE_CURVE('',#4984,#5001,#767,.T.);
#6245=EDGE_CURVE('',#5001,#5000,#4130,.T.);
#6246=EDGE_CURVE('',#4998,#5002,#4131,.T.);
#6247=EDGE_CURVE('',#5002,#4990,#768,.T.);
#6248=EDGE_CURVE('',#5001,#5003,#769,.T.);
#6249=EDGE_CURVE('',#5004,#5003,#4132,.T.);
#6250=EDGE_CURVE('',#5004,#5002,#770,.T.);
#6251=EDGE_CURVE('',#4988,#5004,#771,.T.);
#6252=EDGE_CURVE('',#5003,#4986,#772,.T.);
#6253=EDGE_CURVE('',#5005,#5006,#4133,.T.);
#6254=EDGE_CURVE('',#5006,#5007,#4134,.T.);
#6255=EDGE_CURVE('',#5007,#5008,#4135,.T.);
#6256=EDGE_CURVE('',#5008,#5005,#4136,.T.);
#6257=EDGE_CURVE('',#5009,#5010,#4137,.T.);
#6258=EDGE_CURVE('',#5010,#5008,#773,.T.);
#6259=EDGE_CURVE('',#5007,#5009,#774,.T.);
#6260=EDGE_CURVE('',#5011,#5012,#4138,.T.);
#6261=EDGE_CURVE('',#5012,#5010,#4139,.T.);
#6262=EDGE_CURVE('',#5009,#5011,#4140,.T.);
#6263=EDGE_CURVE('',#5013,#5014,#4141,.T.);
#6264=EDGE_CURVE('',#5014,#5012,#775,.T.);
#6265=EDGE_CURVE('',#5011,#5013,#776,.T.);
#6266=EDGE_CURVE('',#5015,#5016,#4142,.T.);
#6267=EDGE_CURVE('',#5016,#5014,#4143,.T.);
#6268=EDGE_CURVE('',#5013,#5015,#4144,.T.);
#6269=EDGE_CURVE('',#5017,#5018,#4145,.T.);
#6270=EDGE_CURVE('',#5018,#5016,#777,.T.);
#6271=EDGE_CURVE('',#5015,#5017,#778,.T.);
#6272=EDGE_CURVE('',#5019,#5020,#4146,.T.);
#6273=EDGE_CURVE('',#5020,#5018,#4147,.T.);
#6274=EDGE_CURVE('',#5017,#5019,#4148,.T.);
#6275=EDGE_CURVE('',#5019,#5006,#779,.T.);
#6276=EDGE_CURVE('',#5005,#5020,#780,.T.);
#6277=EDGE_CURVE('',#5021,#5018,#781,.T.);
#6278=EDGE_CURVE('',#5022,#5021,#782,.T.);
#6279=EDGE_CURVE('',#5016,#5022,#783,.T.);
#6280=EDGE_CURVE('',#5020,#5023,#784,.T.);
#6281=EDGE_CURVE('',#5023,#5021,#4149,.T.);
#6282=EDGE_CURVE('',#5024,#5005,#785,.T.);
#6283=EDGE_CURVE('',#5023,#5024,#786,.T.);
#6284=EDGE_CURVE('',#5008,#5025,#787,.T.);
#6285=EDGE_CURVE('',#5025,#5024,#4150,.T.);
#6286=EDGE_CURVE('',#5022,#5026,#4151,.T.);
#6287=EDGE_CURVE('',#5026,#5014,#788,.T.);
#6288=EDGE_CURVE('',#5012,#5027,#789,.T.);
#6289=EDGE_CURVE('',#5027,#5028,#4152,.T.);
#6290=EDGE_CURVE('',#5028,#5010,#790,.T.);
#6291=EDGE_CURVE('',#5027,#5026,#791,.T.);
#6292=EDGE_CURVE('',#5025,#5028,#792,.T.);
#6293=EDGE_CURVE('',#5029,#5030,#4153,.T.);
#6294=EDGE_CURVE('',#5030,#5031,#4154,.T.);
#6295=EDGE_CURVE('',#5031,#5032,#4155,.T.);
#6296=EDGE_CURVE('',#5032,#5029,#4156,.T.);
#6297=EDGE_CURVE('',#5033,#5034,#4157,.T.);
#6298=EDGE_CURVE('',#5034,#5032,#793,.T.);
#6299=EDGE_CURVE('',#5031,#5033,#794,.T.);
#6300=EDGE_CURVE('',#5035,#5036,#4158,.T.);
#6301=EDGE_CURVE('',#5036,#5034,#4159,.T.);
#6302=EDGE_CURVE('',#5033,#5035,#4160,.T.);
#6303=EDGE_CURVE('',#5037,#5038,#4161,.T.);
#6304=EDGE_CURVE('',#5038,#5036,#795,.T.);
#6305=EDGE_CURVE('',#5035,#5037,#796,.T.);
#6306=EDGE_CURVE('',#5039,#5040,#4162,.T.);
#6307=EDGE_CURVE('',#5040,#5038,#4163,.T.);
#6308=EDGE_CURVE('',#5037,#5039,#4164,.T.);
#6309=EDGE_CURVE('',#5041,#5042,#4165,.T.);
#6310=EDGE_CURVE('',#5042,#5040,#797,.T.);
#6311=EDGE_CURVE('',#5039,#5041,#798,.T.);
#6312=EDGE_CURVE('',#5043,#5044,#4166,.T.);
#6313=EDGE_CURVE('',#5044,#5042,#4167,.T.);
#6314=EDGE_CURVE('',#5041,#5043,#4168,.T.);
#6315=EDGE_CURVE('',#5043,#5030,#799,.T.);
#6316=EDGE_CURVE('',#5029,#5044,#800,.T.);
#6317=EDGE_CURVE('',#5045,#5042,#801,.T.);
#6318=EDGE_CURVE('',#5046,#5045,#802,.T.);
#6319=EDGE_CURVE('',#5040,#5046,#803,.T.);
#6320=EDGE_CURVE('',#5044,#5047,#804,.T.);
#6321=EDGE_CURVE('',#5047,#5045,#4169,.T.);
#6322=EDGE_CURVE('',#5048,#5029,#805,.T.);
#6323=EDGE_CURVE('',#5047,#5048,#806,.T.);
#6324=EDGE_CURVE('',#5032,#5049,#807,.T.);
#6325=EDGE_CURVE('',#5049,#5048,#4170,.T.);
#6326=EDGE_CURVE('',#5050,#5034,#808,.T.);
#6327=EDGE_CURVE('',#5049,#5050,#809,.T.);
#6328=EDGE_CURVE('',#5036,#5051,#810,.T.);
#6329=EDGE_CURVE('',#5051,#5050,#4171,.T.);
#6330=EDGE_CURVE('',#5052,#5038,#811,.T.);
#6331=EDGE_CURVE('',#5051,#5052,#812,.T.);
#6332=EDGE_CURVE('',#5046,#5052,#4172,.T.);
#6333=EDGE_CURVE('',#5053,#5054,#4173,.T.);
#6334=EDGE_CURVE('',#5054,#5055,#4174,.T.);
#6335=EDGE_CURVE('',#5055,#5056,#4175,.T.);
#6336=EDGE_CURVE('',#5056,#5053,#4176,.T.);
#6337=EDGE_CURVE('',#5057,#5058,#4177,.T.);
#6338=EDGE_CURVE('',#5058,#5056,#813,.T.);
#6339=EDGE_CURVE('',#5055,#5057,#814,.T.);
#6340=EDGE_CURVE('',#5059,#5060,#4178,.T.);
#6341=EDGE_CURVE('',#5060,#5058,#4179,.T.);
#6342=EDGE_CURVE('',#5057,#5059,#4180,.T.);
#6343=EDGE_CURVE('',#5061,#5062,#4181,.T.);
#6344=EDGE_CURVE('',#5062,#5060,#815,.T.);
#6345=EDGE_CURVE('',#5059,#5061,#816,.T.);
#6346=EDGE_CURVE('',#5063,#5064,#4182,.T.);
#6347=EDGE_CURVE('',#5064,#5062,#4183,.T.);
#6348=EDGE_CURVE('',#5061,#5063,#4184,.T.);
#6349=EDGE_CURVE('',#5065,#5066,#4185,.T.);
#6350=EDGE_CURVE('',#5066,#5064,#817,.T.);
#6351=EDGE_CURVE('',#5063,#5065,#818,.T.);
#6352=EDGE_CURVE('',#5067,#5068,#4186,.T.);
#6353=EDGE_CURVE('',#5068,#5066,#4187,.T.);
#6354=EDGE_CURVE('',#5065,#5067,#4188,.T.);
#6355=EDGE_CURVE('',#5067,#5054,#819,.T.);
#6356=EDGE_CURVE('',#5053,#5068,#820,.T.);
#6357=EDGE_CURVE('',#5069,#5066,#821,.T.);
#6358=EDGE_CURVE('',#5069,#5070,#822,.T.);
#6359=EDGE_CURVE('',#5064,#5070,#823,.T.);
#6360=EDGE_CURVE('',#5068,#5071,#824,.T.);
#6361=EDGE_CURVE('',#5071,#5069,#4189,.T.);
#6362=EDGE_CURVE('',#5072,#5053,#825,.T.);
#6363=EDGE_CURVE('',#5072,#5071,#826,.T.);
#6364=EDGE_CURVE('',#5056,#5073,#827,.T.);
#6365=EDGE_CURVE('',#5073,#5072,#4190,.T.);
#6366=EDGE_CURVE('',#5074,#5073,#828,.T.);
#6367=EDGE_CURVE('',#5075,#5074,#4191,.T.);
#6368=EDGE_CURVE('',#5076,#5075,#829,.T.);
#6369=EDGE_CURVE('',#5070,#5076,#4192,.T.);
#6370=EDGE_CURVE('',#5074,#5058,#830,.T.);
#6371=EDGE_CURVE('',#5060,#5075,#831,.T.);
#6372=EDGE_CURVE('',#5076,#5062,#832,.T.);
#6373=EDGE_CURVE('',#5077,#5078,#4193,.T.);
#6374=EDGE_CURVE('',#5078,#5079,#4194,.T.);
#6375=EDGE_CURVE('',#5079,#5080,#4195,.T.);
#6376=EDGE_CURVE('',#5080,#5077,#4196,.T.);
#6377=EDGE_CURVE('',#5081,#5082,#4197,.T.);
#6378=EDGE_CURVE('',#5082,#5080,#833,.T.);
#6379=EDGE_CURVE('',#5079,#5081,#834,.T.);
#6380=EDGE_CURVE('',#5083,#5084,#4198,.T.);
#6381=EDGE_CURVE('',#5084,#5082,#4199,.T.);
#6382=EDGE_CURVE('',#5081,#5083,#4200,.T.);
#6383=EDGE_CURVE('',#5085,#5086,#4201,.T.);
#6384=EDGE_CURVE('',#5086,#5084,#835,.T.);
#6385=EDGE_CURVE('',#5083,#5085,#836,.T.);
#6386=EDGE_CURVE('',#5087,#5088,#4202,.T.);
#6387=EDGE_CURVE('',#5088,#5086,#4203,.T.);
#6388=EDGE_CURVE('',#5085,#5087,#4204,.T.);
#6389=EDGE_CURVE('',#5089,#5090,#4205,.T.);
#6390=EDGE_CURVE('',#5090,#5088,#837,.T.);
#6391=EDGE_CURVE('',#5087,#5089,#838,.T.);
#6392=EDGE_CURVE('',#5091,#5092,#4206,.T.);
#6393=EDGE_CURVE('',#5092,#5090,#4207,.T.);
#6394=EDGE_CURVE('',#5089,#5091,#4208,.T.);
#6395=EDGE_CURVE('',#5091,#5078,#839,.T.);
#6396=EDGE_CURVE('',#5077,#5092,#840,.T.);
#6397=EDGE_CURVE('',#5093,#5090,#841,.T.);
#6398=EDGE_CURVE('',#5093,#5094,#842,.T.);
#6399=EDGE_CURVE('',#5088,#5094,#843,.T.);
#6400=EDGE_CURVE('',#5092,#5095,#844,.T.);
#6401=EDGE_CURVE('',#5095,#5093,#4209,.T.);
#6402=EDGE_CURVE('',#5096,#5077,#845,.T.);
#6403=EDGE_CURVE('',#5096,#5095,#846,.T.);
#6404=EDGE_CURVE('',#5080,#5097,#847,.T.);
#6405=EDGE_CURVE('',#5097,#5096,#4210,.T.);
#6406=EDGE_CURVE('',#5098,#5097,#848,.T.);
#6407=EDGE_CURVE('',#5099,#5098,#4211,.T.);
#6408=EDGE_CURVE('',#5100,#5099,#849,.T.);
#6409=EDGE_CURVE('',#5094,#5100,#4212,.T.);
#6410=EDGE_CURVE('',#5098,#5082,#850,.T.);
#6411=EDGE_CURVE('',#5084,#5099,#851,.T.);
#6412=EDGE_CURVE('',#5100,#5086,#852,.T.);
#6413=EDGE_CURVE('',#5101,#5102,#4213,.T.);
#6414=EDGE_CURVE('',#5102,#5103,#4214,.T.);
#6415=EDGE_CURVE('',#5103,#5104,#4215,.T.);
#6416=EDGE_CURVE('',#5104,#5101,#4216,.T.);
#6417=EDGE_CURVE('',#5105,#5106,#4217,.T.);
#6418=EDGE_CURVE('',#5106,#5104,#853,.T.);
#6419=EDGE_CURVE('',#5103,#5105,#854,.T.);
#6420=EDGE_CURVE('',#5107,#5108,#4218,.T.);
#6421=EDGE_CURVE('',#5108,#5106,#4219,.T.);
#6422=EDGE_CURVE('',#5105,#5107,#4220,.T.);
#6423=EDGE_CURVE('',#5109,#5110,#4221,.T.);
#6424=EDGE_CURVE('',#5110,#5108,#855,.T.);
#6425=EDGE_CURVE('',#5107,#5109,#856,.T.);
#6426=EDGE_CURVE('',#5111,#5112,#4222,.T.);
#6427=EDGE_CURVE('',#5112,#5110,#4223,.T.);
#6428=EDGE_CURVE('',#5109,#5111,#4224,.T.);
#6429=EDGE_CURVE('',#5113,#5114,#4225,.T.);
#6430=EDGE_CURVE('',#5114,#5112,#857,.T.);
#6431=EDGE_CURVE('',#5111,#5113,#858,.T.);
#6432=EDGE_CURVE('',#5115,#5116,#4226,.T.);
#6433=EDGE_CURVE('',#5116,#5114,#4227,.T.);
#6434=EDGE_CURVE('',#5113,#5115,#4228,.T.);
#6435=EDGE_CURVE('',#5115,#5102,#859,.T.);
#6436=EDGE_CURVE('',#5101,#5116,#860,.T.);
#6437=EDGE_CURVE('',#5117,#5114,#861,.T.);
#6438=EDGE_CURVE('',#5117,#5118,#862,.T.);
#6439=EDGE_CURVE('',#5112,#5118,#863,.T.);
#6440=EDGE_CURVE('',#5116,#5119,#864,.T.);
#6441=EDGE_CURVE('',#5119,#5117,#4229,.T.);
#6442=EDGE_CURVE('',#5120,#5101,#865,.T.);
#6443=EDGE_CURVE('',#5120,#5119,#866,.T.);
#6444=EDGE_CURVE('',#5104,#5121,#867,.T.);
#6445=EDGE_CURVE('',#5121,#5120,#4230,.T.);
#6446=EDGE_CURVE('',#5122,#5121,#868,.T.);
#6447=EDGE_CURVE('',#5123,#5122,#4231,.T.);
#6448=EDGE_CURVE('',#5124,#5123,#869,.T.);
#6449=EDGE_CURVE('',#5118,#5124,#4232,.T.);
#6450=EDGE_CURVE('',#5122,#5106,#870,.T.);
#6451=EDGE_CURVE('',#5108,#5123,#871,.T.);
#6452=EDGE_CURVE('',#5124,#5110,#872,.T.);
#6453=EDGE_CURVE('',#5125,#5126,#4233,.T.);
#6454=EDGE_CURVE('',#5126,#5127,#4234,.T.);
#6455=EDGE_CURVE('',#5127,#5128,#4235,.T.);
#6456=EDGE_CURVE('',#5128,#5125,#4236,.T.);
#6457=EDGE_CURVE('',#5129,#5130,#4237,.T.);
#6458=EDGE_CURVE('',#5130,#5128,#873,.T.);
#6459=EDGE_CURVE('',#5127,#5129,#874,.T.);
#6460=EDGE_CURVE('',#5131,#5132,#4238,.T.);
#6461=EDGE_CURVE('',#5132,#5130,#4239,.T.);
#6462=EDGE_CURVE('',#5129,#5131,#4240,.T.);
#6463=EDGE_CURVE('',#5133,#5134,#4241,.T.);
#6464=EDGE_CURVE('',#5134,#5132,#875,.T.);
#6465=EDGE_CURVE('',#5131,#5133,#876,.T.);
#6466=EDGE_CURVE('',#5135,#5136,#4242,.T.);
#6467=EDGE_CURVE('',#5136,#5134,#4243,.T.);
#6468=EDGE_CURVE('',#5133,#5135,#4244,.T.);
#6469=EDGE_CURVE('',#5137,#5138,#4245,.T.);
#6470=EDGE_CURVE('',#5138,#5136,#877,.T.);
#6471=EDGE_CURVE('',#5135,#5137,#878,.T.);
#6472=EDGE_CURVE('',#5139,#5140,#4246,.T.);
#6473=EDGE_CURVE('',#5140,#5138,#4247,.T.);
#6474=EDGE_CURVE('',#5137,#5139,#4248,.T.);
#6475=EDGE_CURVE('',#5139,#5126,#879,.T.);
#6476=EDGE_CURVE('',#5125,#5140,#880,.T.);
#6477=EDGE_CURVE('',#5141,#5138,#881,.T.);
#6478=EDGE_CURVE('',#5141,#5142,#882,.T.);
#6479=EDGE_CURVE('',#5136,#5142,#883,.T.);
#6480=EDGE_CURVE('',#5140,#5143,#884,.T.);
#6481=EDGE_CURVE('',#5143,#5141,#4249,.T.);
#6482=EDGE_CURVE('',#5144,#5125,#885,.T.);
#6483=EDGE_CURVE('',#5144,#5143,#886,.T.);
#6484=EDGE_CURVE('',#5128,#5145,#887,.T.);
#6485=EDGE_CURVE('',#5145,#5144,#4250,.T.);
#6486=EDGE_CURVE('',#5146,#5145,#888,.T.);
#6487=EDGE_CURVE('',#5147,#5146,#4251,.T.);
#6488=EDGE_CURVE('',#5148,#5147,#889,.T.);
#6489=EDGE_CURVE('',#5142,#5148,#4252,.T.);
#6490=EDGE_CURVE('',#5146,#5130,#890,.T.);
#6491=EDGE_CURVE('',#5132,#5147,#891,.T.);
#6492=EDGE_CURVE('',#5148,#5134,#892,.T.);
#6493=EDGE_CURVE('',#5149,#5150,#4253,.T.);
#6494=EDGE_CURVE('',#5150,#5151,#4254,.T.);
#6495=EDGE_CURVE('',#5151,#5152,#4255,.T.);
#6496=EDGE_CURVE('',#5152,#5149,#4256,.T.);
#6497=EDGE_CURVE('',#5153,#5154,#4257,.T.);
#6498=EDGE_CURVE('',#5154,#5152,#893,.T.);
#6499=EDGE_CURVE('',#5151,#5153,#894,.T.);
#6500=EDGE_CURVE('',#5155,#5156,#4258,.T.);
#6501=EDGE_CURVE('',#5156,#5154,#4259,.T.);
#6502=EDGE_CURVE('',#5153,#5155,#4260,.T.);
#6503=EDGE_CURVE('',#5157,#5158,#4261,.T.);
#6504=EDGE_CURVE('',#5158,#5156,#895,.T.);
#6505=EDGE_CURVE('',#5155,#5157,#896,.T.);
#6506=EDGE_CURVE('',#5159,#5160,#4262,.T.);
#6507=EDGE_CURVE('',#5160,#5158,#4263,.T.);
#6508=EDGE_CURVE('',#5157,#5159,#4264,.T.);
#6509=EDGE_CURVE('',#5161,#5162,#4265,.T.);
#6510=EDGE_CURVE('',#5162,#5160,#897,.T.);
#6511=EDGE_CURVE('',#5159,#5161,#898,.T.);
#6512=EDGE_CURVE('',#5163,#5164,#4266,.T.);
#6513=EDGE_CURVE('',#5164,#5162,#4267,.T.);
#6514=EDGE_CURVE('',#5161,#5163,#4268,.T.);
#6515=EDGE_CURVE('',#5163,#5150,#899,.T.);
#6516=EDGE_CURVE('',#5149,#5164,#900,.T.);
#6517=EDGE_CURVE('',#5165,#5162,#901,.T.);
#6518=EDGE_CURVE('',#5165,#5166,#902,.T.);
#6519=EDGE_CURVE('',#5160,#5166,#903,.T.);
#6520=EDGE_CURVE('',#5164,#5167,#904,.T.);
#6521=EDGE_CURVE('',#5167,#5165,#4269,.T.);
#6522=EDGE_CURVE('',#5168,#5149,#905,.T.);
#6523=EDGE_CURVE('',#5168,#5167,#906,.T.);
#6524=EDGE_CURVE('',#5152,#5169,#907,.T.);
#6525=EDGE_CURVE('',#5169,#5168,#4270,.T.);
#6526=EDGE_CURVE('',#5170,#5154,#908,.T.);
#6527=EDGE_CURVE('',#5170,#5169,#909,.T.);
#6528=EDGE_CURVE('',#5156,#5171,#910,.T.);
#6529=EDGE_CURVE('',#5171,#5170,#4271,.T.);
#6530=EDGE_CURVE('',#5172,#5158,#911,.T.);
#6531=EDGE_CURVE('',#5172,#5171,#912,.T.);
#6532=EDGE_CURVE('',#5166,#5172,#4272,.T.);
#6533=EDGE_CURVE('',#5173,#5174,#4273,.T.);
#6534=EDGE_CURVE('',#5174,#5175,#4274,.T.);
#6535=EDGE_CURVE('',#5175,#5176,#4275,.T.);
#6536=EDGE_CURVE('',#5176,#5173,#4276,.T.);
#6537=EDGE_CURVE('',#5177,#5178,#4277,.T.);
#6538=EDGE_CURVE('',#5178,#5176,#913,.T.);
#6539=EDGE_CURVE('',#5175,#5177,#914,.T.);
#6540=EDGE_CURVE('',#5179,#5180,#4278,.T.);
#6541=EDGE_CURVE('',#5180,#5178,#4279,.T.);
#6542=EDGE_CURVE('',#5177,#5179,#4280,.T.);
#6543=EDGE_CURVE('',#5181,#5182,#4281,.T.);
#6544=EDGE_CURVE('',#5182,#5180,#915,.T.);
#6545=EDGE_CURVE('',#5179,#5181,#916,.T.);
#6546=EDGE_CURVE('',#5183,#5184,#4282,.T.);
#6547=EDGE_CURVE('',#5184,#5182,#4283,.T.);
#6548=EDGE_CURVE('',#5181,#5183,#4284,.T.);
#6549=EDGE_CURVE('',#5185,#5186,#4285,.T.);
#6550=EDGE_CURVE('',#5186,#5184,#917,.T.);
#6551=EDGE_CURVE('',#5183,#5185,#918,.T.);
#6552=EDGE_CURVE('',#5187,#5188,#4286,.T.);
#6553=EDGE_CURVE('',#5188,#5186,#4287,.T.);
#6554=EDGE_CURVE('',#5185,#5187,#4288,.T.);
#6555=EDGE_CURVE('',#5187,#5174,#919,.T.);
#6556=EDGE_CURVE('',#5173,#5188,#920,.T.);
#6557=EDGE_CURVE('',#5189,#5186,#921,.T.);
#6558=EDGE_CURVE('',#5189,#5190,#922,.T.);
#6559=EDGE_CURVE('',#5184,#5190,#923,.T.);
#6560=EDGE_CURVE('',#5188,#5191,#924,.T.);
#6561=EDGE_CURVE('',#5191,#5189,#4289,.T.);
#6562=EDGE_CURVE('',#5192,#5173,#925,.T.);
#6563=EDGE_CURVE('',#5192,#5191,#926,.T.);
#6564=EDGE_CURVE('',#5176,#5193,#927,.T.);
#6565=EDGE_CURVE('',#5193,#5192,#4290,.T.);
#6566=EDGE_CURVE('',#5194,#5193,#928,.T.);
#6567=EDGE_CURVE('',#5195,#5194,#4291,.T.);
#6568=EDGE_CURVE('',#5196,#5195,#929,.T.);
#6569=EDGE_CURVE('',#5190,#5196,#4292,.T.);
#6570=EDGE_CURVE('',#5180,#5195,#930,.T.);
#6571=EDGE_CURVE('',#5194,#5178,#931,.T.);
#6572=EDGE_CURVE('',#5196,#5182,#932,.T.);
#6573=EDGE_CURVE('',#5197,#5198,#4293,.T.);
#6574=EDGE_CURVE('',#5198,#5199,#4294,.T.);
#6575=EDGE_CURVE('',#5199,#5200,#4295,.T.);
#6576=EDGE_CURVE('',#5200,#5197,#4296,.T.);
#6577=EDGE_CURVE('',#5201,#5202,#4297,.T.);
#6578=EDGE_CURVE('',#5202,#5200,#933,.T.);
#6579=EDGE_CURVE('',#5199,#5201,#934,.T.);
#6580=EDGE_CURVE('',#5203,#5204,#4298,.T.);
#6581=EDGE_CURVE('',#5204,#5202,#4299,.T.);
#6582=EDGE_CURVE('',#5201,#5203,#4300,.T.);
#6583=EDGE_CURVE('',#5205,#5206,#4301,.T.);
#6584=EDGE_CURVE('',#5206,#5204,#935,.T.);
#6585=EDGE_CURVE('',#5203,#5205,#936,.T.);
#6586=EDGE_CURVE('',#5207,#5208,#4302,.T.);
#6587=EDGE_CURVE('',#5208,#5206,#4303,.T.);
#6588=EDGE_CURVE('',#5205,#5207,#4304,.T.);
#6589=EDGE_CURVE('',#5209,#5210,#4305,.T.);
#6590=EDGE_CURVE('',#5210,#5208,#937,.T.);
#6591=EDGE_CURVE('',#5207,#5209,#938,.T.);
#6592=EDGE_CURVE('',#5211,#5212,#4306,.T.);
#6593=EDGE_CURVE('',#5212,#5210,#4307,.T.);
#6594=EDGE_CURVE('',#5209,#5211,#4308,.T.);
#6595=EDGE_CURVE('',#5211,#5198,#939,.T.);
#6596=EDGE_CURVE('',#5197,#5212,#940,.T.);
#6597=EDGE_CURVE('',#5213,#5210,#941,.T.);
#6598=EDGE_CURVE('',#5213,#5214,#942,.T.);
#6599=EDGE_CURVE('',#5208,#5214,#943,.T.);
#6600=EDGE_CURVE('',#5212,#5215,#944,.T.);
#6601=EDGE_CURVE('',#5215,#5213,#4309,.T.);
#6602=EDGE_CURVE('',#5216,#5197,#945,.T.);
#6603=EDGE_CURVE('',#5216,#5215,#946,.T.);
#6604=EDGE_CURVE('',#5200,#5217,#947,.T.);
#6605=EDGE_CURVE('',#5217,#5216,#4310,.T.);
#6606=EDGE_CURVE('',#5218,#5217,#948,.T.);
#6607=EDGE_CURVE('',#5219,#5218,#4311,.T.);
#6608=EDGE_CURVE('',#5220,#5219,#949,.T.);
#6609=EDGE_CURVE('',#5214,#5220,#4312,.T.);
#6610=EDGE_CURVE('',#5218,#5202,#950,.T.);
#6611=EDGE_CURVE('',#5204,#5219,#951,.T.);
#6612=EDGE_CURVE('',#5220,#5206,#952,.T.);
#6613=EDGE_CURVE('',#5221,#5222,#4313,.T.);
#6614=EDGE_CURVE('',#5222,#5223,#4314,.T.);
#6615=EDGE_CURVE('',#5223,#5224,#4315,.T.);
#6616=EDGE_CURVE('',#5224,#5221,#4316,.T.);
#6617=EDGE_CURVE('',#5225,#5226,#4317,.T.);
#6618=EDGE_CURVE('',#5226,#5224,#953,.T.);
#6619=EDGE_CURVE('',#5223,#5225,#954,.T.);
#6620=EDGE_CURVE('',#5227,#5228,#4318,.T.);
#6621=EDGE_CURVE('',#5228,#5226,#4319,.T.);
#6622=EDGE_CURVE('',#5225,#5227,#4320,.T.);
#6623=EDGE_CURVE('',#5229,#5230,#4321,.T.);
#6624=EDGE_CURVE('',#5230,#5228,#955,.T.);
#6625=EDGE_CURVE('',#5227,#5229,#956,.T.);
#6626=EDGE_CURVE('',#5231,#5232,#4322,.T.);
#6627=EDGE_CURVE('',#5232,#5230,#4323,.T.);
#6628=EDGE_CURVE('',#5229,#5231,#4324,.T.);
#6629=EDGE_CURVE('',#5233,#5234,#4325,.T.);
#6630=EDGE_CURVE('',#5234,#5232,#957,.T.);
#6631=EDGE_CURVE('',#5231,#5233,#958,.T.);
#6632=EDGE_CURVE('',#5235,#5236,#4326,.T.);
#6633=EDGE_CURVE('',#5236,#5234,#4327,.T.);
#6634=EDGE_CURVE('',#5233,#5235,#4328,.T.);
#6635=EDGE_CURVE('',#5235,#5222,#959,.T.);
#6636=EDGE_CURVE('',#5221,#5236,#960,.T.);
#6637=EDGE_CURVE('',#5237,#5234,#961,.T.);
#6638=EDGE_CURVE('',#5237,#5238,#962,.T.);
#6639=EDGE_CURVE('',#5232,#5238,#963,.T.);
#6640=EDGE_CURVE('',#5236,#5239,#964,.T.);
#6641=EDGE_CURVE('',#5239,#5237,#4329,.T.);
#6642=EDGE_CURVE('',#5240,#5221,#965,.T.);
#6643=EDGE_CURVE('',#5240,#5239,#966,.T.);
#6644=EDGE_CURVE('',#5224,#5241,#967,.T.);
#6645=EDGE_CURVE('',#5241,#5240,#4330,.T.);
#6646=EDGE_CURVE('',#5242,#5226,#968,.T.);
#6647=EDGE_CURVE('',#5242,#5241,#969,.T.);
#6648=EDGE_CURVE('',#5228,#5243,#970,.T.);
#6649=EDGE_CURVE('',#5243,#5242,#4331,.T.);
#6650=EDGE_CURVE('',#5244,#5230,#971,.T.);
#6651=EDGE_CURVE('',#5244,#5243,#972,.T.);
#6652=EDGE_CURVE('',#5238,#5244,#4332,.T.);
#6653=EDGE_CURVE('',#5245,#5246,#4333,.T.);
#6654=EDGE_CURVE('',#5246,#5247,#4334,.T.);
#6655=EDGE_CURVE('',#5247,#5248,#4335,.T.);
#6656=EDGE_CURVE('',#5248,#5245,#4336,.T.);
#6657=EDGE_CURVE('',#5249,#5250,#4337,.T.);
#6658=EDGE_CURVE('',#5250,#5248,#973,.T.);
#6659=EDGE_CURVE('',#5247,#5249,#974,.T.);
#6660=EDGE_CURVE('',#5251,#5252,#4338,.T.);
#6661=EDGE_CURVE('',#5252,#5250,#4339,.T.);
#6662=EDGE_CURVE('',#5249,#5251,#4340,.T.);
#6663=EDGE_CURVE('',#5253,#5254,#4341,.T.);
#6664=EDGE_CURVE('',#5254,#5252,#975,.T.);
#6665=EDGE_CURVE('',#5251,#5253,#976,.T.);
#6666=EDGE_CURVE('',#5255,#5256,#4342,.T.);
#6667=EDGE_CURVE('',#5256,#5254,#4343,.T.);
#6668=EDGE_CURVE('',#5253,#5255,#4344,.T.);
#6669=EDGE_CURVE('',#5257,#5258,#4345,.T.);
#6670=EDGE_CURVE('',#5258,#5256,#977,.T.);
#6671=EDGE_CURVE('',#5255,#5257,#978,.T.);
#6672=EDGE_CURVE('',#5259,#5260,#4346,.T.);
#6673=EDGE_CURVE('',#5260,#5258,#4347,.T.);
#6674=EDGE_CURVE('',#5257,#5259,#4348,.T.);
#6675=EDGE_CURVE('',#5259,#5246,#979,.T.);
#6676=EDGE_CURVE('',#5245,#5260,#980,.T.);
#6677=EDGE_CURVE('',#5261,#5258,#981,.T.);
#6678=EDGE_CURVE('',#5261,#5262,#982,.T.);
#6679=EDGE_CURVE('',#5256,#5262,#983,.T.);
#6680=EDGE_CURVE('',#5260,#5263,#984,.T.);
#6681=EDGE_CURVE('',#5263,#5261,#4349,.T.);
#6682=EDGE_CURVE('',#5264,#5245,#985,.T.);
#6683=EDGE_CURVE('',#5264,#5263,#986,.T.);
#6684=EDGE_CURVE('',#5248,#5265,#987,.T.);
#6685=EDGE_CURVE('',#5265,#5264,#4350,.T.);
#6686=EDGE_CURVE('',#5266,#5265,#988,.T.);
#6687=EDGE_CURVE('',#5267,#5266,#4351,.T.);
#6688=EDGE_CURVE('',#5268,#5267,#989,.T.);
#6689=EDGE_CURVE('',#5262,#5268,#4352,.T.);
#6690=EDGE_CURVE('',#5266,#5250,#990,.T.);
#6691=EDGE_CURVE('',#5252,#5267,#991,.T.);
#6692=EDGE_CURVE('',#5268,#5254,#992,.T.);
#6693=EDGE_CURVE('',#5269,#5270,#4353,.T.);
#6694=EDGE_CURVE('',#5270,#5271,#4354,.T.);
#6695=EDGE_CURVE('',#5271,#5272,#4355,.T.);
#6696=EDGE_CURVE('',#5272,#5269,#4356,.T.);
#6697=EDGE_CURVE('',#5273,#5274,#4357,.T.);
#6698=EDGE_CURVE('',#5274,#5272,#993,.T.);
#6699=EDGE_CURVE('',#5271,#5273,#994,.T.);
#6700=EDGE_CURVE('',#5275,#5276,#4358,.T.);
#6701=EDGE_CURVE('',#5276,#5274,#4359,.T.);
#6702=EDGE_CURVE('',#5273,#5275,#4360,.T.);
#6703=EDGE_CURVE('',#5277,#5278,#4361,.T.);
#6704=EDGE_CURVE('',#5278,#5276,#995,.T.);
#6705=EDGE_CURVE('',#5275,#5277,#996,.T.);
#6706=EDGE_CURVE('',#5279,#5280,#4362,.T.);
#6707=EDGE_CURVE('',#5280,#5278,#4363,.T.);
#6708=EDGE_CURVE('',#5277,#5279,#4364,.T.);
#6709=EDGE_CURVE('',#5281,#5282,#4365,.T.);
#6710=EDGE_CURVE('',#5282,#5280,#997,.T.);
#6711=EDGE_CURVE('',#5279,#5281,#998,.T.);
#6712=EDGE_CURVE('',#5283,#5284,#4366,.T.);
#6713=EDGE_CURVE('',#5284,#5282,#4367,.T.);
#6714=EDGE_CURVE('',#5281,#5283,#4368,.T.);
#6715=EDGE_CURVE('',#5283,#5270,#999,.T.);
#6716=EDGE_CURVE('',#5269,#5284,#1000,.T.);
#6717=EDGE_CURVE('',#5285,#5282,#1001,.T.);
#6718=EDGE_CURVE('',#5285,#5286,#1002,.T.);
#6719=EDGE_CURVE('',#5280,#5286,#1003,.T.);
#6720=EDGE_CURVE('',#5284,#5287,#1004,.T.);
#6721=EDGE_CURVE('',#5287,#5285,#4369,.T.);
#6722=EDGE_CURVE('',#5288,#5269,#1005,.T.);
#6723=EDGE_CURVE('',#5288,#5287,#1006,.T.);
#6724=EDGE_CURVE('',#5272,#5289,#1007,.T.);
#6725=EDGE_CURVE('',#5289,#5288,#4370,.T.);
#6726=EDGE_CURVE('',#5276,#5290,#1008,.T.);
#6727=EDGE_CURVE('',#5290,#5291,#4371,.T.);
#6728=EDGE_CURVE('',#5291,#5274,#1009,.T.);
#6729=EDGE_CURVE('',#5291,#5289,#1010,.T.);
#6730=EDGE_CURVE('',#5292,#5290,#1011,.T.);
#6731=EDGE_CURVE('',#5286,#5292,#4372,.T.);
#6732=EDGE_CURVE('',#5292,#5278,#1012,.T.);
#6733=EDGE_CURVE('',#5293,#5294,#4373,.T.);
#6734=EDGE_CURVE('',#5294,#5295,#4374,.T.);
#6735=EDGE_CURVE('',#5295,#5296,#4375,.T.);
#6736=EDGE_CURVE('',#5296,#5293,#4376,.T.);
#6737=EDGE_CURVE('',#5297,#5298,#4377,.T.);
#6738=EDGE_CURVE('',#5298,#5296,#1013,.T.);
#6739=EDGE_CURVE('',#5295,#5297,#1014,.T.);
#6740=EDGE_CURVE('',#5299,#5300,#4378,.T.);
#6741=EDGE_CURVE('',#5300,#5298,#4379,.T.);
#6742=EDGE_CURVE('',#5297,#5299,#4380,.T.);
#6743=EDGE_CURVE('',#5301,#5302,#4381,.T.);
#6744=EDGE_CURVE('',#5302,#5300,#1015,.T.);
#6745=EDGE_CURVE('',#5299,#5301,#1016,.T.);
#6746=EDGE_CURVE('',#5303,#5304,#4382,.T.);
#6747=EDGE_CURVE('',#5304,#5302,#4383,.T.);
#6748=EDGE_CURVE('',#5301,#5303,#4384,.T.);
#6749=EDGE_CURVE('',#5305,#5306,#4385,.T.);
#6750=EDGE_CURVE('',#5306,#5304,#1017,.T.);
#6751=EDGE_CURVE('',#5303,#5305,#1018,.T.);
#6752=EDGE_CURVE('',#5307,#5308,#4386,.T.);
#6753=EDGE_CURVE('',#5308,#5306,#4387,.T.);
#6754=EDGE_CURVE('',#5305,#5307,#4388,.T.);
#6755=EDGE_CURVE('',#5307,#5294,#1019,.T.);
#6756=EDGE_CURVE('',#5293,#5308,#1020,.T.);
#6757=EDGE_CURVE('',#5309,#5306,#1021,.T.);
#6758=EDGE_CURVE('',#5309,#5310,#1022,.T.);
#6759=EDGE_CURVE('',#5304,#5310,#1023,.T.);
#6760=EDGE_CURVE('',#5308,#5311,#1024,.T.);
#6761=EDGE_CURVE('',#5311,#5309,#4389,.T.);
#6762=EDGE_CURVE('',#5312,#5293,#1025,.T.);
#6763=EDGE_CURVE('',#5312,#5311,#1026,.T.);
#6764=EDGE_CURVE('',#5296,#5313,#1027,.T.);
#6765=EDGE_CURVE('',#5313,#5312,#4390,.T.);
#6766=EDGE_CURVE('',#5314,#5313,#1028,.T.);
#6767=EDGE_CURVE('',#5315,#5314,#4391,.T.);
#6768=EDGE_CURVE('',#5316,#5315,#1029,.T.);
#6769=EDGE_CURVE('',#5310,#5316,#4392,.T.);
#6770=EDGE_CURVE('',#5314,#5298,#1030,.T.);
#6771=EDGE_CURVE('',#5300,#5315,#1031,.T.);
#6772=EDGE_CURVE('',#5316,#5302,#1032,.T.);
#6773=EDGE_CURVE('',#5317,#5318,#4393,.T.);
#6774=EDGE_CURVE('',#5318,#5319,#4394,.T.);
#6775=EDGE_CURVE('',#5319,#5320,#4395,.T.);
#6776=EDGE_CURVE('',#5320,#5317,#4396,.T.);
#6777=EDGE_CURVE('',#5321,#5322,#4397,.T.);
#6778=EDGE_CURVE('',#5322,#5320,#1033,.T.);
#6779=EDGE_CURVE('',#5319,#5321,#1034,.T.);
#6780=EDGE_CURVE('',#5323,#5324,#4398,.T.);
#6781=EDGE_CURVE('',#5324,#5322,#4399,.T.);
#6782=EDGE_CURVE('',#5321,#5323,#4400,.T.);
#6783=EDGE_CURVE('',#5325,#5326,#4401,.T.);
#6784=EDGE_CURVE('',#5326,#5324,#1035,.T.);
#6785=EDGE_CURVE('',#5323,#5325,#1036,.T.);
#6786=EDGE_CURVE('',#5327,#5328,#4402,.T.);
#6787=EDGE_CURVE('',#5328,#5326,#4403,.T.);
#6788=EDGE_CURVE('',#5325,#5327,#4404,.T.);
#6789=EDGE_CURVE('',#5329,#5330,#4405,.T.);
#6790=EDGE_CURVE('',#5330,#5328,#1037,.T.);
#6791=EDGE_CURVE('',#5327,#5329,#1038,.T.);
#6792=EDGE_CURVE('',#5331,#5332,#4406,.T.);
#6793=EDGE_CURVE('',#5332,#5330,#4407,.T.);
#6794=EDGE_CURVE('',#5329,#5331,#4408,.T.);
#6795=EDGE_CURVE('',#5331,#5318,#1039,.T.);
#6796=EDGE_CURVE('',#5317,#5332,#1040,.T.);
#6797=EDGE_CURVE('',#5333,#5330,#1041,.T.);
#6798=EDGE_CURVE('',#5333,#5334,#1042,.T.);
#6799=EDGE_CURVE('',#5328,#5334,#1043,.T.);
#6800=EDGE_CURVE('',#5332,#5335,#1044,.T.);
#6801=EDGE_CURVE('',#5335,#5333,#4409,.T.);
#6802=EDGE_CURVE('',#5336,#5317,#1045,.T.);
#6803=EDGE_CURVE('',#5336,#5335,#1046,.T.);
#6804=EDGE_CURVE('',#5320,#5337,#1047,.T.);
#6805=EDGE_CURVE('',#5337,#5336,#4410,.T.);
#6806=EDGE_CURVE('',#5338,#5337,#1048,.T.);
#6807=EDGE_CURVE('',#5339,#5338,#4411,.T.);
#6808=EDGE_CURVE('',#5340,#5339,#1049,.T.);
#6809=EDGE_CURVE('',#5334,#5340,#4412,.T.);
#6810=EDGE_CURVE('',#5338,#5322,#1050,.T.);
#6811=EDGE_CURVE('',#5324,#5339,#1051,.T.);
#6812=EDGE_CURVE('',#5340,#5326,#1052,.T.);
#6813=EDGE_CURVE('',#5341,#5342,#4413,.T.);
#6814=EDGE_CURVE('',#5342,#5343,#4414,.T.);
#6815=EDGE_CURVE('',#5343,#5344,#4415,.T.);
#6816=EDGE_CURVE('',#5344,#5341,#4416,.T.);
#6817=EDGE_CURVE('',#5345,#5346,#4417,.T.);
#6818=EDGE_CURVE('',#5346,#5344,#1053,.T.);
#6819=EDGE_CURVE('',#5343,#5345,#1054,.T.);
#6820=EDGE_CURVE('',#5347,#5348,#4418,.T.);
#6821=EDGE_CURVE('',#5348,#5346,#4419,.T.);
#6822=EDGE_CURVE('',#5345,#5347,#4420,.T.);
#6823=EDGE_CURVE('',#5349,#5350,#4421,.T.);
#6824=EDGE_CURVE('',#5350,#5348,#1055,.T.);
#6825=EDGE_CURVE('',#5347,#5349,#1056,.T.);
#6826=EDGE_CURVE('',#5351,#5352,#4422,.T.);
#6827=EDGE_CURVE('',#5352,#5350,#4423,.T.);
#6828=EDGE_CURVE('',#5349,#5351,#4424,.T.);
#6829=EDGE_CURVE('',#5353,#5354,#4425,.T.);
#6830=EDGE_CURVE('',#5354,#5352,#1057,.T.);
#6831=EDGE_CURVE('',#5351,#5353,#1058,.T.);
#6832=EDGE_CURVE('',#5355,#5356,#4426,.T.);
#6833=EDGE_CURVE('',#5356,#5354,#4427,.T.);
#6834=EDGE_CURVE('',#5353,#5355,#4428,.T.);
#6835=EDGE_CURVE('',#5355,#5342,#1059,.T.);
#6836=EDGE_CURVE('',#5341,#5356,#1060,.T.);
#6837=EDGE_CURVE('',#5357,#5354,#1061,.T.);
#6838=EDGE_CURVE('',#5357,#5358,#1062,.T.);
#6839=EDGE_CURVE('',#5352,#5358,#1063,.T.);
#6840=EDGE_CURVE('',#5356,#5359,#1064,.T.);
#6841=EDGE_CURVE('',#5359,#5357,#4429,.T.);
#6842=EDGE_CURVE('',#5360,#5341,#1065,.T.);
#6843=EDGE_CURVE('',#5360,#5359,#1066,.T.);
#6844=EDGE_CURVE('',#5344,#5361,#1067,.T.);
#6845=EDGE_CURVE('',#5361,#5360,#4430,.T.);
#6846=EDGE_CURVE('',#5348,#5362,#1068,.T.);
#6847=EDGE_CURVE('',#5362,#5363,#4431,.T.);
#6848=EDGE_CURVE('',#5363,#5346,#1069,.T.);
#6849=EDGE_CURVE('',#5363,#5361,#1070,.T.);
#6850=EDGE_CURVE('',#5364,#5362,#1071,.T.);
#6851=EDGE_CURVE('',#5358,#5364,#4432,.T.);
#6852=EDGE_CURVE('',#5364,#5350,#1072,.T.);
#6853=EDGE_CURVE('',#5365,#5366,#4433,.T.);
#6854=EDGE_CURVE('',#5366,#5367,#4434,.T.);
#6855=EDGE_CURVE('',#5367,#5368,#4435,.T.);
#6856=EDGE_CURVE('',#5368,#5365,#4436,.T.);
#6857=EDGE_CURVE('',#5369,#5370,#4437,.T.);
#6858=EDGE_CURVE('',#5370,#5368,#1073,.T.);
#6859=EDGE_CURVE('',#5367,#5369,#1074,.T.);
#6860=EDGE_CURVE('',#5371,#5372,#4438,.T.);
#6861=EDGE_CURVE('',#5372,#5370,#4439,.T.);
#6862=EDGE_CURVE('',#5369,#5371,#4440,.T.);
#6863=EDGE_CURVE('',#5373,#5374,#4441,.T.);
#6864=EDGE_CURVE('',#5374,#5372,#1075,.T.);
#6865=EDGE_CURVE('',#5371,#5373,#1076,.T.);
#6866=EDGE_CURVE('',#5375,#5376,#4442,.T.);
#6867=EDGE_CURVE('',#5376,#5374,#4443,.T.);
#6868=EDGE_CURVE('',#5373,#5375,#4444,.T.);
#6869=EDGE_CURVE('',#5377,#5378,#4445,.T.);
#6870=EDGE_CURVE('',#5378,#5376,#1077,.T.);
#6871=EDGE_CURVE('',#5375,#5377,#1078,.T.);
#6872=EDGE_CURVE('',#5379,#5380,#4446,.T.);
#6873=EDGE_CURVE('',#5380,#5378,#4447,.T.);
#6874=EDGE_CURVE('',#5377,#5379,#4448,.T.);
#6875=EDGE_CURVE('',#5379,#5366,#1079,.T.);
#6876=EDGE_CURVE('',#5365,#5380,#1080,.T.);
#6877=EDGE_CURVE('',#5381,#5378,#1081,.T.);
#6878=EDGE_CURVE('',#5381,#5382,#1082,.T.);
#6879=EDGE_CURVE('',#5376,#5382,#1083,.T.);
#6880=EDGE_CURVE('',#5380,#5383,#1084,.T.);
#6881=EDGE_CURVE('',#5383,#5381,#4449,.T.);
#6882=EDGE_CURVE('',#5384,#5365,#1085,.T.);
#6883=EDGE_CURVE('',#5384,#5383,#1086,.T.);
#6884=EDGE_CURVE('',#5368,#5385,#1087,.T.);
#6885=EDGE_CURVE('',#5385,#5384,#4450,.T.);
#6886=EDGE_CURVE('',#5372,#5386,#1088,.T.);
#6887=EDGE_CURVE('',#5386,#5387,#4451,.T.);
#6888=EDGE_CURVE('',#5387,#5370,#1089,.T.);
#6889=EDGE_CURVE('',#5387,#5385,#1090,.T.);
#6890=EDGE_CURVE('',#5388,#5386,#1091,.T.);
#6891=EDGE_CURVE('',#5382,#5388,#4452,.T.);
#6892=EDGE_CURVE('',#5388,#5374,#1092,.T.);
#6893=EDGE_CURVE('',#5389,#5390,#4453,.T.);
#6894=EDGE_CURVE('',#5390,#5391,#4454,.T.);
#6895=EDGE_CURVE('',#5391,#5392,#4455,.T.);
#6896=EDGE_CURVE('',#5392,#5389,#4456,.T.);
#6897=EDGE_CURVE('',#5393,#5394,#4457,.T.);
#6898=EDGE_CURVE('',#5394,#5392,#1093,.T.);
#6899=EDGE_CURVE('',#5391,#5393,#1094,.T.);
#6900=EDGE_CURVE('',#5395,#5396,#4458,.T.);
#6901=EDGE_CURVE('',#5396,#5394,#4459,.T.);
#6902=EDGE_CURVE('',#5393,#5395,#4460,.T.);
#6903=EDGE_CURVE('',#5397,#5398,#4461,.T.);
#6904=EDGE_CURVE('',#5398,#5396,#1095,.T.);
#6905=EDGE_CURVE('',#5395,#5397,#1096,.T.);
#6906=EDGE_CURVE('',#5399,#5400,#4462,.T.);
#6907=EDGE_CURVE('',#5400,#5398,#4463,.T.);
#6908=EDGE_CURVE('',#5397,#5399,#4464,.T.);
#6909=EDGE_CURVE('',#5401,#5402,#4465,.T.);
#6910=EDGE_CURVE('',#5402,#5400,#1097,.T.);
#6911=EDGE_CURVE('',#5399,#5401,#1098,.T.);
#6912=EDGE_CURVE('',#5403,#5404,#4466,.T.);
#6913=EDGE_CURVE('',#5404,#5402,#4467,.T.);
#6914=EDGE_CURVE('',#5401,#5403,#4468,.T.);
#6915=EDGE_CURVE('',#5403,#5390,#1099,.T.);
#6916=EDGE_CURVE('',#5389,#5404,#1100,.T.);
#6917=EDGE_CURVE('',#5405,#5402,#1101,.T.);
#6918=EDGE_CURVE('',#5405,#5406,#1102,.T.);
#6919=EDGE_CURVE('',#5400,#5406,#1103,.T.);
#6920=EDGE_CURVE('',#5404,#5407,#1104,.T.);
#6921=EDGE_CURVE('',#5407,#5405,#4469,.T.);
#6922=EDGE_CURVE('',#5408,#5389,#1105,.T.);
#6923=EDGE_CURVE('',#5408,#5407,#1106,.T.);
#6924=EDGE_CURVE('',#5392,#5409,#1107,.T.);
#6925=EDGE_CURVE('',#5409,#5408,#4470,.T.);
#6926=EDGE_CURVE('',#5410,#5409,#1108,.T.);
#6927=EDGE_CURVE('',#5411,#5410,#4471,.T.);
#6928=EDGE_CURVE('',#5412,#5411,#1109,.T.);
#6929=EDGE_CURVE('',#5406,#5412,#4472,.T.);
#6930=EDGE_CURVE('',#5396,#5411,#1110,.T.);
#6931=EDGE_CURVE('',#5410,#5394,#1111,.T.);
#6932=EDGE_CURVE('',#5412,#5398,#1112,.T.);
#6933=EDGE_CURVE('',#5413,#5414,#4473,.T.);
#6934=EDGE_CURVE('',#5414,#5415,#4474,.T.);
#6935=EDGE_CURVE('',#5415,#5416,#4475,.T.);
#6936=EDGE_CURVE('',#5416,#5413,#4476,.T.);
#6937=EDGE_CURVE('',#5417,#5418,#4477,.T.);
#6938=EDGE_CURVE('',#5418,#5416,#1113,.T.);
#6939=EDGE_CURVE('',#5415,#5417,#1114,.T.);
#6940=EDGE_CURVE('',#5419,#5420,#4478,.T.);
#6941=EDGE_CURVE('',#5420,#5418,#4479,.T.);
#6942=EDGE_CURVE('',#5417,#5419,#4480,.T.);
#6943=EDGE_CURVE('',#5421,#5422,#4481,.T.);
#6944=EDGE_CURVE('',#5422,#5420,#1115,.T.);
#6945=EDGE_CURVE('',#5419,#5421,#1116,.T.);
#6946=EDGE_CURVE('',#5423,#5424,#4482,.T.);
#6947=EDGE_CURVE('',#5424,#5422,#4483,.T.);
#6948=EDGE_CURVE('',#5421,#5423,#4484,.T.);
#6949=EDGE_CURVE('',#5425,#5426,#4485,.T.);
#6950=EDGE_CURVE('',#5426,#5424,#1117,.T.);
#6951=EDGE_CURVE('',#5423,#5425,#1118,.T.);
#6952=EDGE_CURVE('',#5427,#5428,#4486,.T.);
#6953=EDGE_CURVE('',#5428,#5426,#4487,.T.);
#6954=EDGE_CURVE('',#5425,#5427,#4488,.T.);
#6955=EDGE_CURVE('',#5427,#5414,#1119,.T.);
#6956=EDGE_CURVE('',#5413,#5428,#1120,.T.);
#6957=EDGE_CURVE('',#5429,#5426,#1121,.T.);
#6958=EDGE_CURVE('',#5429,#5430,#1122,.T.);
#6959=EDGE_CURVE('',#5424,#5430,#1123,.T.);
#6960=EDGE_CURVE('',#5428,#5431,#1124,.T.);
#6961=EDGE_CURVE('',#5431,#5429,#4489,.T.);
#6962=EDGE_CURVE('',#5432,#5413,#1125,.T.);
#6963=EDGE_CURVE('',#5432,#5431,#1126,.T.);
#6964=EDGE_CURVE('',#5416,#5433,#1127,.T.);
#6965=EDGE_CURVE('',#5433,#5432,#4490,.T.);
#6966=EDGE_CURVE('',#5434,#5433,#1128,.T.);
#6967=EDGE_CURVE('',#5435,#5434,#4491,.T.);
#6968=EDGE_CURVE('',#5436,#5435,#1129,.T.);
#6969=EDGE_CURVE('',#5430,#5436,#4492,.T.);
#6970=EDGE_CURVE('',#5434,#5418,#1130,.T.);
#6971=EDGE_CURVE('',#5420,#5435,#1131,.T.);
#6972=EDGE_CURVE('',#5436,#5422,#1132,.T.);
#6973=EDGE_CURVE('',#5437,#5438,#4493,.T.);
#6974=EDGE_CURVE('',#5438,#5439,#4494,.T.);
#6975=EDGE_CURVE('',#5439,#5440,#4495,.T.);
#6976=EDGE_CURVE('',#5440,#5437,#4496,.T.);
#6977=EDGE_CURVE('',#5441,#5442,#4497,.T.);
#6978=EDGE_CURVE('',#5442,#5440,#1133,.T.);
#6979=EDGE_CURVE('',#5439,#5441,#1134,.T.);
#6980=EDGE_CURVE('',#5443,#5444,#4498,.T.);
#6981=EDGE_CURVE('',#5444,#5442,#4499,.T.);
#6982=EDGE_CURVE('',#5441,#5443,#4500,.T.);
#6983=EDGE_CURVE('',#5445,#5446,#4501,.T.);
#6984=EDGE_CURVE('',#5446,#5444,#1135,.T.);
#6985=EDGE_CURVE('',#5443,#5445,#1136,.T.);
#6986=EDGE_CURVE('',#5447,#5448,#4502,.T.);
#6987=EDGE_CURVE('',#5448,#5446,#4503,.T.);
#6988=EDGE_CURVE('',#5445,#5447,#4504,.T.);
#6989=EDGE_CURVE('',#5449,#5450,#4505,.T.);
#6990=EDGE_CURVE('',#5450,#5448,#1137,.T.);
#6991=EDGE_CURVE('',#5447,#5449,#1138,.T.);
#6992=EDGE_CURVE('',#5451,#5452,#4506,.T.);
#6993=EDGE_CURVE('',#5452,#5450,#4507,.T.);
#6994=EDGE_CURVE('',#5449,#5451,#4508,.T.);
#6995=EDGE_CURVE('',#5451,#5438,#1139,.T.);
#6996=EDGE_CURVE('',#5437,#5452,#1140,.T.);
#6997=EDGE_CURVE('',#5453,#5450,#1141,.T.);
#6998=EDGE_CURVE('',#5453,#5454,#1142,.T.);
#6999=EDGE_CURVE('',#5448,#5454,#1143,.T.);
#7000=EDGE_CURVE('',#5452,#5455,#1144,.T.);
#7001=EDGE_CURVE('',#5455,#5453,#4509,.T.);
#7002=EDGE_CURVE('',#5456,#5437,#1145,.T.);
#7003=EDGE_CURVE('',#5456,#5455,#1146,.T.);
#7004=EDGE_CURVE('',#5440,#5457,#1147,.T.);
#7005=EDGE_CURVE('',#5457,#5456,#4510,.T.);
#7006=EDGE_CURVE('',#5458,#5457,#1148,.T.);
#7007=EDGE_CURVE('',#5459,#5458,#4511,.T.);
#7008=EDGE_CURVE('',#5460,#5459,#1149,.T.);
#7009=EDGE_CURVE('',#5454,#5460,#4512,.T.);
#7010=EDGE_CURVE('',#5458,#5442,#1150,.T.);
#7011=EDGE_CURVE('',#5444,#5459,#1151,.T.);
#7012=EDGE_CURVE('',#5460,#5446,#1152,.T.);
#7013=EDGE_CURVE('',#5461,#5462,#4513,.T.);
#7014=EDGE_CURVE('',#5462,#5463,#4514,.T.);
#7015=EDGE_CURVE('',#5463,#5464,#4515,.T.);
#7016=EDGE_CURVE('',#5464,#5461,#4516,.T.);
#7017=EDGE_CURVE('',#5465,#5466,#4517,.T.);
#7018=EDGE_CURVE('',#5466,#5464,#1153,.T.);
#7019=EDGE_CURVE('',#5463,#5465,#1154,.T.);
#7020=EDGE_CURVE('',#5467,#5468,#4518,.T.);
#7021=EDGE_CURVE('',#5468,#5466,#4519,.T.);
#7022=EDGE_CURVE('',#5465,#5467,#4520,.T.);
#7023=EDGE_CURVE('',#5469,#5470,#4521,.T.);
#7024=EDGE_CURVE('',#5470,#5468,#1155,.T.);
#7025=EDGE_CURVE('',#5467,#5469,#1156,.T.);
#7026=EDGE_CURVE('',#5471,#5472,#4522,.T.);
#7027=EDGE_CURVE('',#5472,#5470,#4523,.T.);
#7028=EDGE_CURVE('',#5469,#5471,#4524,.T.);
#7029=EDGE_CURVE('',#5473,#5474,#4525,.T.);
#7030=EDGE_CURVE('',#5474,#5472,#1157,.T.);
#7031=EDGE_CURVE('',#5471,#5473,#1158,.T.);
#7032=EDGE_CURVE('',#5475,#5476,#4526,.T.);
#7033=EDGE_CURVE('',#5476,#5474,#4527,.T.);
#7034=EDGE_CURVE('',#5473,#5475,#4528,.T.);
#7035=EDGE_CURVE('',#5475,#5462,#1159,.T.);
#7036=EDGE_CURVE('',#5461,#5476,#1160,.T.);
#7037=EDGE_CURVE('',#5477,#5474,#1161,.T.);
#7038=EDGE_CURVE('',#5477,#5478,#1162,.T.);
#7039=EDGE_CURVE('',#5472,#5478,#1163,.T.);
#7040=EDGE_CURVE('',#5476,#5479,#1164,.T.);
#7041=EDGE_CURVE('',#5479,#5477,#4529,.T.);
#7042=EDGE_CURVE('',#5480,#5461,#1165,.T.);
#7043=EDGE_CURVE('',#5480,#5479,#1166,.T.);
#7044=EDGE_CURVE('',#5464,#5481,#1167,.T.);
#7045=EDGE_CURVE('',#5481,#5480,#4530,.T.);
#7046=EDGE_CURVE('',#5482,#5466,#1168,.T.);
#7047=EDGE_CURVE('',#5482,#5481,#1169,.T.);
#7048=EDGE_CURVE('',#5468,#5483,#1170,.T.);
#7049=EDGE_CURVE('',#5483,#5482,#4531,.T.);
#7050=EDGE_CURVE('',#5484,#5470,#1171,.T.);
#7051=EDGE_CURVE('',#5484,#5483,#1172,.T.);
#7052=EDGE_CURVE('',#5478,#5484,#4532,.T.);
#7053=EDGE_CURVE('',#5485,#5486,#4533,.T.);
#7054=EDGE_CURVE('',#5486,#5487,#4534,.T.);
#7055=EDGE_CURVE('',#5487,#5488,#4535,.T.);
#7056=EDGE_CURVE('',#5488,#5485,#4536,.T.);
#7057=EDGE_CURVE('',#5489,#5490,#4537,.T.);
#7058=EDGE_CURVE('',#5490,#5488,#1173,.T.);
#7059=EDGE_CURVE('',#5487,#5489,#1174,.T.);
#7060=EDGE_CURVE('',#5491,#5492,#4538,.T.);
#7061=EDGE_CURVE('',#5492,#5490,#4539,.T.);
#7062=EDGE_CURVE('',#5489,#5491,#4540,.T.);
#7063=EDGE_CURVE('',#5493,#5494,#4541,.T.);
#7064=EDGE_CURVE('',#5494,#5492,#1175,.T.);
#7065=EDGE_CURVE('',#5491,#5493,#1176,.T.);
#7066=EDGE_CURVE('',#5495,#5496,#4542,.T.);
#7067=EDGE_CURVE('',#5496,#5494,#4543,.T.);
#7068=EDGE_CURVE('',#5493,#5495,#4544,.T.);
#7069=EDGE_CURVE('',#5497,#5498,#4545,.T.);
#7070=EDGE_CURVE('',#5498,#5496,#1177,.T.);
#7071=EDGE_CURVE('',#5495,#5497,#1178,.T.);
#7072=EDGE_CURVE('',#5499,#5500,#4546,.T.);
#7073=EDGE_CURVE('',#5500,#5498,#4547,.T.);
#7074=EDGE_CURVE('',#5497,#5499,#4548,.T.);
#7075=EDGE_CURVE('',#5499,#5486,#1179,.T.);
#7076=EDGE_CURVE('',#5485,#5500,#1180,.T.);
#7077=EDGE_CURVE('',#5501,#5498,#1181,.T.);
#7078=EDGE_CURVE('',#5501,#5502,#1182,.T.);
#7079=EDGE_CURVE('',#5496,#5502,#1183,.T.);
#7080=EDGE_CURVE('',#5500,#5503,#1184,.T.);
#7081=EDGE_CURVE('',#5503,#5501,#4549,.T.);
#7082=EDGE_CURVE('',#5504,#5485,#1185,.T.);
#7083=EDGE_CURVE('',#5504,#5503,#1186,.T.);
#7084=EDGE_CURVE('',#5488,#5505,#1187,.T.);
#7085=EDGE_CURVE('',#5505,#5504,#4550,.T.);
#7086=EDGE_CURVE('',#5492,#5506,#1188,.T.);
#7087=EDGE_CURVE('',#5506,#5507,#4551,.T.);
#7088=EDGE_CURVE('',#5507,#5490,#1189,.T.);
#7089=EDGE_CURVE('',#5507,#5505,#1190,.T.);
#7090=EDGE_CURVE('',#5508,#5506,#1191,.T.);
#7091=EDGE_CURVE('',#5502,#5508,#4552,.T.);
#7092=EDGE_CURVE('',#5508,#5494,#1192,.T.);
#7093=EDGE_CURVE('',#5509,#5510,#4553,.T.);
#7094=EDGE_CURVE('',#5510,#5511,#4554,.T.);
#7095=EDGE_CURVE('',#5511,#5512,#4555,.T.);
#7096=EDGE_CURVE('',#5512,#5509,#4556,.T.);
#7097=EDGE_CURVE('',#5513,#5514,#4557,.T.);
#7098=EDGE_CURVE('',#5514,#5512,#1193,.T.);
#7099=EDGE_CURVE('',#5511,#5513,#1194,.T.);
#7100=EDGE_CURVE('',#5515,#5516,#4558,.T.);
#7101=EDGE_CURVE('',#5516,#5514,#4559,.T.);
#7102=EDGE_CURVE('',#5513,#5515,#4560,.T.);
#7103=EDGE_CURVE('',#5517,#5518,#4561,.T.);
#7104=EDGE_CURVE('',#5518,#5516,#1195,.T.);
#7105=EDGE_CURVE('',#5515,#5517,#1196,.T.);
#7106=EDGE_CURVE('',#5519,#5520,#4562,.T.);
#7107=EDGE_CURVE('',#5520,#5518,#4563,.T.);
#7108=EDGE_CURVE('',#5517,#5519,#4564,.T.);
#7109=EDGE_CURVE('',#5521,#5522,#4565,.T.);
#7110=EDGE_CURVE('',#5522,#5520,#1197,.T.);
#7111=EDGE_CURVE('',#5519,#5521,#1198,.T.);
#7112=EDGE_CURVE('',#5523,#5524,#4566,.T.);
#7113=EDGE_CURVE('',#5524,#5522,#4567,.T.);
#7114=EDGE_CURVE('',#5521,#5523,#4568,.T.);
#7115=EDGE_CURVE('',#5523,#5510,#1199,.T.);
#7116=EDGE_CURVE('',#5509,#5524,#1200,.T.);
#7117=EDGE_CURVE('',#5525,#5522,#1201,.T.);
#7118=EDGE_CURVE('',#5525,#5526,#1202,.T.);
#7119=EDGE_CURVE('',#5520,#5526,#1203,.T.);
#7120=EDGE_CURVE('',#5524,#5527,#1204,.T.);
#7121=EDGE_CURVE('',#5527,#5525,#4569,.T.);
#7122=EDGE_CURVE('',#5528,#5509,#1205,.T.);
#7123=EDGE_CURVE('',#5528,#5527,#1206,.T.);
#7124=EDGE_CURVE('',#5512,#5529,#1207,.T.);
#7125=EDGE_CURVE('',#5529,#5528,#4570,.T.);
#7126=EDGE_CURVE('',#5530,#5529,#1208,.T.);
#7127=EDGE_CURVE('',#5531,#5530,#4571,.T.);
#7128=EDGE_CURVE('',#5532,#5531,#1209,.T.);
#7129=EDGE_CURVE('',#5526,#5532,#4572,.T.);
#7130=EDGE_CURVE('',#5530,#5514,#1210,.T.);
#7131=EDGE_CURVE('',#5516,#5531,#1211,.T.);
#7132=EDGE_CURVE('',#5532,#5518,#1212,.T.);
#7133=ORIENTED_EDGE('',*,*,#5533,.T.);
#7134=ORIENTED_EDGE('',*,*,#5534,.T.);
#7135=ORIENTED_EDGE('',*,*,#5535,.T.);
#7136=ORIENTED_EDGE('',*,*,#5536,.T.);
#7137=ORIENTED_EDGE('',*,*,#5537,.T.);
#7138=ORIENTED_EDGE('',*,*,#5538,.T.);
#7139=ORIENTED_EDGE('',*,*,#5535,.F.);
#7140=ORIENTED_EDGE('',*,*,#5539,.T.);
#7141=ORIENTED_EDGE('',*,*,#5540,.T.);
#7142=ORIENTED_EDGE('',*,*,#5541,.T.);
#7143=ORIENTED_EDGE('',*,*,#5537,.F.);
#7144=ORIENTED_EDGE('',*,*,#5542,.T.);
#7145=ORIENTED_EDGE('',*,*,#5543,.T.);
#7146=ORIENTED_EDGE('',*,*,#5544,.T.);
#7147=ORIENTED_EDGE('',*,*,#5540,.F.);
#7148=ORIENTED_EDGE('',*,*,#5545,.T.);
#7149=ORIENTED_EDGE('',*,*,#5546,.T.);
#7150=ORIENTED_EDGE('',*,*,#5547,.T.);
#7151=ORIENTED_EDGE('',*,*,#5543,.F.);
#7152=ORIENTED_EDGE('',*,*,#5548,.T.);
#7153=ORIENTED_EDGE('',*,*,#5549,.T.);
#7154=ORIENTED_EDGE('',*,*,#5550,.T.);
#7155=ORIENTED_EDGE('',*,*,#5546,.F.);
#7156=ORIENTED_EDGE('',*,*,#5551,.T.);
#7157=ORIENTED_EDGE('',*,*,#5552,.T.);
#7158=ORIENTED_EDGE('',*,*,#5553,.T.);
#7159=ORIENTED_EDGE('',*,*,#5549,.F.);
#7160=ORIENTED_EDGE('',*,*,#5554,.T.);
#7161=ORIENTED_EDGE('',*,*,#5552,.F.);
#7162=ORIENTED_EDGE('',*,*,#5555,.T.);
#7163=ORIENTED_EDGE('',*,*,#5533,.F.);
#7164=ORIENTED_EDGE('',*,*,#5556,.T.);
#7165=ORIENTED_EDGE('',*,*,#5550,.F.);
#7166=ORIENTED_EDGE('',*,*,#5557,.F.);
#7167=ORIENTED_EDGE('',*,*,#5558,.F.);
#7168=ORIENTED_EDGE('',*,*,#5559,.F.);
#7169=ORIENTED_EDGE('',*,*,#5553,.F.);
#7170=ORIENTED_EDGE('',*,*,#5560,.T.);
#7171=ORIENTED_EDGE('',*,*,#5561,.T.);
#7172=ORIENTED_EDGE('',*,*,#5557,.T.);
#7173=ORIENTED_EDGE('',*,*,#5556,.F.);
#7174=ORIENTED_EDGE('',*,*,#5562,.F.);
#7175=ORIENTED_EDGE('',*,*,#5563,.F.);
#7176=ORIENTED_EDGE('',*,*,#5560,.F.);
#7177=ORIENTED_EDGE('',*,*,#5536,.F.);
#7178=ORIENTED_EDGE('',*,*,#5564,.T.);
#7179=ORIENTED_EDGE('',*,*,#5565,.T.);
#7180=ORIENTED_EDGE('',*,*,#5562,.T.);
#7181=ORIENTED_EDGE('',*,*,#5534,.F.);
#7182=ORIENTED_EDGE('',*,*,#5555,.F.);
#7183=ORIENTED_EDGE('',*,*,#5554,.F.);
#7184=ORIENTED_EDGE('',*,*,#5551,.F.);
#7185=ORIENTED_EDGE('',*,*,#5548,.F.);
#7186=ORIENTED_EDGE('',*,*,#5545,.F.);
#7187=ORIENTED_EDGE('',*,*,#5542,.F.);
#7188=ORIENTED_EDGE('',*,*,#5539,.F.);
#7189=ORIENTED_EDGE('',*,*,#5541,.F.);
#7190=ORIENTED_EDGE('',*,*,#5566,.T.);
#7191=ORIENTED_EDGE('',*,*,#5567,.T.);
#7192=ORIENTED_EDGE('',*,*,#5568,.T.);
#7193=ORIENTED_EDGE('',*,*,#5544,.F.);
#7194=ORIENTED_EDGE('',*,*,#5569,.F.);
#7195=ORIENTED_EDGE('',*,*,#5570,.F.);
#7196=ORIENTED_EDGE('',*,*,#5566,.F.);
#7197=ORIENTED_EDGE('',*,*,#5547,.F.);
#7198=ORIENTED_EDGE('',*,*,#5559,.T.);
#7199=ORIENTED_EDGE('',*,*,#5571,.T.);
#7200=ORIENTED_EDGE('',*,*,#5569,.T.);
#7201=ORIENTED_EDGE('',*,*,#5538,.F.);
#7202=ORIENTED_EDGE('',*,*,#5568,.F.);
#7203=ORIENTED_EDGE('',*,*,#5572,.F.);
#7204=ORIENTED_EDGE('',*,*,#5564,.F.);
#7205=ORIENTED_EDGE('',*,*,#5567,.F.);
#7206=ORIENTED_EDGE('',*,*,#5570,.T.);
#7207=ORIENTED_EDGE('',*,*,#5571,.F.);
#7208=ORIENTED_EDGE('',*,*,#5558,.T.);
#7209=ORIENTED_EDGE('',*,*,#5561,.F.);
#7210=ORIENTED_EDGE('',*,*,#5563,.T.);
#7211=ORIENTED_EDGE('',*,*,#5565,.F.);
#7212=ORIENTED_EDGE('',*,*,#5572,.T.);
#7213=ORIENTED_EDGE('',*,*,#5573,.T.);
#7214=ORIENTED_EDGE('',*,*,#5574,.T.);
#7215=ORIENTED_EDGE('',*,*,#5575,.T.);
#7216=ORIENTED_EDGE('',*,*,#5576,.T.);
#7217=ORIENTED_EDGE('',*,*,#5577,.T.);
#7218=ORIENTED_EDGE('',*,*,#5578,.T.);
#7219=ORIENTED_EDGE('',*,*,#5575,.F.);
#7220=ORIENTED_EDGE('',*,*,#5579,.T.);
#7221=ORIENTED_EDGE('',*,*,#5580,.T.);
#7222=ORIENTED_EDGE('',*,*,#5581,.T.);
#7223=ORIENTED_EDGE('',*,*,#5577,.F.);
#7224=ORIENTED_EDGE('',*,*,#5582,.T.);
#7225=ORIENTED_EDGE('',*,*,#5583,.T.);
#7226=ORIENTED_EDGE('',*,*,#5584,.T.);
#7227=ORIENTED_EDGE('',*,*,#5580,.F.);
#7228=ORIENTED_EDGE('',*,*,#5585,.T.);
#7229=ORIENTED_EDGE('',*,*,#5586,.T.);
#7230=ORIENTED_EDGE('',*,*,#5587,.T.);
#7231=ORIENTED_EDGE('',*,*,#5583,.F.);
#7232=ORIENTED_EDGE('',*,*,#5588,.T.);
#7233=ORIENTED_EDGE('',*,*,#5589,.T.);
#7234=ORIENTED_EDGE('',*,*,#5590,.T.);
#7235=ORIENTED_EDGE('',*,*,#5586,.F.);
#7236=ORIENTED_EDGE('',*,*,#5591,.T.);
#7237=ORIENTED_EDGE('',*,*,#5592,.T.);
#7238=ORIENTED_EDGE('',*,*,#5593,.T.);
#7239=ORIENTED_EDGE('',*,*,#5589,.F.);
#7240=ORIENTED_EDGE('',*,*,#5594,.T.);
#7241=ORIENTED_EDGE('',*,*,#5592,.F.);
#7242=ORIENTED_EDGE('',*,*,#5595,.T.);
#7243=ORIENTED_EDGE('',*,*,#5573,.F.);
#7244=ORIENTED_EDGE('',*,*,#5596,.T.);
#7245=ORIENTED_EDGE('',*,*,#5590,.F.);
#7246=ORIENTED_EDGE('',*,*,#5597,.F.);
#7247=ORIENTED_EDGE('',*,*,#5598,.F.);
#7248=ORIENTED_EDGE('',*,*,#5599,.F.);
#7249=ORIENTED_EDGE('',*,*,#5593,.F.);
#7250=ORIENTED_EDGE('',*,*,#5600,.T.);
#7251=ORIENTED_EDGE('',*,*,#5601,.T.);
#7252=ORIENTED_EDGE('',*,*,#5597,.T.);
#7253=ORIENTED_EDGE('',*,*,#5596,.F.);
#7254=ORIENTED_EDGE('',*,*,#5602,.F.);
#7255=ORIENTED_EDGE('',*,*,#5603,.F.);
#7256=ORIENTED_EDGE('',*,*,#5600,.F.);
#7257=ORIENTED_EDGE('',*,*,#5576,.F.);
#7258=ORIENTED_EDGE('',*,*,#5604,.T.);
#7259=ORIENTED_EDGE('',*,*,#5605,.T.);
#7260=ORIENTED_EDGE('',*,*,#5602,.T.);
#7261=ORIENTED_EDGE('',*,*,#5574,.F.);
#7262=ORIENTED_EDGE('',*,*,#5595,.F.);
#7263=ORIENTED_EDGE('',*,*,#5594,.F.);
#7264=ORIENTED_EDGE('',*,*,#5591,.F.);
#7265=ORIENTED_EDGE('',*,*,#5588,.F.);
#7266=ORIENTED_EDGE('',*,*,#5585,.F.);
#7267=ORIENTED_EDGE('',*,*,#5582,.F.);
#7268=ORIENTED_EDGE('',*,*,#5579,.F.);
#7269=ORIENTED_EDGE('',*,*,#5587,.F.);
#7270=ORIENTED_EDGE('',*,*,#5599,.T.);
#7271=ORIENTED_EDGE('',*,*,#5606,.T.);
#7272=ORIENTED_EDGE('',*,*,#5607,.T.);
#7273=ORIENTED_EDGE('',*,*,#5581,.F.);
#7274=ORIENTED_EDGE('',*,*,#5608,.T.);
#7275=ORIENTED_EDGE('',*,*,#5609,.T.);
#7276=ORIENTED_EDGE('',*,*,#5610,.T.);
#7277=ORIENTED_EDGE('',*,*,#5584,.F.);
#7278=ORIENTED_EDGE('',*,*,#5607,.F.);
#7279=ORIENTED_EDGE('',*,*,#5611,.F.);
#7280=ORIENTED_EDGE('',*,*,#5608,.F.);
#7281=ORIENTED_EDGE('',*,*,#5578,.F.);
#7282=ORIENTED_EDGE('',*,*,#5610,.F.);
#7283=ORIENTED_EDGE('',*,*,#5612,.F.);
#7284=ORIENTED_EDGE('',*,*,#5604,.F.);
#7285=ORIENTED_EDGE('',*,*,#5606,.F.);
#7286=ORIENTED_EDGE('',*,*,#5598,.T.);
#7287=ORIENTED_EDGE('',*,*,#5601,.F.);
#7288=ORIENTED_EDGE('',*,*,#5603,.T.);
#7289=ORIENTED_EDGE('',*,*,#5605,.F.);
#7290=ORIENTED_EDGE('',*,*,#5612,.T.);
#7291=ORIENTED_EDGE('',*,*,#5609,.F.);
#7292=ORIENTED_EDGE('',*,*,#5611,.T.);
#7293=ORIENTED_EDGE('',*,*,#5613,.T.);
#7294=ORIENTED_EDGE('',*,*,#5614,.T.);
#7295=ORIENTED_EDGE('',*,*,#5615,.T.);
#7296=ORIENTED_EDGE('',*,*,#5616,.T.);
#7297=ORIENTED_EDGE('',*,*,#5617,.T.);
#7298=ORIENTED_EDGE('',*,*,#5618,.T.);
#7299=ORIENTED_EDGE('',*,*,#5615,.F.);
#7300=ORIENTED_EDGE('',*,*,#5619,.T.);
#7301=ORIENTED_EDGE('',*,*,#5620,.T.);
#7302=ORIENTED_EDGE('',*,*,#5621,.T.);
#7303=ORIENTED_EDGE('',*,*,#5617,.F.);
#7304=ORIENTED_EDGE('',*,*,#5622,.T.);
#7305=ORIENTED_EDGE('',*,*,#5623,.T.);
#7306=ORIENTED_EDGE('',*,*,#5624,.T.);
#7307=ORIENTED_EDGE('',*,*,#5620,.F.);
#7308=ORIENTED_EDGE('',*,*,#5625,.T.);
#7309=ORIENTED_EDGE('',*,*,#5626,.T.);
#7310=ORIENTED_EDGE('',*,*,#5627,.T.);
#7311=ORIENTED_EDGE('',*,*,#5623,.F.);
#7312=ORIENTED_EDGE('',*,*,#5628,.T.);
#7313=ORIENTED_EDGE('',*,*,#5629,.T.);
#7314=ORIENTED_EDGE('',*,*,#5630,.T.);
#7315=ORIENTED_EDGE('',*,*,#5626,.F.);
#7316=ORIENTED_EDGE('',*,*,#5631,.T.);
#7317=ORIENTED_EDGE('',*,*,#5632,.T.);
#7318=ORIENTED_EDGE('',*,*,#5633,.T.);
#7319=ORIENTED_EDGE('',*,*,#5629,.F.);
#7320=ORIENTED_EDGE('',*,*,#5634,.T.);
#7321=ORIENTED_EDGE('',*,*,#5632,.F.);
#7322=ORIENTED_EDGE('',*,*,#5635,.T.);
#7323=ORIENTED_EDGE('',*,*,#5613,.F.);
#7324=ORIENTED_EDGE('',*,*,#5636,.T.);
#7325=ORIENTED_EDGE('',*,*,#5630,.F.);
#7326=ORIENTED_EDGE('',*,*,#5637,.F.);
#7327=ORIENTED_EDGE('',*,*,#5638,.F.);
#7328=ORIENTED_EDGE('',*,*,#5639,.F.);
#7329=ORIENTED_EDGE('',*,*,#5633,.F.);
#7330=ORIENTED_EDGE('',*,*,#5640,.T.);
#7331=ORIENTED_EDGE('',*,*,#5641,.T.);
#7332=ORIENTED_EDGE('',*,*,#5637,.T.);
#7333=ORIENTED_EDGE('',*,*,#5636,.F.);
#7334=ORIENTED_EDGE('',*,*,#5642,.F.);
#7335=ORIENTED_EDGE('',*,*,#5643,.F.);
#7336=ORIENTED_EDGE('',*,*,#5640,.F.);
#7337=ORIENTED_EDGE('',*,*,#5616,.F.);
#7338=ORIENTED_EDGE('',*,*,#5644,.T.);
#7339=ORIENTED_EDGE('',*,*,#5645,.T.);
#7340=ORIENTED_EDGE('',*,*,#5642,.T.);
#7341=ORIENTED_EDGE('',*,*,#5614,.F.);
#7342=ORIENTED_EDGE('',*,*,#5635,.F.);
#7343=ORIENTED_EDGE('',*,*,#5634,.F.);
#7344=ORIENTED_EDGE('',*,*,#5631,.F.);
#7345=ORIENTED_EDGE('',*,*,#5628,.F.);
#7346=ORIENTED_EDGE('',*,*,#5625,.F.);
#7347=ORIENTED_EDGE('',*,*,#5622,.F.);
#7348=ORIENTED_EDGE('',*,*,#5619,.F.);
#7349=ORIENTED_EDGE('',*,*,#5627,.F.);
#7350=ORIENTED_EDGE('',*,*,#5639,.T.);
#7351=ORIENTED_EDGE('',*,*,#5646,.T.);
#7352=ORIENTED_EDGE('',*,*,#5647,.T.);
#7353=ORIENTED_EDGE('',*,*,#5621,.F.);
#7354=ORIENTED_EDGE('',*,*,#5648,.T.);
#7355=ORIENTED_EDGE('',*,*,#5649,.T.);
#7356=ORIENTED_EDGE('',*,*,#5650,.T.);
#7357=ORIENTED_EDGE('',*,*,#5624,.F.);
#7358=ORIENTED_EDGE('',*,*,#5647,.F.);
#7359=ORIENTED_EDGE('',*,*,#5651,.F.);
#7360=ORIENTED_EDGE('',*,*,#5648,.F.);
#7361=ORIENTED_EDGE('',*,*,#5618,.F.);
#7362=ORIENTED_EDGE('',*,*,#5650,.F.);
#7363=ORIENTED_EDGE('',*,*,#5652,.F.);
#7364=ORIENTED_EDGE('',*,*,#5644,.F.);
#7365=ORIENTED_EDGE('',*,*,#5646,.F.);
#7366=ORIENTED_EDGE('',*,*,#5638,.T.);
#7367=ORIENTED_EDGE('',*,*,#5641,.F.);
#7368=ORIENTED_EDGE('',*,*,#5643,.T.);
#7369=ORIENTED_EDGE('',*,*,#5645,.F.);
#7370=ORIENTED_EDGE('',*,*,#5652,.T.);
#7371=ORIENTED_EDGE('',*,*,#5649,.F.);
#7372=ORIENTED_EDGE('',*,*,#5651,.T.);
#7373=ORIENTED_EDGE('',*,*,#5653,.T.);
#7374=ORIENTED_EDGE('',*,*,#5654,.T.);
#7375=ORIENTED_EDGE('',*,*,#5655,.T.);
#7376=ORIENTED_EDGE('',*,*,#5656,.T.);
#7377=ORIENTED_EDGE('',*,*,#5657,.T.);
#7378=ORIENTED_EDGE('',*,*,#5658,.T.);
#7379=ORIENTED_EDGE('',*,*,#5655,.F.);
#7380=ORIENTED_EDGE('',*,*,#5659,.T.);
#7381=ORIENTED_EDGE('',*,*,#5660,.T.);
#7382=ORIENTED_EDGE('',*,*,#5661,.T.);
#7383=ORIENTED_EDGE('',*,*,#5657,.F.);
#7384=ORIENTED_EDGE('',*,*,#5662,.T.);
#7385=ORIENTED_EDGE('',*,*,#5663,.T.);
#7386=ORIENTED_EDGE('',*,*,#5664,.T.);
#7387=ORIENTED_EDGE('',*,*,#5660,.F.);
#7388=ORIENTED_EDGE('',*,*,#5665,.T.);
#7389=ORIENTED_EDGE('',*,*,#5666,.T.);
#7390=ORIENTED_EDGE('',*,*,#5667,.T.);
#7391=ORIENTED_EDGE('',*,*,#5663,.F.);
#7392=ORIENTED_EDGE('',*,*,#5668,.T.);
#7393=ORIENTED_EDGE('',*,*,#5669,.T.);
#7394=ORIENTED_EDGE('',*,*,#5670,.T.);
#7395=ORIENTED_EDGE('',*,*,#5666,.F.);
#7396=ORIENTED_EDGE('',*,*,#5671,.T.);
#7397=ORIENTED_EDGE('',*,*,#5672,.T.);
#7398=ORIENTED_EDGE('',*,*,#5673,.T.);
#7399=ORIENTED_EDGE('',*,*,#5669,.F.);
#7400=ORIENTED_EDGE('',*,*,#5674,.T.);
#7401=ORIENTED_EDGE('',*,*,#5672,.F.);
#7402=ORIENTED_EDGE('',*,*,#5675,.T.);
#7403=ORIENTED_EDGE('',*,*,#5653,.F.);
#7404=ORIENTED_EDGE('',*,*,#5676,.T.);
#7405=ORIENTED_EDGE('',*,*,#5670,.F.);
#7406=ORIENTED_EDGE('',*,*,#5677,.F.);
#7407=ORIENTED_EDGE('',*,*,#5678,.F.);
#7408=ORIENTED_EDGE('',*,*,#5679,.F.);
#7409=ORIENTED_EDGE('',*,*,#5673,.F.);
#7410=ORIENTED_EDGE('',*,*,#5680,.T.);
#7411=ORIENTED_EDGE('',*,*,#5681,.T.);
#7412=ORIENTED_EDGE('',*,*,#5677,.T.);
#7413=ORIENTED_EDGE('',*,*,#5676,.F.);
#7414=ORIENTED_EDGE('',*,*,#5682,.F.);
#7415=ORIENTED_EDGE('',*,*,#5683,.F.);
#7416=ORIENTED_EDGE('',*,*,#5680,.F.);
#7417=ORIENTED_EDGE('',*,*,#5656,.F.);
#7418=ORIENTED_EDGE('',*,*,#5684,.T.);
#7419=ORIENTED_EDGE('',*,*,#5685,.T.);
#7420=ORIENTED_EDGE('',*,*,#5682,.T.);
#7421=ORIENTED_EDGE('',*,*,#5654,.F.);
#7422=ORIENTED_EDGE('',*,*,#5675,.F.);
#7423=ORIENTED_EDGE('',*,*,#5674,.F.);
#7424=ORIENTED_EDGE('',*,*,#5671,.F.);
#7425=ORIENTED_EDGE('',*,*,#5668,.F.);
#7426=ORIENTED_EDGE('',*,*,#5665,.F.);
#7427=ORIENTED_EDGE('',*,*,#5662,.F.);
#7428=ORIENTED_EDGE('',*,*,#5659,.F.);
#7429=ORIENTED_EDGE('',*,*,#5661,.F.);
#7430=ORIENTED_EDGE('',*,*,#5686,.T.);
#7431=ORIENTED_EDGE('',*,*,#5687,.T.);
#7432=ORIENTED_EDGE('',*,*,#5688,.T.);
#7433=ORIENTED_EDGE('',*,*,#5658,.F.);
#7434=ORIENTED_EDGE('',*,*,#5688,.F.);
#7435=ORIENTED_EDGE('',*,*,#5689,.F.);
#7436=ORIENTED_EDGE('',*,*,#5684,.F.);
#7437=ORIENTED_EDGE('',*,*,#5687,.F.);
#7438=ORIENTED_EDGE('',*,*,#5690,.T.);
#7439=ORIENTED_EDGE('',*,*,#5691,.F.);
#7440=ORIENTED_EDGE('',*,*,#5678,.T.);
#7441=ORIENTED_EDGE('',*,*,#5681,.F.);
#7442=ORIENTED_EDGE('',*,*,#5683,.T.);
#7443=ORIENTED_EDGE('',*,*,#5685,.F.);
#7444=ORIENTED_EDGE('',*,*,#5689,.T.);
#7445=ORIENTED_EDGE('',*,*,#5667,.F.);
#7446=ORIENTED_EDGE('',*,*,#5679,.T.);
#7447=ORIENTED_EDGE('',*,*,#5691,.T.);
#7448=ORIENTED_EDGE('',*,*,#5692,.T.);
#7449=ORIENTED_EDGE('',*,*,#5664,.F.);
#7450=ORIENTED_EDGE('',*,*,#5692,.F.);
#7451=ORIENTED_EDGE('',*,*,#5690,.F.);
#7452=ORIENTED_EDGE('',*,*,#5686,.F.);
#7453=ORIENTED_EDGE('',*,*,#5693,.T.);
#7454=ORIENTED_EDGE('',*,*,#5694,.T.);
#7455=ORIENTED_EDGE('',*,*,#5695,.T.);
#7456=ORIENTED_EDGE('',*,*,#5696,.T.);
#7457=ORIENTED_EDGE('',*,*,#5697,.T.);
#7458=ORIENTED_EDGE('',*,*,#5698,.T.);
#7459=ORIENTED_EDGE('',*,*,#5695,.F.);
#7460=ORIENTED_EDGE('',*,*,#5699,.T.);
#7461=ORIENTED_EDGE('',*,*,#5700,.T.);
#7462=ORIENTED_EDGE('',*,*,#5701,.T.);
#7463=ORIENTED_EDGE('',*,*,#5697,.F.);
#7464=ORIENTED_EDGE('',*,*,#5702,.T.);
#7465=ORIENTED_EDGE('',*,*,#5703,.T.);
#7466=ORIENTED_EDGE('',*,*,#5704,.T.);
#7467=ORIENTED_EDGE('',*,*,#5700,.F.);
#7468=ORIENTED_EDGE('',*,*,#5705,.T.);
#7469=ORIENTED_EDGE('',*,*,#5706,.T.);
#7470=ORIENTED_EDGE('',*,*,#5707,.T.);
#7471=ORIENTED_EDGE('',*,*,#5703,.F.);
#7472=ORIENTED_EDGE('',*,*,#5708,.T.);
#7473=ORIENTED_EDGE('',*,*,#5709,.T.);
#7474=ORIENTED_EDGE('',*,*,#5710,.T.);
#7475=ORIENTED_EDGE('',*,*,#5706,.F.);
#7476=ORIENTED_EDGE('',*,*,#5711,.T.);
#7477=ORIENTED_EDGE('',*,*,#5712,.T.);
#7478=ORIENTED_EDGE('',*,*,#5713,.T.);
#7479=ORIENTED_EDGE('',*,*,#5709,.F.);
#7480=ORIENTED_EDGE('',*,*,#5714,.T.);
#7481=ORIENTED_EDGE('',*,*,#5712,.F.);
#7482=ORIENTED_EDGE('',*,*,#5715,.T.);
#7483=ORIENTED_EDGE('',*,*,#5693,.F.);
#7484=ORIENTED_EDGE('',*,*,#5716,.T.);
#7485=ORIENTED_EDGE('',*,*,#5710,.F.);
#7486=ORIENTED_EDGE('',*,*,#5717,.F.);
#7487=ORIENTED_EDGE('',*,*,#5718,.F.);
#7488=ORIENTED_EDGE('',*,*,#5719,.F.);
#7489=ORIENTED_EDGE('',*,*,#5713,.F.);
#7490=ORIENTED_EDGE('',*,*,#5720,.T.);
#7491=ORIENTED_EDGE('',*,*,#5721,.T.);
#7492=ORIENTED_EDGE('',*,*,#5717,.T.);
#7493=ORIENTED_EDGE('',*,*,#5716,.F.);
#7494=ORIENTED_EDGE('',*,*,#5722,.F.);
#7495=ORIENTED_EDGE('',*,*,#5723,.F.);
#7496=ORIENTED_EDGE('',*,*,#5720,.F.);
#7497=ORIENTED_EDGE('',*,*,#5696,.F.);
#7498=ORIENTED_EDGE('',*,*,#5724,.T.);
#7499=ORIENTED_EDGE('',*,*,#5725,.T.);
#7500=ORIENTED_EDGE('',*,*,#5722,.T.);
#7501=ORIENTED_EDGE('',*,*,#5694,.F.);
#7502=ORIENTED_EDGE('',*,*,#5715,.F.);
#7503=ORIENTED_EDGE('',*,*,#5714,.F.);
#7504=ORIENTED_EDGE('',*,*,#5711,.F.);
#7505=ORIENTED_EDGE('',*,*,#5708,.F.);
#7506=ORIENTED_EDGE('',*,*,#5705,.F.);
#7507=ORIENTED_EDGE('',*,*,#5702,.F.);
#7508=ORIENTED_EDGE('',*,*,#5699,.F.);
#7509=ORIENTED_EDGE('',*,*,#5725,.F.);
#7510=ORIENTED_EDGE('',*,*,#5726,.T.);
#7511=ORIENTED_EDGE('',*,*,#5727,.F.);
#7512=ORIENTED_EDGE('',*,*,#5728,.T.);
#7513=ORIENTED_EDGE('',*,*,#5729,.F.);
#7514=ORIENTED_EDGE('',*,*,#5718,.T.);
#7515=ORIENTED_EDGE('',*,*,#5721,.F.);
#7516=ORIENTED_EDGE('',*,*,#5723,.T.);
#7517=ORIENTED_EDGE('',*,*,#5698,.F.);
#7518=ORIENTED_EDGE('',*,*,#5730,.F.);
#7519=ORIENTED_EDGE('',*,*,#5726,.F.);
#7520=ORIENTED_EDGE('',*,*,#5724,.F.);
#7521=ORIENTED_EDGE('',*,*,#5701,.F.);
#7522=ORIENTED_EDGE('',*,*,#5731,.T.);
#7523=ORIENTED_EDGE('',*,*,#5727,.T.);
#7524=ORIENTED_EDGE('',*,*,#5730,.T.);
#7525=ORIENTED_EDGE('',*,*,#5707,.F.);
#7526=ORIENTED_EDGE('',*,*,#5719,.T.);
#7527=ORIENTED_EDGE('',*,*,#5729,.T.);
#7528=ORIENTED_EDGE('',*,*,#5732,.T.);
#7529=ORIENTED_EDGE('',*,*,#5704,.F.);
#7530=ORIENTED_EDGE('',*,*,#5732,.F.);
#7531=ORIENTED_EDGE('',*,*,#5728,.F.);
#7532=ORIENTED_EDGE('',*,*,#5731,.F.);
#7533=ORIENTED_EDGE('',*,*,#5733,.T.);
#7534=ORIENTED_EDGE('',*,*,#5734,.T.);
#7535=ORIENTED_EDGE('',*,*,#5735,.T.);
#7536=ORIENTED_EDGE('',*,*,#5736,.T.);
#7537=ORIENTED_EDGE('',*,*,#5737,.T.);
#7538=ORIENTED_EDGE('',*,*,#5738,.T.);
#7539=ORIENTED_EDGE('',*,*,#5735,.F.);
#7540=ORIENTED_EDGE('',*,*,#5739,.T.);
#7541=ORIENTED_EDGE('',*,*,#5740,.T.);
#7542=ORIENTED_EDGE('',*,*,#5741,.T.);
#7543=ORIENTED_EDGE('',*,*,#5737,.F.);
#7544=ORIENTED_EDGE('',*,*,#5742,.T.);
#7545=ORIENTED_EDGE('',*,*,#5743,.T.);
#7546=ORIENTED_EDGE('',*,*,#5744,.T.);
#7547=ORIENTED_EDGE('',*,*,#5740,.F.);
#7548=ORIENTED_EDGE('',*,*,#5745,.T.);
#7549=ORIENTED_EDGE('',*,*,#5746,.T.);
#7550=ORIENTED_EDGE('',*,*,#5747,.T.);
#7551=ORIENTED_EDGE('',*,*,#5743,.F.);
#7552=ORIENTED_EDGE('',*,*,#5748,.T.);
#7553=ORIENTED_EDGE('',*,*,#5749,.T.);
#7554=ORIENTED_EDGE('',*,*,#5750,.T.);
#7555=ORIENTED_EDGE('',*,*,#5746,.F.);
#7556=ORIENTED_EDGE('',*,*,#5751,.T.);
#7557=ORIENTED_EDGE('',*,*,#5752,.T.);
#7558=ORIENTED_EDGE('',*,*,#5753,.T.);
#7559=ORIENTED_EDGE('',*,*,#5749,.F.);
#7560=ORIENTED_EDGE('',*,*,#5754,.T.);
#7561=ORIENTED_EDGE('',*,*,#5752,.F.);
#7562=ORIENTED_EDGE('',*,*,#5755,.T.);
#7563=ORIENTED_EDGE('',*,*,#5733,.F.);
#7564=ORIENTED_EDGE('',*,*,#5756,.T.);
#7565=ORIENTED_EDGE('',*,*,#5750,.F.);
#7566=ORIENTED_EDGE('',*,*,#5757,.F.);
#7567=ORIENTED_EDGE('',*,*,#5758,.F.);
#7568=ORIENTED_EDGE('',*,*,#5759,.F.);
#7569=ORIENTED_EDGE('',*,*,#5753,.F.);
#7570=ORIENTED_EDGE('',*,*,#5760,.T.);
#7571=ORIENTED_EDGE('',*,*,#5761,.T.);
#7572=ORIENTED_EDGE('',*,*,#5757,.T.);
#7573=ORIENTED_EDGE('',*,*,#5756,.F.);
#7574=ORIENTED_EDGE('',*,*,#5762,.F.);
#7575=ORIENTED_EDGE('',*,*,#5763,.F.);
#7576=ORIENTED_EDGE('',*,*,#5760,.F.);
#7577=ORIENTED_EDGE('',*,*,#5736,.F.);
#7578=ORIENTED_EDGE('',*,*,#5764,.T.);
#7579=ORIENTED_EDGE('',*,*,#5765,.T.);
#7580=ORIENTED_EDGE('',*,*,#5762,.T.);
#7581=ORIENTED_EDGE('',*,*,#5734,.F.);
#7582=ORIENTED_EDGE('',*,*,#5755,.F.);
#7583=ORIENTED_EDGE('',*,*,#5754,.F.);
#7584=ORIENTED_EDGE('',*,*,#5751,.F.);
#7585=ORIENTED_EDGE('',*,*,#5748,.F.);
#7586=ORIENTED_EDGE('',*,*,#5745,.F.);
#7587=ORIENTED_EDGE('',*,*,#5742,.F.);
#7588=ORIENTED_EDGE('',*,*,#5739,.F.);
#7589=ORIENTED_EDGE('',*,*,#5765,.F.);
#7590=ORIENTED_EDGE('',*,*,#5766,.T.);
#7591=ORIENTED_EDGE('',*,*,#5767,.F.);
#7592=ORIENTED_EDGE('',*,*,#5768,.T.);
#7593=ORIENTED_EDGE('',*,*,#5769,.F.);
#7594=ORIENTED_EDGE('',*,*,#5758,.T.);
#7595=ORIENTED_EDGE('',*,*,#5761,.F.);
#7596=ORIENTED_EDGE('',*,*,#5763,.T.);
#7597=ORIENTED_EDGE('',*,*,#5741,.F.);
#7598=ORIENTED_EDGE('',*,*,#5770,.T.);
#7599=ORIENTED_EDGE('',*,*,#5767,.T.);
#7600=ORIENTED_EDGE('',*,*,#5771,.T.);
#7601=ORIENTED_EDGE('',*,*,#5744,.F.);
#7602=ORIENTED_EDGE('',*,*,#5772,.F.);
#7603=ORIENTED_EDGE('',*,*,#5768,.F.);
#7604=ORIENTED_EDGE('',*,*,#5770,.F.);
#7605=ORIENTED_EDGE('',*,*,#5747,.F.);
#7606=ORIENTED_EDGE('',*,*,#5759,.T.);
#7607=ORIENTED_EDGE('',*,*,#5769,.T.);
#7608=ORIENTED_EDGE('',*,*,#5772,.T.);
#7609=ORIENTED_EDGE('',*,*,#5738,.F.);
#7610=ORIENTED_EDGE('',*,*,#5771,.F.);
#7611=ORIENTED_EDGE('',*,*,#5766,.F.);
#7612=ORIENTED_EDGE('',*,*,#5764,.F.);
#7613=ORIENTED_EDGE('',*,*,#5773,.T.);
#7614=ORIENTED_EDGE('',*,*,#5774,.T.);
#7615=ORIENTED_EDGE('',*,*,#5775,.T.);
#7616=ORIENTED_EDGE('',*,*,#5776,.T.);
#7617=ORIENTED_EDGE('',*,*,#5777,.T.);
#7618=ORIENTED_EDGE('',*,*,#5778,.T.);
#7619=ORIENTED_EDGE('',*,*,#5775,.F.);
#7620=ORIENTED_EDGE('',*,*,#5779,.T.);
#7621=ORIENTED_EDGE('',*,*,#5780,.T.);
#7622=ORIENTED_EDGE('',*,*,#5781,.T.);
#7623=ORIENTED_EDGE('',*,*,#5777,.F.);
#7624=ORIENTED_EDGE('',*,*,#5782,.T.);
#7625=ORIENTED_EDGE('',*,*,#5783,.T.);
#7626=ORIENTED_EDGE('',*,*,#5784,.T.);
#7627=ORIENTED_EDGE('',*,*,#5780,.F.);
#7628=ORIENTED_EDGE('',*,*,#5785,.T.);
#7629=ORIENTED_EDGE('',*,*,#5786,.T.);
#7630=ORIENTED_EDGE('',*,*,#5787,.T.);
#7631=ORIENTED_EDGE('',*,*,#5783,.F.);
#7632=ORIENTED_EDGE('',*,*,#5788,.T.);
#7633=ORIENTED_EDGE('',*,*,#5789,.T.);
#7634=ORIENTED_EDGE('',*,*,#5790,.T.);
#7635=ORIENTED_EDGE('',*,*,#5786,.F.);
#7636=ORIENTED_EDGE('',*,*,#5791,.T.);
#7637=ORIENTED_EDGE('',*,*,#5792,.T.);
#7638=ORIENTED_EDGE('',*,*,#5793,.T.);
#7639=ORIENTED_EDGE('',*,*,#5789,.F.);
#7640=ORIENTED_EDGE('',*,*,#5794,.T.);
#7641=ORIENTED_EDGE('',*,*,#5792,.F.);
#7642=ORIENTED_EDGE('',*,*,#5795,.T.);
#7643=ORIENTED_EDGE('',*,*,#5773,.F.);
#7644=ORIENTED_EDGE('',*,*,#5796,.T.);
#7645=ORIENTED_EDGE('',*,*,#5790,.F.);
#7646=ORIENTED_EDGE('',*,*,#5797,.F.);
#7647=ORIENTED_EDGE('',*,*,#5798,.F.);
#7648=ORIENTED_EDGE('',*,*,#5799,.F.);
#7649=ORIENTED_EDGE('',*,*,#5793,.F.);
#7650=ORIENTED_EDGE('',*,*,#5800,.T.);
#7651=ORIENTED_EDGE('',*,*,#5801,.T.);
#7652=ORIENTED_EDGE('',*,*,#5797,.T.);
#7653=ORIENTED_EDGE('',*,*,#5796,.F.);
#7654=ORIENTED_EDGE('',*,*,#5802,.F.);
#7655=ORIENTED_EDGE('',*,*,#5803,.F.);
#7656=ORIENTED_EDGE('',*,*,#5800,.F.);
#7657=ORIENTED_EDGE('',*,*,#5776,.F.);
#7658=ORIENTED_EDGE('',*,*,#5804,.T.);
#7659=ORIENTED_EDGE('',*,*,#5805,.T.);
#7660=ORIENTED_EDGE('',*,*,#5802,.T.);
#7661=ORIENTED_EDGE('',*,*,#5774,.F.);
#7662=ORIENTED_EDGE('',*,*,#5795,.F.);
#7663=ORIENTED_EDGE('',*,*,#5794,.F.);
#7664=ORIENTED_EDGE('',*,*,#5791,.F.);
#7665=ORIENTED_EDGE('',*,*,#5788,.F.);
#7666=ORIENTED_EDGE('',*,*,#5785,.F.);
#7667=ORIENTED_EDGE('',*,*,#5782,.F.);
#7668=ORIENTED_EDGE('',*,*,#5779,.F.);
#7669=ORIENTED_EDGE('',*,*,#5787,.F.);
#7670=ORIENTED_EDGE('',*,*,#5799,.T.);
#7671=ORIENTED_EDGE('',*,*,#5806,.T.);
#7672=ORIENTED_EDGE('',*,*,#5807,.T.);
#7673=ORIENTED_EDGE('',*,*,#5806,.F.);
#7674=ORIENTED_EDGE('',*,*,#5798,.T.);
#7675=ORIENTED_EDGE('',*,*,#5801,.F.);
#7676=ORIENTED_EDGE('',*,*,#5803,.T.);
#7677=ORIENTED_EDGE('',*,*,#5805,.F.);
#7678=ORIENTED_EDGE('',*,*,#5808,.T.);
#7679=ORIENTED_EDGE('',*,*,#5809,.F.);
#7680=ORIENTED_EDGE('',*,*,#5810,.T.);
#7681=ORIENTED_EDGE('',*,*,#5781,.F.);
#7682=ORIENTED_EDGE('',*,*,#5811,.T.);
#7683=ORIENTED_EDGE('',*,*,#5809,.T.);
#7684=ORIENTED_EDGE('',*,*,#5812,.T.);
#7685=ORIENTED_EDGE('',*,*,#5778,.F.);
#7686=ORIENTED_EDGE('',*,*,#5812,.F.);
#7687=ORIENTED_EDGE('',*,*,#5808,.F.);
#7688=ORIENTED_EDGE('',*,*,#5804,.F.);
#7689=ORIENTED_EDGE('',*,*,#5784,.F.);
#7690=ORIENTED_EDGE('',*,*,#5807,.F.);
#7691=ORIENTED_EDGE('',*,*,#5810,.F.);
#7692=ORIENTED_EDGE('',*,*,#5811,.F.);
#7693=ORIENTED_EDGE('',*,*,#5813,.T.);
#7694=ORIENTED_EDGE('',*,*,#5814,.T.);
#7695=ORIENTED_EDGE('',*,*,#5815,.T.);
#7696=ORIENTED_EDGE('',*,*,#5816,.T.);
#7697=ORIENTED_EDGE('',*,*,#5817,.T.);
#7698=ORIENTED_EDGE('',*,*,#5818,.T.);
#7699=ORIENTED_EDGE('',*,*,#5815,.F.);
#7700=ORIENTED_EDGE('',*,*,#5819,.T.);
#7701=ORIENTED_EDGE('',*,*,#5820,.T.);
#7702=ORIENTED_EDGE('',*,*,#5821,.T.);
#7703=ORIENTED_EDGE('',*,*,#5817,.F.);
#7704=ORIENTED_EDGE('',*,*,#5822,.T.);
#7705=ORIENTED_EDGE('',*,*,#5823,.T.);
#7706=ORIENTED_EDGE('',*,*,#5824,.T.);
#7707=ORIENTED_EDGE('',*,*,#5820,.F.);
#7708=ORIENTED_EDGE('',*,*,#5825,.T.);
#7709=ORIENTED_EDGE('',*,*,#5826,.T.);
#7710=ORIENTED_EDGE('',*,*,#5827,.T.);
#7711=ORIENTED_EDGE('',*,*,#5823,.F.);
#7712=ORIENTED_EDGE('',*,*,#5828,.T.);
#7713=ORIENTED_EDGE('',*,*,#5829,.T.);
#7714=ORIENTED_EDGE('',*,*,#5830,.T.);
#7715=ORIENTED_EDGE('',*,*,#5826,.F.);
#7716=ORIENTED_EDGE('',*,*,#5831,.T.);
#7717=ORIENTED_EDGE('',*,*,#5832,.T.);
#7718=ORIENTED_EDGE('',*,*,#5833,.T.);
#7719=ORIENTED_EDGE('',*,*,#5829,.F.);
#7720=ORIENTED_EDGE('',*,*,#5834,.T.);
#7721=ORIENTED_EDGE('',*,*,#5832,.F.);
#7722=ORIENTED_EDGE('',*,*,#5835,.T.);
#7723=ORIENTED_EDGE('',*,*,#5813,.F.);
#7724=ORIENTED_EDGE('',*,*,#5836,.T.);
#7725=ORIENTED_EDGE('',*,*,#5830,.F.);
#7726=ORIENTED_EDGE('',*,*,#5837,.F.);
#7727=ORIENTED_EDGE('',*,*,#5838,.F.);
#7728=ORIENTED_EDGE('',*,*,#5839,.F.);
#7729=ORIENTED_EDGE('',*,*,#5833,.F.);
#7730=ORIENTED_EDGE('',*,*,#5840,.T.);
#7731=ORIENTED_EDGE('',*,*,#5841,.T.);
#7732=ORIENTED_EDGE('',*,*,#5837,.T.);
#7733=ORIENTED_EDGE('',*,*,#5836,.F.);
#7734=ORIENTED_EDGE('',*,*,#5842,.F.);
#7735=ORIENTED_EDGE('',*,*,#5843,.F.);
#7736=ORIENTED_EDGE('',*,*,#5840,.F.);
#7737=ORIENTED_EDGE('',*,*,#5816,.F.);
#7738=ORIENTED_EDGE('',*,*,#5844,.T.);
#7739=ORIENTED_EDGE('',*,*,#5845,.T.);
#7740=ORIENTED_EDGE('',*,*,#5842,.T.);
#7741=ORIENTED_EDGE('',*,*,#5814,.F.);
#7742=ORIENTED_EDGE('',*,*,#5835,.F.);
#7743=ORIENTED_EDGE('',*,*,#5834,.F.);
#7744=ORIENTED_EDGE('',*,*,#5831,.F.);
#7745=ORIENTED_EDGE('',*,*,#5828,.F.);
#7746=ORIENTED_EDGE('',*,*,#5825,.F.);
#7747=ORIENTED_EDGE('',*,*,#5822,.F.);
#7748=ORIENTED_EDGE('',*,*,#5819,.F.);
#7749=ORIENTED_EDGE('',*,*,#5821,.F.);
#7750=ORIENTED_EDGE('',*,*,#5846,.T.);
#7751=ORIENTED_EDGE('',*,*,#5847,.T.);
#7752=ORIENTED_EDGE('',*,*,#5848,.T.);
#7753=ORIENTED_EDGE('',*,*,#5824,.F.);
#7754=ORIENTED_EDGE('',*,*,#5849,.F.);
#7755=ORIENTED_EDGE('',*,*,#5850,.F.);
#7756=ORIENTED_EDGE('',*,*,#5846,.F.);
#7757=ORIENTED_EDGE('',*,*,#5827,.F.);
#7758=ORIENTED_EDGE('',*,*,#5839,.T.);
#7759=ORIENTED_EDGE('',*,*,#5851,.T.);
#7760=ORIENTED_EDGE('',*,*,#5849,.T.);
#7761=ORIENTED_EDGE('',*,*,#5818,.F.);
#7762=ORIENTED_EDGE('',*,*,#5848,.F.);
#7763=ORIENTED_EDGE('',*,*,#5852,.F.);
#7764=ORIENTED_EDGE('',*,*,#5844,.F.);
#7765=ORIENTED_EDGE('',*,*,#5847,.F.);
#7766=ORIENTED_EDGE('',*,*,#5850,.T.);
#7767=ORIENTED_EDGE('',*,*,#5851,.F.);
#7768=ORIENTED_EDGE('',*,*,#5838,.T.);
#7769=ORIENTED_EDGE('',*,*,#5841,.F.);
#7770=ORIENTED_EDGE('',*,*,#5843,.T.);
#7771=ORIENTED_EDGE('',*,*,#5845,.F.);
#7772=ORIENTED_EDGE('',*,*,#5852,.T.);
#7773=ORIENTED_EDGE('',*,*,#5853,.T.);
#7774=ORIENTED_EDGE('',*,*,#5854,.T.);
#7775=ORIENTED_EDGE('',*,*,#5855,.T.);
#7776=ORIENTED_EDGE('',*,*,#5856,.T.);
#7777=ORIENTED_EDGE('',*,*,#5857,.T.);
#7778=ORIENTED_EDGE('',*,*,#5858,.T.);
#7779=ORIENTED_EDGE('',*,*,#5855,.F.);
#7780=ORIENTED_EDGE('',*,*,#5859,.T.);
#7781=ORIENTED_EDGE('',*,*,#5860,.T.);
#7782=ORIENTED_EDGE('',*,*,#5861,.T.);
#7783=ORIENTED_EDGE('',*,*,#5857,.F.);
#7784=ORIENTED_EDGE('',*,*,#5862,.T.);
#7785=ORIENTED_EDGE('',*,*,#5863,.T.);
#7786=ORIENTED_EDGE('',*,*,#5864,.T.);
#7787=ORIENTED_EDGE('',*,*,#5860,.F.);
#7788=ORIENTED_EDGE('',*,*,#5865,.T.);
#7789=ORIENTED_EDGE('',*,*,#5866,.T.);
#7790=ORIENTED_EDGE('',*,*,#5867,.T.);
#7791=ORIENTED_EDGE('',*,*,#5863,.F.);
#7792=ORIENTED_EDGE('',*,*,#5868,.T.);
#7793=ORIENTED_EDGE('',*,*,#5869,.T.);
#7794=ORIENTED_EDGE('',*,*,#5870,.T.);
#7795=ORIENTED_EDGE('',*,*,#5866,.F.);
#7796=ORIENTED_EDGE('',*,*,#5871,.T.);
#7797=ORIENTED_EDGE('',*,*,#5872,.T.);
#7798=ORIENTED_EDGE('',*,*,#5873,.T.);
#7799=ORIENTED_EDGE('',*,*,#5869,.F.);
#7800=ORIENTED_EDGE('',*,*,#5874,.T.);
#7801=ORIENTED_EDGE('',*,*,#5872,.F.);
#7802=ORIENTED_EDGE('',*,*,#5875,.T.);
#7803=ORIENTED_EDGE('',*,*,#5853,.F.);
#7804=ORIENTED_EDGE('',*,*,#5876,.T.);
#7805=ORIENTED_EDGE('',*,*,#5870,.F.);
#7806=ORIENTED_EDGE('',*,*,#5877,.F.);
#7807=ORIENTED_EDGE('',*,*,#5878,.F.);
#7808=ORIENTED_EDGE('',*,*,#5879,.F.);
#7809=ORIENTED_EDGE('',*,*,#5873,.F.);
#7810=ORIENTED_EDGE('',*,*,#5880,.T.);
#7811=ORIENTED_EDGE('',*,*,#5881,.T.);
#7812=ORIENTED_EDGE('',*,*,#5877,.T.);
#7813=ORIENTED_EDGE('',*,*,#5876,.F.);
#7814=ORIENTED_EDGE('',*,*,#5882,.F.);
#7815=ORIENTED_EDGE('',*,*,#5883,.F.);
#7816=ORIENTED_EDGE('',*,*,#5880,.F.);
#7817=ORIENTED_EDGE('',*,*,#5856,.F.);
#7818=ORIENTED_EDGE('',*,*,#5884,.T.);
#7819=ORIENTED_EDGE('',*,*,#5885,.T.);
#7820=ORIENTED_EDGE('',*,*,#5882,.T.);
#7821=ORIENTED_EDGE('',*,*,#5854,.F.);
#7822=ORIENTED_EDGE('',*,*,#5875,.F.);
#7823=ORIENTED_EDGE('',*,*,#5874,.F.);
#7824=ORIENTED_EDGE('',*,*,#5871,.F.);
#7825=ORIENTED_EDGE('',*,*,#5868,.F.);
#7826=ORIENTED_EDGE('',*,*,#5865,.F.);
#7827=ORIENTED_EDGE('',*,*,#5862,.F.);
#7828=ORIENTED_EDGE('',*,*,#5859,.F.);
#7829=ORIENTED_EDGE('',*,*,#5867,.F.);
#7830=ORIENTED_EDGE('',*,*,#5879,.T.);
#7831=ORIENTED_EDGE('',*,*,#5886,.T.);
#7832=ORIENTED_EDGE('',*,*,#5887,.T.);
#7833=ORIENTED_EDGE('',*,*,#5886,.F.);
#7834=ORIENTED_EDGE('',*,*,#5878,.T.);
#7835=ORIENTED_EDGE('',*,*,#5881,.F.);
#7836=ORIENTED_EDGE('',*,*,#5883,.T.);
#7837=ORIENTED_EDGE('',*,*,#5885,.F.);
#7838=ORIENTED_EDGE('',*,*,#5888,.T.);
#7839=ORIENTED_EDGE('',*,*,#5889,.F.);
#7840=ORIENTED_EDGE('',*,*,#5890,.T.);
#7841=ORIENTED_EDGE('',*,*,#5861,.F.);
#7842=ORIENTED_EDGE('',*,*,#5891,.T.);
#7843=ORIENTED_EDGE('',*,*,#5889,.T.);
#7844=ORIENTED_EDGE('',*,*,#5892,.T.);
#7845=ORIENTED_EDGE('',*,*,#5858,.F.);
#7846=ORIENTED_EDGE('',*,*,#5892,.F.);
#7847=ORIENTED_EDGE('',*,*,#5888,.F.);
#7848=ORIENTED_EDGE('',*,*,#5884,.F.);
#7849=ORIENTED_EDGE('',*,*,#5864,.F.);
#7850=ORIENTED_EDGE('',*,*,#5887,.F.);
#7851=ORIENTED_EDGE('',*,*,#5890,.F.);
#7852=ORIENTED_EDGE('',*,*,#5891,.F.);
#7853=ORIENTED_EDGE('',*,*,#5893,.T.);
#7854=ORIENTED_EDGE('',*,*,#5894,.T.);
#7855=ORIENTED_EDGE('',*,*,#5895,.T.);
#7856=ORIENTED_EDGE('',*,*,#5896,.T.);
#7857=ORIENTED_EDGE('',*,*,#5897,.T.);
#7858=ORIENTED_EDGE('',*,*,#5898,.T.);
#7859=ORIENTED_EDGE('',*,*,#5895,.F.);
#7860=ORIENTED_EDGE('',*,*,#5899,.T.);
#7861=ORIENTED_EDGE('',*,*,#5900,.T.);
#7862=ORIENTED_EDGE('',*,*,#5901,.T.);
#7863=ORIENTED_EDGE('',*,*,#5897,.F.);
#7864=ORIENTED_EDGE('',*,*,#5902,.T.);
#7865=ORIENTED_EDGE('',*,*,#5903,.T.);
#7866=ORIENTED_EDGE('',*,*,#5904,.T.);
#7867=ORIENTED_EDGE('',*,*,#5900,.F.);
#7868=ORIENTED_EDGE('',*,*,#5905,.T.);
#7869=ORIENTED_EDGE('',*,*,#5906,.T.);
#7870=ORIENTED_EDGE('',*,*,#5907,.T.);
#7871=ORIENTED_EDGE('',*,*,#5903,.F.);
#7872=ORIENTED_EDGE('',*,*,#5908,.T.);
#7873=ORIENTED_EDGE('',*,*,#5909,.T.);
#7874=ORIENTED_EDGE('',*,*,#5910,.T.);
#7875=ORIENTED_EDGE('',*,*,#5906,.F.);
#7876=ORIENTED_EDGE('',*,*,#5911,.T.);
#7877=ORIENTED_EDGE('',*,*,#5912,.T.);
#7878=ORIENTED_EDGE('',*,*,#5913,.T.);
#7879=ORIENTED_EDGE('',*,*,#5909,.F.);
#7880=ORIENTED_EDGE('',*,*,#5914,.T.);
#7881=ORIENTED_EDGE('',*,*,#5912,.F.);
#7882=ORIENTED_EDGE('',*,*,#5915,.T.);
#7883=ORIENTED_EDGE('',*,*,#5893,.F.);
#7884=ORIENTED_EDGE('',*,*,#5916,.T.);
#7885=ORIENTED_EDGE('',*,*,#5910,.F.);
#7886=ORIENTED_EDGE('',*,*,#5917,.F.);
#7887=ORIENTED_EDGE('',*,*,#5918,.F.);
#7888=ORIENTED_EDGE('',*,*,#5919,.F.);
#7889=ORIENTED_EDGE('',*,*,#5913,.F.);
#7890=ORIENTED_EDGE('',*,*,#5920,.T.);
#7891=ORIENTED_EDGE('',*,*,#5921,.T.);
#7892=ORIENTED_EDGE('',*,*,#5917,.T.);
#7893=ORIENTED_EDGE('',*,*,#5916,.F.);
#7894=ORIENTED_EDGE('',*,*,#5922,.F.);
#7895=ORIENTED_EDGE('',*,*,#5923,.F.);
#7896=ORIENTED_EDGE('',*,*,#5920,.F.);
#7897=ORIENTED_EDGE('',*,*,#5896,.F.);
#7898=ORIENTED_EDGE('',*,*,#5924,.T.);
#7899=ORIENTED_EDGE('',*,*,#5925,.T.);
#7900=ORIENTED_EDGE('',*,*,#5922,.T.);
#7901=ORIENTED_EDGE('',*,*,#5894,.F.);
#7902=ORIENTED_EDGE('',*,*,#5915,.F.);
#7903=ORIENTED_EDGE('',*,*,#5914,.F.);
#7904=ORIENTED_EDGE('',*,*,#5911,.F.);
#7905=ORIENTED_EDGE('',*,*,#5908,.F.);
#7906=ORIENTED_EDGE('',*,*,#5905,.F.);
#7907=ORIENTED_EDGE('',*,*,#5902,.F.);
#7908=ORIENTED_EDGE('',*,*,#5899,.F.);
#7909=ORIENTED_EDGE('',*,*,#5901,.F.);
#7910=ORIENTED_EDGE('',*,*,#5926,.T.);
#7911=ORIENTED_EDGE('',*,*,#5927,.T.);
#7912=ORIENTED_EDGE('',*,*,#5928,.T.);
#7913=ORIENTED_EDGE('',*,*,#5898,.F.);
#7914=ORIENTED_EDGE('',*,*,#5928,.F.);
#7915=ORIENTED_EDGE('',*,*,#5929,.F.);
#7916=ORIENTED_EDGE('',*,*,#5924,.F.);
#7917=ORIENTED_EDGE('',*,*,#5927,.F.);
#7918=ORIENTED_EDGE('',*,*,#5930,.T.);
#7919=ORIENTED_EDGE('',*,*,#5931,.F.);
#7920=ORIENTED_EDGE('',*,*,#5918,.T.);
#7921=ORIENTED_EDGE('',*,*,#5921,.F.);
#7922=ORIENTED_EDGE('',*,*,#5923,.T.);
#7923=ORIENTED_EDGE('',*,*,#5925,.F.);
#7924=ORIENTED_EDGE('',*,*,#5929,.T.);
#7925=ORIENTED_EDGE('',*,*,#5907,.F.);
#7926=ORIENTED_EDGE('',*,*,#5919,.T.);
#7927=ORIENTED_EDGE('',*,*,#5931,.T.);
#7928=ORIENTED_EDGE('',*,*,#5932,.T.);
#7929=ORIENTED_EDGE('',*,*,#5904,.F.);
#7930=ORIENTED_EDGE('',*,*,#5932,.F.);
#7931=ORIENTED_EDGE('',*,*,#5930,.F.);
#7932=ORIENTED_EDGE('',*,*,#5926,.F.);
#7933=ORIENTED_EDGE('',*,*,#5933,.T.);
#7934=ORIENTED_EDGE('',*,*,#5934,.T.);
#7935=ORIENTED_EDGE('',*,*,#5935,.T.);
#7936=ORIENTED_EDGE('',*,*,#5936,.T.);
#7937=ORIENTED_EDGE('',*,*,#5937,.T.);
#7938=ORIENTED_EDGE('',*,*,#5938,.T.);
#7939=ORIENTED_EDGE('',*,*,#5935,.F.);
#7940=ORIENTED_EDGE('',*,*,#5939,.T.);
#7941=ORIENTED_EDGE('',*,*,#5940,.T.);
#7942=ORIENTED_EDGE('',*,*,#5941,.T.);
#7943=ORIENTED_EDGE('',*,*,#5937,.F.);
#7944=ORIENTED_EDGE('',*,*,#5942,.T.);
#7945=ORIENTED_EDGE('',*,*,#5943,.T.);
#7946=ORIENTED_EDGE('',*,*,#5944,.T.);
#7947=ORIENTED_EDGE('',*,*,#5940,.F.);
#7948=ORIENTED_EDGE('',*,*,#5945,.T.);
#7949=ORIENTED_EDGE('',*,*,#5946,.T.);
#7950=ORIENTED_EDGE('',*,*,#5947,.T.);
#7951=ORIENTED_EDGE('',*,*,#5943,.F.);
#7952=ORIENTED_EDGE('',*,*,#5948,.T.);
#7953=ORIENTED_EDGE('',*,*,#5949,.T.);
#7954=ORIENTED_EDGE('',*,*,#5950,.T.);
#7955=ORIENTED_EDGE('',*,*,#5946,.F.);
#7956=ORIENTED_EDGE('',*,*,#5951,.T.);
#7957=ORIENTED_EDGE('',*,*,#5952,.T.);
#7958=ORIENTED_EDGE('',*,*,#5953,.T.);
#7959=ORIENTED_EDGE('',*,*,#5949,.F.);
#7960=ORIENTED_EDGE('',*,*,#5954,.T.);
#7961=ORIENTED_EDGE('',*,*,#5952,.F.);
#7962=ORIENTED_EDGE('',*,*,#5955,.T.);
#7963=ORIENTED_EDGE('',*,*,#5933,.F.);
#7964=ORIENTED_EDGE('',*,*,#5956,.T.);
#7965=ORIENTED_EDGE('',*,*,#5950,.F.);
#7966=ORIENTED_EDGE('',*,*,#5957,.F.);
#7967=ORIENTED_EDGE('',*,*,#5958,.F.);
#7968=ORIENTED_EDGE('',*,*,#5959,.F.);
#7969=ORIENTED_EDGE('',*,*,#5953,.F.);
#7970=ORIENTED_EDGE('',*,*,#5960,.T.);
#7971=ORIENTED_EDGE('',*,*,#5961,.T.);
#7972=ORIENTED_EDGE('',*,*,#5957,.T.);
#7973=ORIENTED_EDGE('',*,*,#5956,.F.);
#7974=ORIENTED_EDGE('',*,*,#5962,.F.);
#7975=ORIENTED_EDGE('',*,*,#5963,.F.);
#7976=ORIENTED_EDGE('',*,*,#5960,.F.);
#7977=ORIENTED_EDGE('',*,*,#5936,.F.);
#7978=ORIENTED_EDGE('',*,*,#5964,.T.);
#7979=ORIENTED_EDGE('',*,*,#5965,.T.);
#7980=ORIENTED_EDGE('',*,*,#5962,.T.);
#7981=ORIENTED_EDGE('',*,*,#5934,.F.);
#7982=ORIENTED_EDGE('',*,*,#5955,.F.);
#7983=ORIENTED_EDGE('',*,*,#5954,.F.);
#7984=ORIENTED_EDGE('',*,*,#5951,.F.);
#7985=ORIENTED_EDGE('',*,*,#5948,.F.);
#7986=ORIENTED_EDGE('',*,*,#5945,.F.);
#7987=ORIENTED_EDGE('',*,*,#5942,.F.);
#7988=ORIENTED_EDGE('',*,*,#5939,.F.);
#7989=ORIENTED_EDGE('',*,*,#5938,.F.);
#7990=ORIENTED_EDGE('',*,*,#5966,.F.);
#7991=ORIENTED_EDGE('',*,*,#5967,.F.);
#7992=ORIENTED_EDGE('',*,*,#5964,.F.);
#7993=ORIENTED_EDGE('',*,*,#5941,.F.);
#7994=ORIENTED_EDGE('',*,*,#5968,.T.);
#7995=ORIENTED_EDGE('',*,*,#5969,.T.);
#7996=ORIENTED_EDGE('',*,*,#5966,.T.);
#7997=ORIENTED_EDGE('',*,*,#5944,.F.);
#7998=ORIENTED_EDGE('',*,*,#5970,.F.);
#7999=ORIENTED_EDGE('',*,*,#5971,.F.);
#8000=ORIENTED_EDGE('',*,*,#5968,.F.);
#8001=ORIENTED_EDGE('',*,*,#5947,.F.);
#8002=ORIENTED_EDGE('',*,*,#5959,.T.);
#8003=ORIENTED_EDGE('',*,*,#5972,.T.);
#8004=ORIENTED_EDGE('',*,*,#5970,.T.);
#8005=ORIENTED_EDGE('',*,*,#5965,.F.);
#8006=ORIENTED_EDGE('',*,*,#5967,.T.);
#8007=ORIENTED_EDGE('',*,*,#5969,.F.);
#8008=ORIENTED_EDGE('',*,*,#5971,.T.);
#8009=ORIENTED_EDGE('',*,*,#5972,.F.);
#8010=ORIENTED_EDGE('',*,*,#5958,.T.);
#8011=ORIENTED_EDGE('',*,*,#5961,.F.);
#8012=ORIENTED_EDGE('',*,*,#5963,.T.);
#8013=ORIENTED_EDGE('',*,*,#5973,.T.);
#8014=ORIENTED_EDGE('',*,*,#5974,.T.);
#8015=ORIENTED_EDGE('',*,*,#5975,.T.);
#8016=ORIENTED_EDGE('',*,*,#5976,.T.);
#8017=ORIENTED_EDGE('',*,*,#5977,.T.);
#8018=ORIENTED_EDGE('',*,*,#5978,.T.);
#8019=ORIENTED_EDGE('',*,*,#5975,.F.);
#8020=ORIENTED_EDGE('',*,*,#5979,.T.);
#8021=ORIENTED_EDGE('',*,*,#5980,.T.);
#8022=ORIENTED_EDGE('',*,*,#5981,.T.);
#8023=ORIENTED_EDGE('',*,*,#5977,.F.);
#8024=ORIENTED_EDGE('',*,*,#5982,.T.);
#8025=ORIENTED_EDGE('',*,*,#5983,.T.);
#8026=ORIENTED_EDGE('',*,*,#5984,.T.);
#8027=ORIENTED_EDGE('',*,*,#5980,.F.);
#8028=ORIENTED_EDGE('',*,*,#5985,.T.);
#8029=ORIENTED_EDGE('',*,*,#5986,.T.);
#8030=ORIENTED_EDGE('',*,*,#5987,.T.);
#8031=ORIENTED_EDGE('',*,*,#5983,.F.);
#8032=ORIENTED_EDGE('',*,*,#5988,.T.);
#8033=ORIENTED_EDGE('',*,*,#5989,.T.);
#8034=ORIENTED_EDGE('',*,*,#5990,.T.);
#8035=ORIENTED_EDGE('',*,*,#5986,.F.);
#8036=ORIENTED_EDGE('',*,*,#5991,.T.);
#8037=ORIENTED_EDGE('',*,*,#5992,.T.);
#8038=ORIENTED_EDGE('',*,*,#5993,.T.);
#8039=ORIENTED_EDGE('',*,*,#5989,.F.);
#8040=ORIENTED_EDGE('',*,*,#5994,.T.);
#8041=ORIENTED_EDGE('',*,*,#5992,.F.);
#8042=ORIENTED_EDGE('',*,*,#5995,.T.);
#8043=ORIENTED_EDGE('',*,*,#5973,.F.);
#8044=ORIENTED_EDGE('',*,*,#5996,.T.);
#8045=ORIENTED_EDGE('',*,*,#5990,.F.);
#8046=ORIENTED_EDGE('',*,*,#5997,.F.);
#8047=ORIENTED_EDGE('',*,*,#5998,.F.);
#8048=ORIENTED_EDGE('',*,*,#5999,.F.);
#8049=ORIENTED_EDGE('',*,*,#5993,.F.);
#8050=ORIENTED_EDGE('',*,*,#6000,.T.);
#8051=ORIENTED_EDGE('',*,*,#6001,.T.);
#8052=ORIENTED_EDGE('',*,*,#5997,.T.);
#8053=ORIENTED_EDGE('',*,*,#5996,.F.);
#8054=ORIENTED_EDGE('',*,*,#6002,.F.);
#8055=ORIENTED_EDGE('',*,*,#6003,.F.);
#8056=ORIENTED_EDGE('',*,*,#6000,.F.);
#8057=ORIENTED_EDGE('',*,*,#5976,.F.);
#8058=ORIENTED_EDGE('',*,*,#6004,.T.);
#8059=ORIENTED_EDGE('',*,*,#6005,.T.);
#8060=ORIENTED_EDGE('',*,*,#6002,.T.);
#8061=ORIENTED_EDGE('',*,*,#5974,.F.);
#8062=ORIENTED_EDGE('',*,*,#5995,.F.);
#8063=ORIENTED_EDGE('',*,*,#5994,.F.);
#8064=ORIENTED_EDGE('',*,*,#5991,.F.);
#8065=ORIENTED_EDGE('',*,*,#5988,.F.);
#8066=ORIENTED_EDGE('',*,*,#5985,.F.);
#8067=ORIENTED_EDGE('',*,*,#5982,.F.);
#8068=ORIENTED_EDGE('',*,*,#5979,.F.);
#8069=ORIENTED_EDGE('',*,*,#5987,.F.);
#8070=ORIENTED_EDGE('',*,*,#5999,.T.);
#8071=ORIENTED_EDGE('',*,*,#6006,.T.);
#8072=ORIENTED_EDGE('',*,*,#6007,.T.);
#8073=ORIENTED_EDGE('',*,*,#6006,.F.);
#8074=ORIENTED_EDGE('',*,*,#5998,.T.);
#8075=ORIENTED_EDGE('',*,*,#6001,.F.);
#8076=ORIENTED_EDGE('',*,*,#6003,.T.);
#8077=ORIENTED_EDGE('',*,*,#6005,.F.);
#8078=ORIENTED_EDGE('',*,*,#6008,.T.);
#8079=ORIENTED_EDGE('',*,*,#6009,.F.);
#8080=ORIENTED_EDGE('',*,*,#6010,.T.);
#8081=ORIENTED_EDGE('',*,*,#5981,.F.);
#8082=ORIENTED_EDGE('',*,*,#6011,.T.);
#8083=ORIENTED_EDGE('',*,*,#6009,.T.);
#8084=ORIENTED_EDGE('',*,*,#6012,.T.);
#8085=ORIENTED_EDGE('',*,*,#5978,.F.);
#8086=ORIENTED_EDGE('',*,*,#6012,.F.);
#8087=ORIENTED_EDGE('',*,*,#6008,.F.);
#8088=ORIENTED_EDGE('',*,*,#6004,.F.);
#8089=ORIENTED_EDGE('',*,*,#5984,.F.);
#8090=ORIENTED_EDGE('',*,*,#6007,.F.);
#8091=ORIENTED_EDGE('',*,*,#6010,.F.);
#8092=ORIENTED_EDGE('',*,*,#6011,.F.);
#8093=ORIENTED_EDGE('',*,*,#6013,.T.);
#8094=ORIENTED_EDGE('',*,*,#6014,.T.);
#8095=ORIENTED_EDGE('',*,*,#6015,.T.);
#8096=ORIENTED_EDGE('',*,*,#6016,.T.);
#8097=ORIENTED_EDGE('',*,*,#6017,.T.);
#8098=ORIENTED_EDGE('',*,*,#6018,.T.);
#8099=ORIENTED_EDGE('',*,*,#6015,.F.);
#8100=ORIENTED_EDGE('',*,*,#6019,.T.);
#8101=ORIENTED_EDGE('',*,*,#6020,.T.);
#8102=ORIENTED_EDGE('',*,*,#6021,.T.);
#8103=ORIENTED_EDGE('',*,*,#6017,.F.);
#8104=ORIENTED_EDGE('',*,*,#6022,.T.);
#8105=ORIENTED_EDGE('',*,*,#6023,.T.);
#8106=ORIENTED_EDGE('',*,*,#6024,.T.);
#8107=ORIENTED_EDGE('',*,*,#6020,.F.);
#8108=ORIENTED_EDGE('',*,*,#6025,.T.);
#8109=ORIENTED_EDGE('',*,*,#6026,.T.);
#8110=ORIENTED_EDGE('',*,*,#6027,.T.);
#8111=ORIENTED_EDGE('',*,*,#6023,.F.);
#8112=ORIENTED_EDGE('',*,*,#6028,.T.);
#8113=ORIENTED_EDGE('',*,*,#6029,.T.);
#8114=ORIENTED_EDGE('',*,*,#6030,.T.);
#8115=ORIENTED_EDGE('',*,*,#6026,.F.);
#8116=ORIENTED_EDGE('',*,*,#6031,.T.);
#8117=ORIENTED_EDGE('',*,*,#6032,.T.);
#8118=ORIENTED_EDGE('',*,*,#6033,.T.);
#8119=ORIENTED_EDGE('',*,*,#6029,.F.);
#8120=ORIENTED_EDGE('',*,*,#6034,.T.);
#8121=ORIENTED_EDGE('',*,*,#6032,.F.);
#8122=ORIENTED_EDGE('',*,*,#6035,.T.);
#8123=ORIENTED_EDGE('',*,*,#6013,.F.);
#8124=ORIENTED_EDGE('',*,*,#6036,.T.);
#8125=ORIENTED_EDGE('',*,*,#6030,.F.);
#8126=ORIENTED_EDGE('',*,*,#6037,.F.);
#8127=ORIENTED_EDGE('',*,*,#6038,.F.);
#8128=ORIENTED_EDGE('',*,*,#6039,.F.);
#8129=ORIENTED_EDGE('',*,*,#6033,.F.);
#8130=ORIENTED_EDGE('',*,*,#6040,.T.);
#8131=ORIENTED_EDGE('',*,*,#6041,.T.);
#8132=ORIENTED_EDGE('',*,*,#6037,.T.);
#8133=ORIENTED_EDGE('',*,*,#6036,.F.);
#8134=ORIENTED_EDGE('',*,*,#6042,.F.);
#8135=ORIENTED_EDGE('',*,*,#6043,.F.);
#8136=ORIENTED_EDGE('',*,*,#6040,.F.);
#8137=ORIENTED_EDGE('',*,*,#6016,.F.);
#8138=ORIENTED_EDGE('',*,*,#6044,.T.);
#8139=ORIENTED_EDGE('',*,*,#6045,.T.);
#8140=ORIENTED_EDGE('',*,*,#6042,.T.);
#8141=ORIENTED_EDGE('',*,*,#6014,.F.);
#8142=ORIENTED_EDGE('',*,*,#6035,.F.);
#8143=ORIENTED_EDGE('',*,*,#6034,.F.);
#8144=ORIENTED_EDGE('',*,*,#6031,.F.);
#8145=ORIENTED_EDGE('',*,*,#6028,.F.);
#8146=ORIENTED_EDGE('',*,*,#6025,.F.);
#8147=ORIENTED_EDGE('',*,*,#6022,.F.);
#8148=ORIENTED_EDGE('',*,*,#6019,.F.);
#8149=ORIENTED_EDGE('',*,*,#6027,.F.);
#8150=ORIENTED_EDGE('',*,*,#6039,.T.);
#8151=ORIENTED_EDGE('',*,*,#6046,.T.);
#8152=ORIENTED_EDGE('',*,*,#6047,.T.);
#8153=ORIENTED_EDGE('',*,*,#6046,.F.);
#8154=ORIENTED_EDGE('',*,*,#6038,.T.);
#8155=ORIENTED_EDGE('',*,*,#6041,.F.);
#8156=ORIENTED_EDGE('',*,*,#6043,.T.);
#8157=ORIENTED_EDGE('',*,*,#6045,.F.);
#8158=ORIENTED_EDGE('',*,*,#6048,.T.);
#8159=ORIENTED_EDGE('',*,*,#6049,.F.);
#8160=ORIENTED_EDGE('',*,*,#6050,.T.);
#8161=ORIENTED_EDGE('',*,*,#6021,.F.);
#8162=ORIENTED_EDGE('',*,*,#6051,.T.);
#8163=ORIENTED_EDGE('',*,*,#6049,.T.);
#8164=ORIENTED_EDGE('',*,*,#6052,.T.);
#8165=ORIENTED_EDGE('',*,*,#6018,.F.);
#8166=ORIENTED_EDGE('',*,*,#6052,.F.);
#8167=ORIENTED_EDGE('',*,*,#6048,.F.);
#8168=ORIENTED_EDGE('',*,*,#6044,.F.);
#8169=ORIENTED_EDGE('',*,*,#6024,.F.);
#8170=ORIENTED_EDGE('',*,*,#6047,.F.);
#8171=ORIENTED_EDGE('',*,*,#6050,.F.);
#8172=ORIENTED_EDGE('',*,*,#6051,.F.);
#8173=ORIENTED_EDGE('',*,*,#6053,.T.);
#8174=ORIENTED_EDGE('',*,*,#6054,.T.);
#8175=ORIENTED_EDGE('',*,*,#6055,.T.);
#8176=ORIENTED_EDGE('',*,*,#6056,.T.);
#8177=ORIENTED_EDGE('',*,*,#6057,.T.);
#8178=ORIENTED_EDGE('',*,*,#6058,.T.);
#8179=ORIENTED_EDGE('',*,*,#6055,.F.);
#8180=ORIENTED_EDGE('',*,*,#6059,.T.);
#8181=ORIENTED_EDGE('',*,*,#6060,.T.);
#8182=ORIENTED_EDGE('',*,*,#6061,.T.);
#8183=ORIENTED_EDGE('',*,*,#6057,.F.);
#8184=ORIENTED_EDGE('',*,*,#6062,.T.);
#8185=ORIENTED_EDGE('',*,*,#6063,.T.);
#8186=ORIENTED_EDGE('',*,*,#6064,.T.);
#8187=ORIENTED_EDGE('',*,*,#6060,.F.);
#8188=ORIENTED_EDGE('',*,*,#6065,.T.);
#8189=ORIENTED_EDGE('',*,*,#6066,.T.);
#8190=ORIENTED_EDGE('',*,*,#6067,.T.);
#8191=ORIENTED_EDGE('',*,*,#6063,.F.);
#8192=ORIENTED_EDGE('',*,*,#6068,.T.);
#8193=ORIENTED_EDGE('',*,*,#6069,.T.);
#8194=ORIENTED_EDGE('',*,*,#6070,.T.);
#8195=ORIENTED_EDGE('',*,*,#6066,.F.);
#8196=ORIENTED_EDGE('',*,*,#6071,.T.);
#8197=ORIENTED_EDGE('',*,*,#6072,.T.);
#8198=ORIENTED_EDGE('',*,*,#6073,.T.);
#8199=ORIENTED_EDGE('',*,*,#6069,.F.);
#8200=ORIENTED_EDGE('',*,*,#6074,.T.);
#8201=ORIENTED_EDGE('',*,*,#6072,.F.);
#8202=ORIENTED_EDGE('',*,*,#6075,.T.);
#8203=ORIENTED_EDGE('',*,*,#6053,.F.);
#8204=ORIENTED_EDGE('',*,*,#6076,.T.);
#8205=ORIENTED_EDGE('',*,*,#6070,.F.);
#8206=ORIENTED_EDGE('',*,*,#6077,.F.);
#8207=ORIENTED_EDGE('',*,*,#6078,.F.);
#8208=ORIENTED_EDGE('',*,*,#6079,.F.);
#8209=ORIENTED_EDGE('',*,*,#6073,.F.);
#8210=ORIENTED_EDGE('',*,*,#6080,.T.);
#8211=ORIENTED_EDGE('',*,*,#6081,.T.);
#8212=ORIENTED_EDGE('',*,*,#6077,.T.);
#8213=ORIENTED_EDGE('',*,*,#6076,.F.);
#8214=ORIENTED_EDGE('',*,*,#6082,.F.);
#8215=ORIENTED_EDGE('',*,*,#6083,.F.);
#8216=ORIENTED_EDGE('',*,*,#6080,.F.);
#8217=ORIENTED_EDGE('',*,*,#6056,.F.);
#8218=ORIENTED_EDGE('',*,*,#6084,.T.);
#8219=ORIENTED_EDGE('',*,*,#6085,.T.);
#8220=ORIENTED_EDGE('',*,*,#6082,.T.);
#8221=ORIENTED_EDGE('',*,*,#6054,.F.);
#8222=ORIENTED_EDGE('',*,*,#6075,.F.);
#8223=ORIENTED_EDGE('',*,*,#6074,.F.);
#8224=ORIENTED_EDGE('',*,*,#6071,.F.);
#8225=ORIENTED_EDGE('',*,*,#6068,.F.);
#8226=ORIENTED_EDGE('',*,*,#6065,.F.);
#8227=ORIENTED_EDGE('',*,*,#6062,.F.);
#8228=ORIENTED_EDGE('',*,*,#6059,.F.);
#8229=ORIENTED_EDGE('',*,*,#6058,.F.);
#8230=ORIENTED_EDGE('',*,*,#6086,.F.);
#8231=ORIENTED_EDGE('',*,*,#6087,.F.);
#8232=ORIENTED_EDGE('',*,*,#6084,.F.);
#8233=ORIENTED_EDGE('',*,*,#6061,.F.);
#8234=ORIENTED_EDGE('',*,*,#6088,.T.);
#8235=ORIENTED_EDGE('',*,*,#6089,.T.);
#8236=ORIENTED_EDGE('',*,*,#6086,.T.);
#8237=ORIENTED_EDGE('',*,*,#6064,.F.);
#8238=ORIENTED_EDGE('',*,*,#6090,.F.);
#8239=ORIENTED_EDGE('',*,*,#6091,.F.);
#8240=ORIENTED_EDGE('',*,*,#6088,.F.);
#8241=ORIENTED_EDGE('',*,*,#6067,.F.);
#8242=ORIENTED_EDGE('',*,*,#6079,.T.);
#8243=ORIENTED_EDGE('',*,*,#6092,.T.);
#8244=ORIENTED_EDGE('',*,*,#6090,.T.);
#8245=ORIENTED_EDGE('',*,*,#6085,.F.);
#8246=ORIENTED_EDGE('',*,*,#6087,.T.);
#8247=ORIENTED_EDGE('',*,*,#6089,.F.);
#8248=ORIENTED_EDGE('',*,*,#6091,.T.);
#8249=ORIENTED_EDGE('',*,*,#6092,.F.);
#8250=ORIENTED_EDGE('',*,*,#6078,.T.);
#8251=ORIENTED_EDGE('',*,*,#6081,.F.);
#8252=ORIENTED_EDGE('',*,*,#6083,.T.);
#8253=ORIENTED_EDGE('',*,*,#6093,.T.);
#8254=ORIENTED_EDGE('',*,*,#6094,.T.);
#8255=ORIENTED_EDGE('',*,*,#6095,.T.);
#8256=ORIENTED_EDGE('',*,*,#6096,.T.);
#8257=ORIENTED_EDGE('',*,*,#6097,.T.);
#8258=ORIENTED_EDGE('',*,*,#6098,.T.);
#8259=ORIENTED_EDGE('',*,*,#6095,.F.);
#8260=ORIENTED_EDGE('',*,*,#6099,.T.);
#8261=ORIENTED_EDGE('',*,*,#6100,.T.);
#8262=ORIENTED_EDGE('',*,*,#6101,.T.);
#8263=ORIENTED_EDGE('',*,*,#6097,.F.);
#8264=ORIENTED_EDGE('',*,*,#6102,.T.);
#8265=ORIENTED_EDGE('',*,*,#6103,.T.);
#8266=ORIENTED_EDGE('',*,*,#6104,.T.);
#8267=ORIENTED_EDGE('',*,*,#6100,.F.);
#8268=ORIENTED_EDGE('',*,*,#6105,.T.);
#8269=ORIENTED_EDGE('',*,*,#6106,.T.);
#8270=ORIENTED_EDGE('',*,*,#6107,.T.);
#8271=ORIENTED_EDGE('',*,*,#6103,.F.);
#8272=ORIENTED_EDGE('',*,*,#6108,.T.);
#8273=ORIENTED_EDGE('',*,*,#6109,.T.);
#8274=ORIENTED_EDGE('',*,*,#6110,.T.);
#8275=ORIENTED_EDGE('',*,*,#6106,.F.);
#8276=ORIENTED_EDGE('',*,*,#6111,.T.);
#8277=ORIENTED_EDGE('',*,*,#6112,.T.);
#8278=ORIENTED_EDGE('',*,*,#6113,.T.);
#8279=ORIENTED_EDGE('',*,*,#6109,.F.);
#8280=ORIENTED_EDGE('',*,*,#6114,.T.);
#8281=ORIENTED_EDGE('',*,*,#6112,.F.);
#8282=ORIENTED_EDGE('',*,*,#6115,.T.);
#8283=ORIENTED_EDGE('',*,*,#6093,.F.);
#8284=ORIENTED_EDGE('',*,*,#6116,.T.);
#8285=ORIENTED_EDGE('',*,*,#6110,.F.);
#8286=ORIENTED_EDGE('',*,*,#6117,.F.);
#8287=ORIENTED_EDGE('',*,*,#6118,.F.);
#8288=ORIENTED_EDGE('',*,*,#6119,.F.);
#8289=ORIENTED_EDGE('',*,*,#6113,.F.);
#8290=ORIENTED_EDGE('',*,*,#6120,.T.);
#8291=ORIENTED_EDGE('',*,*,#6121,.T.);
#8292=ORIENTED_EDGE('',*,*,#6117,.T.);
#8293=ORIENTED_EDGE('',*,*,#6116,.F.);
#8294=ORIENTED_EDGE('',*,*,#6122,.F.);
#8295=ORIENTED_EDGE('',*,*,#6123,.F.);
#8296=ORIENTED_EDGE('',*,*,#6120,.F.);
#8297=ORIENTED_EDGE('',*,*,#6096,.F.);
#8298=ORIENTED_EDGE('',*,*,#6124,.T.);
#8299=ORIENTED_EDGE('',*,*,#6125,.T.);
#8300=ORIENTED_EDGE('',*,*,#6122,.T.);
#8301=ORIENTED_EDGE('',*,*,#6094,.F.);
#8302=ORIENTED_EDGE('',*,*,#6115,.F.);
#8303=ORIENTED_EDGE('',*,*,#6114,.F.);
#8304=ORIENTED_EDGE('',*,*,#6111,.F.);
#8305=ORIENTED_EDGE('',*,*,#6108,.F.);
#8306=ORIENTED_EDGE('',*,*,#6105,.F.);
#8307=ORIENTED_EDGE('',*,*,#6102,.F.);
#8308=ORIENTED_EDGE('',*,*,#6099,.F.);
#8309=ORIENTED_EDGE('',*,*,#6107,.F.);
#8310=ORIENTED_EDGE('',*,*,#6119,.T.);
#8311=ORIENTED_EDGE('',*,*,#6126,.T.);
#8312=ORIENTED_EDGE('',*,*,#6127,.T.);
#8313=ORIENTED_EDGE('',*,*,#6126,.F.);
#8314=ORIENTED_EDGE('',*,*,#6118,.T.);
#8315=ORIENTED_EDGE('',*,*,#6121,.F.);
#8316=ORIENTED_EDGE('',*,*,#6123,.T.);
#8317=ORIENTED_EDGE('',*,*,#6125,.F.);
#8318=ORIENTED_EDGE('',*,*,#6128,.T.);
#8319=ORIENTED_EDGE('',*,*,#6129,.F.);
#8320=ORIENTED_EDGE('',*,*,#6130,.T.);
#8321=ORIENTED_EDGE('',*,*,#6101,.F.);
#8322=ORIENTED_EDGE('',*,*,#6131,.T.);
#8323=ORIENTED_EDGE('',*,*,#6129,.T.);
#8324=ORIENTED_EDGE('',*,*,#6132,.T.);
#8325=ORIENTED_EDGE('',*,*,#6098,.F.);
#8326=ORIENTED_EDGE('',*,*,#6132,.F.);
#8327=ORIENTED_EDGE('',*,*,#6128,.F.);
#8328=ORIENTED_EDGE('',*,*,#6124,.F.);
#8329=ORIENTED_EDGE('',*,*,#6104,.F.);
#8330=ORIENTED_EDGE('',*,*,#6127,.F.);
#8331=ORIENTED_EDGE('',*,*,#6130,.F.);
#8332=ORIENTED_EDGE('',*,*,#6131,.F.);
#8333=ORIENTED_EDGE('',*,*,#6133,.T.);
#8334=ORIENTED_EDGE('',*,*,#6134,.T.);
#8335=ORIENTED_EDGE('',*,*,#6135,.T.);
#8336=ORIENTED_EDGE('',*,*,#6136,.T.);
#8337=ORIENTED_EDGE('',*,*,#6137,.T.);
#8338=ORIENTED_EDGE('',*,*,#6138,.T.);
#8339=ORIENTED_EDGE('',*,*,#6135,.F.);
#8340=ORIENTED_EDGE('',*,*,#6139,.T.);
#8341=ORIENTED_EDGE('',*,*,#6140,.T.);
#8342=ORIENTED_EDGE('',*,*,#6141,.T.);
#8343=ORIENTED_EDGE('',*,*,#6137,.F.);
#8344=ORIENTED_EDGE('',*,*,#6142,.T.);
#8345=ORIENTED_EDGE('',*,*,#6143,.T.);
#8346=ORIENTED_EDGE('',*,*,#6144,.T.);
#8347=ORIENTED_EDGE('',*,*,#6140,.F.);
#8348=ORIENTED_EDGE('',*,*,#6145,.T.);
#8349=ORIENTED_EDGE('',*,*,#6146,.T.);
#8350=ORIENTED_EDGE('',*,*,#6147,.T.);
#8351=ORIENTED_EDGE('',*,*,#6143,.F.);
#8352=ORIENTED_EDGE('',*,*,#6148,.T.);
#8353=ORIENTED_EDGE('',*,*,#6149,.T.);
#8354=ORIENTED_EDGE('',*,*,#6150,.T.);
#8355=ORIENTED_EDGE('',*,*,#6146,.F.);
#8356=ORIENTED_EDGE('',*,*,#6151,.T.);
#8357=ORIENTED_EDGE('',*,*,#6152,.T.);
#8358=ORIENTED_EDGE('',*,*,#6153,.T.);
#8359=ORIENTED_EDGE('',*,*,#6149,.F.);
#8360=ORIENTED_EDGE('',*,*,#6154,.T.);
#8361=ORIENTED_EDGE('',*,*,#6152,.F.);
#8362=ORIENTED_EDGE('',*,*,#6155,.T.);
#8363=ORIENTED_EDGE('',*,*,#6133,.F.);
#8364=ORIENTED_EDGE('',*,*,#6156,.T.);
#8365=ORIENTED_EDGE('',*,*,#6150,.F.);
#8366=ORIENTED_EDGE('',*,*,#6157,.F.);
#8367=ORIENTED_EDGE('',*,*,#6158,.F.);
#8368=ORIENTED_EDGE('',*,*,#6159,.F.);
#8369=ORIENTED_EDGE('',*,*,#6153,.F.);
#8370=ORIENTED_EDGE('',*,*,#6160,.T.);
#8371=ORIENTED_EDGE('',*,*,#6161,.T.);
#8372=ORIENTED_EDGE('',*,*,#6157,.T.);
#8373=ORIENTED_EDGE('',*,*,#6156,.F.);
#8374=ORIENTED_EDGE('',*,*,#6162,.F.);
#8375=ORIENTED_EDGE('',*,*,#6163,.F.);
#8376=ORIENTED_EDGE('',*,*,#6160,.F.);
#8377=ORIENTED_EDGE('',*,*,#6136,.F.);
#8378=ORIENTED_EDGE('',*,*,#6164,.T.);
#8379=ORIENTED_EDGE('',*,*,#6165,.T.);
#8380=ORIENTED_EDGE('',*,*,#6162,.T.);
#8381=ORIENTED_EDGE('',*,*,#6134,.F.);
#8382=ORIENTED_EDGE('',*,*,#6155,.F.);
#8383=ORIENTED_EDGE('',*,*,#6154,.F.);
#8384=ORIENTED_EDGE('',*,*,#6151,.F.);
#8385=ORIENTED_EDGE('',*,*,#6148,.F.);
#8386=ORIENTED_EDGE('',*,*,#6145,.F.);
#8387=ORIENTED_EDGE('',*,*,#6142,.F.);
#8388=ORIENTED_EDGE('',*,*,#6139,.F.);
#8389=ORIENTED_EDGE('',*,*,#6141,.F.);
#8390=ORIENTED_EDGE('',*,*,#6166,.T.);
#8391=ORIENTED_EDGE('',*,*,#6167,.T.);
#8392=ORIENTED_EDGE('',*,*,#6168,.T.);
#8393=ORIENTED_EDGE('',*,*,#6138,.F.);
#8394=ORIENTED_EDGE('',*,*,#6168,.F.);
#8395=ORIENTED_EDGE('',*,*,#6169,.F.);
#8396=ORIENTED_EDGE('',*,*,#6164,.F.);
#8397=ORIENTED_EDGE('',*,*,#6167,.F.);
#8398=ORIENTED_EDGE('',*,*,#6170,.T.);
#8399=ORIENTED_EDGE('',*,*,#6171,.F.);
#8400=ORIENTED_EDGE('',*,*,#6158,.T.);
#8401=ORIENTED_EDGE('',*,*,#6161,.F.);
#8402=ORIENTED_EDGE('',*,*,#6163,.T.);
#8403=ORIENTED_EDGE('',*,*,#6165,.F.);
#8404=ORIENTED_EDGE('',*,*,#6169,.T.);
#8405=ORIENTED_EDGE('',*,*,#6147,.F.);
#8406=ORIENTED_EDGE('',*,*,#6159,.T.);
#8407=ORIENTED_EDGE('',*,*,#6171,.T.);
#8408=ORIENTED_EDGE('',*,*,#6172,.T.);
#8409=ORIENTED_EDGE('',*,*,#6144,.F.);
#8410=ORIENTED_EDGE('',*,*,#6172,.F.);
#8411=ORIENTED_EDGE('',*,*,#6170,.F.);
#8412=ORIENTED_EDGE('',*,*,#6166,.F.);
#8413=ORIENTED_EDGE('',*,*,#6173,.T.);
#8414=ORIENTED_EDGE('',*,*,#6174,.T.);
#8415=ORIENTED_EDGE('',*,*,#6175,.T.);
#8416=ORIENTED_EDGE('',*,*,#6176,.T.);
#8417=ORIENTED_EDGE('',*,*,#6177,.T.);
#8418=ORIENTED_EDGE('',*,*,#6178,.T.);
#8419=ORIENTED_EDGE('',*,*,#6175,.F.);
#8420=ORIENTED_EDGE('',*,*,#6179,.T.);
#8421=ORIENTED_EDGE('',*,*,#6180,.T.);
#8422=ORIENTED_EDGE('',*,*,#6181,.T.);
#8423=ORIENTED_EDGE('',*,*,#6177,.F.);
#8424=ORIENTED_EDGE('',*,*,#6182,.T.);
#8425=ORIENTED_EDGE('',*,*,#6183,.T.);
#8426=ORIENTED_EDGE('',*,*,#6184,.T.);
#8427=ORIENTED_EDGE('',*,*,#6180,.F.);
#8428=ORIENTED_EDGE('',*,*,#6185,.T.);
#8429=ORIENTED_EDGE('',*,*,#6186,.T.);
#8430=ORIENTED_EDGE('',*,*,#6187,.T.);
#8431=ORIENTED_EDGE('',*,*,#6183,.F.);
#8432=ORIENTED_EDGE('',*,*,#6188,.T.);
#8433=ORIENTED_EDGE('',*,*,#6189,.T.);
#8434=ORIENTED_EDGE('',*,*,#6190,.T.);
#8435=ORIENTED_EDGE('',*,*,#6186,.F.);
#8436=ORIENTED_EDGE('',*,*,#6191,.T.);
#8437=ORIENTED_EDGE('',*,*,#6192,.T.);
#8438=ORIENTED_EDGE('',*,*,#6193,.T.);
#8439=ORIENTED_EDGE('',*,*,#6189,.F.);
#8440=ORIENTED_EDGE('',*,*,#6194,.T.);
#8441=ORIENTED_EDGE('',*,*,#6192,.F.);
#8442=ORIENTED_EDGE('',*,*,#6195,.T.);
#8443=ORIENTED_EDGE('',*,*,#6173,.F.);
#8444=ORIENTED_EDGE('',*,*,#6196,.T.);
#8445=ORIENTED_EDGE('',*,*,#6190,.F.);
#8446=ORIENTED_EDGE('',*,*,#6197,.F.);
#8447=ORIENTED_EDGE('',*,*,#6198,.F.);
#8448=ORIENTED_EDGE('',*,*,#6199,.F.);
#8449=ORIENTED_EDGE('',*,*,#6193,.F.);
#8450=ORIENTED_EDGE('',*,*,#6200,.T.);
#8451=ORIENTED_EDGE('',*,*,#6201,.T.);
#8452=ORIENTED_EDGE('',*,*,#6197,.T.);
#8453=ORIENTED_EDGE('',*,*,#6196,.F.);
#8454=ORIENTED_EDGE('',*,*,#6202,.F.);
#8455=ORIENTED_EDGE('',*,*,#6203,.F.);
#8456=ORIENTED_EDGE('',*,*,#6200,.F.);
#8457=ORIENTED_EDGE('',*,*,#6176,.F.);
#8458=ORIENTED_EDGE('',*,*,#6204,.T.);
#8459=ORIENTED_EDGE('',*,*,#6205,.T.);
#8460=ORIENTED_EDGE('',*,*,#6202,.T.);
#8461=ORIENTED_EDGE('',*,*,#6174,.F.);
#8462=ORIENTED_EDGE('',*,*,#6195,.F.);
#8463=ORIENTED_EDGE('',*,*,#6194,.F.);
#8464=ORIENTED_EDGE('',*,*,#6191,.F.);
#8465=ORIENTED_EDGE('',*,*,#6188,.F.);
#8466=ORIENTED_EDGE('',*,*,#6185,.F.);
#8467=ORIENTED_EDGE('',*,*,#6182,.F.);
#8468=ORIENTED_EDGE('',*,*,#6179,.F.);
#8469=ORIENTED_EDGE('',*,*,#6187,.F.);
#8470=ORIENTED_EDGE('',*,*,#6199,.T.);
#8471=ORIENTED_EDGE('',*,*,#6206,.T.);
#8472=ORIENTED_EDGE('',*,*,#6207,.T.);
#8473=ORIENTED_EDGE('',*,*,#6206,.F.);
#8474=ORIENTED_EDGE('',*,*,#6198,.T.);
#8475=ORIENTED_EDGE('',*,*,#6201,.F.);
#8476=ORIENTED_EDGE('',*,*,#6203,.T.);
#8477=ORIENTED_EDGE('',*,*,#6205,.F.);
#8478=ORIENTED_EDGE('',*,*,#6208,.T.);
#8479=ORIENTED_EDGE('',*,*,#6209,.F.);
#8480=ORIENTED_EDGE('',*,*,#6210,.T.);
#8481=ORIENTED_EDGE('',*,*,#6181,.F.);
#8482=ORIENTED_EDGE('',*,*,#6211,.T.);
#8483=ORIENTED_EDGE('',*,*,#6209,.T.);
#8484=ORIENTED_EDGE('',*,*,#6212,.T.);
#8485=ORIENTED_EDGE('',*,*,#6178,.F.);
#8486=ORIENTED_EDGE('',*,*,#6212,.F.);
#8487=ORIENTED_EDGE('',*,*,#6208,.F.);
#8488=ORIENTED_EDGE('',*,*,#6204,.F.);
#8489=ORIENTED_EDGE('',*,*,#6184,.F.);
#8490=ORIENTED_EDGE('',*,*,#6207,.F.);
#8491=ORIENTED_EDGE('',*,*,#6210,.F.);
#8492=ORIENTED_EDGE('',*,*,#6211,.F.);
#8493=ORIENTED_EDGE('',*,*,#6213,.T.);
#8494=ORIENTED_EDGE('',*,*,#6214,.T.);
#8495=ORIENTED_EDGE('',*,*,#6215,.T.);
#8496=ORIENTED_EDGE('',*,*,#6216,.T.);
#8497=ORIENTED_EDGE('',*,*,#6217,.T.);
#8498=ORIENTED_EDGE('',*,*,#6218,.T.);
#8499=ORIENTED_EDGE('',*,*,#6215,.F.);
#8500=ORIENTED_EDGE('',*,*,#6219,.T.);
#8501=ORIENTED_EDGE('',*,*,#6220,.T.);
#8502=ORIENTED_EDGE('',*,*,#6221,.T.);
#8503=ORIENTED_EDGE('',*,*,#6217,.F.);
#8504=ORIENTED_EDGE('',*,*,#6222,.T.);
#8505=ORIENTED_EDGE('',*,*,#6223,.T.);
#8506=ORIENTED_EDGE('',*,*,#6224,.T.);
#8507=ORIENTED_EDGE('',*,*,#6220,.F.);
#8508=ORIENTED_EDGE('',*,*,#6225,.T.);
#8509=ORIENTED_EDGE('',*,*,#6226,.T.);
#8510=ORIENTED_EDGE('',*,*,#6227,.T.);
#8511=ORIENTED_EDGE('',*,*,#6223,.F.);
#8512=ORIENTED_EDGE('',*,*,#6228,.T.);
#8513=ORIENTED_EDGE('',*,*,#6229,.T.);
#8514=ORIENTED_EDGE('',*,*,#6230,.T.);
#8515=ORIENTED_EDGE('',*,*,#6226,.F.);
#8516=ORIENTED_EDGE('',*,*,#6231,.T.);
#8517=ORIENTED_EDGE('',*,*,#6232,.T.);
#8518=ORIENTED_EDGE('',*,*,#6233,.T.);
#8519=ORIENTED_EDGE('',*,*,#6229,.F.);
#8520=ORIENTED_EDGE('',*,*,#6234,.T.);
#8521=ORIENTED_EDGE('',*,*,#6232,.F.);
#8522=ORIENTED_EDGE('',*,*,#6235,.T.);
#8523=ORIENTED_EDGE('',*,*,#6213,.F.);
#8524=ORIENTED_EDGE('',*,*,#6236,.T.);
#8525=ORIENTED_EDGE('',*,*,#6230,.F.);
#8526=ORIENTED_EDGE('',*,*,#6237,.F.);
#8527=ORIENTED_EDGE('',*,*,#6238,.F.);
#8528=ORIENTED_EDGE('',*,*,#6239,.F.);
#8529=ORIENTED_EDGE('',*,*,#6233,.F.);
#8530=ORIENTED_EDGE('',*,*,#6240,.T.);
#8531=ORIENTED_EDGE('',*,*,#6241,.T.);
#8532=ORIENTED_EDGE('',*,*,#6237,.T.);
#8533=ORIENTED_EDGE('',*,*,#6236,.F.);
#8534=ORIENTED_EDGE('',*,*,#6242,.F.);
#8535=ORIENTED_EDGE('',*,*,#6243,.F.);
#8536=ORIENTED_EDGE('',*,*,#6240,.F.);
#8537=ORIENTED_EDGE('',*,*,#6216,.F.);
#8538=ORIENTED_EDGE('',*,*,#6244,.T.);
#8539=ORIENTED_EDGE('',*,*,#6245,.T.);
#8540=ORIENTED_EDGE('',*,*,#6242,.T.);
#8541=ORIENTED_EDGE('',*,*,#6214,.F.);
#8542=ORIENTED_EDGE('',*,*,#6235,.F.);
#8543=ORIENTED_EDGE('',*,*,#6234,.F.);
#8544=ORIENTED_EDGE('',*,*,#6231,.F.);
#8545=ORIENTED_EDGE('',*,*,#6228,.F.);
#8546=ORIENTED_EDGE('',*,*,#6225,.F.);
#8547=ORIENTED_EDGE('',*,*,#6222,.F.);
#8548=ORIENTED_EDGE('',*,*,#6219,.F.);
#8549=ORIENTED_EDGE('',*,*,#6227,.F.);
#8550=ORIENTED_EDGE('',*,*,#6239,.T.);
#8551=ORIENTED_EDGE('',*,*,#6246,.T.);
#8552=ORIENTED_EDGE('',*,*,#6247,.T.);
#8553=ORIENTED_EDGE('',*,*,#6246,.F.);
#8554=ORIENTED_EDGE('',*,*,#6238,.T.);
#8555=ORIENTED_EDGE('',*,*,#6241,.F.);
#8556=ORIENTED_EDGE('',*,*,#6243,.T.);
#8557=ORIENTED_EDGE('',*,*,#6245,.F.);
#8558=ORIENTED_EDGE('',*,*,#6248,.T.);
#8559=ORIENTED_EDGE('',*,*,#6249,.F.);
#8560=ORIENTED_EDGE('',*,*,#6250,.T.);
#8561=ORIENTED_EDGE('',*,*,#6221,.F.);
#8562=ORIENTED_EDGE('',*,*,#6251,.T.);
#8563=ORIENTED_EDGE('',*,*,#6249,.T.);
#8564=ORIENTED_EDGE('',*,*,#6252,.T.);
#8565=ORIENTED_EDGE('',*,*,#6218,.F.);
#8566=ORIENTED_EDGE('',*,*,#6252,.F.);
#8567=ORIENTED_EDGE('',*,*,#6248,.F.);
#8568=ORIENTED_EDGE('',*,*,#6244,.F.);
#8569=ORIENTED_EDGE('',*,*,#6224,.F.);
#8570=ORIENTED_EDGE('',*,*,#6247,.F.);
#8571=ORIENTED_EDGE('',*,*,#6250,.F.);
#8572=ORIENTED_EDGE('',*,*,#6251,.F.);
#8573=ORIENTED_EDGE('',*,*,#6253,.T.);
#8574=ORIENTED_EDGE('',*,*,#6254,.T.);
#8575=ORIENTED_EDGE('',*,*,#6255,.T.);
#8576=ORIENTED_EDGE('',*,*,#6256,.T.);
#8577=ORIENTED_EDGE('',*,*,#6257,.T.);
#8578=ORIENTED_EDGE('',*,*,#6258,.T.);
#8579=ORIENTED_EDGE('',*,*,#6255,.F.);
#8580=ORIENTED_EDGE('',*,*,#6259,.T.);
#8581=ORIENTED_EDGE('',*,*,#6260,.T.);
#8582=ORIENTED_EDGE('',*,*,#6261,.T.);
#8583=ORIENTED_EDGE('',*,*,#6257,.F.);
#8584=ORIENTED_EDGE('',*,*,#6262,.T.);
#8585=ORIENTED_EDGE('',*,*,#6263,.T.);
#8586=ORIENTED_EDGE('',*,*,#6264,.T.);
#8587=ORIENTED_EDGE('',*,*,#6260,.F.);
#8588=ORIENTED_EDGE('',*,*,#6265,.T.);
#8589=ORIENTED_EDGE('',*,*,#6266,.T.);
#8590=ORIENTED_EDGE('',*,*,#6267,.T.);
#8591=ORIENTED_EDGE('',*,*,#6263,.F.);
#8592=ORIENTED_EDGE('',*,*,#6268,.T.);
#8593=ORIENTED_EDGE('',*,*,#6269,.T.);
#8594=ORIENTED_EDGE('',*,*,#6270,.T.);
#8595=ORIENTED_EDGE('',*,*,#6266,.F.);
#8596=ORIENTED_EDGE('',*,*,#6271,.T.);
#8597=ORIENTED_EDGE('',*,*,#6272,.T.);
#8598=ORIENTED_EDGE('',*,*,#6273,.T.);
#8599=ORIENTED_EDGE('',*,*,#6269,.F.);
#8600=ORIENTED_EDGE('',*,*,#6274,.T.);
#8601=ORIENTED_EDGE('',*,*,#6272,.F.);
#8602=ORIENTED_EDGE('',*,*,#6275,.T.);
#8603=ORIENTED_EDGE('',*,*,#6253,.F.);
#8604=ORIENTED_EDGE('',*,*,#6276,.T.);
#8605=ORIENTED_EDGE('',*,*,#6270,.F.);
#8606=ORIENTED_EDGE('',*,*,#6277,.F.);
#8607=ORIENTED_EDGE('',*,*,#6278,.F.);
#8608=ORIENTED_EDGE('',*,*,#6279,.F.);
#8609=ORIENTED_EDGE('',*,*,#6273,.F.);
#8610=ORIENTED_EDGE('',*,*,#6280,.T.);
#8611=ORIENTED_EDGE('',*,*,#6281,.T.);
#8612=ORIENTED_EDGE('',*,*,#6277,.T.);
#8613=ORIENTED_EDGE('',*,*,#6276,.F.);
#8614=ORIENTED_EDGE('',*,*,#6282,.F.);
#8615=ORIENTED_EDGE('',*,*,#6283,.F.);
#8616=ORIENTED_EDGE('',*,*,#6280,.F.);
#8617=ORIENTED_EDGE('',*,*,#6256,.F.);
#8618=ORIENTED_EDGE('',*,*,#6284,.T.);
#8619=ORIENTED_EDGE('',*,*,#6285,.T.);
#8620=ORIENTED_EDGE('',*,*,#6282,.T.);
#8621=ORIENTED_EDGE('',*,*,#6254,.F.);
#8622=ORIENTED_EDGE('',*,*,#6275,.F.);
#8623=ORIENTED_EDGE('',*,*,#6274,.F.);
#8624=ORIENTED_EDGE('',*,*,#6271,.F.);
#8625=ORIENTED_EDGE('',*,*,#6268,.F.);
#8626=ORIENTED_EDGE('',*,*,#6265,.F.);
#8627=ORIENTED_EDGE('',*,*,#6262,.F.);
#8628=ORIENTED_EDGE('',*,*,#6259,.F.);
#8629=ORIENTED_EDGE('',*,*,#6267,.F.);
#8630=ORIENTED_EDGE('',*,*,#6279,.T.);
#8631=ORIENTED_EDGE('',*,*,#6286,.T.);
#8632=ORIENTED_EDGE('',*,*,#6287,.T.);
#8633=ORIENTED_EDGE('',*,*,#6261,.F.);
#8634=ORIENTED_EDGE('',*,*,#6288,.T.);
#8635=ORIENTED_EDGE('',*,*,#6289,.T.);
#8636=ORIENTED_EDGE('',*,*,#6290,.T.);
#8637=ORIENTED_EDGE('',*,*,#6264,.F.);
#8638=ORIENTED_EDGE('',*,*,#6287,.F.);
#8639=ORIENTED_EDGE('',*,*,#6291,.F.);
#8640=ORIENTED_EDGE('',*,*,#6288,.F.);
#8641=ORIENTED_EDGE('',*,*,#6258,.F.);
#8642=ORIENTED_EDGE('',*,*,#6290,.F.);
#8643=ORIENTED_EDGE('',*,*,#6292,.F.);
#8644=ORIENTED_EDGE('',*,*,#6284,.F.);
#8645=ORIENTED_EDGE('',*,*,#6286,.F.);
#8646=ORIENTED_EDGE('',*,*,#6278,.T.);
#8647=ORIENTED_EDGE('',*,*,#6281,.F.);
#8648=ORIENTED_EDGE('',*,*,#6283,.T.);
#8649=ORIENTED_EDGE('',*,*,#6285,.F.);
#8650=ORIENTED_EDGE('',*,*,#6292,.T.);
#8651=ORIENTED_EDGE('',*,*,#6289,.F.);
#8652=ORIENTED_EDGE('',*,*,#6291,.T.);
#8653=ORIENTED_EDGE('',*,*,#6293,.T.);
#8654=ORIENTED_EDGE('',*,*,#6294,.T.);
#8655=ORIENTED_EDGE('',*,*,#6295,.T.);
#8656=ORIENTED_EDGE('',*,*,#6296,.T.);
#8657=ORIENTED_EDGE('',*,*,#6297,.T.);
#8658=ORIENTED_EDGE('',*,*,#6298,.T.);
#8659=ORIENTED_EDGE('',*,*,#6295,.F.);
#8660=ORIENTED_EDGE('',*,*,#6299,.T.);
#8661=ORIENTED_EDGE('',*,*,#6300,.T.);
#8662=ORIENTED_EDGE('',*,*,#6301,.T.);
#8663=ORIENTED_EDGE('',*,*,#6297,.F.);
#8664=ORIENTED_EDGE('',*,*,#6302,.T.);
#8665=ORIENTED_EDGE('',*,*,#6303,.T.);
#8666=ORIENTED_EDGE('',*,*,#6304,.T.);
#8667=ORIENTED_EDGE('',*,*,#6300,.F.);
#8668=ORIENTED_EDGE('',*,*,#6305,.T.);
#8669=ORIENTED_EDGE('',*,*,#6306,.T.);
#8670=ORIENTED_EDGE('',*,*,#6307,.T.);
#8671=ORIENTED_EDGE('',*,*,#6303,.F.);
#8672=ORIENTED_EDGE('',*,*,#6308,.T.);
#8673=ORIENTED_EDGE('',*,*,#6309,.T.);
#8674=ORIENTED_EDGE('',*,*,#6310,.T.);
#8675=ORIENTED_EDGE('',*,*,#6306,.F.);
#8676=ORIENTED_EDGE('',*,*,#6311,.T.);
#8677=ORIENTED_EDGE('',*,*,#6312,.T.);
#8678=ORIENTED_EDGE('',*,*,#6313,.T.);
#8679=ORIENTED_EDGE('',*,*,#6309,.F.);
#8680=ORIENTED_EDGE('',*,*,#6314,.T.);
#8681=ORIENTED_EDGE('',*,*,#6312,.F.);
#8682=ORIENTED_EDGE('',*,*,#6315,.T.);
#8683=ORIENTED_EDGE('',*,*,#6293,.F.);
#8684=ORIENTED_EDGE('',*,*,#6316,.T.);
#8685=ORIENTED_EDGE('',*,*,#6310,.F.);
#8686=ORIENTED_EDGE('',*,*,#6317,.F.);
#8687=ORIENTED_EDGE('',*,*,#6318,.F.);
#8688=ORIENTED_EDGE('',*,*,#6319,.F.);
#8689=ORIENTED_EDGE('',*,*,#6313,.F.);
#8690=ORIENTED_EDGE('',*,*,#6320,.T.);
#8691=ORIENTED_EDGE('',*,*,#6321,.T.);
#8692=ORIENTED_EDGE('',*,*,#6317,.T.);
#8693=ORIENTED_EDGE('',*,*,#6316,.F.);
#8694=ORIENTED_EDGE('',*,*,#6322,.F.);
#8695=ORIENTED_EDGE('',*,*,#6323,.F.);
#8696=ORIENTED_EDGE('',*,*,#6320,.F.);
#8697=ORIENTED_EDGE('',*,*,#6296,.F.);
#8698=ORIENTED_EDGE('',*,*,#6324,.T.);
#8699=ORIENTED_EDGE('',*,*,#6325,.T.);
#8700=ORIENTED_EDGE('',*,*,#6322,.T.);
#8701=ORIENTED_EDGE('',*,*,#6294,.F.);
#8702=ORIENTED_EDGE('',*,*,#6315,.F.);
#8703=ORIENTED_EDGE('',*,*,#6314,.F.);
#8704=ORIENTED_EDGE('',*,*,#6311,.F.);
#8705=ORIENTED_EDGE('',*,*,#6308,.F.);
#8706=ORIENTED_EDGE('',*,*,#6305,.F.);
#8707=ORIENTED_EDGE('',*,*,#6302,.F.);
#8708=ORIENTED_EDGE('',*,*,#6299,.F.);
#8709=ORIENTED_EDGE('',*,*,#6298,.F.);
#8710=ORIENTED_EDGE('',*,*,#6326,.F.);
#8711=ORIENTED_EDGE('',*,*,#6327,.F.);
#8712=ORIENTED_EDGE('',*,*,#6324,.F.);
#8713=ORIENTED_EDGE('',*,*,#6301,.F.);
#8714=ORIENTED_EDGE('',*,*,#6328,.T.);
#8715=ORIENTED_EDGE('',*,*,#6329,.T.);
#8716=ORIENTED_EDGE('',*,*,#6326,.T.);
#8717=ORIENTED_EDGE('',*,*,#6304,.F.);
#8718=ORIENTED_EDGE('',*,*,#6330,.F.);
#8719=ORIENTED_EDGE('',*,*,#6331,.F.);
#8720=ORIENTED_EDGE('',*,*,#6328,.F.);
#8721=ORIENTED_EDGE('',*,*,#6307,.F.);
#8722=ORIENTED_EDGE('',*,*,#6319,.T.);
#8723=ORIENTED_EDGE('',*,*,#6332,.T.);
#8724=ORIENTED_EDGE('',*,*,#6330,.T.);
#8725=ORIENTED_EDGE('',*,*,#6325,.F.);
#8726=ORIENTED_EDGE('',*,*,#6327,.T.);
#8727=ORIENTED_EDGE('',*,*,#6329,.F.);
#8728=ORIENTED_EDGE('',*,*,#6331,.T.);
#8729=ORIENTED_EDGE('',*,*,#6332,.F.);
#8730=ORIENTED_EDGE('',*,*,#6318,.T.);
#8731=ORIENTED_EDGE('',*,*,#6321,.F.);
#8732=ORIENTED_EDGE('',*,*,#6323,.T.);
#8733=ORIENTED_EDGE('',*,*,#6333,.T.);
#8734=ORIENTED_EDGE('',*,*,#6334,.T.);
#8735=ORIENTED_EDGE('',*,*,#6335,.T.);
#8736=ORIENTED_EDGE('',*,*,#6336,.T.);
#8737=ORIENTED_EDGE('',*,*,#6337,.T.);
#8738=ORIENTED_EDGE('',*,*,#6338,.T.);
#8739=ORIENTED_EDGE('',*,*,#6335,.F.);
#8740=ORIENTED_EDGE('',*,*,#6339,.T.);
#8741=ORIENTED_EDGE('',*,*,#6340,.T.);
#8742=ORIENTED_EDGE('',*,*,#6341,.T.);
#8743=ORIENTED_EDGE('',*,*,#6337,.F.);
#8744=ORIENTED_EDGE('',*,*,#6342,.T.);
#8745=ORIENTED_EDGE('',*,*,#6343,.T.);
#8746=ORIENTED_EDGE('',*,*,#6344,.T.);
#8747=ORIENTED_EDGE('',*,*,#6340,.F.);
#8748=ORIENTED_EDGE('',*,*,#6345,.T.);
#8749=ORIENTED_EDGE('',*,*,#6346,.T.);
#8750=ORIENTED_EDGE('',*,*,#6347,.T.);
#8751=ORIENTED_EDGE('',*,*,#6343,.F.);
#8752=ORIENTED_EDGE('',*,*,#6348,.T.);
#8753=ORIENTED_EDGE('',*,*,#6349,.T.);
#8754=ORIENTED_EDGE('',*,*,#6350,.T.);
#8755=ORIENTED_EDGE('',*,*,#6346,.F.);
#8756=ORIENTED_EDGE('',*,*,#6351,.T.);
#8757=ORIENTED_EDGE('',*,*,#6352,.T.);
#8758=ORIENTED_EDGE('',*,*,#6353,.T.);
#8759=ORIENTED_EDGE('',*,*,#6349,.F.);
#8760=ORIENTED_EDGE('',*,*,#6354,.T.);
#8761=ORIENTED_EDGE('',*,*,#6352,.F.);
#8762=ORIENTED_EDGE('',*,*,#6355,.T.);
#8763=ORIENTED_EDGE('',*,*,#6333,.F.);
#8764=ORIENTED_EDGE('',*,*,#6356,.T.);
#8765=ORIENTED_EDGE('',*,*,#6350,.F.);
#8766=ORIENTED_EDGE('',*,*,#6357,.F.);
#8767=ORIENTED_EDGE('',*,*,#6358,.T.);
#8768=ORIENTED_EDGE('',*,*,#6359,.F.);
#8769=ORIENTED_EDGE('',*,*,#6353,.F.);
#8770=ORIENTED_EDGE('',*,*,#6360,.T.);
#8771=ORIENTED_EDGE('',*,*,#6361,.T.);
#8772=ORIENTED_EDGE('',*,*,#6357,.T.);
#8773=ORIENTED_EDGE('',*,*,#6356,.F.);
#8774=ORIENTED_EDGE('',*,*,#6362,.F.);
#8775=ORIENTED_EDGE('',*,*,#6363,.T.);
#8776=ORIENTED_EDGE('',*,*,#6360,.F.);
#8777=ORIENTED_EDGE('',*,*,#6336,.F.);
#8778=ORIENTED_EDGE('',*,*,#6364,.T.);
#8779=ORIENTED_EDGE('',*,*,#6365,.T.);
#8780=ORIENTED_EDGE('',*,*,#6362,.T.);
#8781=ORIENTED_EDGE('',*,*,#6334,.F.);
#8782=ORIENTED_EDGE('',*,*,#6355,.F.);
#8783=ORIENTED_EDGE('',*,*,#6354,.F.);
#8784=ORIENTED_EDGE('',*,*,#6351,.F.);
#8785=ORIENTED_EDGE('',*,*,#6348,.F.);
#8786=ORIENTED_EDGE('',*,*,#6345,.F.);
#8787=ORIENTED_EDGE('',*,*,#6342,.F.);
#8788=ORIENTED_EDGE('',*,*,#6339,.F.);
#8789=ORIENTED_EDGE('',*,*,#6365,.F.);
#8790=ORIENTED_EDGE('',*,*,#6366,.F.);
#8791=ORIENTED_EDGE('',*,*,#6367,.F.);
#8792=ORIENTED_EDGE('',*,*,#6368,.F.);
#8793=ORIENTED_EDGE('',*,*,#6369,.F.);
#8794=ORIENTED_EDGE('',*,*,#6358,.F.);
#8795=ORIENTED_EDGE('',*,*,#6361,.F.);
#8796=ORIENTED_EDGE('',*,*,#6363,.F.);
#8797=ORIENTED_EDGE('',*,*,#6338,.F.);
#8798=ORIENTED_EDGE('',*,*,#6370,.F.);
#8799=ORIENTED_EDGE('',*,*,#6366,.T.);
#8800=ORIENTED_EDGE('',*,*,#6364,.F.);
#8801=ORIENTED_EDGE('',*,*,#6341,.F.);
#8802=ORIENTED_EDGE('',*,*,#6371,.T.);
#8803=ORIENTED_EDGE('',*,*,#6367,.T.);
#8804=ORIENTED_EDGE('',*,*,#6370,.T.);
#8805=ORIENTED_EDGE('',*,*,#6347,.F.);
#8806=ORIENTED_EDGE('',*,*,#6359,.T.);
#8807=ORIENTED_EDGE('',*,*,#6369,.T.);
#8808=ORIENTED_EDGE('',*,*,#6372,.T.);
#8809=ORIENTED_EDGE('',*,*,#6344,.F.);
#8810=ORIENTED_EDGE('',*,*,#6372,.F.);
#8811=ORIENTED_EDGE('',*,*,#6368,.T.);
#8812=ORIENTED_EDGE('',*,*,#6371,.F.);
#8813=ORIENTED_EDGE('',*,*,#6373,.T.);
#8814=ORIENTED_EDGE('',*,*,#6374,.T.);
#8815=ORIENTED_EDGE('',*,*,#6375,.T.);
#8816=ORIENTED_EDGE('',*,*,#6376,.T.);
#8817=ORIENTED_EDGE('',*,*,#6377,.T.);
#8818=ORIENTED_EDGE('',*,*,#6378,.T.);
#8819=ORIENTED_EDGE('',*,*,#6375,.F.);
#8820=ORIENTED_EDGE('',*,*,#6379,.T.);
#8821=ORIENTED_EDGE('',*,*,#6380,.T.);
#8822=ORIENTED_EDGE('',*,*,#6381,.T.);
#8823=ORIENTED_EDGE('',*,*,#6377,.F.);
#8824=ORIENTED_EDGE('',*,*,#6382,.T.);
#8825=ORIENTED_EDGE('',*,*,#6383,.T.);
#8826=ORIENTED_EDGE('',*,*,#6384,.T.);
#8827=ORIENTED_EDGE('',*,*,#6380,.F.);
#8828=ORIENTED_EDGE('',*,*,#6385,.T.);
#8829=ORIENTED_EDGE('',*,*,#6386,.T.);
#8830=ORIENTED_EDGE('',*,*,#6387,.T.);
#8831=ORIENTED_EDGE('',*,*,#6383,.F.);
#8832=ORIENTED_EDGE('',*,*,#6388,.T.);
#8833=ORIENTED_EDGE('',*,*,#6389,.T.);
#8834=ORIENTED_EDGE('',*,*,#6390,.T.);
#8835=ORIENTED_EDGE('',*,*,#6386,.F.);
#8836=ORIENTED_EDGE('',*,*,#6391,.T.);
#8837=ORIENTED_EDGE('',*,*,#6392,.T.);
#8838=ORIENTED_EDGE('',*,*,#6393,.T.);
#8839=ORIENTED_EDGE('',*,*,#6389,.F.);
#8840=ORIENTED_EDGE('',*,*,#6394,.T.);
#8841=ORIENTED_EDGE('',*,*,#6392,.F.);
#8842=ORIENTED_EDGE('',*,*,#6395,.T.);
#8843=ORIENTED_EDGE('',*,*,#6373,.F.);
#8844=ORIENTED_EDGE('',*,*,#6396,.T.);
#8845=ORIENTED_EDGE('',*,*,#6390,.F.);
#8846=ORIENTED_EDGE('',*,*,#6397,.F.);
#8847=ORIENTED_EDGE('',*,*,#6398,.T.);
#8848=ORIENTED_EDGE('',*,*,#6399,.F.);
#8849=ORIENTED_EDGE('',*,*,#6393,.F.);
#8850=ORIENTED_EDGE('',*,*,#6400,.T.);
#8851=ORIENTED_EDGE('',*,*,#6401,.T.);
#8852=ORIENTED_EDGE('',*,*,#6397,.T.);
#8853=ORIENTED_EDGE('',*,*,#6396,.F.);
#8854=ORIENTED_EDGE('',*,*,#6402,.F.);
#8855=ORIENTED_EDGE('',*,*,#6403,.T.);
#8856=ORIENTED_EDGE('',*,*,#6400,.F.);
#8857=ORIENTED_EDGE('',*,*,#6376,.F.);
#8858=ORIENTED_EDGE('',*,*,#6404,.T.);
#8859=ORIENTED_EDGE('',*,*,#6405,.T.);
#8860=ORIENTED_EDGE('',*,*,#6402,.T.);
#8861=ORIENTED_EDGE('',*,*,#6374,.F.);
#8862=ORIENTED_EDGE('',*,*,#6395,.F.);
#8863=ORIENTED_EDGE('',*,*,#6394,.F.);
#8864=ORIENTED_EDGE('',*,*,#6391,.F.);
#8865=ORIENTED_EDGE('',*,*,#6388,.F.);
#8866=ORIENTED_EDGE('',*,*,#6385,.F.);
#8867=ORIENTED_EDGE('',*,*,#6382,.F.);
#8868=ORIENTED_EDGE('',*,*,#6379,.F.);
#8869=ORIENTED_EDGE('',*,*,#6405,.F.);
#8870=ORIENTED_EDGE('',*,*,#6406,.F.);
#8871=ORIENTED_EDGE('',*,*,#6407,.F.);
#8872=ORIENTED_EDGE('',*,*,#6408,.F.);
#8873=ORIENTED_EDGE('',*,*,#6409,.F.);
#8874=ORIENTED_EDGE('',*,*,#6398,.F.);
#8875=ORIENTED_EDGE('',*,*,#6401,.F.);
#8876=ORIENTED_EDGE('',*,*,#6403,.F.);
#8877=ORIENTED_EDGE('',*,*,#6378,.F.);
#8878=ORIENTED_EDGE('',*,*,#6410,.F.);
#8879=ORIENTED_EDGE('',*,*,#6406,.T.);
#8880=ORIENTED_EDGE('',*,*,#6404,.F.);
#8881=ORIENTED_EDGE('',*,*,#6381,.F.);
#8882=ORIENTED_EDGE('',*,*,#6411,.T.);
#8883=ORIENTED_EDGE('',*,*,#6407,.T.);
#8884=ORIENTED_EDGE('',*,*,#6410,.T.);
#8885=ORIENTED_EDGE('',*,*,#6387,.F.);
#8886=ORIENTED_EDGE('',*,*,#6399,.T.);
#8887=ORIENTED_EDGE('',*,*,#6409,.T.);
#8888=ORIENTED_EDGE('',*,*,#6412,.T.);
#8889=ORIENTED_EDGE('',*,*,#6384,.F.);
#8890=ORIENTED_EDGE('',*,*,#6412,.F.);
#8891=ORIENTED_EDGE('',*,*,#6408,.T.);
#8892=ORIENTED_EDGE('',*,*,#6411,.F.);
#8893=ORIENTED_EDGE('',*,*,#6413,.T.);
#8894=ORIENTED_EDGE('',*,*,#6414,.T.);
#8895=ORIENTED_EDGE('',*,*,#6415,.T.);
#8896=ORIENTED_EDGE('',*,*,#6416,.T.);
#8897=ORIENTED_EDGE('',*,*,#6417,.T.);
#8898=ORIENTED_EDGE('',*,*,#6418,.T.);
#8899=ORIENTED_EDGE('',*,*,#6415,.F.);
#8900=ORIENTED_EDGE('',*,*,#6419,.T.);
#8901=ORIENTED_EDGE('',*,*,#6420,.T.);
#8902=ORIENTED_EDGE('',*,*,#6421,.T.);
#8903=ORIENTED_EDGE('',*,*,#6417,.F.);
#8904=ORIENTED_EDGE('',*,*,#6422,.T.);
#8905=ORIENTED_EDGE('',*,*,#6423,.T.);
#8906=ORIENTED_EDGE('',*,*,#6424,.T.);
#8907=ORIENTED_EDGE('',*,*,#6420,.F.);
#8908=ORIENTED_EDGE('',*,*,#6425,.T.);
#8909=ORIENTED_EDGE('',*,*,#6426,.T.);
#8910=ORIENTED_EDGE('',*,*,#6427,.T.);
#8911=ORIENTED_EDGE('',*,*,#6423,.F.);
#8912=ORIENTED_EDGE('',*,*,#6428,.T.);
#8913=ORIENTED_EDGE('',*,*,#6429,.T.);
#8914=ORIENTED_EDGE('',*,*,#6430,.T.);
#8915=ORIENTED_EDGE('',*,*,#6426,.F.);
#8916=ORIENTED_EDGE('',*,*,#6431,.T.);
#8917=ORIENTED_EDGE('',*,*,#6432,.T.);
#8918=ORIENTED_EDGE('',*,*,#6433,.T.);
#8919=ORIENTED_EDGE('',*,*,#6429,.F.);
#8920=ORIENTED_EDGE('',*,*,#6434,.T.);
#8921=ORIENTED_EDGE('',*,*,#6432,.F.);
#8922=ORIENTED_EDGE('',*,*,#6435,.T.);
#8923=ORIENTED_EDGE('',*,*,#6413,.F.);
#8924=ORIENTED_EDGE('',*,*,#6436,.T.);
#8925=ORIENTED_EDGE('',*,*,#6430,.F.);
#8926=ORIENTED_EDGE('',*,*,#6437,.F.);
#8927=ORIENTED_EDGE('',*,*,#6438,.T.);
#8928=ORIENTED_EDGE('',*,*,#6439,.F.);
#8929=ORIENTED_EDGE('',*,*,#6433,.F.);
#8930=ORIENTED_EDGE('',*,*,#6440,.T.);
#8931=ORIENTED_EDGE('',*,*,#6441,.T.);
#8932=ORIENTED_EDGE('',*,*,#6437,.T.);
#8933=ORIENTED_EDGE('',*,*,#6436,.F.);
#8934=ORIENTED_EDGE('',*,*,#6442,.F.);
#8935=ORIENTED_EDGE('',*,*,#6443,.T.);
#8936=ORIENTED_EDGE('',*,*,#6440,.F.);
#8937=ORIENTED_EDGE('',*,*,#6416,.F.);
#8938=ORIENTED_EDGE('',*,*,#6444,.T.);
#8939=ORIENTED_EDGE('',*,*,#6445,.T.);
#8940=ORIENTED_EDGE('',*,*,#6442,.T.);
#8941=ORIENTED_EDGE('',*,*,#6414,.F.);
#8942=ORIENTED_EDGE('',*,*,#6435,.F.);
#8943=ORIENTED_EDGE('',*,*,#6434,.F.);
#8944=ORIENTED_EDGE('',*,*,#6431,.F.);
#8945=ORIENTED_EDGE('',*,*,#6428,.F.);
#8946=ORIENTED_EDGE('',*,*,#6425,.F.);
#8947=ORIENTED_EDGE('',*,*,#6422,.F.);
#8948=ORIENTED_EDGE('',*,*,#6419,.F.);
#8949=ORIENTED_EDGE('',*,*,#6445,.F.);
#8950=ORIENTED_EDGE('',*,*,#6446,.F.);
#8951=ORIENTED_EDGE('',*,*,#6447,.F.);
#8952=ORIENTED_EDGE('',*,*,#6448,.F.);
#8953=ORIENTED_EDGE('',*,*,#6449,.F.);
#8954=ORIENTED_EDGE('',*,*,#6438,.F.);
#8955=ORIENTED_EDGE('',*,*,#6441,.F.);
#8956=ORIENTED_EDGE('',*,*,#6443,.F.);
#8957=ORIENTED_EDGE('',*,*,#6418,.F.);
#8958=ORIENTED_EDGE('',*,*,#6450,.F.);
#8959=ORIENTED_EDGE('',*,*,#6446,.T.);
#8960=ORIENTED_EDGE('',*,*,#6444,.F.);
#8961=ORIENTED_EDGE('',*,*,#6421,.F.);
#8962=ORIENTED_EDGE('',*,*,#6451,.T.);
#8963=ORIENTED_EDGE('',*,*,#6447,.T.);
#8964=ORIENTED_EDGE('',*,*,#6450,.T.);
#8965=ORIENTED_EDGE('',*,*,#6427,.F.);
#8966=ORIENTED_EDGE('',*,*,#6439,.T.);
#8967=ORIENTED_EDGE('',*,*,#6449,.T.);
#8968=ORIENTED_EDGE('',*,*,#6452,.T.);
#8969=ORIENTED_EDGE('',*,*,#6424,.F.);
#8970=ORIENTED_EDGE('',*,*,#6452,.F.);
#8971=ORIENTED_EDGE('',*,*,#6448,.T.);
#8972=ORIENTED_EDGE('',*,*,#6451,.F.);
#8973=ORIENTED_EDGE('',*,*,#6453,.T.);
#8974=ORIENTED_EDGE('',*,*,#6454,.T.);
#8975=ORIENTED_EDGE('',*,*,#6455,.T.);
#8976=ORIENTED_EDGE('',*,*,#6456,.T.);
#8977=ORIENTED_EDGE('',*,*,#6457,.T.);
#8978=ORIENTED_EDGE('',*,*,#6458,.T.);
#8979=ORIENTED_EDGE('',*,*,#6455,.F.);
#8980=ORIENTED_EDGE('',*,*,#6459,.T.);
#8981=ORIENTED_EDGE('',*,*,#6460,.T.);
#8982=ORIENTED_EDGE('',*,*,#6461,.T.);
#8983=ORIENTED_EDGE('',*,*,#6457,.F.);
#8984=ORIENTED_EDGE('',*,*,#6462,.T.);
#8985=ORIENTED_EDGE('',*,*,#6463,.T.);
#8986=ORIENTED_EDGE('',*,*,#6464,.T.);
#8987=ORIENTED_EDGE('',*,*,#6460,.F.);
#8988=ORIENTED_EDGE('',*,*,#6465,.T.);
#8989=ORIENTED_EDGE('',*,*,#6466,.T.);
#8990=ORIENTED_EDGE('',*,*,#6467,.T.);
#8991=ORIENTED_EDGE('',*,*,#6463,.F.);
#8992=ORIENTED_EDGE('',*,*,#6468,.T.);
#8993=ORIENTED_EDGE('',*,*,#6469,.T.);
#8994=ORIENTED_EDGE('',*,*,#6470,.T.);
#8995=ORIENTED_EDGE('',*,*,#6466,.F.);
#8996=ORIENTED_EDGE('',*,*,#6471,.T.);
#8997=ORIENTED_EDGE('',*,*,#6472,.T.);
#8998=ORIENTED_EDGE('',*,*,#6473,.T.);
#8999=ORIENTED_EDGE('',*,*,#6469,.F.);
#9000=ORIENTED_EDGE('',*,*,#6474,.T.);
#9001=ORIENTED_EDGE('',*,*,#6472,.F.);
#9002=ORIENTED_EDGE('',*,*,#6475,.T.);
#9003=ORIENTED_EDGE('',*,*,#6453,.F.);
#9004=ORIENTED_EDGE('',*,*,#6476,.T.);
#9005=ORIENTED_EDGE('',*,*,#6470,.F.);
#9006=ORIENTED_EDGE('',*,*,#6477,.F.);
#9007=ORIENTED_EDGE('',*,*,#6478,.T.);
#9008=ORIENTED_EDGE('',*,*,#6479,.F.);
#9009=ORIENTED_EDGE('',*,*,#6473,.F.);
#9010=ORIENTED_EDGE('',*,*,#6480,.T.);
#9011=ORIENTED_EDGE('',*,*,#6481,.T.);
#9012=ORIENTED_EDGE('',*,*,#6477,.T.);
#9013=ORIENTED_EDGE('',*,*,#6476,.F.);
#9014=ORIENTED_EDGE('',*,*,#6482,.F.);
#9015=ORIENTED_EDGE('',*,*,#6483,.T.);
#9016=ORIENTED_EDGE('',*,*,#6480,.F.);
#9017=ORIENTED_EDGE('',*,*,#6456,.F.);
#9018=ORIENTED_EDGE('',*,*,#6484,.T.);
#9019=ORIENTED_EDGE('',*,*,#6485,.T.);
#9020=ORIENTED_EDGE('',*,*,#6482,.T.);
#9021=ORIENTED_EDGE('',*,*,#6454,.F.);
#9022=ORIENTED_EDGE('',*,*,#6475,.F.);
#9023=ORIENTED_EDGE('',*,*,#6474,.F.);
#9024=ORIENTED_EDGE('',*,*,#6471,.F.);
#9025=ORIENTED_EDGE('',*,*,#6468,.F.);
#9026=ORIENTED_EDGE('',*,*,#6465,.F.);
#9027=ORIENTED_EDGE('',*,*,#6462,.F.);
#9028=ORIENTED_EDGE('',*,*,#6459,.F.);
#9029=ORIENTED_EDGE('',*,*,#6485,.F.);
#9030=ORIENTED_EDGE('',*,*,#6486,.F.);
#9031=ORIENTED_EDGE('',*,*,#6487,.F.);
#9032=ORIENTED_EDGE('',*,*,#6488,.F.);
#9033=ORIENTED_EDGE('',*,*,#6489,.F.);
#9034=ORIENTED_EDGE('',*,*,#6478,.F.);
#9035=ORIENTED_EDGE('',*,*,#6481,.F.);
#9036=ORIENTED_EDGE('',*,*,#6483,.F.);
#9037=ORIENTED_EDGE('',*,*,#6458,.F.);
#9038=ORIENTED_EDGE('',*,*,#6490,.F.);
#9039=ORIENTED_EDGE('',*,*,#6486,.T.);
#9040=ORIENTED_EDGE('',*,*,#6484,.F.);
#9041=ORIENTED_EDGE('',*,*,#6461,.F.);
#9042=ORIENTED_EDGE('',*,*,#6491,.T.);
#9043=ORIENTED_EDGE('',*,*,#6487,.T.);
#9044=ORIENTED_EDGE('',*,*,#6490,.T.);
#9045=ORIENTED_EDGE('',*,*,#6467,.F.);
#9046=ORIENTED_EDGE('',*,*,#6479,.T.);
#9047=ORIENTED_EDGE('',*,*,#6489,.T.);
#9048=ORIENTED_EDGE('',*,*,#6492,.T.);
#9049=ORIENTED_EDGE('',*,*,#6464,.F.);
#9050=ORIENTED_EDGE('',*,*,#6492,.F.);
#9051=ORIENTED_EDGE('',*,*,#6488,.T.);
#9052=ORIENTED_EDGE('',*,*,#6491,.F.);
#9053=ORIENTED_EDGE('',*,*,#6493,.T.);
#9054=ORIENTED_EDGE('',*,*,#6494,.T.);
#9055=ORIENTED_EDGE('',*,*,#6495,.T.);
#9056=ORIENTED_EDGE('',*,*,#6496,.T.);
#9057=ORIENTED_EDGE('',*,*,#6497,.T.);
#9058=ORIENTED_EDGE('',*,*,#6498,.T.);
#9059=ORIENTED_EDGE('',*,*,#6495,.F.);
#9060=ORIENTED_EDGE('',*,*,#6499,.T.);
#9061=ORIENTED_EDGE('',*,*,#6500,.T.);
#9062=ORIENTED_EDGE('',*,*,#6501,.T.);
#9063=ORIENTED_EDGE('',*,*,#6497,.F.);
#9064=ORIENTED_EDGE('',*,*,#6502,.T.);
#9065=ORIENTED_EDGE('',*,*,#6503,.T.);
#9066=ORIENTED_EDGE('',*,*,#6504,.T.);
#9067=ORIENTED_EDGE('',*,*,#6500,.F.);
#9068=ORIENTED_EDGE('',*,*,#6505,.T.);
#9069=ORIENTED_EDGE('',*,*,#6506,.T.);
#9070=ORIENTED_EDGE('',*,*,#6507,.T.);
#9071=ORIENTED_EDGE('',*,*,#6503,.F.);
#9072=ORIENTED_EDGE('',*,*,#6508,.T.);
#9073=ORIENTED_EDGE('',*,*,#6509,.T.);
#9074=ORIENTED_EDGE('',*,*,#6510,.T.);
#9075=ORIENTED_EDGE('',*,*,#6506,.F.);
#9076=ORIENTED_EDGE('',*,*,#6511,.T.);
#9077=ORIENTED_EDGE('',*,*,#6512,.T.);
#9078=ORIENTED_EDGE('',*,*,#6513,.T.);
#9079=ORIENTED_EDGE('',*,*,#6509,.F.);
#9080=ORIENTED_EDGE('',*,*,#6514,.T.);
#9081=ORIENTED_EDGE('',*,*,#6512,.F.);
#9082=ORIENTED_EDGE('',*,*,#6515,.T.);
#9083=ORIENTED_EDGE('',*,*,#6493,.F.);
#9084=ORIENTED_EDGE('',*,*,#6516,.T.);
#9085=ORIENTED_EDGE('',*,*,#6510,.F.);
#9086=ORIENTED_EDGE('',*,*,#6517,.F.);
#9087=ORIENTED_EDGE('',*,*,#6518,.T.);
#9088=ORIENTED_EDGE('',*,*,#6519,.F.);
#9089=ORIENTED_EDGE('',*,*,#6513,.F.);
#9090=ORIENTED_EDGE('',*,*,#6520,.T.);
#9091=ORIENTED_EDGE('',*,*,#6521,.T.);
#9092=ORIENTED_EDGE('',*,*,#6517,.T.);
#9093=ORIENTED_EDGE('',*,*,#6516,.F.);
#9094=ORIENTED_EDGE('',*,*,#6522,.F.);
#9095=ORIENTED_EDGE('',*,*,#6523,.T.);
#9096=ORIENTED_EDGE('',*,*,#6520,.F.);
#9097=ORIENTED_EDGE('',*,*,#6496,.F.);
#9098=ORIENTED_EDGE('',*,*,#6524,.T.);
#9099=ORIENTED_EDGE('',*,*,#6525,.T.);
#9100=ORIENTED_EDGE('',*,*,#6522,.T.);
#9101=ORIENTED_EDGE('',*,*,#6494,.F.);
#9102=ORIENTED_EDGE('',*,*,#6515,.F.);
#9103=ORIENTED_EDGE('',*,*,#6514,.F.);
#9104=ORIENTED_EDGE('',*,*,#6511,.F.);
#9105=ORIENTED_EDGE('',*,*,#6508,.F.);
#9106=ORIENTED_EDGE('',*,*,#6505,.F.);
#9107=ORIENTED_EDGE('',*,*,#6502,.F.);
#9108=ORIENTED_EDGE('',*,*,#6499,.F.);
#9109=ORIENTED_EDGE('',*,*,#6498,.F.);
#9110=ORIENTED_EDGE('',*,*,#6526,.F.);
#9111=ORIENTED_EDGE('',*,*,#6527,.T.);
#9112=ORIENTED_EDGE('',*,*,#6524,.F.);
#9113=ORIENTED_EDGE('',*,*,#6501,.F.);
#9114=ORIENTED_EDGE('',*,*,#6528,.T.);
#9115=ORIENTED_EDGE('',*,*,#6529,.T.);
#9116=ORIENTED_EDGE('',*,*,#6526,.T.);
#9117=ORIENTED_EDGE('',*,*,#6504,.F.);
#9118=ORIENTED_EDGE('',*,*,#6530,.F.);
#9119=ORIENTED_EDGE('',*,*,#6531,.T.);
#9120=ORIENTED_EDGE('',*,*,#6528,.F.);
#9121=ORIENTED_EDGE('',*,*,#6507,.F.);
#9122=ORIENTED_EDGE('',*,*,#6519,.T.);
#9123=ORIENTED_EDGE('',*,*,#6532,.T.);
#9124=ORIENTED_EDGE('',*,*,#6530,.T.);
#9125=ORIENTED_EDGE('',*,*,#6525,.F.);
#9126=ORIENTED_EDGE('',*,*,#6527,.F.);
#9127=ORIENTED_EDGE('',*,*,#6529,.F.);
#9128=ORIENTED_EDGE('',*,*,#6531,.F.);
#9129=ORIENTED_EDGE('',*,*,#6532,.F.);
#9130=ORIENTED_EDGE('',*,*,#6518,.F.);
#9131=ORIENTED_EDGE('',*,*,#6521,.F.);
#9132=ORIENTED_EDGE('',*,*,#6523,.F.);
#9133=ORIENTED_EDGE('',*,*,#6533,.T.);
#9134=ORIENTED_EDGE('',*,*,#6534,.T.);
#9135=ORIENTED_EDGE('',*,*,#6535,.T.);
#9136=ORIENTED_EDGE('',*,*,#6536,.T.);
#9137=ORIENTED_EDGE('',*,*,#6537,.T.);
#9138=ORIENTED_EDGE('',*,*,#6538,.T.);
#9139=ORIENTED_EDGE('',*,*,#6535,.F.);
#9140=ORIENTED_EDGE('',*,*,#6539,.T.);
#9141=ORIENTED_EDGE('',*,*,#6540,.T.);
#9142=ORIENTED_EDGE('',*,*,#6541,.T.);
#9143=ORIENTED_EDGE('',*,*,#6537,.F.);
#9144=ORIENTED_EDGE('',*,*,#6542,.T.);
#9145=ORIENTED_EDGE('',*,*,#6543,.T.);
#9146=ORIENTED_EDGE('',*,*,#6544,.T.);
#9147=ORIENTED_EDGE('',*,*,#6540,.F.);
#9148=ORIENTED_EDGE('',*,*,#6545,.T.);
#9149=ORIENTED_EDGE('',*,*,#6546,.T.);
#9150=ORIENTED_EDGE('',*,*,#6547,.T.);
#9151=ORIENTED_EDGE('',*,*,#6543,.F.);
#9152=ORIENTED_EDGE('',*,*,#6548,.T.);
#9153=ORIENTED_EDGE('',*,*,#6549,.T.);
#9154=ORIENTED_EDGE('',*,*,#6550,.T.);
#9155=ORIENTED_EDGE('',*,*,#6546,.F.);
#9156=ORIENTED_EDGE('',*,*,#6551,.T.);
#9157=ORIENTED_EDGE('',*,*,#6552,.T.);
#9158=ORIENTED_EDGE('',*,*,#6553,.T.);
#9159=ORIENTED_EDGE('',*,*,#6549,.F.);
#9160=ORIENTED_EDGE('',*,*,#6554,.T.);
#9161=ORIENTED_EDGE('',*,*,#6552,.F.);
#9162=ORIENTED_EDGE('',*,*,#6555,.T.);
#9163=ORIENTED_EDGE('',*,*,#6533,.F.);
#9164=ORIENTED_EDGE('',*,*,#6556,.T.);
#9165=ORIENTED_EDGE('',*,*,#6550,.F.);
#9166=ORIENTED_EDGE('',*,*,#6557,.F.);
#9167=ORIENTED_EDGE('',*,*,#6558,.T.);
#9168=ORIENTED_EDGE('',*,*,#6559,.F.);
#9169=ORIENTED_EDGE('',*,*,#6553,.F.);
#9170=ORIENTED_EDGE('',*,*,#6560,.T.);
#9171=ORIENTED_EDGE('',*,*,#6561,.T.);
#9172=ORIENTED_EDGE('',*,*,#6557,.T.);
#9173=ORIENTED_EDGE('',*,*,#6556,.F.);
#9174=ORIENTED_EDGE('',*,*,#6562,.F.);
#9175=ORIENTED_EDGE('',*,*,#6563,.T.);
#9176=ORIENTED_EDGE('',*,*,#6560,.F.);
#9177=ORIENTED_EDGE('',*,*,#6536,.F.);
#9178=ORIENTED_EDGE('',*,*,#6564,.T.);
#9179=ORIENTED_EDGE('',*,*,#6565,.T.);
#9180=ORIENTED_EDGE('',*,*,#6562,.T.);
#9181=ORIENTED_EDGE('',*,*,#6534,.F.);
#9182=ORIENTED_EDGE('',*,*,#6555,.F.);
#9183=ORIENTED_EDGE('',*,*,#6554,.F.);
#9184=ORIENTED_EDGE('',*,*,#6551,.F.);
#9185=ORIENTED_EDGE('',*,*,#6548,.F.);
#9186=ORIENTED_EDGE('',*,*,#6545,.F.);
#9187=ORIENTED_EDGE('',*,*,#6542,.F.);
#9188=ORIENTED_EDGE('',*,*,#6539,.F.);
#9189=ORIENTED_EDGE('',*,*,#6565,.F.);
#9190=ORIENTED_EDGE('',*,*,#6566,.F.);
#9191=ORIENTED_EDGE('',*,*,#6567,.F.);
#9192=ORIENTED_EDGE('',*,*,#6568,.F.);
#9193=ORIENTED_EDGE('',*,*,#6569,.F.);
#9194=ORIENTED_EDGE('',*,*,#6558,.F.);
#9195=ORIENTED_EDGE('',*,*,#6561,.F.);
#9196=ORIENTED_EDGE('',*,*,#6563,.F.);
#9197=ORIENTED_EDGE('',*,*,#6541,.F.);
#9198=ORIENTED_EDGE('',*,*,#6570,.T.);
#9199=ORIENTED_EDGE('',*,*,#6567,.T.);
#9200=ORIENTED_EDGE('',*,*,#6571,.T.);
#9201=ORIENTED_EDGE('',*,*,#6544,.F.);
#9202=ORIENTED_EDGE('',*,*,#6572,.F.);
#9203=ORIENTED_EDGE('',*,*,#6568,.T.);
#9204=ORIENTED_EDGE('',*,*,#6570,.F.);
#9205=ORIENTED_EDGE('',*,*,#6547,.F.);
#9206=ORIENTED_EDGE('',*,*,#6559,.T.);
#9207=ORIENTED_EDGE('',*,*,#6569,.T.);
#9208=ORIENTED_EDGE('',*,*,#6572,.T.);
#9209=ORIENTED_EDGE('',*,*,#6538,.F.);
#9210=ORIENTED_EDGE('',*,*,#6571,.F.);
#9211=ORIENTED_EDGE('',*,*,#6566,.T.);
#9212=ORIENTED_EDGE('',*,*,#6564,.F.);
#9213=ORIENTED_EDGE('',*,*,#6573,.T.);
#9214=ORIENTED_EDGE('',*,*,#6574,.T.);
#9215=ORIENTED_EDGE('',*,*,#6575,.T.);
#9216=ORIENTED_EDGE('',*,*,#6576,.T.);
#9217=ORIENTED_EDGE('',*,*,#6577,.T.);
#9218=ORIENTED_EDGE('',*,*,#6578,.T.);
#9219=ORIENTED_EDGE('',*,*,#6575,.F.);
#9220=ORIENTED_EDGE('',*,*,#6579,.T.);
#9221=ORIENTED_EDGE('',*,*,#6580,.T.);
#9222=ORIENTED_EDGE('',*,*,#6581,.T.);
#9223=ORIENTED_EDGE('',*,*,#6577,.F.);
#9224=ORIENTED_EDGE('',*,*,#6582,.T.);
#9225=ORIENTED_EDGE('',*,*,#6583,.T.);
#9226=ORIENTED_EDGE('',*,*,#6584,.T.);
#9227=ORIENTED_EDGE('',*,*,#6580,.F.);
#9228=ORIENTED_EDGE('',*,*,#6585,.T.);
#9229=ORIENTED_EDGE('',*,*,#6586,.T.);
#9230=ORIENTED_EDGE('',*,*,#6587,.T.);
#9231=ORIENTED_EDGE('',*,*,#6583,.F.);
#9232=ORIENTED_EDGE('',*,*,#6588,.T.);
#9233=ORIENTED_EDGE('',*,*,#6589,.T.);
#9234=ORIENTED_EDGE('',*,*,#6590,.T.);
#9235=ORIENTED_EDGE('',*,*,#6586,.F.);
#9236=ORIENTED_EDGE('',*,*,#6591,.T.);
#9237=ORIENTED_EDGE('',*,*,#6592,.T.);
#9238=ORIENTED_EDGE('',*,*,#6593,.T.);
#9239=ORIENTED_EDGE('',*,*,#6589,.F.);
#9240=ORIENTED_EDGE('',*,*,#6594,.T.);
#9241=ORIENTED_EDGE('',*,*,#6592,.F.);
#9242=ORIENTED_EDGE('',*,*,#6595,.T.);
#9243=ORIENTED_EDGE('',*,*,#6573,.F.);
#9244=ORIENTED_EDGE('',*,*,#6596,.T.);
#9245=ORIENTED_EDGE('',*,*,#6590,.F.);
#9246=ORIENTED_EDGE('',*,*,#6597,.F.);
#9247=ORIENTED_EDGE('',*,*,#6598,.T.);
#9248=ORIENTED_EDGE('',*,*,#6599,.F.);
#9249=ORIENTED_EDGE('',*,*,#6593,.F.);
#9250=ORIENTED_EDGE('',*,*,#6600,.T.);
#9251=ORIENTED_EDGE('',*,*,#6601,.T.);
#9252=ORIENTED_EDGE('',*,*,#6597,.T.);
#9253=ORIENTED_EDGE('',*,*,#6596,.F.);
#9254=ORIENTED_EDGE('',*,*,#6602,.F.);
#9255=ORIENTED_EDGE('',*,*,#6603,.T.);
#9256=ORIENTED_EDGE('',*,*,#6600,.F.);
#9257=ORIENTED_EDGE('',*,*,#6576,.F.);
#9258=ORIENTED_EDGE('',*,*,#6604,.T.);
#9259=ORIENTED_EDGE('',*,*,#6605,.T.);
#9260=ORIENTED_EDGE('',*,*,#6602,.T.);
#9261=ORIENTED_EDGE('',*,*,#6574,.F.);
#9262=ORIENTED_EDGE('',*,*,#6595,.F.);
#9263=ORIENTED_EDGE('',*,*,#6594,.F.);
#9264=ORIENTED_EDGE('',*,*,#6591,.F.);
#9265=ORIENTED_EDGE('',*,*,#6588,.F.);
#9266=ORIENTED_EDGE('',*,*,#6585,.F.);
#9267=ORIENTED_EDGE('',*,*,#6582,.F.);
#9268=ORIENTED_EDGE('',*,*,#6579,.F.);
#9269=ORIENTED_EDGE('',*,*,#6605,.F.);
#9270=ORIENTED_EDGE('',*,*,#6606,.F.);
#9271=ORIENTED_EDGE('',*,*,#6607,.F.);
#9272=ORIENTED_EDGE('',*,*,#6608,.F.);
#9273=ORIENTED_EDGE('',*,*,#6609,.F.);
#9274=ORIENTED_EDGE('',*,*,#6598,.F.);
#9275=ORIENTED_EDGE('',*,*,#6601,.F.);
#9276=ORIENTED_EDGE('',*,*,#6603,.F.);
#9277=ORIENTED_EDGE('',*,*,#6578,.F.);
#9278=ORIENTED_EDGE('',*,*,#6610,.F.);
#9279=ORIENTED_EDGE('',*,*,#6606,.T.);
#9280=ORIENTED_EDGE('',*,*,#6604,.F.);
#9281=ORIENTED_EDGE('',*,*,#6581,.F.);
#9282=ORIENTED_EDGE('',*,*,#6611,.T.);
#9283=ORIENTED_EDGE('',*,*,#6607,.T.);
#9284=ORIENTED_EDGE('',*,*,#6610,.T.);
#9285=ORIENTED_EDGE('',*,*,#6587,.F.);
#9286=ORIENTED_EDGE('',*,*,#6599,.T.);
#9287=ORIENTED_EDGE('',*,*,#6609,.T.);
#9288=ORIENTED_EDGE('',*,*,#6612,.T.);
#9289=ORIENTED_EDGE('',*,*,#6584,.F.);
#9290=ORIENTED_EDGE('',*,*,#6612,.F.);
#9291=ORIENTED_EDGE('',*,*,#6608,.T.);
#9292=ORIENTED_EDGE('',*,*,#6611,.F.);
#9293=ORIENTED_EDGE('',*,*,#6613,.T.);
#9294=ORIENTED_EDGE('',*,*,#6614,.T.);
#9295=ORIENTED_EDGE('',*,*,#6615,.T.);
#9296=ORIENTED_EDGE('',*,*,#6616,.T.);
#9297=ORIENTED_EDGE('',*,*,#6617,.T.);
#9298=ORIENTED_EDGE('',*,*,#6618,.T.);
#9299=ORIENTED_EDGE('',*,*,#6615,.F.);
#9300=ORIENTED_EDGE('',*,*,#6619,.T.);
#9301=ORIENTED_EDGE('',*,*,#6620,.T.);
#9302=ORIENTED_EDGE('',*,*,#6621,.T.);
#9303=ORIENTED_EDGE('',*,*,#6617,.F.);
#9304=ORIENTED_EDGE('',*,*,#6622,.T.);
#9305=ORIENTED_EDGE('',*,*,#6623,.T.);
#9306=ORIENTED_EDGE('',*,*,#6624,.T.);
#9307=ORIENTED_EDGE('',*,*,#6620,.F.);
#9308=ORIENTED_EDGE('',*,*,#6625,.T.);
#9309=ORIENTED_EDGE('',*,*,#6626,.T.);
#9310=ORIENTED_EDGE('',*,*,#6627,.T.);
#9311=ORIENTED_EDGE('',*,*,#6623,.F.);
#9312=ORIENTED_EDGE('',*,*,#6628,.T.);
#9313=ORIENTED_EDGE('',*,*,#6629,.T.);
#9314=ORIENTED_EDGE('',*,*,#6630,.T.);
#9315=ORIENTED_EDGE('',*,*,#6626,.F.);
#9316=ORIENTED_EDGE('',*,*,#6631,.T.);
#9317=ORIENTED_EDGE('',*,*,#6632,.T.);
#9318=ORIENTED_EDGE('',*,*,#6633,.T.);
#9319=ORIENTED_EDGE('',*,*,#6629,.F.);
#9320=ORIENTED_EDGE('',*,*,#6634,.T.);
#9321=ORIENTED_EDGE('',*,*,#6632,.F.);
#9322=ORIENTED_EDGE('',*,*,#6635,.T.);
#9323=ORIENTED_EDGE('',*,*,#6613,.F.);
#9324=ORIENTED_EDGE('',*,*,#6636,.T.);
#9325=ORIENTED_EDGE('',*,*,#6630,.F.);
#9326=ORIENTED_EDGE('',*,*,#6637,.F.);
#9327=ORIENTED_EDGE('',*,*,#6638,.T.);
#9328=ORIENTED_EDGE('',*,*,#6639,.F.);
#9329=ORIENTED_EDGE('',*,*,#6633,.F.);
#9330=ORIENTED_EDGE('',*,*,#6640,.T.);
#9331=ORIENTED_EDGE('',*,*,#6641,.T.);
#9332=ORIENTED_EDGE('',*,*,#6637,.T.);
#9333=ORIENTED_EDGE('',*,*,#6636,.F.);
#9334=ORIENTED_EDGE('',*,*,#6642,.F.);
#9335=ORIENTED_EDGE('',*,*,#6643,.T.);
#9336=ORIENTED_EDGE('',*,*,#6640,.F.);
#9337=ORIENTED_EDGE('',*,*,#6616,.F.);
#9338=ORIENTED_EDGE('',*,*,#6644,.T.);
#9339=ORIENTED_EDGE('',*,*,#6645,.T.);
#9340=ORIENTED_EDGE('',*,*,#6642,.T.);
#9341=ORIENTED_EDGE('',*,*,#6614,.F.);
#9342=ORIENTED_EDGE('',*,*,#6635,.F.);
#9343=ORIENTED_EDGE('',*,*,#6634,.F.);
#9344=ORIENTED_EDGE('',*,*,#6631,.F.);
#9345=ORIENTED_EDGE('',*,*,#6628,.F.);
#9346=ORIENTED_EDGE('',*,*,#6625,.F.);
#9347=ORIENTED_EDGE('',*,*,#6622,.F.);
#9348=ORIENTED_EDGE('',*,*,#6619,.F.);
#9349=ORIENTED_EDGE('',*,*,#6618,.F.);
#9350=ORIENTED_EDGE('',*,*,#6646,.F.);
#9351=ORIENTED_EDGE('',*,*,#6647,.T.);
#9352=ORIENTED_EDGE('',*,*,#6644,.F.);
#9353=ORIENTED_EDGE('',*,*,#6621,.F.);
#9354=ORIENTED_EDGE('',*,*,#6648,.T.);
#9355=ORIENTED_EDGE('',*,*,#6649,.T.);
#9356=ORIENTED_EDGE('',*,*,#6646,.T.);
#9357=ORIENTED_EDGE('',*,*,#6624,.F.);
#9358=ORIENTED_EDGE('',*,*,#6650,.F.);
#9359=ORIENTED_EDGE('',*,*,#6651,.T.);
#9360=ORIENTED_EDGE('',*,*,#6648,.F.);
#9361=ORIENTED_EDGE('',*,*,#6627,.F.);
#9362=ORIENTED_EDGE('',*,*,#6639,.T.);
#9363=ORIENTED_EDGE('',*,*,#6652,.T.);
#9364=ORIENTED_EDGE('',*,*,#6650,.T.);
#9365=ORIENTED_EDGE('',*,*,#6645,.F.);
#9366=ORIENTED_EDGE('',*,*,#6647,.F.);
#9367=ORIENTED_EDGE('',*,*,#6649,.F.);
#9368=ORIENTED_EDGE('',*,*,#6651,.F.);
#9369=ORIENTED_EDGE('',*,*,#6652,.F.);
#9370=ORIENTED_EDGE('',*,*,#6638,.F.);
#9371=ORIENTED_EDGE('',*,*,#6641,.F.);
#9372=ORIENTED_EDGE('',*,*,#6643,.F.);
#9373=ORIENTED_EDGE('',*,*,#6653,.T.);
#9374=ORIENTED_EDGE('',*,*,#6654,.T.);
#9375=ORIENTED_EDGE('',*,*,#6655,.T.);
#9376=ORIENTED_EDGE('',*,*,#6656,.T.);
#9377=ORIENTED_EDGE('',*,*,#6657,.T.);
#9378=ORIENTED_EDGE('',*,*,#6658,.T.);
#9379=ORIENTED_EDGE('',*,*,#6655,.F.);
#9380=ORIENTED_EDGE('',*,*,#6659,.T.);
#9381=ORIENTED_EDGE('',*,*,#6660,.T.);
#9382=ORIENTED_EDGE('',*,*,#6661,.T.);
#9383=ORIENTED_EDGE('',*,*,#6657,.F.);
#9384=ORIENTED_EDGE('',*,*,#6662,.T.);
#9385=ORIENTED_EDGE('',*,*,#6663,.T.);
#9386=ORIENTED_EDGE('',*,*,#6664,.T.);
#9387=ORIENTED_EDGE('',*,*,#6660,.F.);
#9388=ORIENTED_EDGE('',*,*,#6665,.T.);
#9389=ORIENTED_EDGE('',*,*,#6666,.T.);
#9390=ORIENTED_EDGE('',*,*,#6667,.T.);
#9391=ORIENTED_EDGE('',*,*,#6663,.F.);
#9392=ORIENTED_EDGE('',*,*,#6668,.T.);
#9393=ORIENTED_EDGE('',*,*,#6669,.T.);
#9394=ORIENTED_EDGE('',*,*,#6670,.T.);
#9395=ORIENTED_EDGE('',*,*,#6666,.F.);
#9396=ORIENTED_EDGE('',*,*,#6671,.T.);
#9397=ORIENTED_EDGE('',*,*,#6672,.T.);
#9398=ORIENTED_EDGE('',*,*,#6673,.T.);
#9399=ORIENTED_EDGE('',*,*,#6669,.F.);
#9400=ORIENTED_EDGE('',*,*,#6674,.T.);
#9401=ORIENTED_EDGE('',*,*,#6672,.F.);
#9402=ORIENTED_EDGE('',*,*,#6675,.T.);
#9403=ORIENTED_EDGE('',*,*,#6653,.F.);
#9404=ORIENTED_EDGE('',*,*,#6676,.T.);
#9405=ORIENTED_EDGE('',*,*,#6670,.F.);
#9406=ORIENTED_EDGE('',*,*,#6677,.F.);
#9407=ORIENTED_EDGE('',*,*,#6678,.T.);
#9408=ORIENTED_EDGE('',*,*,#6679,.F.);
#9409=ORIENTED_EDGE('',*,*,#6673,.F.);
#9410=ORIENTED_EDGE('',*,*,#6680,.T.);
#9411=ORIENTED_EDGE('',*,*,#6681,.T.);
#9412=ORIENTED_EDGE('',*,*,#6677,.T.);
#9413=ORIENTED_EDGE('',*,*,#6676,.F.);
#9414=ORIENTED_EDGE('',*,*,#6682,.F.);
#9415=ORIENTED_EDGE('',*,*,#6683,.T.);
#9416=ORIENTED_EDGE('',*,*,#6680,.F.);
#9417=ORIENTED_EDGE('',*,*,#6656,.F.);
#9418=ORIENTED_EDGE('',*,*,#6684,.T.);
#9419=ORIENTED_EDGE('',*,*,#6685,.T.);
#9420=ORIENTED_EDGE('',*,*,#6682,.T.);
#9421=ORIENTED_EDGE('',*,*,#6654,.F.);
#9422=ORIENTED_EDGE('',*,*,#6675,.F.);
#9423=ORIENTED_EDGE('',*,*,#6674,.F.);
#9424=ORIENTED_EDGE('',*,*,#6671,.F.);
#9425=ORIENTED_EDGE('',*,*,#6668,.F.);
#9426=ORIENTED_EDGE('',*,*,#6665,.F.);
#9427=ORIENTED_EDGE('',*,*,#6662,.F.);
#9428=ORIENTED_EDGE('',*,*,#6659,.F.);
#9429=ORIENTED_EDGE('',*,*,#6685,.F.);
#9430=ORIENTED_EDGE('',*,*,#6686,.F.);
#9431=ORIENTED_EDGE('',*,*,#6687,.F.);
#9432=ORIENTED_EDGE('',*,*,#6688,.F.);
#9433=ORIENTED_EDGE('',*,*,#6689,.F.);
#9434=ORIENTED_EDGE('',*,*,#6678,.F.);
#9435=ORIENTED_EDGE('',*,*,#6681,.F.);
#9436=ORIENTED_EDGE('',*,*,#6683,.F.);
#9437=ORIENTED_EDGE('',*,*,#6658,.F.);
#9438=ORIENTED_EDGE('',*,*,#6690,.F.);
#9439=ORIENTED_EDGE('',*,*,#6686,.T.);
#9440=ORIENTED_EDGE('',*,*,#6684,.F.);
#9441=ORIENTED_EDGE('',*,*,#6661,.F.);
#9442=ORIENTED_EDGE('',*,*,#6691,.T.);
#9443=ORIENTED_EDGE('',*,*,#6687,.T.);
#9444=ORIENTED_EDGE('',*,*,#6690,.T.);
#9445=ORIENTED_EDGE('',*,*,#6667,.F.);
#9446=ORIENTED_EDGE('',*,*,#6679,.T.);
#9447=ORIENTED_EDGE('',*,*,#6689,.T.);
#9448=ORIENTED_EDGE('',*,*,#6692,.T.);
#9449=ORIENTED_EDGE('',*,*,#6664,.F.);
#9450=ORIENTED_EDGE('',*,*,#6692,.F.);
#9451=ORIENTED_EDGE('',*,*,#6688,.T.);
#9452=ORIENTED_EDGE('',*,*,#6691,.F.);
#9453=ORIENTED_EDGE('',*,*,#6693,.T.);
#9454=ORIENTED_EDGE('',*,*,#6694,.T.);
#9455=ORIENTED_EDGE('',*,*,#6695,.T.);
#9456=ORIENTED_EDGE('',*,*,#6696,.T.);
#9457=ORIENTED_EDGE('',*,*,#6697,.T.);
#9458=ORIENTED_EDGE('',*,*,#6698,.T.);
#9459=ORIENTED_EDGE('',*,*,#6695,.F.);
#9460=ORIENTED_EDGE('',*,*,#6699,.T.);
#9461=ORIENTED_EDGE('',*,*,#6700,.T.);
#9462=ORIENTED_EDGE('',*,*,#6701,.T.);
#9463=ORIENTED_EDGE('',*,*,#6697,.F.);
#9464=ORIENTED_EDGE('',*,*,#6702,.T.);
#9465=ORIENTED_EDGE('',*,*,#6703,.T.);
#9466=ORIENTED_EDGE('',*,*,#6704,.T.);
#9467=ORIENTED_EDGE('',*,*,#6700,.F.);
#9468=ORIENTED_EDGE('',*,*,#6705,.T.);
#9469=ORIENTED_EDGE('',*,*,#6706,.T.);
#9470=ORIENTED_EDGE('',*,*,#6707,.T.);
#9471=ORIENTED_EDGE('',*,*,#6703,.F.);
#9472=ORIENTED_EDGE('',*,*,#6708,.T.);
#9473=ORIENTED_EDGE('',*,*,#6709,.T.);
#9474=ORIENTED_EDGE('',*,*,#6710,.T.);
#9475=ORIENTED_EDGE('',*,*,#6706,.F.);
#9476=ORIENTED_EDGE('',*,*,#6711,.T.);
#9477=ORIENTED_EDGE('',*,*,#6712,.T.);
#9478=ORIENTED_EDGE('',*,*,#6713,.T.);
#9479=ORIENTED_EDGE('',*,*,#6709,.F.);
#9480=ORIENTED_EDGE('',*,*,#6714,.T.);
#9481=ORIENTED_EDGE('',*,*,#6712,.F.);
#9482=ORIENTED_EDGE('',*,*,#6715,.T.);
#9483=ORIENTED_EDGE('',*,*,#6693,.F.);
#9484=ORIENTED_EDGE('',*,*,#6716,.T.);
#9485=ORIENTED_EDGE('',*,*,#6710,.F.);
#9486=ORIENTED_EDGE('',*,*,#6717,.F.);
#9487=ORIENTED_EDGE('',*,*,#6718,.T.);
#9488=ORIENTED_EDGE('',*,*,#6719,.F.);
#9489=ORIENTED_EDGE('',*,*,#6713,.F.);
#9490=ORIENTED_EDGE('',*,*,#6720,.T.);
#9491=ORIENTED_EDGE('',*,*,#6721,.T.);
#9492=ORIENTED_EDGE('',*,*,#6717,.T.);
#9493=ORIENTED_EDGE('',*,*,#6716,.F.);
#9494=ORIENTED_EDGE('',*,*,#6722,.F.);
#9495=ORIENTED_EDGE('',*,*,#6723,.T.);
#9496=ORIENTED_EDGE('',*,*,#6720,.F.);
#9497=ORIENTED_EDGE('',*,*,#6696,.F.);
#9498=ORIENTED_EDGE('',*,*,#6724,.T.);
#9499=ORIENTED_EDGE('',*,*,#6725,.T.);
#9500=ORIENTED_EDGE('',*,*,#6722,.T.);
#9501=ORIENTED_EDGE('',*,*,#6694,.F.);
#9502=ORIENTED_EDGE('',*,*,#6715,.F.);
#9503=ORIENTED_EDGE('',*,*,#6714,.F.);
#9504=ORIENTED_EDGE('',*,*,#6711,.F.);
#9505=ORIENTED_EDGE('',*,*,#6708,.F.);
#9506=ORIENTED_EDGE('',*,*,#6705,.F.);
#9507=ORIENTED_EDGE('',*,*,#6702,.F.);
#9508=ORIENTED_EDGE('',*,*,#6699,.F.);
#9509=ORIENTED_EDGE('',*,*,#6701,.F.);
#9510=ORIENTED_EDGE('',*,*,#6726,.T.);
#9511=ORIENTED_EDGE('',*,*,#6727,.T.);
#9512=ORIENTED_EDGE('',*,*,#6728,.T.);
#9513=ORIENTED_EDGE('',*,*,#6698,.F.);
#9514=ORIENTED_EDGE('',*,*,#6728,.F.);
#9515=ORIENTED_EDGE('',*,*,#6729,.T.);
#9516=ORIENTED_EDGE('',*,*,#6724,.F.);
#9517=ORIENTED_EDGE('',*,*,#6727,.F.);
#9518=ORIENTED_EDGE('',*,*,#6730,.F.);
#9519=ORIENTED_EDGE('',*,*,#6731,.F.);
#9520=ORIENTED_EDGE('',*,*,#6718,.F.);
#9521=ORIENTED_EDGE('',*,*,#6721,.F.);
#9522=ORIENTED_EDGE('',*,*,#6723,.F.);
#9523=ORIENTED_EDGE('',*,*,#6725,.F.);
#9524=ORIENTED_EDGE('',*,*,#6729,.F.);
#9525=ORIENTED_EDGE('',*,*,#6707,.F.);
#9526=ORIENTED_EDGE('',*,*,#6719,.T.);
#9527=ORIENTED_EDGE('',*,*,#6731,.T.);
#9528=ORIENTED_EDGE('',*,*,#6732,.T.);
#9529=ORIENTED_EDGE('',*,*,#6704,.F.);
#9530=ORIENTED_EDGE('',*,*,#6732,.F.);
#9531=ORIENTED_EDGE('',*,*,#6730,.T.);
#9532=ORIENTED_EDGE('',*,*,#6726,.F.);
#9533=ORIENTED_EDGE('',*,*,#6733,.T.);
#9534=ORIENTED_EDGE('',*,*,#6734,.T.);
#9535=ORIENTED_EDGE('',*,*,#6735,.T.);
#9536=ORIENTED_EDGE('',*,*,#6736,.T.);
#9537=ORIENTED_EDGE('',*,*,#6737,.T.);
#9538=ORIENTED_EDGE('',*,*,#6738,.T.);
#9539=ORIENTED_EDGE('',*,*,#6735,.F.);
#9540=ORIENTED_EDGE('',*,*,#6739,.T.);
#9541=ORIENTED_EDGE('',*,*,#6740,.T.);
#9542=ORIENTED_EDGE('',*,*,#6741,.T.);
#9543=ORIENTED_EDGE('',*,*,#6737,.F.);
#9544=ORIENTED_EDGE('',*,*,#6742,.T.);
#9545=ORIENTED_EDGE('',*,*,#6743,.T.);
#9546=ORIENTED_EDGE('',*,*,#6744,.T.);
#9547=ORIENTED_EDGE('',*,*,#6740,.F.);
#9548=ORIENTED_EDGE('',*,*,#6745,.T.);
#9549=ORIENTED_EDGE('',*,*,#6746,.T.);
#9550=ORIENTED_EDGE('',*,*,#6747,.T.);
#9551=ORIENTED_EDGE('',*,*,#6743,.F.);
#9552=ORIENTED_EDGE('',*,*,#6748,.T.);
#9553=ORIENTED_EDGE('',*,*,#6749,.T.);
#9554=ORIENTED_EDGE('',*,*,#6750,.T.);
#9555=ORIENTED_EDGE('',*,*,#6746,.F.);
#9556=ORIENTED_EDGE('',*,*,#6751,.T.);
#9557=ORIENTED_EDGE('',*,*,#6752,.T.);
#9558=ORIENTED_EDGE('',*,*,#6753,.T.);
#9559=ORIENTED_EDGE('',*,*,#6749,.F.);
#9560=ORIENTED_EDGE('',*,*,#6754,.T.);
#9561=ORIENTED_EDGE('',*,*,#6752,.F.);
#9562=ORIENTED_EDGE('',*,*,#6755,.T.);
#9563=ORIENTED_EDGE('',*,*,#6733,.F.);
#9564=ORIENTED_EDGE('',*,*,#6756,.T.);
#9565=ORIENTED_EDGE('',*,*,#6750,.F.);
#9566=ORIENTED_EDGE('',*,*,#6757,.F.);
#9567=ORIENTED_EDGE('',*,*,#6758,.T.);
#9568=ORIENTED_EDGE('',*,*,#6759,.F.);
#9569=ORIENTED_EDGE('',*,*,#6753,.F.);
#9570=ORIENTED_EDGE('',*,*,#6760,.T.);
#9571=ORIENTED_EDGE('',*,*,#6761,.T.);
#9572=ORIENTED_EDGE('',*,*,#6757,.T.);
#9573=ORIENTED_EDGE('',*,*,#6756,.F.);
#9574=ORIENTED_EDGE('',*,*,#6762,.F.);
#9575=ORIENTED_EDGE('',*,*,#6763,.T.);
#9576=ORIENTED_EDGE('',*,*,#6760,.F.);
#9577=ORIENTED_EDGE('',*,*,#6736,.F.);
#9578=ORIENTED_EDGE('',*,*,#6764,.T.);
#9579=ORIENTED_EDGE('',*,*,#6765,.T.);
#9580=ORIENTED_EDGE('',*,*,#6762,.T.);
#9581=ORIENTED_EDGE('',*,*,#6734,.F.);
#9582=ORIENTED_EDGE('',*,*,#6755,.F.);
#9583=ORIENTED_EDGE('',*,*,#6754,.F.);
#9584=ORIENTED_EDGE('',*,*,#6751,.F.);
#9585=ORIENTED_EDGE('',*,*,#6748,.F.);
#9586=ORIENTED_EDGE('',*,*,#6745,.F.);
#9587=ORIENTED_EDGE('',*,*,#6742,.F.);
#9588=ORIENTED_EDGE('',*,*,#6739,.F.);
#9589=ORIENTED_EDGE('',*,*,#6765,.F.);
#9590=ORIENTED_EDGE('',*,*,#6766,.F.);
#9591=ORIENTED_EDGE('',*,*,#6767,.F.);
#9592=ORIENTED_EDGE('',*,*,#6768,.F.);
#9593=ORIENTED_EDGE('',*,*,#6769,.F.);
#9594=ORIENTED_EDGE('',*,*,#6758,.F.);
#9595=ORIENTED_EDGE('',*,*,#6761,.F.);
#9596=ORIENTED_EDGE('',*,*,#6763,.F.);
#9597=ORIENTED_EDGE('',*,*,#6738,.F.);
#9598=ORIENTED_EDGE('',*,*,#6770,.F.);
#9599=ORIENTED_EDGE('',*,*,#6766,.T.);
#9600=ORIENTED_EDGE('',*,*,#6764,.F.);
#9601=ORIENTED_EDGE('',*,*,#6741,.F.);
#9602=ORIENTED_EDGE('',*,*,#6771,.T.);
#9603=ORIENTED_EDGE('',*,*,#6767,.T.);
#9604=ORIENTED_EDGE('',*,*,#6770,.T.);
#9605=ORIENTED_EDGE('',*,*,#6747,.F.);
#9606=ORIENTED_EDGE('',*,*,#6759,.T.);
#9607=ORIENTED_EDGE('',*,*,#6769,.T.);
#9608=ORIENTED_EDGE('',*,*,#6772,.T.);
#9609=ORIENTED_EDGE('',*,*,#6744,.F.);
#9610=ORIENTED_EDGE('',*,*,#6772,.F.);
#9611=ORIENTED_EDGE('',*,*,#6768,.T.);
#9612=ORIENTED_EDGE('',*,*,#6771,.F.);
#9613=ORIENTED_EDGE('',*,*,#6773,.T.);
#9614=ORIENTED_EDGE('',*,*,#6774,.T.);
#9615=ORIENTED_EDGE('',*,*,#6775,.T.);
#9616=ORIENTED_EDGE('',*,*,#6776,.T.);
#9617=ORIENTED_EDGE('',*,*,#6777,.T.);
#9618=ORIENTED_EDGE('',*,*,#6778,.T.);
#9619=ORIENTED_EDGE('',*,*,#6775,.F.);
#9620=ORIENTED_EDGE('',*,*,#6779,.T.);
#9621=ORIENTED_EDGE('',*,*,#6780,.T.);
#9622=ORIENTED_EDGE('',*,*,#6781,.T.);
#9623=ORIENTED_EDGE('',*,*,#6777,.F.);
#9624=ORIENTED_EDGE('',*,*,#6782,.T.);
#9625=ORIENTED_EDGE('',*,*,#6783,.T.);
#9626=ORIENTED_EDGE('',*,*,#6784,.T.);
#9627=ORIENTED_EDGE('',*,*,#6780,.F.);
#9628=ORIENTED_EDGE('',*,*,#6785,.T.);
#9629=ORIENTED_EDGE('',*,*,#6786,.T.);
#9630=ORIENTED_EDGE('',*,*,#6787,.T.);
#9631=ORIENTED_EDGE('',*,*,#6783,.F.);
#9632=ORIENTED_EDGE('',*,*,#6788,.T.);
#9633=ORIENTED_EDGE('',*,*,#6789,.T.);
#9634=ORIENTED_EDGE('',*,*,#6790,.T.);
#9635=ORIENTED_EDGE('',*,*,#6786,.F.);
#9636=ORIENTED_EDGE('',*,*,#6791,.T.);
#9637=ORIENTED_EDGE('',*,*,#6792,.T.);
#9638=ORIENTED_EDGE('',*,*,#6793,.T.);
#9639=ORIENTED_EDGE('',*,*,#6789,.F.);
#9640=ORIENTED_EDGE('',*,*,#6794,.T.);
#9641=ORIENTED_EDGE('',*,*,#6792,.F.);
#9642=ORIENTED_EDGE('',*,*,#6795,.T.);
#9643=ORIENTED_EDGE('',*,*,#6773,.F.);
#9644=ORIENTED_EDGE('',*,*,#6796,.T.);
#9645=ORIENTED_EDGE('',*,*,#6790,.F.);
#9646=ORIENTED_EDGE('',*,*,#6797,.F.);
#9647=ORIENTED_EDGE('',*,*,#6798,.T.);
#9648=ORIENTED_EDGE('',*,*,#6799,.F.);
#9649=ORIENTED_EDGE('',*,*,#6793,.F.);
#9650=ORIENTED_EDGE('',*,*,#6800,.T.);
#9651=ORIENTED_EDGE('',*,*,#6801,.T.);
#9652=ORIENTED_EDGE('',*,*,#6797,.T.);
#9653=ORIENTED_EDGE('',*,*,#6796,.F.);
#9654=ORIENTED_EDGE('',*,*,#6802,.F.);
#9655=ORIENTED_EDGE('',*,*,#6803,.T.);
#9656=ORIENTED_EDGE('',*,*,#6800,.F.);
#9657=ORIENTED_EDGE('',*,*,#6776,.F.);
#9658=ORIENTED_EDGE('',*,*,#6804,.T.);
#9659=ORIENTED_EDGE('',*,*,#6805,.T.);
#9660=ORIENTED_EDGE('',*,*,#6802,.T.);
#9661=ORIENTED_EDGE('',*,*,#6774,.F.);
#9662=ORIENTED_EDGE('',*,*,#6795,.F.);
#9663=ORIENTED_EDGE('',*,*,#6794,.F.);
#9664=ORIENTED_EDGE('',*,*,#6791,.F.);
#9665=ORIENTED_EDGE('',*,*,#6788,.F.);
#9666=ORIENTED_EDGE('',*,*,#6785,.F.);
#9667=ORIENTED_EDGE('',*,*,#6782,.F.);
#9668=ORIENTED_EDGE('',*,*,#6779,.F.);
#9669=ORIENTED_EDGE('',*,*,#6805,.F.);
#9670=ORIENTED_EDGE('',*,*,#6806,.F.);
#9671=ORIENTED_EDGE('',*,*,#6807,.F.);
#9672=ORIENTED_EDGE('',*,*,#6808,.F.);
#9673=ORIENTED_EDGE('',*,*,#6809,.F.);
#9674=ORIENTED_EDGE('',*,*,#6798,.F.);
#9675=ORIENTED_EDGE('',*,*,#6801,.F.);
#9676=ORIENTED_EDGE('',*,*,#6803,.F.);
#9677=ORIENTED_EDGE('',*,*,#6778,.F.);
#9678=ORIENTED_EDGE('',*,*,#6810,.F.);
#9679=ORIENTED_EDGE('',*,*,#6806,.T.);
#9680=ORIENTED_EDGE('',*,*,#6804,.F.);
#9681=ORIENTED_EDGE('',*,*,#6781,.F.);
#9682=ORIENTED_EDGE('',*,*,#6811,.T.);
#9683=ORIENTED_EDGE('',*,*,#6807,.T.);
#9684=ORIENTED_EDGE('',*,*,#6810,.T.);
#9685=ORIENTED_EDGE('',*,*,#6787,.F.);
#9686=ORIENTED_EDGE('',*,*,#6799,.T.);
#9687=ORIENTED_EDGE('',*,*,#6809,.T.);
#9688=ORIENTED_EDGE('',*,*,#6812,.T.);
#9689=ORIENTED_EDGE('',*,*,#6784,.F.);
#9690=ORIENTED_EDGE('',*,*,#6812,.F.);
#9691=ORIENTED_EDGE('',*,*,#6808,.T.);
#9692=ORIENTED_EDGE('',*,*,#6811,.F.);
#9693=ORIENTED_EDGE('',*,*,#6813,.T.);
#9694=ORIENTED_EDGE('',*,*,#6814,.T.);
#9695=ORIENTED_EDGE('',*,*,#6815,.T.);
#9696=ORIENTED_EDGE('',*,*,#6816,.T.);
#9697=ORIENTED_EDGE('',*,*,#6817,.T.);
#9698=ORIENTED_EDGE('',*,*,#6818,.T.);
#9699=ORIENTED_EDGE('',*,*,#6815,.F.);
#9700=ORIENTED_EDGE('',*,*,#6819,.T.);
#9701=ORIENTED_EDGE('',*,*,#6820,.T.);
#9702=ORIENTED_EDGE('',*,*,#6821,.T.);
#9703=ORIENTED_EDGE('',*,*,#6817,.F.);
#9704=ORIENTED_EDGE('',*,*,#6822,.T.);
#9705=ORIENTED_EDGE('',*,*,#6823,.T.);
#9706=ORIENTED_EDGE('',*,*,#6824,.T.);
#9707=ORIENTED_EDGE('',*,*,#6820,.F.);
#9708=ORIENTED_EDGE('',*,*,#6825,.T.);
#9709=ORIENTED_EDGE('',*,*,#6826,.T.);
#9710=ORIENTED_EDGE('',*,*,#6827,.T.);
#9711=ORIENTED_EDGE('',*,*,#6823,.F.);
#9712=ORIENTED_EDGE('',*,*,#6828,.T.);
#9713=ORIENTED_EDGE('',*,*,#6829,.T.);
#9714=ORIENTED_EDGE('',*,*,#6830,.T.);
#9715=ORIENTED_EDGE('',*,*,#6826,.F.);
#9716=ORIENTED_EDGE('',*,*,#6831,.T.);
#9717=ORIENTED_EDGE('',*,*,#6832,.T.);
#9718=ORIENTED_EDGE('',*,*,#6833,.T.);
#9719=ORIENTED_EDGE('',*,*,#6829,.F.);
#9720=ORIENTED_EDGE('',*,*,#6834,.T.);
#9721=ORIENTED_EDGE('',*,*,#6832,.F.);
#9722=ORIENTED_EDGE('',*,*,#6835,.T.);
#9723=ORIENTED_EDGE('',*,*,#6813,.F.);
#9724=ORIENTED_EDGE('',*,*,#6836,.T.);
#9725=ORIENTED_EDGE('',*,*,#6830,.F.);
#9726=ORIENTED_EDGE('',*,*,#6837,.F.);
#9727=ORIENTED_EDGE('',*,*,#6838,.T.);
#9728=ORIENTED_EDGE('',*,*,#6839,.F.);
#9729=ORIENTED_EDGE('',*,*,#6833,.F.);
#9730=ORIENTED_EDGE('',*,*,#6840,.T.);
#9731=ORIENTED_EDGE('',*,*,#6841,.T.);
#9732=ORIENTED_EDGE('',*,*,#6837,.T.);
#9733=ORIENTED_EDGE('',*,*,#6836,.F.);
#9734=ORIENTED_EDGE('',*,*,#6842,.F.);
#9735=ORIENTED_EDGE('',*,*,#6843,.T.);
#9736=ORIENTED_EDGE('',*,*,#6840,.F.);
#9737=ORIENTED_EDGE('',*,*,#6816,.F.);
#9738=ORIENTED_EDGE('',*,*,#6844,.T.);
#9739=ORIENTED_EDGE('',*,*,#6845,.T.);
#9740=ORIENTED_EDGE('',*,*,#6842,.T.);
#9741=ORIENTED_EDGE('',*,*,#6814,.F.);
#9742=ORIENTED_EDGE('',*,*,#6835,.F.);
#9743=ORIENTED_EDGE('',*,*,#6834,.F.);
#9744=ORIENTED_EDGE('',*,*,#6831,.F.);
#9745=ORIENTED_EDGE('',*,*,#6828,.F.);
#9746=ORIENTED_EDGE('',*,*,#6825,.F.);
#9747=ORIENTED_EDGE('',*,*,#6822,.F.);
#9748=ORIENTED_EDGE('',*,*,#6819,.F.);
#9749=ORIENTED_EDGE('',*,*,#6821,.F.);
#9750=ORIENTED_EDGE('',*,*,#6846,.T.);
#9751=ORIENTED_EDGE('',*,*,#6847,.T.);
#9752=ORIENTED_EDGE('',*,*,#6848,.T.);
#9753=ORIENTED_EDGE('',*,*,#6818,.F.);
#9754=ORIENTED_EDGE('',*,*,#6848,.F.);
#9755=ORIENTED_EDGE('',*,*,#6849,.T.);
#9756=ORIENTED_EDGE('',*,*,#6844,.F.);
#9757=ORIENTED_EDGE('',*,*,#6847,.F.);
#9758=ORIENTED_EDGE('',*,*,#6850,.F.);
#9759=ORIENTED_EDGE('',*,*,#6851,.F.);
#9760=ORIENTED_EDGE('',*,*,#6838,.F.);
#9761=ORIENTED_EDGE('',*,*,#6841,.F.);
#9762=ORIENTED_EDGE('',*,*,#6843,.F.);
#9763=ORIENTED_EDGE('',*,*,#6845,.F.);
#9764=ORIENTED_EDGE('',*,*,#6849,.F.);
#9765=ORIENTED_EDGE('',*,*,#6827,.F.);
#9766=ORIENTED_EDGE('',*,*,#6839,.T.);
#9767=ORIENTED_EDGE('',*,*,#6851,.T.);
#9768=ORIENTED_EDGE('',*,*,#6852,.T.);
#9769=ORIENTED_EDGE('',*,*,#6824,.F.);
#9770=ORIENTED_EDGE('',*,*,#6852,.F.);
#9771=ORIENTED_EDGE('',*,*,#6850,.T.);
#9772=ORIENTED_EDGE('',*,*,#6846,.F.);
#9773=ORIENTED_EDGE('',*,*,#6853,.T.);
#9774=ORIENTED_EDGE('',*,*,#6854,.T.);
#9775=ORIENTED_EDGE('',*,*,#6855,.T.);
#9776=ORIENTED_EDGE('',*,*,#6856,.T.);
#9777=ORIENTED_EDGE('',*,*,#6857,.T.);
#9778=ORIENTED_EDGE('',*,*,#6858,.T.);
#9779=ORIENTED_EDGE('',*,*,#6855,.F.);
#9780=ORIENTED_EDGE('',*,*,#6859,.T.);
#9781=ORIENTED_EDGE('',*,*,#6860,.T.);
#9782=ORIENTED_EDGE('',*,*,#6861,.T.);
#9783=ORIENTED_EDGE('',*,*,#6857,.F.);
#9784=ORIENTED_EDGE('',*,*,#6862,.T.);
#9785=ORIENTED_EDGE('',*,*,#6863,.T.);
#9786=ORIENTED_EDGE('',*,*,#6864,.T.);
#9787=ORIENTED_EDGE('',*,*,#6860,.F.);
#9788=ORIENTED_EDGE('',*,*,#6865,.T.);
#9789=ORIENTED_EDGE('',*,*,#6866,.T.);
#9790=ORIENTED_EDGE('',*,*,#6867,.T.);
#9791=ORIENTED_EDGE('',*,*,#6863,.F.);
#9792=ORIENTED_EDGE('',*,*,#6868,.T.);
#9793=ORIENTED_EDGE('',*,*,#6869,.T.);
#9794=ORIENTED_EDGE('',*,*,#6870,.T.);
#9795=ORIENTED_EDGE('',*,*,#6866,.F.);
#9796=ORIENTED_EDGE('',*,*,#6871,.T.);
#9797=ORIENTED_EDGE('',*,*,#6872,.T.);
#9798=ORIENTED_EDGE('',*,*,#6873,.T.);
#9799=ORIENTED_EDGE('',*,*,#6869,.F.);
#9800=ORIENTED_EDGE('',*,*,#6874,.T.);
#9801=ORIENTED_EDGE('',*,*,#6872,.F.);
#9802=ORIENTED_EDGE('',*,*,#6875,.T.);
#9803=ORIENTED_EDGE('',*,*,#6853,.F.);
#9804=ORIENTED_EDGE('',*,*,#6876,.T.);
#9805=ORIENTED_EDGE('',*,*,#6870,.F.);
#9806=ORIENTED_EDGE('',*,*,#6877,.F.);
#9807=ORIENTED_EDGE('',*,*,#6878,.T.);
#9808=ORIENTED_EDGE('',*,*,#6879,.F.);
#9809=ORIENTED_EDGE('',*,*,#6873,.F.);
#9810=ORIENTED_EDGE('',*,*,#6880,.T.);
#9811=ORIENTED_EDGE('',*,*,#6881,.T.);
#9812=ORIENTED_EDGE('',*,*,#6877,.T.);
#9813=ORIENTED_EDGE('',*,*,#6876,.F.);
#9814=ORIENTED_EDGE('',*,*,#6882,.F.);
#9815=ORIENTED_EDGE('',*,*,#6883,.T.);
#9816=ORIENTED_EDGE('',*,*,#6880,.F.);
#9817=ORIENTED_EDGE('',*,*,#6856,.F.);
#9818=ORIENTED_EDGE('',*,*,#6884,.T.);
#9819=ORIENTED_EDGE('',*,*,#6885,.T.);
#9820=ORIENTED_EDGE('',*,*,#6882,.T.);
#9821=ORIENTED_EDGE('',*,*,#6854,.F.);
#9822=ORIENTED_EDGE('',*,*,#6875,.F.);
#9823=ORIENTED_EDGE('',*,*,#6874,.F.);
#9824=ORIENTED_EDGE('',*,*,#6871,.F.);
#9825=ORIENTED_EDGE('',*,*,#6868,.F.);
#9826=ORIENTED_EDGE('',*,*,#6865,.F.);
#9827=ORIENTED_EDGE('',*,*,#6862,.F.);
#9828=ORIENTED_EDGE('',*,*,#6859,.F.);
#9829=ORIENTED_EDGE('',*,*,#6861,.F.);
#9830=ORIENTED_EDGE('',*,*,#6886,.T.);
#9831=ORIENTED_EDGE('',*,*,#6887,.T.);
#9832=ORIENTED_EDGE('',*,*,#6888,.T.);
#9833=ORIENTED_EDGE('',*,*,#6858,.F.);
#9834=ORIENTED_EDGE('',*,*,#6888,.F.);
#9835=ORIENTED_EDGE('',*,*,#6889,.T.);
#9836=ORIENTED_EDGE('',*,*,#6884,.F.);
#9837=ORIENTED_EDGE('',*,*,#6887,.F.);
#9838=ORIENTED_EDGE('',*,*,#6890,.F.);
#9839=ORIENTED_EDGE('',*,*,#6891,.F.);
#9840=ORIENTED_EDGE('',*,*,#6878,.F.);
#9841=ORIENTED_EDGE('',*,*,#6881,.F.);
#9842=ORIENTED_EDGE('',*,*,#6883,.F.);
#9843=ORIENTED_EDGE('',*,*,#6885,.F.);
#9844=ORIENTED_EDGE('',*,*,#6889,.F.);
#9845=ORIENTED_EDGE('',*,*,#6867,.F.);
#9846=ORIENTED_EDGE('',*,*,#6879,.T.);
#9847=ORIENTED_EDGE('',*,*,#6891,.T.);
#9848=ORIENTED_EDGE('',*,*,#6892,.T.);
#9849=ORIENTED_EDGE('',*,*,#6864,.F.);
#9850=ORIENTED_EDGE('',*,*,#6892,.F.);
#9851=ORIENTED_EDGE('',*,*,#6890,.T.);
#9852=ORIENTED_EDGE('',*,*,#6886,.F.);
#9853=ORIENTED_EDGE('',*,*,#6893,.T.);
#9854=ORIENTED_EDGE('',*,*,#6894,.T.);
#9855=ORIENTED_EDGE('',*,*,#6895,.T.);
#9856=ORIENTED_EDGE('',*,*,#6896,.T.);
#9857=ORIENTED_EDGE('',*,*,#6897,.T.);
#9858=ORIENTED_EDGE('',*,*,#6898,.T.);
#9859=ORIENTED_EDGE('',*,*,#6895,.F.);
#9860=ORIENTED_EDGE('',*,*,#6899,.T.);
#9861=ORIENTED_EDGE('',*,*,#6900,.T.);
#9862=ORIENTED_EDGE('',*,*,#6901,.T.);
#9863=ORIENTED_EDGE('',*,*,#6897,.F.);
#9864=ORIENTED_EDGE('',*,*,#6902,.T.);
#9865=ORIENTED_EDGE('',*,*,#6903,.T.);
#9866=ORIENTED_EDGE('',*,*,#6904,.T.);
#9867=ORIENTED_EDGE('',*,*,#6900,.F.);
#9868=ORIENTED_EDGE('',*,*,#6905,.T.);
#9869=ORIENTED_EDGE('',*,*,#6906,.T.);
#9870=ORIENTED_EDGE('',*,*,#6907,.T.);
#9871=ORIENTED_EDGE('',*,*,#6903,.F.);
#9872=ORIENTED_EDGE('',*,*,#6908,.T.);
#9873=ORIENTED_EDGE('',*,*,#6909,.T.);
#9874=ORIENTED_EDGE('',*,*,#6910,.T.);
#9875=ORIENTED_EDGE('',*,*,#6906,.F.);
#9876=ORIENTED_EDGE('',*,*,#6911,.T.);
#9877=ORIENTED_EDGE('',*,*,#6912,.T.);
#9878=ORIENTED_EDGE('',*,*,#6913,.T.);
#9879=ORIENTED_EDGE('',*,*,#6909,.F.);
#9880=ORIENTED_EDGE('',*,*,#6914,.T.);
#9881=ORIENTED_EDGE('',*,*,#6912,.F.);
#9882=ORIENTED_EDGE('',*,*,#6915,.T.);
#9883=ORIENTED_EDGE('',*,*,#6893,.F.);
#9884=ORIENTED_EDGE('',*,*,#6916,.T.);
#9885=ORIENTED_EDGE('',*,*,#6910,.F.);
#9886=ORIENTED_EDGE('',*,*,#6917,.F.);
#9887=ORIENTED_EDGE('',*,*,#6918,.T.);
#9888=ORIENTED_EDGE('',*,*,#6919,.F.);
#9889=ORIENTED_EDGE('',*,*,#6913,.F.);
#9890=ORIENTED_EDGE('',*,*,#6920,.T.);
#9891=ORIENTED_EDGE('',*,*,#6921,.T.);
#9892=ORIENTED_EDGE('',*,*,#6917,.T.);
#9893=ORIENTED_EDGE('',*,*,#6916,.F.);
#9894=ORIENTED_EDGE('',*,*,#6922,.F.);
#9895=ORIENTED_EDGE('',*,*,#6923,.T.);
#9896=ORIENTED_EDGE('',*,*,#6920,.F.);
#9897=ORIENTED_EDGE('',*,*,#6896,.F.);
#9898=ORIENTED_EDGE('',*,*,#6924,.T.);
#9899=ORIENTED_EDGE('',*,*,#6925,.T.);
#9900=ORIENTED_EDGE('',*,*,#6922,.T.);
#9901=ORIENTED_EDGE('',*,*,#6894,.F.);
#9902=ORIENTED_EDGE('',*,*,#6915,.F.);
#9903=ORIENTED_EDGE('',*,*,#6914,.F.);
#9904=ORIENTED_EDGE('',*,*,#6911,.F.);
#9905=ORIENTED_EDGE('',*,*,#6908,.F.);
#9906=ORIENTED_EDGE('',*,*,#6905,.F.);
#9907=ORIENTED_EDGE('',*,*,#6902,.F.);
#9908=ORIENTED_EDGE('',*,*,#6899,.F.);
#9909=ORIENTED_EDGE('',*,*,#6925,.F.);
#9910=ORIENTED_EDGE('',*,*,#6926,.F.);
#9911=ORIENTED_EDGE('',*,*,#6927,.F.);
#9912=ORIENTED_EDGE('',*,*,#6928,.F.);
#9913=ORIENTED_EDGE('',*,*,#6929,.F.);
#9914=ORIENTED_EDGE('',*,*,#6918,.F.);
#9915=ORIENTED_EDGE('',*,*,#6921,.F.);
#9916=ORIENTED_EDGE('',*,*,#6923,.F.);
#9917=ORIENTED_EDGE('',*,*,#6901,.F.);
#9918=ORIENTED_EDGE('',*,*,#6930,.T.);
#9919=ORIENTED_EDGE('',*,*,#6927,.T.);
#9920=ORIENTED_EDGE('',*,*,#6931,.T.);
#9921=ORIENTED_EDGE('',*,*,#6904,.F.);
#9922=ORIENTED_EDGE('',*,*,#6932,.F.);
#9923=ORIENTED_EDGE('',*,*,#6928,.T.);
#9924=ORIENTED_EDGE('',*,*,#6930,.F.);
#9925=ORIENTED_EDGE('',*,*,#6907,.F.);
#9926=ORIENTED_EDGE('',*,*,#6919,.T.);
#9927=ORIENTED_EDGE('',*,*,#6929,.T.);
#9928=ORIENTED_EDGE('',*,*,#6932,.T.);
#9929=ORIENTED_EDGE('',*,*,#6898,.F.);
#9930=ORIENTED_EDGE('',*,*,#6931,.F.);
#9931=ORIENTED_EDGE('',*,*,#6926,.T.);
#9932=ORIENTED_EDGE('',*,*,#6924,.F.);
#9933=ORIENTED_EDGE('',*,*,#6933,.T.);
#9934=ORIENTED_EDGE('',*,*,#6934,.T.);
#9935=ORIENTED_EDGE('',*,*,#6935,.T.);
#9936=ORIENTED_EDGE('',*,*,#6936,.T.);
#9937=ORIENTED_EDGE('',*,*,#6937,.T.);
#9938=ORIENTED_EDGE('',*,*,#6938,.T.);
#9939=ORIENTED_EDGE('',*,*,#6935,.F.);
#9940=ORIENTED_EDGE('',*,*,#6939,.T.);
#9941=ORIENTED_EDGE('',*,*,#6940,.T.);
#9942=ORIENTED_EDGE('',*,*,#6941,.T.);
#9943=ORIENTED_EDGE('',*,*,#6937,.F.);
#9944=ORIENTED_EDGE('',*,*,#6942,.T.);
#9945=ORIENTED_EDGE('',*,*,#6943,.T.);
#9946=ORIENTED_EDGE('',*,*,#6944,.T.);
#9947=ORIENTED_EDGE('',*,*,#6940,.F.);
#9948=ORIENTED_EDGE('',*,*,#6945,.T.);
#9949=ORIENTED_EDGE('',*,*,#6946,.T.);
#9950=ORIENTED_EDGE('',*,*,#6947,.T.);
#9951=ORIENTED_EDGE('',*,*,#6943,.F.);
#9952=ORIENTED_EDGE('',*,*,#6948,.T.);
#9953=ORIENTED_EDGE('',*,*,#6949,.T.);
#9954=ORIENTED_EDGE('',*,*,#6950,.T.);
#9955=ORIENTED_EDGE('',*,*,#6946,.F.);
#9956=ORIENTED_EDGE('',*,*,#6951,.T.);
#9957=ORIENTED_EDGE('',*,*,#6952,.T.);
#9958=ORIENTED_EDGE('',*,*,#6953,.T.);
#9959=ORIENTED_EDGE('',*,*,#6949,.F.);
#9960=ORIENTED_EDGE('',*,*,#6954,.T.);
#9961=ORIENTED_EDGE('',*,*,#6952,.F.);
#9962=ORIENTED_EDGE('',*,*,#6955,.T.);
#9963=ORIENTED_EDGE('',*,*,#6933,.F.);
#9964=ORIENTED_EDGE('',*,*,#6956,.T.);
#9965=ORIENTED_EDGE('',*,*,#6950,.F.);
#9966=ORIENTED_EDGE('',*,*,#6957,.F.);
#9967=ORIENTED_EDGE('',*,*,#6958,.T.);
#9968=ORIENTED_EDGE('',*,*,#6959,.F.);
#9969=ORIENTED_EDGE('',*,*,#6953,.F.);
#9970=ORIENTED_EDGE('',*,*,#6960,.T.);
#9971=ORIENTED_EDGE('',*,*,#6961,.T.);
#9972=ORIENTED_EDGE('',*,*,#6957,.T.);
#9973=ORIENTED_EDGE('',*,*,#6956,.F.);
#9974=ORIENTED_EDGE('',*,*,#6962,.F.);
#9975=ORIENTED_EDGE('',*,*,#6963,.T.);
#9976=ORIENTED_EDGE('',*,*,#6960,.F.);
#9977=ORIENTED_EDGE('',*,*,#6936,.F.);
#9978=ORIENTED_EDGE('',*,*,#6964,.T.);
#9979=ORIENTED_EDGE('',*,*,#6965,.T.);
#9980=ORIENTED_EDGE('',*,*,#6962,.T.);
#9981=ORIENTED_EDGE('',*,*,#6934,.F.);
#9982=ORIENTED_EDGE('',*,*,#6955,.F.);
#9983=ORIENTED_EDGE('',*,*,#6954,.F.);
#9984=ORIENTED_EDGE('',*,*,#6951,.F.);
#9985=ORIENTED_EDGE('',*,*,#6948,.F.);
#9986=ORIENTED_EDGE('',*,*,#6945,.F.);
#9987=ORIENTED_EDGE('',*,*,#6942,.F.);
#9988=ORIENTED_EDGE('',*,*,#6939,.F.);
#9989=ORIENTED_EDGE('',*,*,#6965,.F.);
#9990=ORIENTED_EDGE('',*,*,#6966,.F.);
#9991=ORIENTED_EDGE('',*,*,#6967,.F.);
#9992=ORIENTED_EDGE('',*,*,#6968,.F.);
#9993=ORIENTED_EDGE('',*,*,#6969,.F.);
#9994=ORIENTED_EDGE('',*,*,#6958,.F.);
#9995=ORIENTED_EDGE('',*,*,#6961,.F.);
#9996=ORIENTED_EDGE('',*,*,#6963,.F.);
#9997=ORIENTED_EDGE('',*,*,#6938,.F.);
#9998=ORIENTED_EDGE('',*,*,#6970,.F.);
#9999=ORIENTED_EDGE('',*,*,#6966,.T.);
#10000=ORIENTED_EDGE('',*,*,#6964,.F.);
#10001=ORIENTED_EDGE('',*,*,#6941,.F.);
#10002=ORIENTED_EDGE('',*,*,#6971,.T.);
#10003=ORIENTED_EDGE('',*,*,#6967,.T.);
#10004=ORIENTED_EDGE('',*,*,#6970,.T.);
#10005=ORIENTED_EDGE('',*,*,#6947,.F.);
#10006=ORIENTED_EDGE('',*,*,#6959,.T.);
#10007=ORIENTED_EDGE('',*,*,#6969,.T.);
#10008=ORIENTED_EDGE('',*,*,#6972,.T.);
#10009=ORIENTED_EDGE('',*,*,#6944,.F.);
#10010=ORIENTED_EDGE('',*,*,#6972,.F.);
#10011=ORIENTED_EDGE('',*,*,#6968,.T.);
#10012=ORIENTED_EDGE('',*,*,#6971,.F.);
#10013=ORIENTED_EDGE('',*,*,#6973,.T.);
#10014=ORIENTED_EDGE('',*,*,#6974,.T.);
#10015=ORIENTED_EDGE('',*,*,#6975,.T.);
#10016=ORIENTED_EDGE('',*,*,#6976,.T.);
#10017=ORIENTED_EDGE('',*,*,#6977,.T.);
#10018=ORIENTED_EDGE('',*,*,#6978,.T.);
#10019=ORIENTED_EDGE('',*,*,#6975,.F.);
#10020=ORIENTED_EDGE('',*,*,#6979,.T.);
#10021=ORIENTED_EDGE('',*,*,#6980,.T.);
#10022=ORIENTED_EDGE('',*,*,#6981,.T.);
#10023=ORIENTED_EDGE('',*,*,#6977,.F.);
#10024=ORIENTED_EDGE('',*,*,#6982,.T.);
#10025=ORIENTED_EDGE('',*,*,#6983,.T.);
#10026=ORIENTED_EDGE('',*,*,#6984,.T.);
#10027=ORIENTED_EDGE('',*,*,#6980,.F.);
#10028=ORIENTED_EDGE('',*,*,#6985,.T.);
#10029=ORIENTED_EDGE('',*,*,#6986,.T.);
#10030=ORIENTED_EDGE('',*,*,#6987,.T.);
#10031=ORIENTED_EDGE('',*,*,#6983,.F.);
#10032=ORIENTED_EDGE('',*,*,#6988,.T.);
#10033=ORIENTED_EDGE('',*,*,#6989,.T.);
#10034=ORIENTED_EDGE('',*,*,#6990,.T.);
#10035=ORIENTED_EDGE('',*,*,#6986,.F.);
#10036=ORIENTED_EDGE('',*,*,#6991,.T.);
#10037=ORIENTED_EDGE('',*,*,#6992,.T.);
#10038=ORIENTED_EDGE('',*,*,#6993,.T.);
#10039=ORIENTED_EDGE('',*,*,#6989,.F.);
#10040=ORIENTED_EDGE('',*,*,#6994,.T.);
#10041=ORIENTED_EDGE('',*,*,#6992,.F.);
#10042=ORIENTED_EDGE('',*,*,#6995,.T.);
#10043=ORIENTED_EDGE('',*,*,#6973,.F.);
#10044=ORIENTED_EDGE('',*,*,#6996,.T.);
#10045=ORIENTED_EDGE('',*,*,#6990,.F.);
#10046=ORIENTED_EDGE('',*,*,#6997,.F.);
#10047=ORIENTED_EDGE('',*,*,#6998,.T.);
#10048=ORIENTED_EDGE('',*,*,#6999,.F.);
#10049=ORIENTED_EDGE('',*,*,#6993,.F.);
#10050=ORIENTED_EDGE('',*,*,#7000,.T.);
#10051=ORIENTED_EDGE('',*,*,#7001,.T.);
#10052=ORIENTED_EDGE('',*,*,#6997,.T.);
#10053=ORIENTED_EDGE('',*,*,#6996,.F.);
#10054=ORIENTED_EDGE('',*,*,#7002,.F.);
#10055=ORIENTED_EDGE('',*,*,#7003,.T.);
#10056=ORIENTED_EDGE('',*,*,#7000,.F.);
#10057=ORIENTED_EDGE('',*,*,#6976,.F.);
#10058=ORIENTED_EDGE('',*,*,#7004,.T.);
#10059=ORIENTED_EDGE('',*,*,#7005,.T.);
#10060=ORIENTED_EDGE('',*,*,#7002,.T.);
#10061=ORIENTED_EDGE('',*,*,#6974,.F.);
#10062=ORIENTED_EDGE('',*,*,#6995,.F.);
#10063=ORIENTED_EDGE('',*,*,#6994,.F.);
#10064=ORIENTED_EDGE('',*,*,#6991,.F.);
#10065=ORIENTED_EDGE('',*,*,#6988,.F.);
#10066=ORIENTED_EDGE('',*,*,#6985,.F.);
#10067=ORIENTED_EDGE('',*,*,#6982,.F.);
#10068=ORIENTED_EDGE('',*,*,#6979,.F.);
#10069=ORIENTED_EDGE('',*,*,#7005,.F.);
#10070=ORIENTED_EDGE('',*,*,#7006,.F.);
#10071=ORIENTED_EDGE('',*,*,#7007,.F.);
#10072=ORIENTED_EDGE('',*,*,#7008,.F.);
#10073=ORIENTED_EDGE('',*,*,#7009,.F.);
#10074=ORIENTED_EDGE('',*,*,#6998,.F.);
#10075=ORIENTED_EDGE('',*,*,#7001,.F.);
#10076=ORIENTED_EDGE('',*,*,#7003,.F.);
#10077=ORIENTED_EDGE('',*,*,#6978,.F.);
#10078=ORIENTED_EDGE('',*,*,#7010,.F.);
#10079=ORIENTED_EDGE('',*,*,#7006,.T.);
#10080=ORIENTED_EDGE('',*,*,#7004,.F.);
#10081=ORIENTED_EDGE('',*,*,#6981,.F.);
#10082=ORIENTED_EDGE('',*,*,#7011,.T.);
#10083=ORIENTED_EDGE('',*,*,#7007,.T.);
#10084=ORIENTED_EDGE('',*,*,#7010,.T.);
#10085=ORIENTED_EDGE('',*,*,#6987,.F.);
#10086=ORIENTED_EDGE('',*,*,#6999,.T.);
#10087=ORIENTED_EDGE('',*,*,#7009,.T.);
#10088=ORIENTED_EDGE('',*,*,#7012,.T.);
#10089=ORIENTED_EDGE('',*,*,#6984,.F.);
#10090=ORIENTED_EDGE('',*,*,#7012,.F.);
#10091=ORIENTED_EDGE('',*,*,#7008,.T.);
#10092=ORIENTED_EDGE('',*,*,#7011,.F.);
#10093=ORIENTED_EDGE('',*,*,#7013,.T.);
#10094=ORIENTED_EDGE('',*,*,#7014,.T.);
#10095=ORIENTED_EDGE('',*,*,#7015,.T.);
#10096=ORIENTED_EDGE('',*,*,#7016,.T.);
#10097=ORIENTED_EDGE('',*,*,#7017,.T.);
#10098=ORIENTED_EDGE('',*,*,#7018,.T.);
#10099=ORIENTED_EDGE('',*,*,#7015,.F.);
#10100=ORIENTED_EDGE('',*,*,#7019,.T.);
#10101=ORIENTED_EDGE('',*,*,#7020,.T.);
#10102=ORIENTED_EDGE('',*,*,#7021,.T.);
#10103=ORIENTED_EDGE('',*,*,#7017,.F.);
#10104=ORIENTED_EDGE('',*,*,#7022,.T.);
#10105=ORIENTED_EDGE('',*,*,#7023,.T.);
#10106=ORIENTED_EDGE('',*,*,#7024,.T.);
#10107=ORIENTED_EDGE('',*,*,#7020,.F.);
#10108=ORIENTED_EDGE('',*,*,#7025,.T.);
#10109=ORIENTED_EDGE('',*,*,#7026,.T.);
#10110=ORIENTED_EDGE('',*,*,#7027,.T.);
#10111=ORIENTED_EDGE('',*,*,#7023,.F.);
#10112=ORIENTED_EDGE('',*,*,#7028,.T.);
#10113=ORIENTED_EDGE('',*,*,#7029,.T.);
#10114=ORIENTED_EDGE('',*,*,#7030,.T.);
#10115=ORIENTED_EDGE('',*,*,#7026,.F.);
#10116=ORIENTED_EDGE('',*,*,#7031,.T.);
#10117=ORIENTED_EDGE('',*,*,#7032,.T.);
#10118=ORIENTED_EDGE('',*,*,#7033,.T.);
#10119=ORIENTED_EDGE('',*,*,#7029,.F.);
#10120=ORIENTED_EDGE('',*,*,#7034,.T.);
#10121=ORIENTED_EDGE('',*,*,#7032,.F.);
#10122=ORIENTED_EDGE('',*,*,#7035,.T.);
#10123=ORIENTED_EDGE('',*,*,#7013,.F.);
#10124=ORIENTED_EDGE('',*,*,#7036,.T.);
#10125=ORIENTED_EDGE('',*,*,#7030,.F.);
#10126=ORIENTED_EDGE('',*,*,#7037,.F.);
#10127=ORIENTED_EDGE('',*,*,#7038,.T.);
#10128=ORIENTED_EDGE('',*,*,#7039,.F.);
#10129=ORIENTED_EDGE('',*,*,#7033,.F.);
#10130=ORIENTED_EDGE('',*,*,#7040,.T.);
#10131=ORIENTED_EDGE('',*,*,#7041,.T.);
#10132=ORIENTED_EDGE('',*,*,#7037,.T.);
#10133=ORIENTED_EDGE('',*,*,#7036,.F.);
#10134=ORIENTED_EDGE('',*,*,#7042,.F.);
#10135=ORIENTED_EDGE('',*,*,#7043,.T.);
#10136=ORIENTED_EDGE('',*,*,#7040,.F.);
#10137=ORIENTED_EDGE('',*,*,#7016,.F.);
#10138=ORIENTED_EDGE('',*,*,#7044,.T.);
#10139=ORIENTED_EDGE('',*,*,#7045,.T.);
#10140=ORIENTED_EDGE('',*,*,#7042,.T.);
#10141=ORIENTED_EDGE('',*,*,#7014,.F.);
#10142=ORIENTED_EDGE('',*,*,#7035,.F.);
#10143=ORIENTED_EDGE('',*,*,#7034,.F.);
#10144=ORIENTED_EDGE('',*,*,#7031,.F.);
#10145=ORIENTED_EDGE('',*,*,#7028,.F.);
#10146=ORIENTED_EDGE('',*,*,#7025,.F.);
#10147=ORIENTED_EDGE('',*,*,#7022,.F.);
#10148=ORIENTED_EDGE('',*,*,#7019,.F.);
#10149=ORIENTED_EDGE('',*,*,#7018,.F.);
#10150=ORIENTED_EDGE('',*,*,#7046,.F.);
#10151=ORIENTED_EDGE('',*,*,#7047,.T.);
#10152=ORIENTED_EDGE('',*,*,#7044,.F.);
#10153=ORIENTED_EDGE('',*,*,#7021,.F.);
#10154=ORIENTED_EDGE('',*,*,#7048,.T.);
#10155=ORIENTED_EDGE('',*,*,#7049,.T.);
#10156=ORIENTED_EDGE('',*,*,#7046,.T.);
#10157=ORIENTED_EDGE('',*,*,#7024,.F.);
#10158=ORIENTED_EDGE('',*,*,#7050,.F.);
#10159=ORIENTED_EDGE('',*,*,#7051,.T.);
#10160=ORIENTED_EDGE('',*,*,#7048,.F.);
#10161=ORIENTED_EDGE('',*,*,#7027,.F.);
#10162=ORIENTED_EDGE('',*,*,#7039,.T.);
#10163=ORIENTED_EDGE('',*,*,#7052,.T.);
#10164=ORIENTED_EDGE('',*,*,#7050,.T.);
#10165=ORIENTED_EDGE('',*,*,#7045,.F.);
#10166=ORIENTED_EDGE('',*,*,#7047,.F.);
#10167=ORIENTED_EDGE('',*,*,#7049,.F.);
#10168=ORIENTED_EDGE('',*,*,#7051,.F.);
#10169=ORIENTED_EDGE('',*,*,#7052,.F.);
#10170=ORIENTED_EDGE('',*,*,#7038,.F.);
#10171=ORIENTED_EDGE('',*,*,#7041,.F.);
#10172=ORIENTED_EDGE('',*,*,#7043,.F.);
#10173=ORIENTED_EDGE('',*,*,#7053,.T.);
#10174=ORIENTED_EDGE('',*,*,#7054,.T.);
#10175=ORIENTED_EDGE('',*,*,#7055,.T.);
#10176=ORIENTED_EDGE('',*,*,#7056,.T.);
#10177=ORIENTED_EDGE('',*,*,#7057,.T.);
#10178=ORIENTED_EDGE('',*,*,#7058,.T.);
#10179=ORIENTED_EDGE('',*,*,#7055,.F.);
#10180=ORIENTED_EDGE('',*,*,#7059,.T.);
#10181=ORIENTED_EDGE('',*,*,#7060,.T.);
#10182=ORIENTED_EDGE('',*,*,#7061,.T.);
#10183=ORIENTED_EDGE('',*,*,#7057,.F.);
#10184=ORIENTED_EDGE('',*,*,#7062,.T.);
#10185=ORIENTED_EDGE('',*,*,#7063,.T.);
#10186=ORIENTED_EDGE('',*,*,#7064,.T.);
#10187=ORIENTED_EDGE('',*,*,#7060,.F.);
#10188=ORIENTED_EDGE('',*,*,#7065,.T.);
#10189=ORIENTED_EDGE('',*,*,#7066,.T.);
#10190=ORIENTED_EDGE('',*,*,#7067,.T.);
#10191=ORIENTED_EDGE('',*,*,#7063,.F.);
#10192=ORIENTED_EDGE('',*,*,#7068,.T.);
#10193=ORIENTED_EDGE('',*,*,#7069,.T.);
#10194=ORIENTED_EDGE('',*,*,#7070,.T.);
#10195=ORIENTED_EDGE('',*,*,#7066,.F.);
#10196=ORIENTED_EDGE('',*,*,#7071,.T.);
#10197=ORIENTED_EDGE('',*,*,#7072,.T.);
#10198=ORIENTED_EDGE('',*,*,#7073,.T.);
#10199=ORIENTED_EDGE('',*,*,#7069,.F.);
#10200=ORIENTED_EDGE('',*,*,#7074,.T.);
#10201=ORIENTED_EDGE('',*,*,#7072,.F.);
#10202=ORIENTED_EDGE('',*,*,#7075,.T.);
#10203=ORIENTED_EDGE('',*,*,#7053,.F.);
#10204=ORIENTED_EDGE('',*,*,#7076,.T.);
#10205=ORIENTED_EDGE('',*,*,#7070,.F.);
#10206=ORIENTED_EDGE('',*,*,#7077,.F.);
#10207=ORIENTED_EDGE('',*,*,#7078,.T.);
#10208=ORIENTED_EDGE('',*,*,#7079,.F.);
#10209=ORIENTED_EDGE('',*,*,#7073,.F.);
#10210=ORIENTED_EDGE('',*,*,#7080,.T.);
#10211=ORIENTED_EDGE('',*,*,#7081,.T.);
#10212=ORIENTED_EDGE('',*,*,#7077,.T.);
#10213=ORIENTED_EDGE('',*,*,#7076,.F.);
#10214=ORIENTED_EDGE('',*,*,#7082,.F.);
#10215=ORIENTED_EDGE('',*,*,#7083,.T.);
#10216=ORIENTED_EDGE('',*,*,#7080,.F.);
#10217=ORIENTED_EDGE('',*,*,#7056,.F.);
#10218=ORIENTED_EDGE('',*,*,#7084,.T.);
#10219=ORIENTED_EDGE('',*,*,#7085,.T.);
#10220=ORIENTED_EDGE('',*,*,#7082,.T.);
#10221=ORIENTED_EDGE('',*,*,#7054,.F.);
#10222=ORIENTED_EDGE('',*,*,#7075,.F.);
#10223=ORIENTED_EDGE('',*,*,#7074,.F.);
#10224=ORIENTED_EDGE('',*,*,#7071,.F.);
#10225=ORIENTED_EDGE('',*,*,#7068,.F.);
#10226=ORIENTED_EDGE('',*,*,#7065,.F.);
#10227=ORIENTED_EDGE('',*,*,#7062,.F.);
#10228=ORIENTED_EDGE('',*,*,#7059,.F.);
#10229=ORIENTED_EDGE('',*,*,#7061,.F.);
#10230=ORIENTED_EDGE('',*,*,#7086,.T.);
#10231=ORIENTED_EDGE('',*,*,#7087,.T.);
#10232=ORIENTED_EDGE('',*,*,#7088,.T.);
#10233=ORIENTED_EDGE('',*,*,#7058,.F.);
#10234=ORIENTED_EDGE('',*,*,#7088,.F.);
#10235=ORIENTED_EDGE('',*,*,#7089,.T.);
#10236=ORIENTED_EDGE('',*,*,#7084,.F.);
#10237=ORIENTED_EDGE('',*,*,#7087,.F.);
#10238=ORIENTED_EDGE('',*,*,#7090,.F.);
#10239=ORIENTED_EDGE('',*,*,#7091,.F.);
#10240=ORIENTED_EDGE('',*,*,#7078,.F.);
#10241=ORIENTED_EDGE('',*,*,#7081,.F.);
#10242=ORIENTED_EDGE('',*,*,#7083,.F.);
#10243=ORIENTED_EDGE('',*,*,#7085,.F.);
#10244=ORIENTED_EDGE('',*,*,#7089,.F.);
#10245=ORIENTED_EDGE('',*,*,#7067,.F.);
#10246=ORIENTED_EDGE('',*,*,#7079,.T.);
#10247=ORIENTED_EDGE('',*,*,#7091,.T.);
#10248=ORIENTED_EDGE('',*,*,#7092,.T.);
#10249=ORIENTED_EDGE('',*,*,#7064,.F.);
#10250=ORIENTED_EDGE('',*,*,#7092,.F.);
#10251=ORIENTED_EDGE('',*,*,#7090,.T.);
#10252=ORIENTED_EDGE('',*,*,#7086,.F.);
#10253=ORIENTED_EDGE('',*,*,#7093,.T.);
#10254=ORIENTED_EDGE('',*,*,#7094,.T.);
#10255=ORIENTED_EDGE('',*,*,#7095,.T.);
#10256=ORIENTED_EDGE('',*,*,#7096,.T.);
#10257=ORIENTED_EDGE('',*,*,#7097,.T.);
#10258=ORIENTED_EDGE('',*,*,#7098,.T.);
#10259=ORIENTED_EDGE('',*,*,#7095,.F.);
#10260=ORIENTED_EDGE('',*,*,#7099,.T.);
#10261=ORIENTED_EDGE('',*,*,#7100,.T.);
#10262=ORIENTED_EDGE('',*,*,#7101,.T.);
#10263=ORIENTED_EDGE('',*,*,#7097,.F.);
#10264=ORIENTED_EDGE('',*,*,#7102,.T.);
#10265=ORIENTED_EDGE('',*,*,#7103,.T.);
#10266=ORIENTED_EDGE('',*,*,#7104,.T.);
#10267=ORIENTED_EDGE('',*,*,#7100,.F.);
#10268=ORIENTED_EDGE('',*,*,#7105,.T.);
#10269=ORIENTED_EDGE('',*,*,#7106,.T.);
#10270=ORIENTED_EDGE('',*,*,#7107,.T.);
#10271=ORIENTED_EDGE('',*,*,#7103,.F.);
#10272=ORIENTED_EDGE('',*,*,#7108,.T.);
#10273=ORIENTED_EDGE('',*,*,#7109,.T.);
#10274=ORIENTED_EDGE('',*,*,#7110,.T.);
#10275=ORIENTED_EDGE('',*,*,#7106,.F.);
#10276=ORIENTED_EDGE('',*,*,#7111,.T.);
#10277=ORIENTED_EDGE('',*,*,#7112,.T.);
#10278=ORIENTED_EDGE('',*,*,#7113,.T.);
#10279=ORIENTED_EDGE('',*,*,#7109,.F.);
#10280=ORIENTED_EDGE('',*,*,#7114,.T.);
#10281=ORIENTED_EDGE('',*,*,#7112,.F.);
#10282=ORIENTED_EDGE('',*,*,#7115,.T.);
#10283=ORIENTED_EDGE('',*,*,#7093,.F.);
#10284=ORIENTED_EDGE('',*,*,#7116,.T.);
#10285=ORIENTED_EDGE('',*,*,#7110,.F.);
#10286=ORIENTED_EDGE('',*,*,#7117,.F.);
#10287=ORIENTED_EDGE('',*,*,#7118,.T.);
#10288=ORIENTED_EDGE('',*,*,#7119,.F.);
#10289=ORIENTED_EDGE('',*,*,#7113,.F.);
#10290=ORIENTED_EDGE('',*,*,#7120,.T.);
#10291=ORIENTED_EDGE('',*,*,#7121,.T.);
#10292=ORIENTED_EDGE('',*,*,#7117,.T.);
#10293=ORIENTED_EDGE('',*,*,#7116,.F.);
#10294=ORIENTED_EDGE('',*,*,#7122,.F.);
#10295=ORIENTED_EDGE('',*,*,#7123,.T.);
#10296=ORIENTED_EDGE('',*,*,#7120,.F.);
#10297=ORIENTED_EDGE('',*,*,#7096,.F.);
#10298=ORIENTED_EDGE('',*,*,#7124,.T.);
#10299=ORIENTED_EDGE('',*,*,#7125,.T.);
#10300=ORIENTED_EDGE('',*,*,#7122,.T.);
#10301=ORIENTED_EDGE('',*,*,#7094,.F.);
#10302=ORIENTED_EDGE('',*,*,#7115,.F.);
#10303=ORIENTED_EDGE('',*,*,#7114,.F.);
#10304=ORIENTED_EDGE('',*,*,#7111,.F.);
#10305=ORIENTED_EDGE('',*,*,#7108,.F.);
#10306=ORIENTED_EDGE('',*,*,#7105,.F.);
#10307=ORIENTED_EDGE('',*,*,#7102,.F.);
#10308=ORIENTED_EDGE('',*,*,#7099,.F.);
#10309=ORIENTED_EDGE('',*,*,#7125,.F.);
#10310=ORIENTED_EDGE('',*,*,#7126,.F.);
#10311=ORIENTED_EDGE('',*,*,#7127,.F.);
#10312=ORIENTED_EDGE('',*,*,#7128,.F.);
#10313=ORIENTED_EDGE('',*,*,#7129,.F.);
#10314=ORIENTED_EDGE('',*,*,#7118,.F.);
#10315=ORIENTED_EDGE('',*,*,#7121,.F.);
#10316=ORIENTED_EDGE('',*,*,#7123,.F.);
#10317=ORIENTED_EDGE('',*,*,#7098,.F.);
#10318=ORIENTED_EDGE('',*,*,#7130,.F.);
#10319=ORIENTED_EDGE('',*,*,#7126,.T.);
#10320=ORIENTED_EDGE('',*,*,#7124,.F.);
#10321=ORIENTED_EDGE('',*,*,#7101,.F.);
#10322=ORIENTED_EDGE('',*,*,#7131,.T.);
#10323=ORIENTED_EDGE('',*,*,#7127,.T.);
#10324=ORIENTED_EDGE('',*,*,#7130,.T.);
#10325=ORIENTED_EDGE('',*,*,#7107,.F.);
#10326=ORIENTED_EDGE('',*,*,#7119,.T.);
#10327=ORIENTED_EDGE('',*,*,#7129,.T.);
#10328=ORIENTED_EDGE('',*,*,#7132,.T.);
#10329=ORIENTED_EDGE('',*,*,#7104,.F.);
#10330=ORIENTED_EDGE('',*,*,#7132,.F.);
#10331=ORIENTED_EDGE('',*,*,#7128,.T.);
#10332=ORIENTED_EDGE('',*,*,#7131,.F.);
#10333=(
BOUNDED_SURFACE()
B_SPLINE_SURFACE(2,2,((#16309,#16310,#16311),(#16312,#16313,#16314),(#16315,
#16316,#16317)),.UNSPECIFIED.,.F.,.F.,.F.)
B_SPLINE_SURFACE_WITH_KNOTS((3,3),(3,3),(-1.5707963267949,0.),(-1.5707963267949,
0.),.UNSPECIFIED.)
GEOMETRIC_REPRESENTATION_ITEM()
RATIONAL_B_SPLINE_SURFACE(((1.,0.707106781186548,1.),(0.707106781186547,
0.5,0.707106781186547),(1.,0.707106781186548,1.)))
REPRESENTATION_ITEM('')
SURFACE()
);
#10334=(
BOUNDED_SURFACE()
B_SPLINE_SURFACE(2,2,((#16332,#16333,#16334),(#16335,#16336,#16337),(#16338,
#16339,#16340)),.UNSPECIFIED.,.F.,.F.,.F.)
B_SPLINE_SURFACE_WITH_KNOTS((3,3),(3,3),(-1.5707963267949,0.),(0.,1.5707963267949),
 .UNSPECIFIED.)
GEOMETRIC_REPRESENTATION_ITEM()
RATIONAL_B_SPLINE_SURFACE(((1.,0.707106781186548,1.),(0.707106781186538,
0.499999999999993,0.707106781186538),(1.,0.707106781186548,1.)))
REPRESENTATION_ITEM('')
SURFACE()
);
#10335=(
BOUNDED_SURFACE()
B_SPLINE_SURFACE(2,2,((#16352,#16353,#16354),(#16355,#16356,#16357),(#16358,
#16359,#16360)),.UNSPECIFIED.,.F.,.F.,.F.)
B_SPLINE_SURFACE_WITH_KNOTS((3,3),(3,3),(-1.5707963267949,0.),(1.5707963267949,
3.14159265358979),.UNSPECIFIED.)
GEOMETRIC_REPRESENTATION_ITEM()
RATIONAL_B_SPLINE_SURFACE(((1.,0.707106781186548,1.),(0.707106781186538,
0.499999999999993,0.707106781186538),(1.,0.707106781186548,1.)))
REPRESENTATION_ITEM('')
SURFACE()
);
#10336=(
BOUNDED_SURFACE()
B_SPLINE_SURFACE(2,2,((#16372,#16373,#16374),(#16375,#16376,#16377),(#16378,
#16379,#16380)),.UNSPECIFIED.,.F.,.F.,.F.)
B_SPLINE_SURFACE_WITH_KNOTS((3,3),(3,3),(-1.5707963267949,0.),(-3.14159265358979,
-1.5707963267949),.UNSPECIFIED.)
GEOMETRIC_REPRESENTATION_ITEM()
RATIONAL_B_SPLINE_SURFACE(((1.,0.707106781186548,1.),(0.707106781186547,
0.5,0.707106781186547),(1.,0.707106781186548,1.)))
REPRESENTATION_ITEM('')
SURFACE()
);
#10337=(
BOUNDED_SURFACE()
B_SPLINE_SURFACE(2,2,((#16423,#16424,#16425),(#16426,#16427,#16428),(#16429,
#16430,#16431)),.UNSPECIFIED.,.F.,.F.,.F.)
B_SPLINE_SURFACE_WITH_KNOTS((3,3),(3,3),(-1.5707963267949,0.),(-1.5707963267949,
0.),.UNSPECIFIED.)
GEOMETRIC_REPRESENTATION_ITEM()
RATIONAL_B_SPLINE_SURFACE(((1.,0.707106781186548,1.),(0.707106781186547,
0.5,0.707106781186547),(1.,0.707106781186548,1.)))
REPRESENTATION_ITEM('')
SURFACE()
);
#10338=(
BOUNDED_SURFACE()
B_SPLINE_SURFACE(2,2,((#16446,#16447,#16448),(#16449,#16450,#16451),(#16452,
#16453,#16454)),.UNSPECIFIED.,.F.,.F.,.F.)
B_SPLINE_SURFACE_WITH_KNOTS((3,3),(3,3),(-1.5707963267949,0.),(0.,1.5707963267949),
 .UNSPECIFIED.)
GEOMETRIC_REPRESENTATION_ITEM()
RATIONAL_B_SPLINE_SURFACE(((1.,0.707106781186548,1.),(0.707106781186547,
0.5,0.707106781186547),(1.,0.707106781186548,1.)))
REPRESENTATION_ITEM('')
SURFACE()
);
#10339=(
BOUNDED_SURFACE()
B_SPLINE_SURFACE(2,2,((#16466,#16467,#16468),(#16469,#16470,#16471),(#16472,
#16473,#16474)),.UNSPECIFIED.,.F.,.F.,.F.)
B_SPLINE_SURFACE_WITH_KNOTS((3,3),(3,3),(-1.5707963267949,0.),(1.5707963267949,
3.14159265358979),.UNSPECIFIED.)
GEOMETRIC_REPRESENTATION_ITEM()
RATIONAL_B_SPLINE_SURFACE(((1.,0.707106781186548,1.),(0.707106781186547,
0.5,0.707106781186547),(1.,0.707106781186548,1.)))
REPRESENTATION_ITEM('')
SURFACE()
);
#10340=(
BOUNDED_SURFACE()
B_SPLINE_SURFACE(2,2,((#16486,#16487,#16488),(#16489,#16490,#16491),(#16492,
#16493,#16494)),.UNSPECIFIED.,.F.,.F.,.F.)
B_SPLINE_SURFACE_WITH_KNOTS((3,3),(3,3),(-1.5707963267949,0.),(-3.14159265358979,
-1.5707963267949),.UNSPECIFIED.)
GEOMETRIC_REPRESENTATION_ITEM()
RATIONAL_B_SPLINE_SURFACE(((1.,0.707106781186548,1.),(0.707106781186547,
0.5,0.707106781186547),(1.,0.707106781186548,1.)))
REPRESENTATION_ITEM('')
SURFACE()
);
#10341=(
BOUNDED_SURFACE()
B_SPLINE_SURFACE(2,2,((#16537,#16538,#16539),(#16540,#16541,#16542),(#16543,
#16544,#16545)),.UNSPECIFIED.,.F.,.F.,.F.)
B_SPLINE_SURFACE_WITH_KNOTS((3,3),(3,3),(-1.5707963267949,0.),(-1.5707963267949,
0.),.UNSPECIFIED.)
GEOMETRIC_REPRESENTATION_ITEM()
RATIONAL_B_SPLINE_SURFACE(((1.,0.707106781186548,1.),(0.707106781186547,
0.5,0.707106781186547),(1.,0.707106781186548,1.)))
REPRESENTATION_ITEM('')
SURFACE()
);
#10342=(
BOUNDED_SURFACE()
B_SPLINE_SURFACE(2,2,((#16560,#16561,#16562),(#16563,#16564,#16565),(#16566,
#16567,#16568)),.UNSPECIFIED.,.F.,.F.,.F.)
B_SPLINE_SURFACE_WITH_KNOTS((3,3),(3,3),(-1.5707963267949,0.),(0.,1.5707963267949),
 .UNSPECIFIED.)
GEOMETRIC_REPRESENTATION_ITEM()
RATIONAL_B_SPLINE_SURFACE(((1.,0.707106781186548,1.),(0.707106781186546,
0.499999999999999,0.707106781186546),(1.,0.707106781186548,1.)))
REPRESENTATION_ITEM('')
SURFACE()
);
#10343=(
BOUNDED_SURFACE()
B_SPLINE_SURFACE(2,2,((#16580,#16581,#16582),(#16583,#16584,#16585),(#16586,
#16587,#16588)),.UNSPECIFIED.,.F.,.F.,.F.)
B_SPLINE_SURFACE_WITH_KNOTS((3,3),(3,3),(-1.5707963267949,0.),(1.5707963267949,
3.14159265358979),.UNSPECIFIED.)
GEOMETRIC_REPRESENTATION_ITEM()
RATIONAL_B_SPLINE_SURFACE(((1.,0.707106781186548,1.),(0.707106781186543,
0.499999999999997,0.707106781186543),(1.,0.707106781186548,1.)))
REPRESENTATION_ITEM('')
SURFACE()
);
#10344=(
BOUNDED_SURFACE()
B_SPLINE_SURFACE(2,2,((#16600,#16601,#16602),(#16603,#16604,#16605),(#16606,
#16607,#16608)),.UNSPECIFIED.,.F.,.F.,.F.)
B_SPLINE_SURFACE_WITH_KNOTS((3,3),(3,3),(-1.5707963267949,0.),(-3.14159265358979,
-1.5707963267949),.UNSPECIFIED.)
GEOMETRIC_REPRESENTATION_ITEM()
RATIONAL_B_SPLINE_SURFACE(((1.,0.707106781186548,1.),(0.707106781186543,
0.499999999999997,0.707106781186543),(1.,0.707106781186548,1.)))
REPRESENTATION_ITEM('')
SURFACE()
);
#10345=(
BOUNDED_SURFACE()
B_SPLINE_SURFACE(2,2,((#16651,#16652,#16653),(#16654,#16655,#16656),(#16657,
#16658,#16659)),.UNSPECIFIED.,.F.,.F.,.F.)
B_SPLINE_SURFACE_WITH_KNOTS((3,3),(3,3),(-1.5707963267949,0.),(-1.5707963267949,
0.),.UNSPECIFIED.)
GEOMETRIC_REPRESENTATION_ITEM()
RATIONAL_B_SPLINE_SURFACE(((1.,0.707106781186548,1.),(0.707106781186547,
0.5,0.707106781186547),(1.,0.707106781186548,1.)))
REPRESENTATION_ITEM('')
SURFACE()
);
#10346=(
BOUNDED_SURFACE()
B_SPLINE_SURFACE(2,2,((#16674,#16675,#16676),(#16677,#16678,#16679),(#16680,
#16681,#16682)),.UNSPECIFIED.,.F.,.F.,.F.)
B_SPLINE_SURFACE_WITH_KNOTS((3,3),(3,3),(-1.5707963267949,0.),(0.,1.5707963267949),
 .UNSPECIFIED.)
GEOMETRIC_REPRESENTATION_ITEM()
RATIONAL_B_SPLINE_SURFACE(((1.,0.707106781186548,1.),(0.707106781186538,
0.499999999999993,0.707106781186538),(1.,0.707106781186548,1.)))
REPRESENTATION_ITEM('')
SURFACE()
);
#10347=(
BOUNDED_SURFACE()
B_SPLINE_SURFACE(2,2,((#16694,#16695,#16696),(#16697,#16698,#16699),(#16700,
#16701,#16702)),.UNSPECIFIED.,.F.,.F.,.F.)
B_SPLINE_SURFACE_WITH_KNOTS((3,3),(3,3),(-1.5707963267949,0.),(1.5707963267949,
3.14159265358979),.UNSPECIFIED.)
GEOMETRIC_REPRESENTATION_ITEM()
RATIONAL_B_SPLINE_SURFACE(((1.,0.707106781186548,1.),(0.707106781186538,
0.499999999999993,0.707106781186538),(1.,0.707106781186548,1.)))
REPRESENTATION_ITEM('')
SURFACE()
);
#10348=(
BOUNDED_SURFACE()
B_SPLINE_SURFACE(2,2,((#16714,#16715,#16716),(#16717,#16718,#16719),(#16720,
#16721,#16722)),.UNSPECIFIED.,.F.,.F.,.F.)
B_SPLINE_SURFACE_WITH_KNOTS((3,3),(3,3),(-1.5707963267949,0.),(-3.14159265358979,
-1.5707963267949),.UNSPECIFIED.)
GEOMETRIC_REPRESENTATION_ITEM()
RATIONAL_B_SPLINE_SURFACE(((1.,0.707106781186548,1.),(0.707106781186547,
0.5,0.707106781186547),(1.,0.707106781186548,1.)))
REPRESENTATION_ITEM('')
SURFACE()
);
#10349=(
BOUNDED_SURFACE()
B_SPLINE_SURFACE(2,2,((#16765,#16766,#16767),(#16768,#16769,#16770),(#16771,
#16772,#16773)),.UNSPECIFIED.,.F.,.F.,.F.)
B_SPLINE_SURFACE_WITH_KNOTS((3,3),(3,3),(-1.5707963267949,0.),(-1.5707963267949,
0.),.UNSPECIFIED.)
GEOMETRIC_REPRESENTATION_ITEM()
RATIONAL_B_SPLINE_SURFACE(((1.,0.707106781186548,1.),(0.707106781186549,
0.500000000000001,0.707106781186549),(1.,0.707106781186548,1.)))
REPRESENTATION_ITEM('')
SURFACE()
);
#10350=(
BOUNDED_SURFACE()
B_SPLINE_SURFACE(2,2,((#16788,#16789,#16790),(#16791,#16792,#16793),(#16794,
#16795,#16796)),.UNSPECIFIED.,.F.,.F.,.F.)
B_SPLINE_SURFACE_WITH_KNOTS((3,3),(3,3),(-1.5707963267949,0.),(0.,1.5707963267949),
 .UNSPECIFIED.)
GEOMETRIC_REPRESENTATION_ITEM()
RATIONAL_B_SPLINE_SURFACE(((1.,0.707106781186548,1.),(0.707106781186548,
0.5,0.707106781186548),(1.,0.707106781186548,1.)))
REPRESENTATION_ITEM('')
SURFACE()
);
#10351=(
BOUNDED_SURFACE()
B_SPLINE_SURFACE(2,2,((#16808,#16809,#16810),(#16811,#16812,#16813),(#16814,
#16815,#16816)),.UNSPECIFIED.,.F.,.F.,.F.)
B_SPLINE_SURFACE_WITH_KNOTS((3,3),(3,3),(-1.5707963267949,0.),(1.5707963267949,
3.14159265358979),.UNSPECIFIED.)
GEOMETRIC_REPRESENTATION_ITEM()
RATIONAL_B_SPLINE_SURFACE(((1.,0.707106781186548,1.),(0.707106781186544,
0.499999999999997,0.707106781186544),(1.,0.707106781186548,1.)))
REPRESENTATION_ITEM('')
SURFACE()
);
#10352=(
BOUNDED_SURFACE()
B_SPLINE_SURFACE(2,2,((#16828,#16829,#16830),(#16831,#16832,#16833),(#16834,
#16835,#16836)),.UNSPECIFIED.,.F.,.F.,.F.)
B_SPLINE_SURFACE_WITH_KNOTS((3,3),(3,3),(-1.5707963267949,0.),(-3.14159265358979,
-1.5707963267949),.UNSPECIFIED.)
GEOMETRIC_REPRESENTATION_ITEM()
RATIONAL_B_SPLINE_SURFACE(((1.,0.707106781186548,1.),(0.707106781186544,
0.499999999999997,0.707106781186544),(1.,0.707106781186548,1.)))
REPRESENTATION_ITEM('')
SURFACE()
);
#10353=(
BOUNDED_SURFACE()
B_SPLINE_SURFACE(2,2,((#16879,#16880,#16881),(#16882,#16883,#16884),(#16885,
#16886,#16887)),.UNSPECIFIED.,.F.,.F.,.F.)
B_SPLINE_SURFACE_WITH_KNOTS((3,3),(3,3),(-1.5707963267949,0.),(-1.5707963267949,
0.),.UNSPECIFIED.)
GEOMETRIC_REPRESENTATION_ITEM()
RATIONAL_B_SPLINE_SURFACE(((1.,0.707106781186548,1.),(0.707106781186547,
0.5,0.707106781186547),(1.,0.707106781186548,1.)))
REPRESENTATION_ITEM('')
SURFACE()
);
#10354=(
BOUNDED_SURFACE()
B_SPLINE_SURFACE(2,2,((#16902,#16903,#16904),(#16905,#16906,#16907),(#16908,
#16909,#16910)),.UNSPECIFIED.,.F.,.F.,.F.)
B_SPLINE_SURFACE_WITH_KNOTS((3,3),(3,3),(-1.5707963267949,0.),(0.,1.5707963267949),
 .UNSPECIFIED.)
GEOMETRIC_REPRESENTATION_ITEM()
RATIONAL_B_SPLINE_SURFACE(((1.,0.707106781186548,1.),(0.707106781186544,
0.499999999999997,0.707106781186544),(1.,0.707106781186548,1.)))
REPRESENTATION_ITEM('')
SURFACE()
);
#10355=(
BOUNDED_SURFACE()
B_SPLINE_SURFACE(2,2,((#16922,#16923,#16924),(#16925,#16926,#16927),(#16928,
#16929,#16930)),.UNSPECIFIED.,.F.,.F.,.F.)
B_SPLINE_SURFACE_WITH_KNOTS((3,3),(3,3),(-1.5707963267949,0.),(1.5707963267949,
3.14159265358979),.UNSPECIFIED.)
GEOMETRIC_REPRESENTATION_ITEM()
RATIONAL_B_SPLINE_SURFACE(((1.,0.707106781186548,1.),(0.707106781186538,
0.499999999999993,0.707106781186538),(1.,0.707106781186548,1.)))
REPRESENTATION_ITEM('')
SURFACE()
);
#10356=(
BOUNDED_SURFACE()
B_SPLINE_SURFACE(2,2,((#16942,#16943,#16944),(#16945,#16946,#16947),(#16948,
#16949,#16950)),.UNSPECIFIED.,.F.,.F.,.F.)
B_SPLINE_SURFACE_WITH_KNOTS((3,3),(3,3),(-1.5707963267949,0.),(-3.14159265358979,
-1.5707963267949),.UNSPECIFIED.)
GEOMETRIC_REPRESENTATION_ITEM()
RATIONAL_B_SPLINE_SURFACE(((1.,0.707106781186548,1.),(0.707106781186543,
0.499999999999997,0.707106781186543),(1.,0.707106781186548,1.)))
REPRESENTATION_ITEM('')
SURFACE()
);
#10357=(
BOUNDED_SURFACE()
B_SPLINE_SURFACE(2,2,((#16993,#16994,#16995),(#16996,#16997,#16998),(#16999,
#17000,#17001)),.UNSPECIFIED.,.F.,.F.,.F.)
B_SPLINE_SURFACE_WITH_KNOTS((3,3),(3,3),(-1.5707963267949,0.),(-1.5707963267949,
0.),.UNSPECIFIED.)
GEOMETRIC_REPRESENTATION_ITEM()
RATIONAL_B_SPLINE_SURFACE(((1.,0.707106781186548,1.),(0.707106781186543,
0.499999999999997,0.707106781186543),(1.,0.707106781186548,1.)))
REPRESENTATION_ITEM('')
SURFACE()
);
#10358=(
BOUNDED_SURFACE()
B_SPLINE_SURFACE(2,2,((#17016,#17017,#17018),(#17019,#17020,#17021),(#17022,
#17023,#17024)),.UNSPECIFIED.,.F.,.F.,.F.)
B_SPLINE_SURFACE_WITH_KNOTS((3,3),(3,3),(-1.5707963267949,0.),(0.,1.5707963267949),
 .UNSPECIFIED.)
GEOMETRIC_REPRESENTATION_ITEM()
RATIONAL_B_SPLINE_SURFACE(((1.,0.707106781186548,1.),(0.707106781186543,
0.499999999999997,0.707106781186543),(1.,0.707106781186548,1.)))
REPRESENTATION_ITEM('')
SURFACE()
);
#10359=(
BOUNDED_SURFACE()
B_SPLINE_SURFACE(2,2,((#17036,#17037,#17038),(#17039,#17040,#17041),(#17042,
#17043,#17044)),.UNSPECIFIED.,.F.,.F.,.F.)
B_SPLINE_SURFACE_WITH_KNOTS((3,3),(3,3),(-1.5707963267949,0.),(1.5707963267949,
3.14159265358979),.UNSPECIFIED.)
GEOMETRIC_REPRESENTATION_ITEM()
RATIONAL_B_SPLINE_SURFACE(((1.,0.707106781186548,1.),(0.707106781186542,
0.499999999999996,0.707106781186542),(1.,0.707106781186548,1.)))
REPRESENTATION_ITEM('')
SURFACE()
);
#10360=(
BOUNDED_SURFACE()
B_SPLINE_SURFACE(2,2,((#17056,#17057,#17058),(#17059,#17060,#17061),(#17062,
#17063,#17064)),.UNSPECIFIED.,.F.,.F.,.F.)
B_SPLINE_SURFACE_WITH_KNOTS((3,3),(3,3),(-1.5707963267949,0.),(-3.14159265358979,
-1.5707963267949),.UNSPECIFIED.)
GEOMETRIC_REPRESENTATION_ITEM()
RATIONAL_B_SPLINE_SURFACE(((1.,0.707106781186548,1.),(0.707106781186542,
0.499999999999996,0.707106781186542),(1.,0.707106781186548,1.)))
REPRESENTATION_ITEM('')
SURFACE()
);
#10361=(
BOUNDED_SURFACE()
B_SPLINE_SURFACE(2,2,((#17107,#17108,#17109),(#17110,#17111,#17112),(#17113,
#17114,#17115)),.UNSPECIFIED.,.F.,.F.,.F.)
B_SPLINE_SURFACE_WITH_KNOTS((3,3),(3,3),(-1.5707963267949,0.),(-1.5707963267949,
0.),.UNSPECIFIED.)
GEOMETRIC_REPRESENTATION_ITEM()
RATIONAL_B_SPLINE_SURFACE(((1.,0.707106781186548,1.),(0.707106781186547,
0.5,0.707106781186547),(1.,0.707106781186548,1.)))
REPRESENTATION_ITEM('')
SURFACE()
);
#10362=(
BOUNDED_SURFACE()
B_SPLINE_SURFACE(2,2,((#17130,#17131,#17132),(#17133,#17134,#17135),(#17136,
#17137,#17138)),.UNSPECIFIED.,.F.,.F.,.F.)
B_SPLINE_SURFACE_WITH_KNOTS((3,3),(3,3),(-1.5707963267949,0.),(0.,1.5707963267949),
 .UNSPECIFIED.)
GEOMETRIC_REPRESENTATION_ITEM()
RATIONAL_B_SPLINE_SURFACE(((1.,0.707106781186548,1.),(0.707106781186538,
0.499999999999993,0.707106781186538),(1.,0.707106781186548,1.)))
REPRESENTATION_ITEM('')
SURFACE()
);
#10363=(
BOUNDED_SURFACE()
B_SPLINE_SURFACE(2,2,((#17150,#17151,#17152),(#17153,#17154,#17155),(#17156,
#17157,#17158)),.UNSPECIFIED.,.F.,.F.,.F.)
B_SPLINE_SURFACE_WITH_KNOTS((3,3),(3,3),(-1.5707963267949,0.),(1.5707963267949,
3.14159265358979),.UNSPECIFIED.)
GEOMETRIC_REPRESENTATION_ITEM()
RATIONAL_B_SPLINE_SURFACE(((1.,0.707106781186548,1.),(0.707106781186538,
0.499999999999993,0.707106781186538),(1.,0.707106781186548,1.)))
REPRESENTATION_ITEM('')
SURFACE()
);
#10364=(
BOUNDED_SURFACE()
B_SPLINE_SURFACE(2,2,((#17170,#17171,#17172),(#17173,#17174,#17175),(#17176,
#17177,#17178)),.UNSPECIFIED.,.F.,.F.,.F.)
B_SPLINE_SURFACE_WITH_KNOTS((3,3),(3,3),(-1.5707963267949,0.),(-3.14159265358979,
-1.5707963267949),.UNSPECIFIED.)
GEOMETRIC_REPRESENTATION_ITEM()
RATIONAL_B_SPLINE_SURFACE(((1.,0.707106781186548,1.),(0.707106781186547,
0.5,0.707106781186547),(1.,0.707106781186548,1.)))
REPRESENTATION_ITEM('')
SURFACE()
);
#10365=(
BOUNDED_SURFACE()
B_SPLINE_SURFACE(2,2,((#17221,#17222,#17223),(#17224,#17225,#17226),(#17227,
#17228,#17229)),.UNSPECIFIED.,.F.,.F.,.F.)
B_SPLINE_SURFACE_WITH_KNOTS((3,3),(3,3),(-1.5707963267949,0.),(-1.5707963267949,
0.),.UNSPECIFIED.)
GEOMETRIC_REPRESENTATION_ITEM()
RATIONAL_B_SPLINE_SURFACE(((1.,0.707106781186548,1.),(0.707106781186549,
0.500000000000001,0.707106781186549),(1.,0.707106781186548,1.)))
REPRESENTATION_ITEM('')
SURFACE()
);
#10366=(
BOUNDED_SURFACE()
B_SPLINE_SURFACE(2,2,((#17244,#17245,#17246),(#17247,#17248,#17249),(#17250,
#17251,#17252)),.UNSPECIFIED.,.F.,.F.,.F.)
B_SPLINE_SURFACE_WITH_KNOTS((3,3),(3,3),(-1.5707963267949,0.),(0.,1.5707963267949),
 .UNSPECIFIED.)
GEOMETRIC_REPRESENTATION_ITEM()
RATIONAL_B_SPLINE_SURFACE(((1.,0.707106781186548,1.),(0.707106781186548,
0.5,0.707106781186548),(1.,0.707106781186548,1.)))
REPRESENTATION_ITEM('')
SURFACE()
);
#10367=(
BOUNDED_SURFACE()
B_SPLINE_SURFACE(2,2,((#17264,#17265,#17266),(#17267,#17268,#17269),(#17270,
#17271,#17272)),.UNSPECIFIED.,.F.,.F.,.F.)
B_SPLINE_SURFACE_WITH_KNOTS((3,3),(3,3),(-1.5707963267949,0.),(1.5707963267949,
3.14159265358979),.UNSPECIFIED.)
GEOMETRIC_REPRESENTATION_ITEM()
RATIONAL_B_SPLINE_SURFACE(((1.,0.707106781186548,1.),(0.707106781186544,
0.499999999999997,0.707106781186544),(1.,0.707106781186548,1.)))
REPRESENTATION_ITEM('')
SURFACE()
);
#10368=(
BOUNDED_SURFACE()
B_SPLINE_SURFACE(2,2,((#17284,#17285,#17286),(#17287,#17288,#17289),(#17290,
#17291,#17292)),.UNSPECIFIED.,.F.,.F.,.F.)
B_SPLINE_SURFACE_WITH_KNOTS((3,3),(3,3),(-1.5707963267949,0.),(-3.14159265358979,
-1.5707963267949),.UNSPECIFIED.)
GEOMETRIC_REPRESENTATION_ITEM()
RATIONAL_B_SPLINE_SURFACE(((1.,0.707106781186548,1.),(0.707106781186544,
0.499999999999997,0.707106781186544),(1.,0.707106781186548,1.)))
REPRESENTATION_ITEM('')
SURFACE()
);
#10369=(
BOUNDED_SURFACE()
B_SPLINE_SURFACE(2,2,((#17335,#17336,#17337),(#17338,#17339,#17340),(#17341,
#17342,#17343)),.UNSPECIFIED.,.F.,.F.,.F.)
B_SPLINE_SURFACE_WITH_KNOTS((3,3),(3,3),(-1.5707963267949,0.),(-1.5707963267949,
0.),.UNSPECIFIED.)
GEOMETRIC_REPRESENTATION_ITEM()
RATIONAL_B_SPLINE_SURFACE(((1.,0.707106781186548,1.),(0.707106781186543,
0.499999999999997,0.707106781186543),(1.,0.707106781186548,1.)))
REPRESENTATION_ITEM('')
SURFACE()
);
#10370=(
BOUNDED_SURFACE()
B_SPLINE_SURFACE(2,2,((#17358,#17359,#17360),(#17361,#17362,#17363),(#17364,
#17365,#17366)),.UNSPECIFIED.,.F.,.F.,.F.)
B_SPLINE_SURFACE_WITH_KNOTS((3,3),(3,3),(-1.5707963267949,0.),(0.,1.5707963267949),
 .UNSPECIFIED.)
GEOMETRIC_REPRESENTATION_ITEM()
RATIONAL_B_SPLINE_SURFACE(((1.,0.707106781186548,1.),(0.707106781186538,
0.499999999999993,0.707106781186538),(1.,0.707106781186548,1.)))
REPRESENTATION_ITEM('')
SURFACE()
);
#10371=(
BOUNDED_SURFACE()
B_SPLINE_SURFACE(2,2,((#17378,#17379,#17380),(#17381,#17382,#17383),(#17384,
#17385,#17386)),.UNSPECIFIED.,.F.,.F.,.F.)
B_SPLINE_SURFACE_WITH_KNOTS((3,3),(3,3),(-1.5707963267949,0.),(1.5707963267949,
3.14159265358979),.UNSPECIFIED.)
GEOMETRIC_REPRESENTATION_ITEM()
RATIONAL_B_SPLINE_SURFACE(((1.,0.707106781186548,1.),(0.707106781186538,
0.499999999999993,0.707106781186538),(1.,0.707106781186548,1.)))
REPRESENTATION_ITEM('')
SURFACE()
);
#10372=(
BOUNDED_SURFACE()
B_SPLINE_SURFACE(2,2,((#17398,#17399,#17400),(#17401,#17402,#17403),(#17404,
#17405,#17406)),.UNSPECIFIED.,.F.,.F.,.F.)
B_SPLINE_SURFACE_WITH_KNOTS((3,3),(3,3),(-1.5707963267949,0.),(-3.14159265358979,
-1.5707963267949),.UNSPECIFIED.)
GEOMETRIC_REPRESENTATION_ITEM()
RATIONAL_B_SPLINE_SURFACE(((1.,0.707106781186548,1.),(0.707106781186542,
0.499999999999996,0.707106781186542),(1.,0.707106781186548,1.)))
REPRESENTATION_ITEM('')
SURFACE()
);
#10373=(
BOUNDED_SURFACE()
B_SPLINE_SURFACE(2,2,((#17449,#17450,#17451),(#17452,#17453,#17454),(#17455,
#17456,#17457)),.UNSPECIFIED.,.F.,.F.,.F.)
B_SPLINE_SURFACE_WITH_KNOTS((3,3),(3,3),(-1.5707963267949,0.),(-1.5707963267949,
0.),.UNSPECIFIED.)
GEOMETRIC_REPRESENTATION_ITEM()
RATIONAL_B_SPLINE_SURFACE(((1.,0.707106781186548,1.),(0.707106781186544,
0.499999999999997,0.707106781186544),(1.,0.707106781186548,1.)))
REPRESENTATION_ITEM('')
SURFACE()
);
#10374=(
BOUNDED_SURFACE()
B_SPLINE_SURFACE(2,2,((#17472,#17473,#17474),(#17475,#17476,#17477),(#17478,
#17479,#17480)),.UNSPECIFIED.,.F.,.F.,.F.)
B_SPLINE_SURFACE_WITH_KNOTS((3,3),(3,3),(-1.5707963267949,0.),(0.,1.5707963267949),
 .UNSPECIFIED.)
GEOMETRIC_REPRESENTATION_ITEM()
RATIONAL_B_SPLINE_SURFACE(((1.,0.707106781186548,1.),(0.707106781186544,
0.499999999999997,0.707106781186544),(1.,0.707106781186548,1.)))
REPRESENTATION_ITEM('')
SURFACE()
);
#10375=(
BOUNDED_SURFACE()
B_SPLINE_SURFACE(2,2,((#17492,#17493,#17494),(#17495,#17496,#17497),(#17498,
#17499,#17500)),.UNSPECIFIED.,.F.,.F.,.F.)
B_SPLINE_SURFACE_WITH_KNOTS((3,3),(3,3),(-1.5707963267949,0.),(1.5707963267949,
3.14159265358979),.UNSPECIFIED.)
GEOMETRIC_REPRESENTATION_ITEM()
RATIONAL_B_SPLINE_SURFACE(((1.,0.707106781186548,1.),(0.707106781186538,
0.499999999999993,0.707106781186538),(1.,0.707106781186548,1.)))
REPRESENTATION_ITEM('')
SURFACE()
);
#10376=(
BOUNDED_SURFACE()
B_SPLINE_SURFACE(2,2,((#17512,#17513,#17514),(#17515,#17516,#17517),(#17518,
#17519,#17520)),.UNSPECIFIED.,.F.,.F.,.F.)
B_SPLINE_SURFACE_WITH_KNOTS((3,3),(3,3),(-1.5707963267949,0.),(-3.14159265358979,
-1.5707963267949),.UNSPECIFIED.)
GEOMETRIC_REPRESENTATION_ITEM()
RATIONAL_B_SPLINE_SURFACE(((1.,0.707106781186548,1.),(0.707106781186538,
0.499999999999993,0.707106781186538),(1.,0.707106781186548,1.)))
REPRESENTATION_ITEM('')
SURFACE()
);
#10377=(
BOUNDED_SURFACE()
B_SPLINE_SURFACE(2,2,((#17563,#17564,#17565),(#17566,#17567,#17568),(#17569,
#17570,#17571)),.UNSPECIFIED.,.F.,.F.,.F.)
B_SPLINE_SURFACE_WITH_KNOTS((3,3),(3,3),(-1.5707963267949,0.),(-1.5707963267949,
0.),.UNSPECIFIED.)
GEOMETRIC_REPRESENTATION_ITEM()
RATIONAL_B_SPLINE_SURFACE(((1.,0.707106781186548,1.),(0.707106781186538,
0.499999999999993,0.707106781186538),(1.,0.707106781186548,1.)))
REPRESENTATION_ITEM('')
SURFACE()
);
#10378=(
BOUNDED_SURFACE()
B_SPLINE_SURFACE(2,2,((#17586,#17587,#17588),(#17589,#17590,#17591),(#17592,
#17593,#17594)),.UNSPECIFIED.,.F.,.F.,.F.)
B_SPLINE_SURFACE_WITH_KNOTS((3,3),(3,3),(-1.5707963267949,0.),(0.,1.5707963267949),
 .UNSPECIFIED.)
GEOMETRIC_REPRESENTATION_ITEM()
RATIONAL_B_SPLINE_SURFACE(((1.,0.707106781186548,1.),(0.707106781186538,
0.499999999999993,0.707106781186538),(1.,0.707106781186548,1.)))
REPRESENTATION_ITEM('')
SURFACE()
);
#10379=(
BOUNDED_SURFACE()
B_SPLINE_SURFACE(2,2,((#17606,#17607,#17608),(#17609,#17610,#17611),(#17612,
#17613,#17614)),.UNSPECIFIED.,.F.,.F.,.F.)
B_SPLINE_SURFACE_WITH_KNOTS((3,3),(3,3),(-1.5707963267949,0.),(1.5707963267949,
3.14159265358979),.UNSPECIFIED.)
GEOMETRIC_REPRESENTATION_ITEM()
RATIONAL_B_SPLINE_SURFACE(((1.,0.707106781186548,1.),(0.707106781186538,
0.499999999999993,0.707106781186538),(1.,0.707106781186548,1.)))
REPRESENTATION_ITEM('')
SURFACE()
);
#10380=(
BOUNDED_SURFACE()
B_SPLINE_SURFACE(2,2,((#17626,#17627,#17628),(#17629,#17630,#17631),(#17632,
#17633,#17634)),.UNSPECIFIED.,.F.,.F.,.F.)
B_SPLINE_SURFACE_WITH_KNOTS((3,3),(3,3),(-1.5707963267949,0.),(-3.14159265358979,
-1.5707963267949),.UNSPECIFIED.)
GEOMETRIC_REPRESENTATION_ITEM()
RATIONAL_B_SPLINE_SURFACE(((1.,0.707106781186548,1.),(0.707106781186538,
0.499999999999993,0.707106781186538),(1.,0.707106781186548,1.)))
REPRESENTATION_ITEM('')
SURFACE()
);
#10381=(
BOUNDED_SURFACE()
B_SPLINE_SURFACE(2,2,((#17677,#17678,#17679),(#17680,#17681,#17682),(#17683,
#17684,#17685)),.UNSPECIFIED.,.F.,.F.,.F.)
B_SPLINE_SURFACE_WITH_KNOTS((3,3),(3,3),(-1.5707963267949,0.),(-1.5707963267949,
0.),.UNSPECIFIED.)
GEOMETRIC_REPRESENTATION_ITEM()
RATIONAL_B_SPLINE_SURFACE(((1.,0.707106781186548,1.),(0.707106781186547,
0.5,0.707106781186547),(1.,0.707106781186548,1.)))
REPRESENTATION_ITEM('')
SURFACE()
);
#10382=(
BOUNDED_SURFACE()
B_SPLINE_SURFACE(2,2,((#17700,#17701,#17702),(#17703,#17704,#17705),(#17706,
#17707,#17708)),.UNSPECIFIED.,.F.,.F.,.F.)
B_SPLINE_SURFACE_WITH_KNOTS((3,3),(3,3),(-1.5707963267949,0.),(0.,1.5707963267949),
 .UNSPECIFIED.)
GEOMETRIC_REPRESENTATION_ITEM()
RATIONAL_B_SPLINE_SURFACE(((1.,0.707106781186548,1.),(0.707106781186547,
0.5,0.707106781186547),(1.,0.707106781186548,1.)))
REPRESENTATION_ITEM('')
SURFACE()
);
#10383=(
BOUNDED_SURFACE()
B_SPLINE_SURFACE(2,2,((#17720,#17721,#17722),(#17723,#17724,#17725),(#17726,
#17727,#17728)),.UNSPECIFIED.,.F.,.F.,.F.)
B_SPLINE_SURFACE_WITH_KNOTS((3,3),(3,3),(-1.5707963267949,0.),(1.5707963267949,
3.14159265358979),.UNSPECIFIED.)
GEOMETRIC_REPRESENTATION_ITEM()
RATIONAL_B_SPLINE_SURFACE(((1.,0.707106781186548,1.),(0.707106781186547,
0.5,0.707106781186547),(1.,0.707106781186548,1.)))
REPRESENTATION_ITEM('')
SURFACE()
);
#10384=(
BOUNDED_SURFACE()
B_SPLINE_SURFACE(2,2,((#17740,#17741,#17742),(#17743,#17744,#17745),(#17746,
#17747,#17748)),.UNSPECIFIED.,.F.,.F.,.F.)
B_SPLINE_SURFACE_WITH_KNOTS((3,3),(3,3),(-1.5707963267949,0.),(-3.14159265358979,
-1.5707963267949),.UNSPECIFIED.)
GEOMETRIC_REPRESENTATION_ITEM()
RATIONAL_B_SPLINE_SURFACE(((1.,0.707106781186548,1.),(0.707106781186547,
0.5,0.707106781186547),(1.,0.707106781186548,1.)))
REPRESENTATION_ITEM('')
SURFACE()
);
#10385=(
BOUNDED_SURFACE()
B_SPLINE_SURFACE(2,2,((#17791,#17792,#17793),(#17794,#17795,#17796),(#17797,
#17798,#17799)),.UNSPECIFIED.,.F.,.F.,.F.)
B_SPLINE_SURFACE_WITH_KNOTS((3,3),(3,3),(-1.5707963267949,0.),(-1.5707963267949,
0.),.UNSPECIFIED.)
GEOMETRIC_REPRESENTATION_ITEM()
RATIONAL_B_SPLINE_SURFACE(((1.,0.707106781186548,1.),(0.707106781186538,
0.499999999999993,0.707106781186538),(1.,0.707106781186548,1.)))
REPRESENTATION_ITEM('')
SURFACE()
);
#10386=(
BOUNDED_SURFACE()
B_SPLINE_SURFACE(2,2,((#17814,#17815,#17816),(#17817,#17818,#17819),(#17820,
#17821,#17822)),.UNSPECIFIED.,.F.,.F.,.F.)
B_SPLINE_SURFACE_WITH_KNOTS((3,3),(3,3),(-1.5707963267949,0.),(0.,1.5707963267949),
 .UNSPECIFIED.)
GEOMETRIC_REPRESENTATION_ITEM()
RATIONAL_B_SPLINE_SURFACE(((1.,0.707106781186548,1.),(0.707106781186538,
0.499999999999993,0.707106781186538),(1.,0.707106781186548,1.)))
REPRESENTATION_ITEM('')
SURFACE()
);
#10387=(
BOUNDED_SURFACE()
B_SPLINE_SURFACE(2,2,((#17834,#17835,#17836),(#17837,#17838,#17839),(#17840,
#17841,#17842)),.UNSPECIFIED.,.F.,.F.,.F.)
B_SPLINE_SURFACE_WITH_KNOTS((3,3),(3,3),(-1.5707963267949,0.),(1.5707963267949,
3.14159265358979),.UNSPECIFIED.)
GEOMETRIC_REPRESENTATION_ITEM()
RATIONAL_B_SPLINE_SURFACE(((1.,0.707106781186548,1.),(0.707106781186538,
0.499999999999993,0.707106781186538),(1.,0.707106781186548,1.)))
REPRESENTATION_ITEM('')
SURFACE()
);
#10388=(
BOUNDED_SURFACE()
B_SPLINE_SURFACE(2,2,((#17854,#17855,#17856),(#17857,#17858,#17859),(#17860,
#17861,#17862)),.UNSPECIFIED.,.F.,.F.,.F.)
B_SPLINE_SURFACE_WITH_KNOTS((3,3),(3,3),(-1.5707963267949,0.),(-3.14159265358979,
-1.5707963267949),.UNSPECIFIED.)
GEOMETRIC_REPRESENTATION_ITEM()
RATIONAL_B_SPLINE_SURFACE(((1.,0.707106781186548,1.),(0.707106781186538,
0.499999999999993,0.707106781186538),(1.,0.707106781186548,1.)))
REPRESENTATION_ITEM('')
SURFACE()
);
#10389=(
BOUNDED_SURFACE()
B_SPLINE_SURFACE(2,2,((#17905,#17906,#17907),(#17908,#17909,#17910),(#17911,
#17912,#17913)),.UNSPECIFIED.,.F.,.F.,.F.)
B_SPLINE_SURFACE_WITH_KNOTS((3,3),(3,3),(-1.5707963267949,0.),(-1.5707963267949,
0.),.UNSPECIFIED.)
GEOMETRIC_REPRESENTATION_ITEM()
RATIONAL_B_SPLINE_SURFACE(((1.,0.707106781186548,1.),(0.707106781186544,
0.499999999999997,0.707106781186544),(1.,0.707106781186548,1.)))
REPRESENTATION_ITEM('')
SURFACE()
);
#10390=(
BOUNDED_SURFACE()
B_SPLINE_SURFACE(2,2,((#17928,#17929,#17930),(#17931,#17932,#17933),(#17934,
#17935,#17936)),.UNSPECIFIED.,.F.,.F.,.F.)
B_SPLINE_SURFACE_WITH_KNOTS((3,3),(3,3),(-1.5707963267949,0.),(0.,1.5707963267949),
 .UNSPECIFIED.)
GEOMETRIC_REPRESENTATION_ITEM()
RATIONAL_B_SPLINE_SURFACE(((1.,0.707106781186548,1.),(0.707106781186544,
0.499999999999997,0.707106781186544),(1.,0.707106781186548,1.)))
REPRESENTATION_ITEM('')
SURFACE()
);
#10391=(
BOUNDED_SURFACE()
B_SPLINE_SURFACE(2,2,((#17948,#17949,#17950),(#17951,#17952,#17953),(#17954,
#17955,#17956)),.UNSPECIFIED.,.F.,.F.,.F.)
B_SPLINE_SURFACE_WITH_KNOTS((3,3),(3,3),(-1.5707963267949,0.),(1.5707963267949,
3.14159265358979),.UNSPECIFIED.)
GEOMETRIC_REPRESENTATION_ITEM()
RATIONAL_B_SPLINE_SURFACE(((1.,0.707106781186548,1.),(0.707106781186538,
0.499999999999993,0.707106781186538),(1.,0.707106781186548,1.)))
REPRESENTATION_ITEM('')
SURFACE()
);
#10392=(
BOUNDED_SURFACE()
B_SPLINE_SURFACE(2,2,((#17968,#17969,#17970),(#17971,#17972,#17973),(#17974,
#17975,#17976)),.UNSPECIFIED.,.F.,.F.,.F.)
B_SPLINE_SURFACE_WITH_KNOTS((3,3),(3,3),(-1.5707963267949,0.),(-3.14159265358979,
-1.5707963267949),.UNSPECIFIED.)
GEOMETRIC_REPRESENTATION_ITEM()
RATIONAL_B_SPLINE_SURFACE(((1.,0.707106781186548,1.),(0.707106781186538,
0.499999999999993,0.707106781186538),(1.,0.707106781186548,1.)))
REPRESENTATION_ITEM('')
SURFACE()
);
#10393=(
BOUNDED_SURFACE()
B_SPLINE_SURFACE(2,2,((#18019,#18020,#18021),(#18022,#18023,#18024),(#18025,
#18026,#18027)),.UNSPECIFIED.,.F.,.F.,.F.)
B_SPLINE_SURFACE_WITH_KNOTS((3,3),(3,3),(-1.5707963267949,0.),(-1.5707963267949,
0.),.UNSPECIFIED.)
GEOMETRIC_REPRESENTATION_ITEM()
RATIONAL_B_SPLINE_SURFACE(((1.,0.707106781186548,1.),(0.707106781186548,
0.500000000000001,0.707106781186548),(1.,0.707106781186548,1.)))
REPRESENTATION_ITEM('')
SURFACE()
);
#10394=(
BOUNDED_SURFACE()
B_SPLINE_SURFACE(2,2,((#18042,#18043,#18044),(#18045,#18046,#18047),(#18048,
#18049,#18050)),.UNSPECIFIED.,.F.,.F.,.F.)
B_SPLINE_SURFACE_WITH_KNOTS((3,3),(3,3),(-1.5707963267949,0.),(0.,1.5707963267949),
 .UNSPECIFIED.)
GEOMETRIC_REPRESENTATION_ITEM()
RATIONAL_B_SPLINE_SURFACE(((1.,0.707106781186548,1.),(0.707106781186548,
0.5,0.707106781186548),(1.,0.707106781186548,1.)))
REPRESENTATION_ITEM('')
SURFACE()
);
#10395=(
BOUNDED_SURFACE()
B_SPLINE_SURFACE(2,2,((#18062,#18063,#18064),(#18065,#18066,#18067),(#18068,
#18069,#18070)),.UNSPECIFIED.,.F.,.F.,.F.)
B_SPLINE_SURFACE_WITH_KNOTS((3,3),(3,3),(-1.5707963267949,0.),(1.5707963267949,
3.14159265358979),.UNSPECIFIED.)
GEOMETRIC_REPRESENTATION_ITEM()
RATIONAL_B_SPLINE_SURFACE(((1.,0.707106781186548,1.),(0.707106781186544,
0.499999999999997,0.707106781186544),(1.,0.707106781186548,1.)))
REPRESENTATION_ITEM('')
SURFACE()
);
#10396=(
BOUNDED_SURFACE()
B_SPLINE_SURFACE(2,2,((#18082,#18083,#18084),(#18085,#18086,#18087),(#18088,
#18089,#18090)),.UNSPECIFIED.,.F.,.F.,.F.)
B_SPLINE_SURFACE_WITH_KNOTS((3,3),(3,3),(-1.5707963267949,0.),(-3.14159265358979,
-1.5707963267949),.UNSPECIFIED.)
GEOMETRIC_REPRESENTATION_ITEM()
RATIONAL_B_SPLINE_SURFACE(((1.,0.707106781186548,1.),(0.707106781186546,
0.499999999999999,0.707106781186546),(1.,0.707106781186548,1.)))
REPRESENTATION_ITEM('')
SURFACE()
);
#10397=(
BOUNDED_SURFACE()
B_SPLINE_SURFACE(2,2,((#18133,#18134,#18135),(#18136,#18137,#18138),(#18139,
#18140,#18141)),.UNSPECIFIED.,.F.,.F.,.F.)
B_SPLINE_SURFACE_WITH_KNOTS((3,3),(3,3),(-1.5707963267949,0.),(-1.5707963267949,
0.),.UNSPECIFIED.)
GEOMETRIC_REPRESENTATION_ITEM()
RATIONAL_B_SPLINE_SURFACE(((1.,0.707106781186548,1.),(0.707106781186548,
0.500000000000001,0.707106781186548),(1.,0.707106781186548,1.)))
REPRESENTATION_ITEM('')
SURFACE()
);
#10398=(
BOUNDED_SURFACE()
B_SPLINE_SURFACE(2,2,((#18156,#18157,#18158),(#18159,#18160,#18161),(#18162,
#18163,#18164)),.UNSPECIFIED.,.F.,.F.,.F.)
B_SPLINE_SURFACE_WITH_KNOTS((3,3),(3,3),(-1.5707963267949,0.),(0.,1.5707963267949),
 .UNSPECIFIED.)
GEOMETRIC_REPRESENTATION_ITEM()
RATIONAL_B_SPLINE_SURFACE(((1.,0.707106781186548,1.),(0.707106781186545,
0.499999999999998,0.707106781186545),(1.,0.707106781186548,1.)))
REPRESENTATION_ITEM('')
SURFACE()
);
#10399=(
BOUNDED_SURFACE()
B_SPLINE_SURFACE(2,2,((#18176,#18177,#18178),(#18179,#18180,#18181),(#18182,
#18183,#18184)),.UNSPECIFIED.,.F.,.F.,.F.)
B_SPLINE_SURFACE_WITH_KNOTS((3,3),(3,3),(-1.5707963267949,0.),(1.5707963267949,
3.14159265358979),.UNSPECIFIED.)
GEOMETRIC_REPRESENTATION_ITEM()
RATIONAL_B_SPLINE_SURFACE(((1.,0.707106781186548,1.),(0.707106781186547,
0.5,0.707106781186547),(1.,0.707106781186548,1.)))
REPRESENTATION_ITEM('')
SURFACE()
);
#10400=(
BOUNDED_SURFACE()
B_SPLINE_SURFACE(2,2,((#18196,#18197,#18198),(#18199,#18200,#18201),(#18202,
#18203,#18204)),.UNSPECIFIED.,.F.,.F.,.F.)
B_SPLINE_SURFACE_WITH_KNOTS((3,3),(3,3),(-1.5707963267949,0.),(-3.14159265358979,
-1.5707963267949),.UNSPECIFIED.)
GEOMETRIC_REPRESENTATION_ITEM()
RATIONAL_B_SPLINE_SURFACE(((1.,0.707106781186548,1.),(0.707106781186546,
0.499999999999999,0.707106781186546),(1.,0.707106781186548,1.)))
REPRESENTATION_ITEM('')
SURFACE()
);
#10401=(
BOUNDED_SURFACE()
B_SPLINE_SURFACE(2,2,((#18247,#18248,#18249),(#18250,#18251,#18252),(#18253,
#18254,#18255)),.UNSPECIFIED.,.F.,.F.,.F.)
B_SPLINE_SURFACE_WITH_KNOTS((3,3),(3,3),(-1.5707963267949,0.),(-1.5707963267949,
0.),.UNSPECIFIED.)
GEOMETRIC_REPRESENTATION_ITEM()
RATIONAL_B_SPLINE_SURFACE(((1.,0.707106781186548,1.),(0.707106781186547,
0.5,0.707106781186547),(1.,0.707106781186548,1.)))
REPRESENTATION_ITEM('')
SURFACE()
);
#10402=(
BOUNDED_SURFACE()
B_SPLINE_SURFACE(2,2,((#18270,#18271,#18272),(#18273,#18274,#18275),(#18276,
#18277,#18278)),.UNSPECIFIED.,.F.,.F.,.F.)
B_SPLINE_SURFACE_WITH_KNOTS((3,3),(3,3),(-1.5707963267949,0.),(0.,1.5707963267949),
 .UNSPECIFIED.)
GEOMETRIC_REPRESENTATION_ITEM()
RATIONAL_B_SPLINE_SURFACE(((1.,0.707106781186548,1.),(0.707106781186547,
0.5,0.707106781186547),(1.,0.707106781186548,1.)))
REPRESENTATION_ITEM('')
SURFACE()
);
#10403=(
BOUNDED_SURFACE()
B_SPLINE_SURFACE(2,2,((#18290,#18291,#18292),(#18293,#18294,#18295),(#18296,
#18297,#18298)),.UNSPECIFIED.,.F.,.F.,.F.)
B_SPLINE_SURFACE_WITH_KNOTS((3,3),(3,3),(-1.5707963267949,0.),(1.5707963267949,
3.14159265358979),.UNSPECIFIED.)
GEOMETRIC_REPRESENTATION_ITEM()
RATIONAL_B_SPLINE_SURFACE(((1.,0.707106781186548,1.),(0.707106781186547,
0.5,0.707106781186547),(1.,0.707106781186548,1.)))
REPRESENTATION_ITEM('')
SURFACE()
);
#10404=(
BOUNDED_SURFACE()
B_SPLINE_SURFACE(2,2,((#18310,#18311,#18312),(#18313,#18314,#18315),(#18316,
#18317,#18318)),.UNSPECIFIED.,.F.,.F.,.F.)
B_SPLINE_SURFACE_WITH_KNOTS((3,3),(3,3),(-1.5707963267949,0.),(-3.14159265358979,
-1.5707963267949),.UNSPECIFIED.)
GEOMETRIC_REPRESENTATION_ITEM()
RATIONAL_B_SPLINE_SURFACE(((1.,0.707106781186548,1.),(0.707106781186547,
0.5,0.707106781186547),(1.,0.707106781186548,1.)))
REPRESENTATION_ITEM('')
SURFACE()
);
#10405=(
BOUNDED_SURFACE()
B_SPLINE_SURFACE(2,2,((#18361,#18362,#18363),(#18364,#18365,#18366),(#18367,
#18368,#18369)),.UNSPECIFIED.,.F.,.F.,.F.)
B_SPLINE_SURFACE_WITH_KNOTS((3,3),(3,3),(-1.5707963267949,0.),(-1.5707963267949,
0.),.UNSPECIFIED.)
GEOMETRIC_REPRESENTATION_ITEM()
RATIONAL_B_SPLINE_SURFACE(((1.,0.707106781186548,1.),(0.707106781186538,
0.499999999999993,0.707106781186538),(1.,0.707106781186548,1.)))
REPRESENTATION_ITEM('')
SURFACE()
);
#10406=(
BOUNDED_SURFACE()
B_SPLINE_SURFACE(2,2,((#18384,#18385,#18386),(#18387,#18388,#18389),(#18390,
#18391,#18392)),.UNSPECIFIED.,.F.,.F.,.F.)
B_SPLINE_SURFACE_WITH_KNOTS((3,3),(3,3),(-1.5707963267949,0.),(0.,1.5707963267949),
 .UNSPECIFIED.)
GEOMETRIC_REPRESENTATION_ITEM()
RATIONAL_B_SPLINE_SURFACE(((1.,0.707106781186548,1.),(0.707106781186538,
0.499999999999993,0.707106781186538),(1.,0.707106781186548,1.)))
REPRESENTATION_ITEM('')
SURFACE()
);
#10407=(
BOUNDED_SURFACE()
B_SPLINE_SURFACE(2,2,((#18404,#18405,#18406),(#18407,#18408,#18409),(#18410,
#18411,#18412)),.UNSPECIFIED.,.F.,.F.,.F.)
B_SPLINE_SURFACE_WITH_KNOTS((3,3),(3,3),(-1.5707963267949,0.),(1.5707963267949,
3.14159265358979),.UNSPECIFIED.)
GEOMETRIC_REPRESENTATION_ITEM()
RATIONAL_B_SPLINE_SURFACE(((1.,0.707106781186548,1.),(0.707106781186538,
0.499999999999993,0.707106781186538),(1.,0.707106781186548,1.)))
REPRESENTATION_ITEM('')
SURFACE()
);
#10408=(
BOUNDED_SURFACE()
B_SPLINE_SURFACE(2,2,((#18424,#18425,#18426),(#18427,#18428,#18429),(#18430,
#18431,#18432)),.UNSPECIFIED.,.F.,.F.,.F.)
B_SPLINE_SURFACE_WITH_KNOTS((3,3),(3,3),(-1.5707963267949,0.),(-3.14159265358979,
-1.5707963267949),.UNSPECIFIED.)
GEOMETRIC_REPRESENTATION_ITEM()
RATIONAL_B_SPLINE_SURFACE(((1.,0.707106781186548,1.),(0.707106781186538,
0.499999999999993,0.707106781186538),(1.,0.707106781186548,1.)))
REPRESENTATION_ITEM('')
SURFACE()
);
#10409=(
BOUNDED_SURFACE()
B_SPLINE_SURFACE(2,2,((#18475,#18476,#18477),(#18478,#18479,#18480),(#18481,
#18482,#18483)),.UNSPECIFIED.,.F.,.F.,.F.)
B_SPLINE_SURFACE_WITH_KNOTS((3,3),(3,3),(-1.5707963267949,0.),(-1.5707963267949,
0.),.UNSPECIFIED.)
GEOMETRIC_REPRESENTATION_ITEM()
RATIONAL_B_SPLINE_SURFACE(((1.,0.707106781186548,1.),(0.707106781186538,
0.499999999999993,0.707106781186538),(1.,0.707106781186548,1.)))
REPRESENTATION_ITEM('')
SURFACE()
);
#10410=(
BOUNDED_SURFACE()
B_SPLINE_SURFACE(2,2,((#18498,#18499,#18500),(#18501,#18502,#18503),(#18504,
#18505,#18506)),.UNSPECIFIED.,.F.,.F.,.F.)
B_SPLINE_SURFACE_WITH_KNOTS((3,3),(3,3),(-1.5707963267949,0.),(0.,1.5707963267949),
 .UNSPECIFIED.)
GEOMETRIC_REPRESENTATION_ITEM()
RATIONAL_B_SPLINE_SURFACE(((1.,0.707106781186548,1.),(0.707106781186538,
0.499999999999993,0.707106781186538),(1.,0.707106781186548,1.)))
REPRESENTATION_ITEM('')
SURFACE()
);
#10411=(
BOUNDED_SURFACE()
B_SPLINE_SURFACE(2,2,((#18518,#18519,#18520),(#18521,#18522,#18523),(#18524,
#18525,#18526)),.UNSPECIFIED.,.F.,.F.,.F.)
B_SPLINE_SURFACE_WITH_KNOTS((3,3),(3,3),(-1.5707963267949,0.),(1.5707963267949,
3.14159265358979),.UNSPECIFIED.)
GEOMETRIC_REPRESENTATION_ITEM()
RATIONAL_B_SPLINE_SURFACE(((1.,0.707106781186548,1.),(0.707106781186538,
0.499999999999993,0.707106781186538),(1.,0.707106781186548,1.)))
REPRESENTATION_ITEM('')
SURFACE()
);
#10412=(
BOUNDED_SURFACE()
B_SPLINE_SURFACE(2,2,((#18538,#18539,#18540),(#18541,#18542,#18543),(#18544,
#18545,#18546)),.UNSPECIFIED.,.F.,.F.,.F.)
B_SPLINE_SURFACE_WITH_KNOTS((3,3),(3,3),(-1.5707963267949,0.),(-3.14159265358979,
-1.5707963267949),.UNSPECIFIED.)
GEOMETRIC_REPRESENTATION_ITEM()
RATIONAL_B_SPLINE_SURFACE(((1.,0.707106781186548,1.),(0.707106781186538,
0.499999999999993,0.707106781186538),(1.,0.707106781186548,1.)))
REPRESENTATION_ITEM('')
SURFACE()
);
#10413=ADVANCED_FACE('',(#2333),#10333,.F.);
#10414=ADVANCED_FACE('',(#2334),#2013,.T.);
#10415=ADVANCED_FACE('',(#2335),#10334,.F.);
#10416=ADVANCED_FACE('',(#2336),#2014,.T.);
#10417=ADVANCED_FACE('',(#2337),#10335,.F.);
#10418=ADVANCED_FACE('',(#2338),#2015,.T.);
#10419=ADVANCED_FACE('',(#2339),#10336,.F.);
#10420=ADVANCED_FACE('',(#2340),#2016,.T.);
#10421=ADVANCED_FACE('',(#2341),#173,.T.);
#10422=ADVANCED_FACE('',(#2342),#2017,.T.);
#10423=ADVANCED_FACE('',(#2343),#174,.T.);
#10424=ADVANCED_FACE('',(#2344),#2018,.T.);
#10425=ADVANCED_FACE('',(#2345),#175,.T.);
#10426=ADVANCED_FACE('',(#2346),#2019,.T.);
#10427=ADVANCED_FACE('',(#2347),#176,.T.);
#10428=ADVANCED_FACE('',(#2348),#2020,.T.);
#10429=ADVANCED_FACE('',(#2349),#177,.T.);
#10430=ADVANCED_FACE('',(#2350),#178,.F.);
#10431=ADVANCED_FACE('',(#2351),#10337,.F.);
#10432=ADVANCED_FACE('',(#2352),#2021,.T.);
#10433=ADVANCED_FACE('',(#2353),#10338,.F.);
#10434=ADVANCED_FACE('',(#2354),#2022,.T.);
#10435=ADVANCED_FACE('',(#2355),#10339,.F.);
#10436=ADVANCED_FACE('',(#2356),#2023,.T.);
#10437=ADVANCED_FACE('',(#2357),#10340,.F.);
#10438=ADVANCED_FACE('',(#2358),#2024,.T.);
#10439=ADVANCED_FACE('',(#2359),#179,.T.);
#10440=ADVANCED_FACE('',(#2360),#2025,.T.);
#10441=ADVANCED_FACE('',(#2361),#180,.T.);
#10442=ADVANCED_FACE('',(#2362),#2026,.T.);
#10443=ADVANCED_FACE('',(#2363),#181,.T.);
#10444=ADVANCED_FACE('',(#2364),#2027,.T.);
#10445=ADVANCED_FACE('',(#2365),#2028,.T.);
#10446=ADVANCED_FACE('',(#2366),#182,.T.);
#10447=ADVANCED_FACE('',(#2367),#183,.T.);
#10448=ADVANCED_FACE('',(#2368),#184,.F.);
#10449=ADVANCED_FACE('',(#2369),#10341,.F.);
#10450=ADVANCED_FACE('',(#2370),#2029,.T.);
#10451=ADVANCED_FACE('',(#2371),#10342,.F.);
#10452=ADVANCED_FACE('',(#2372),#2030,.T.);
#10453=ADVANCED_FACE('',(#2373),#10343,.F.);
#10454=ADVANCED_FACE('',(#2374),#2031,.T.);
#10455=ADVANCED_FACE('',(#2375),#10344,.F.);
#10456=ADVANCED_FACE('',(#2376),#2032,.T.);
#10457=ADVANCED_FACE('',(#2377),#185,.T.);
#10458=ADVANCED_FACE('',(#2378),#2033,.T.);
#10459=ADVANCED_FACE('',(#2379),#186,.T.);
#10460=ADVANCED_FACE('',(#2380),#2034,.T.);
#10461=ADVANCED_FACE('',(#2381),#187,.T.);
#10462=ADVANCED_FACE('',(#2382),#2035,.T.);
#10463=ADVANCED_FACE('',(#2383),#2036,.T.);
#10464=ADVANCED_FACE('',(#2384),#188,.T.);
#10465=ADVANCED_FACE('',(#2385),#189,.T.);
#10466=ADVANCED_FACE('',(#2386),#190,.F.);
#10467=ADVANCED_FACE('',(#2387),#10345,.F.);
#10468=ADVANCED_FACE('',(#2388),#2037,.T.);
#10469=ADVANCED_FACE('',(#2389),#10346,.F.);
#10470=ADVANCED_FACE('',(#2390),#2038,.T.);
#10471=ADVANCED_FACE('',(#2391),#10347,.F.);
#10472=ADVANCED_FACE('',(#2392),#2039,.T.);
#10473=ADVANCED_FACE('',(#2393),#10348,.F.);
#10474=ADVANCED_FACE('',(#2394),#2040,.T.);
#10475=ADVANCED_FACE('',(#2395),#191,.T.);
#10476=ADVANCED_FACE('',(#2396),#2041,.T.);
#10477=ADVANCED_FACE('',(#2397),#192,.T.);
#10478=ADVANCED_FACE('',(#2398),#2042,.T.);
#10479=ADVANCED_FACE('',(#2399),#193,.T.);
#10480=ADVANCED_FACE('',(#2400),#2043,.T.);
#10481=ADVANCED_FACE('',(#2401),#194,.T.);
#10482=ADVANCED_FACE('',(#2402),#195,.F.);
#10483=ADVANCED_FACE('',(#2403),#2044,.T.);
#10484=ADVANCED_FACE('',(#2404),#196,.T.);
#10485=ADVANCED_FACE('',(#2405),#10349,.F.);
#10486=ADVANCED_FACE('',(#2406),#2045,.T.);
#10487=ADVANCED_FACE('',(#2407),#10350,.F.);
#10488=ADVANCED_FACE('',(#2408),#2046,.T.);
#10489=ADVANCED_FACE('',(#2409),#10351,.F.);
#10490=ADVANCED_FACE('',(#2410),#2047,.T.);
#10491=ADVANCED_FACE('',(#2411),#10352,.F.);
#10492=ADVANCED_FACE('',(#2412),#2048,.T.);
#10493=ADVANCED_FACE('',(#2413),#197,.T.);
#10494=ADVANCED_FACE('',(#2414),#2049,.T.);
#10495=ADVANCED_FACE('',(#2415),#198,.T.);
#10496=ADVANCED_FACE('',(#2416),#2050,.T.);
#10497=ADVANCED_FACE('',(#2417),#199,.T.);
#10498=ADVANCED_FACE('',(#2418),#200,.F.);
#10499=ADVANCED_FACE('',(#2419),#201,.T.);
#10500=ADVANCED_FACE('',(#2420),#2051,.T.);
#10501=ADVANCED_FACE('',(#2421),#2052,.T.);
#10502=ADVANCED_FACE('',(#2422),#202,.T.);
#10503=ADVANCED_FACE('',(#2423),#10353,.F.);
#10504=ADVANCED_FACE('',(#2424),#2053,.T.);
#10505=ADVANCED_FACE('',(#2425),#10354,.F.);
#10506=ADVANCED_FACE('',(#2426),#2054,.T.);
#10507=ADVANCED_FACE('',(#2427),#10355,.F.);
#10508=ADVANCED_FACE('',(#2428),#2055,.T.);
#10509=ADVANCED_FACE('',(#2429),#10356,.F.);
#10510=ADVANCED_FACE('',(#2430),#2056,.T.);
#10511=ADVANCED_FACE('',(#2431),#203,.T.);
#10512=ADVANCED_FACE('',(#2432),#2057,.T.);
#10513=ADVANCED_FACE('',(#2433),#204,.T.);
#10514=ADVANCED_FACE('',(#2434),#2058,.T.);
#10515=ADVANCED_FACE('',(#2435),#205,.T.);
#10516=ADVANCED_FACE('',(#2436),#206,.F.);
#10517=ADVANCED_FACE('',(#2437),#2059,.T.);
#10518=ADVANCED_FACE('',(#2438),#207,.T.);
#10519=ADVANCED_FACE('',(#2439),#2060,.T.);
#10520=ADVANCED_FACE('',(#2440),#208,.T.);
#10521=ADVANCED_FACE('',(#2441),#10357,.F.);
#10522=ADVANCED_FACE('',(#2442),#2061,.T.);
#10523=ADVANCED_FACE('',(#2443),#10358,.F.);
#10524=ADVANCED_FACE('',(#2444),#2062,.T.);
#10525=ADVANCED_FACE('',(#2445),#10359,.F.);
#10526=ADVANCED_FACE('',(#2446),#2063,.T.);
#10527=ADVANCED_FACE('',(#2447),#10360,.F.);
#10528=ADVANCED_FACE('',(#2448),#2064,.T.);
#10529=ADVANCED_FACE('',(#2449),#209,.T.);
#10530=ADVANCED_FACE('',(#2450),#2065,.T.);
#10531=ADVANCED_FACE('',(#2451),#210,.T.);
#10532=ADVANCED_FACE('',(#2452),#2066,.T.);
#10533=ADVANCED_FACE('',(#2453),#211,.T.);
#10534=ADVANCED_FACE('',(#2454),#2067,.T.);
#10535=ADVANCED_FACE('',(#2455),#212,.F.);
#10536=ADVANCED_FACE('',(#2456),#2068,.T.);
#10537=ADVANCED_FACE('',(#2457),#213,.T.);
#10538=ADVANCED_FACE('',(#2458),#214,.T.);
#10539=ADVANCED_FACE('',(#2459),#10361,.F.);
#10540=ADVANCED_FACE('',(#2460),#2069,.T.);
#10541=ADVANCED_FACE('',(#2461),#10362,.F.);
#10542=ADVANCED_FACE('',(#2462),#2070,.T.);
#10543=ADVANCED_FACE('',(#2463),#10363,.F.);
#10544=ADVANCED_FACE('',(#2464),#2071,.T.);
#10545=ADVANCED_FACE('',(#2465),#10364,.F.);
#10546=ADVANCED_FACE('',(#2466),#2072,.T.);
#10547=ADVANCED_FACE('',(#2467),#215,.T.);
#10548=ADVANCED_FACE('',(#2468),#2073,.T.);
#10549=ADVANCED_FACE('',(#2469),#216,.T.);
#10550=ADVANCED_FACE('',(#2470),#2074,.T.);
#10551=ADVANCED_FACE('',(#2471),#217,.T.);
#10552=ADVANCED_FACE('',(#2472),#2075,.T.);
#10553=ADVANCED_FACE('',(#2473),#218,.T.);
#10554=ADVANCED_FACE('',(#2474),#2076,.T.);
#10555=ADVANCED_FACE('',(#2475),#219,.T.);
#10556=ADVANCED_FACE('',(#2476),#220,.F.);
#10557=ADVANCED_FACE('',(#2477),#10365,.F.);
#10558=ADVANCED_FACE('',(#2478),#2077,.T.);
#10559=ADVANCED_FACE('',(#2479),#10366,.F.);
#10560=ADVANCED_FACE('',(#2480),#2078,.T.);
#10561=ADVANCED_FACE('',(#2481),#10367,.F.);
#10562=ADVANCED_FACE('',(#2482),#2079,.T.);
#10563=ADVANCED_FACE('',(#2483),#10368,.F.);
#10564=ADVANCED_FACE('',(#2484),#2080,.T.);
#10565=ADVANCED_FACE('',(#2485),#221,.T.);
#10566=ADVANCED_FACE('',(#2486),#2081,.T.);
#10567=ADVANCED_FACE('',(#2487),#222,.T.);
#10568=ADVANCED_FACE('',(#2488),#2082,.T.);
#10569=ADVANCED_FACE('',(#2489),#223,.T.);
#10570=ADVANCED_FACE('',(#2490),#2083,.T.);
#10571=ADVANCED_FACE('',(#2491),#224,.F.);
#10572=ADVANCED_FACE('',(#2492),#2084,.T.);
#10573=ADVANCED_FACE('',(#2493),#225,.T.);
#10574=ADVANCED_FACE('',(#2494),#226,.T.);
#10575=ADVANCED_FACE('',(#2495),#10369,.F.);
#10576=ADVANCED_FACE('',(#2496),#2085,.T.);
#10577=ADVANCED_FACE('',(#2497),#10370,.F.);
#10578=ADVANCED_FACE('',(#2498),#2086,.T.);
#10579=ADVANCED_FACE('',(#2499),#10371,.F.);
#10580=ADVANCED_FACE('',(#2500),#2087,.T.);
#10581=ADVANCED_FACE('',(#2501),#10372,.F.);
#10582=ADVANCED_FACE('',(#2502),#2088,.T.);
#10583=ADVANCED_FACE('',(#2503),#227,.T.);
#10584=ADVANCED_FACE('',(#2504),#2089,.T.);
#10585=ADVANCED_FACE('',(#2505),#228,.T.);
#10586=ADVANCED_FACE('',(#2506),#2090,.T.);
#10587=ADVANCED_FACE('',(#2507),#229,.T.);
#10588=ADVANCED_FACE('',(#2508),#2091,.T.);
#10589=ADVANCED_FACE('',(#2509),#230,.T.);
#10590=ADVANCED_FACE('',(#2510),#231,.F.);
#10591=ADVANCED_FACE('',(#2511),#2092,.T.);
#10592=ADVANCED_FACE('',(#2512),#232,.T.);
#10593=ADVANCED_FACE('',(#2513),#10373,.F.);
#10594=ADVANCED_FACE('',(#2514),#2093,.T.);
#10595=ADVANCED_FACE('',(#2515),#10374,.F.);
#10596=ADVANCED_FACE('',(#2516),#2094,.T.);
#10597=ADVANCED_FACE('',(#2517),#10375,.F.);
#10598=ADVANCED_FACE('',(#2518),#2095,.T.);
#10599=ADVANCED_FACE('',(#2519),#10376,.F.);
#10600=ADVANCED_FACE('',(#2520),#2096,.T.);
#10601=ADVANCED_FACE('',(#2521),#233,.T.);
#10602=ADVANCED_FACE('',(#2522),#2097,.T.);
#10603=ADVANCED_FACE('',(#2523),#234,.T.);
#10604=ADVANCED_FACE('',(#2524),#2098,.T.);
#10605=ADVANCED_FACE('',(#2525),#235,.T.);
#10606=ADVANCED_FACE('',(#2526),#236,.T.);
#10607=ADVANCED_FACE('',(#2527),#2099,.T.);
#10608=ADVANCED_FACE('',(#2528),#237,.T.);
#10609=ADVANCED_FACE('',(#2529),#2100,.T.);
#10610=ADVANCED_FACE('',(#2530),#238,.F.);
#10611=ADVANCED_FACE('',(#2531),#10377,.F.);
#10612=ADVANCED_FACE('',(#2532),#2101,.T.);
#10613=ADVANCED_FACE('',(#2533),#10378,.F.);
#10614=ADVANCED_FACE('',(#2534),#2102,.T.);
#10615=ADVANCED_FACE('',(#2535),#10379,.F.);
#10616=ADVANCED_FACE('',(#2536),#2103,.T.);
#10617=ADVANCED_FACE('',(#2537),#10380,.F.);
#10618=ADVANCED_FACE('',(#2538),#2104,.T.);
#10619=ADVANCED_FACE('',(#2539),#239,.T.);
#10620=ADVANCED_FACE('',(#2540),#2105,.T.);
#10621=ADVANCED_FACE('',(#2541),#240,.T.);
#10622=ADVANCED_FACE('',(#2542),#2106,.T.);
#10623=ADVANCED_FACE('',(#2543),#241,.T.);
#10624=ADVANCED_FACE('',(#2544),#2107,.T.);
#10625=ADVANCED_FACE('',(#2545),#242,.F.);
#10626=ADVANCED_FACE('',(#2546),#2108,.T.);
#10627=ADVANCED_FACE('',(#2547),#243,.T.);
#10628=ADVANCED_FACE('',(#2548),#244,.T.);
#10629=ADVANCED_FACE('',(#2549),#10381,.F.);
#10630=ADVANCED_FACE('',(#2550),#2109,.T.);
#10631=ADVANCED_FACE('',(#2551),#10382,.F.);
#10632=ADVANCED_FACE('',(#2552),#2110,.T.);
#10633=ADVANCED_FACE('',(#2553),#10383,.F.);
#10634=ADVANCED_FACE('',(#2554),#2111,.T.);
#10635=ADVANCED_FACE('',(#2555),#10384,.F.);
#10636=ADVANCED_FACE('',(#2556),#2112,.T.);
#10637=ADVANCED_FACE('',(#2557),#245,.T.);
#10638=ADVANCED_FACE('',(#2558),#2113,.T.);
#10639=ADVANCED_FACE('',(#2559),#246,.T.);
#10640=ADVANCED_FACE('',(#2560),#2114,.T.);
#10641=ADVANCED_FACE('',(#2561),#247,.T.);
#10642=ADVANCED_FACE('',(#2562),#2115,.T.);
#10643=ADVANCED_FACE('',(#2563),#248,.F.);
#10644=ADVANCED_FACE('',(#2564),#2116,.T.);
#10645=ADVANCED_FACE('',(#2565),#249,.T.);
#10646=ADVANCED_FACE('',(#2566),#250,.T.);
#10647=ADVANCED_FACE('',(#2567),#10385,.F.);
#10648=ADVANCED_FACE('',(#2568),#2117,.T.);
#10649=ADVANCED_FACE('',(#2569),#10386,.F.);
#10650=ADVANCED_FACE('',(#2570),#2118,.T.);
#10651=ADVANCED_FACE('',(#2571),#10387,.F.);
#10652=ADVANCED_FACE('',(#2572),#2119,.T.);
#10653=ADVANCED_FACE('',(#2573),#10388,.F.);
#10654=ADVANCED_FACE('',(#2574),#2120,.T.);
#10655=ADVANCED_FACE('',(#2575),#251,.T.);
#10656=ADVANCED_FACE('',(#2576),#2121,.T.);
#10657=ADVANCED_FACE('',(#2577),#252,.T.);
#10658=ADVANCED_FACE('',(#2578),#2122,.T.);
#10659=ADVANCED_FACE('',(#2579),#253,.T.);
#10660=ADVANCED_FACE('',(#2580),#254,.T.);
#10661=ADVANCED_FACE('',(#2581),#2123,.T.);
#10662=ADVANCED_FACE('',(#2582),#255,.T.);
#10663=ADVANCED_FACE('',(#2583),#2124,.T.);
#10664=ADVANCED_FACE('',(#2584),#256,.F.);
#10665=ADVANCED_FACE('',(#2585),#10389,.F.);
#10666=ADVANCED_FACE('',(#2586),#2125,.T.);
#10667=ADVANCED_FACE('',(#2587),#10390,.F.);
#10668=ADVANCED_FACE('',(#2588),#2126,.T.);
#10669=ADVANCED_FACE('',(#2589),#10391,.F.);
#10670=ADVANCED_FACE('',(#2590),#2127,.T.);
#10671=ADVANCED_FACE('',(#2591),#10392,.F.);
#10672=ADVANCED_FACE('',(#2592),#2128,.T.);
#10673=ADVANCED_FACE('',(#2593),#257,.T.);
#10674=ADVANCED_FACE('',(#2594),#2129,.T.);
#10675=ADVANCED_FACE('',(#2595),#258,.T.);
#10676=ADVANCED_FACE('',(#2596),#2130,.T.);
#10677=ADVANCED_FACE('',(#2597),#259,.T.);
#10678=ADVANCED_FACE('',(#2598),#2131,.T.);
#10679=ADVANCED_FACE('',(#2599),#260,.F.);
#10680=ADVANCED_FACE('',(#2600),#2132,.T.);
#10681=ADVANCED_FACE('',(#2601),#261,.T.);
#10682=ADVANCED_FACE('',(#2602),#262,.T.);
#10683=ADVANCED_FACE('',(#2603),#10393,.F.);
#10684=ADVANCED_FACE('',(#2604),#2133,.T.);
#10685=ADVANCED_FACE('',(#2605),#10394,.F.);
#10686=ADVANCED_FACE('',(#2606),#2134,.T.);
#10687=ADVANCED_FACE('',(#2607),#10395,.F.);
#10688=ADVANCED_FACE('',(#2608),#2135,.T.);
#10689=ADVANCED_FACE('',(#2609),#10396,.F.);
#10690=ADVANCED_FACE('',(#2610),#2136,.T.);
#10691=ADVANCED_FACE('',(#2611),#263,.T.);
#10692=ADVANCED_FACE('',(#2612),#2137,.T.);
#10693=ADVANCED_FACE('',(#2613),#264,.T.);
#10694=ADVANCED_FACE('',(#2614),#2138,.T.);
#10695=ADVANCED_FACE('',(#2615),#265,.T.);
#10696=ADVANCED_FACE('',(#2616),#2139,.T.);
#10697=ADVANCED_FACE('',(#2617),#266,.T.);
#10698=ADVANCED_FACE('',(#2618),#267,.F.);
#10699=ADVANCED_FACE('',(#2619),#2140,.T.);
#10700=ADVANCED_FACE('',(#2620),#268,.T.);
#10701=ADVANCED_FACE('',(#2621),#10397,.F.);
#10702=ADVANCED_FACE('',(#2622),#2141,.T.);
#10703=ADVANCED_FACE('',(#2623),#10398,.F.);
#10704=ADVANCED_FACE('',(#2624),#2142,.T.);
#10705=ADVANCED_FACE('',(#2625),#10399,.F.);
#10706=ADVANCED_FACE('',(#2626),#2143,.T.);
#10707=ADVANCED_FACE('',(#2627),#10400,.F.);
#10708=ADVANCED_FACE('',(#2628),#2144,.T.);
#10709=ADVANCED_FACE('',(#2629),#269,.T.);
#10710=ADVANCED_FACE('',(#2630),#2145,.T.);
#10711=ADVANCED_FACE('',(#2631),#270,.T.);
#10712=ADVANCED_FACE('',(#2632),#2146,.T.);
#10713=ADVANCED_FACE('',(#2633),#271,.T.);
#10714=ADVANCED_FACE('',(#2634),#2147,.T.);
#10715=ADVANCED_FACE('',(#2635),#272,.F.);
#10716=ADVANCED_FACE('',(#2636),#2148,.T.);
#10717=ADVANCED_FACE('',(#2637),#273,.T.);
#10718=ADVANCED_FACE('',(#2638),#274,.T.);
#10719=ADVANCED_FACE('',(#2639),#10401,.F.);
#10720=ADVANCED_FACE('',(#2640),#2149,.T.);
#10721=ADVANCED_FACE('',(#2641),#10402,.F.);
#10722=ADVANCED_FACE('',(#2642),#2150,.T.);
#10723=ADVANCED_FACE('',(#2643),#10403,.F.);
#10724=ADVANCED_FACE('',(#2644),#2151,.T.);
#10725=ADVANCED_FACE('',(#2645),#10404,.F.);
#10726=ADVANCED_FACE('',(#2646),#2152,.T.);
#10727=ADVANCED_FACE('',(#2647),#275,.T.);
#10728=ADVANCED_FACE('',(#2648),#2153,.T.);
#10729=ADVANCED_FACE('',(#2649),#276,.T.);
#10730=ADVANCED_FACE('',(#2650),#2154,.T.);
#10731=ADVANCED_FACE('',(#2651),#277,.T.);
#10732=ADVANCED_FACE('',(#2652),#2155,.T.);
#10733=ADVANCED_FACE('',(#2653),#278,.F.);
#10734=ADVANCED_FACE('',(#2654),#2156,.T.);
#10735=ADVANCED_FACE('',(#2655),#279,.T.);
#10736=ADVANCED_FACE('',(#2656),#280,.T.);
#10737=ADVANCED_FACE('',(#2657),#10405,.F.);
#10738=ADVANCED_FACE('',(#2658),#2157,.T.);
#10739=ADVANCED_FACE('',(#2659),#10406,.F.);
#10740=ADVANCED_FACE('',(#2660),#2158,.T.);
#10741=ADVANCED_FACE('',(#2661),#10407,.F.);
#10742=ADVANCED_FACE('',(#2662),#2159,.T.);
#10743=ADVANCED_FACE('',(#2663),#10408,.F.);
#10744=ADVANCED_FACE('',(#2664),#2160,.T.);
#10745=ADVANCED_FACE('',(#2665),#281,.T.);
#10746=ADVANCED_FACE('',(#2666),#2161,.T.);
#10747=ADVANCED_FACE('',(#2667),#282,.T.);
#10748=ADVANCED_FACE('',(#2668),#2162,.T.);
#10749=ADVANCED_FACE('',(#2669),#283,.T.);
#10750=ADVANCED_FACE('',(#2670),#2163,.T.);
#10751=ADVANCED_FACE('',(#2671),#2164,.T.);
#10752=ADVANCED_FACE('',(#2672),#284,.T.);
#10753=ADVANCED_FACE('',(#2673),#285,.T.);
#10754=ADVANCED_FACE('',(#2674),#286,.F.);
#10755=ADVANCED_FACE('',(#2675),#10409,.F.);
#10756=ADVANCED_FACE('',(#2676),#2165,.T.);
#10757=ADVANCED_FACE('',(#2677),#10410,.F.);
#10758=ADVANCED_FACE('',(#2678),#2166,.T.);
#10759=ADVANCED_FACE('',(#2679),#10411,.F.);
#10760=ADVANCED_FACE('',(#2680),#2167,.T.);
#10761=ADVANCED_FACE('',(#2681),#10412,.F.);
#10762=ADVANCED_FACE('',(#2682),#2168,.T.);
#10763=ADVANCED_FACE('',(#2683),#287,.T.);
#10764=ADVANCED_FACE('',(#2684),#2169,.T.);
#10765=ADVANCED_FACE('',(#2685),#288,.T.);
#10766=ADVANCED_FACE('',(#2686),#2170,.T.);
#10767=ADVANCED_FACE('',(#2687),#289,.T.);
#10768=ADVANCED_FACE('',(#2688),#290,.T.);
#10769=ADVANCED_FACE('',(#2689),#2171,.T.);
#10770=ADVANCED_FACE('',(#2690),#291,.T.);
#10771=ADVANCED_FACE('',(#2691),#2172,.T.);
#10772=ADVANCED_FACE('',(#2692),#292,.F.);
#10773=ADVANCED_FACE('',(#2693),#13,.T.);
#10774=ADVANCED_FACE('',(#2694),#2173,.T.);
#10775=ADVANCED_FACE('',(#2695),#14,.T.);
#10776=ADVANCED_FACE('',(#2696),#2174,.T.);
#10777=ADVANCED_FACE('',(#2697),#15,.T.);
#10778=ADVANCED_FACE('',(#2698),#2175,.T.);
#10779=ADVANCED_FACE('',(#2699),#16,.T.);
#10780=ADVANCED_FACE('',(#2700),#2176,.T.);
#10781=ADVANCED_FACE('',(#2701),#293,.T.);
#10782=ADVANCED_FACE('',(#2702),#2177,.T.);
#10783=ADVANCED_FACE('',(#2703),#294,.T.);
#10784=ADVANCED_FACE('',(#2704),#2178,.T.);
#10785=ADVANCED_FACE('',(#2705),#295,.T.);
#10786=ADVANCED_FACE('',(#2706),#296,.F.);
#10787=ADVANCED_FACE('',(#2707),#297,.T.);
#10788=ADVANCED_FACE('',(#2708),#2179,.T.);
#10789=ADVANCED_FACE('',(#2709),#2180,.T.);
#10790=ADVANCED_FACE('',(#2710),#298,.T.);
#10791=ADVANCED_FACE('',(#2711),#17,.T.);
#10792=ADVANCED_FACE('',(#2712),#2181,.T.);
#10793=ADVANCED_FACE('',(#2713),#18,.T.);
#10794=ADVANCED_FACE('',(#2714),#2182,.T.);
#10795=ADVANCED_FACE('',(#2715),#19,.T.);
#10796=ADVANCED_FACE('',(#2716),#2183,.T.);
#10797=ADVANCED_FACE('',(#2717),#20,.T.);
#10798=ADVANCED_FACE('',(#2718),#2184,.T.);
#10799=ADVANCED_FACE('',(#2719),#299,.T.);
#10800=ADVANCED_FACE('',(#2720),#2185,.T.);
#10801=ADVANCED_FACE('',(#2721),#300,.T.);
#10802=ADVANCED_FACE('',(#2722),#2186,.T.);
#10803=ADVANCED_FACE('',(#2723),#301,.T.);
#10804=ADVANCED_FACE('',(#2724),#302,.F.);
#10805=ADVANCED_FACE('',(#2725),#303,.T.);
#10806=ADVANCED_FACE('',(#2726),#2187,.T.);
#10807=ADVANCED_FACE('',(#2727),#2188,.T.);
#10808=ADVANCED_FACE('',(#2728),#304,.T.);
#10809=ADVANCED_FACE('',(#2729),#21,.T.);
#10810=ADVANCED_FACE('',(#2730),#2189,.T.);
#10811=ADVANCED_FACE('',(#2731),#22,.T.);
#10812=ADVANCED_FACE('',(#2732),#2190,.T.);
#10813=ADVANCED_FACE('',(#2733),#23,.T.);
#10814=ADVANCED_FACE('',(#2734),#2191,.T.);
#10815=ADVANCED_FACE('',(#2735),#24,.T.);
#10816=ADVANCED_FACE('',(#2736),#2192,.T.);
#10817=ADVANCED_FACE('',(#2737),#305,.T.);
#10818=ADVANCED_FACE('',(#2738),#2193,.T.);
#10819=ADVANCED_FACE('',(#2739),#306,.T.);
#10820=ADVANCED_FACE('',(#2740),#2194,.T.);
#10821=ADVANCED_FACE('',(#2741),#307,.T.);
#10822=ADVANCED_FACE('',(#2742),#308,.F.);
#10823=ADVANCED_FACE('',(#2743),#309,.T.);
#10824=ADVANCED_FACE('',(#2744),#2195,.T.);
#10825=ADVANCED_FACE('',(#2745),#2196,.T.);
#10826=ADVANCED_FACE('',(#2746),#310,.T.);
#10827=ADVANCED_FACE('',(#2747),#25,.T.);
#10828=ADVANCED_FACE('',(#2748),#2197,.T.);
#10829=ADVANCED_FACE('',(#2749),#26,.T.);
#10830=ADVANCED_FACE('',(#2750),#2198,.T.);
#10831=ADVANCED_FACE('',(#2751),#27,.T.);
#10832=ADVANCED_FACE('',(#2752),#2199,.T.);
#10833=ADVANCED_FACE('',(#2753),#28,.T.);
#10834=ADVANCED_FACE('',(#2754),#2200,.T.);
#10835=ADVANCED_FACE('',(#2755),#311,.T.);
#10836=ADVANCED_FACE('',(#2756),#2201,.T.);
#10837=ADVANCED_FACE('',(#2757),#312,.T.);
#10838=ADVANCED_FACE('',(#2758),#2202,.T.);
#10839=ADVANCED_FACE('',(#2759),#313,.T.);
#10840=ADVANCED_FACE('',(#2760),#314,.F.);
#10841=ADVANCED_FACE('',(#2761),#315,.T.);
#10842=ADVANCED_FACE('',(#2762),#2203,.T.);
#10843=ADVANCED_FACE('',(#2763),#2204,.T.);
#10844=ADVANCED_FACE('',(#2764),#316,.T.);
#10845=ADVANCED_FACE('',(#2765),#29,.T.);
#10846=ADVANCED_FACE('',(#2766),#2205,.T.);
#10847=ADVANCED_FACE('',(#2767),#30,.T.);
#10848=ADVANCED_FACE('',(#2768),#2206,.T.);
#10849=ADVANCED_FACE('',(#2769),#31,.T.);
#10850=ADVANCED_FACE('',(#2770),#2207,.T.);
#10851=ADVANCED_FACE('',(#2771),#32,.T.);
#10852=ADVANCED_FACE('',(#2772),#2208,.T.);
#10853=ADVANCED_FACE('',(#2773),#317,.T.);
#10854=ADVANCED_FACE('',(#2774),#2209,.T.);
#10855=ADVANCED_FACE('',(#2775),#318,.T.);
#10856=ADVANCED_FACE('',(#2776),#2210,.T.);
#10857=ADVANCED_FACE('',(#2777),#319,.T.);
#10858=ADVANCED_FACE('',(#2778),#320,.T.);
#10859=ADVANCED_FACE('',(#2779),#2211,.T.);
#10860=ADVANCED_FACE('',(#2780),#321,.T.);
#10861=ADVANCED_FACE('',(#2781),#2212,.T.);
#10862=ADVANCED_FACE('',(#2782),#322,.F.);
#10863=ADVANCED_FACE('',(#2783),#33,.T.);
#10864=ADVANCED_FACE('',(#2784),#2213,.T.);
#10865=ADVANCED_FACE('',(#2785),#34,.T.);
#10866=ADVANCED_FACE('',(#2786),#2214,.T.);
#10867=ADVANCED_FACE('',(#2787),#35,.T.);
#10868=ADVANCED_FACE('',(#2788),#2215,.T.);
#10869=ADVANCED_FACE('',(#2789),#36,.T.);
#10870=ADVANCED_FACE('',(#2790),#2216,.T.);
#10871=ADVANCED_FACE('',(#2791),#323,.T.);
#10872=ADVANCED_FACE('',(#2792),#2217,.T.);
#10873=ADVANCED_FACE('',(#2793),#324,.T.);
#10874=ADVANCED_FACE('',(#2794),#2218,.T.);
#10875=ADVANCED_FACE('',(#2795),#325,.T.);
#10876=ADVANCED_FACE('',(#2796),#326,.F.);
#10877=ADVANCED_FACE('',(#2797),#2219,.T.);
#10878=ADVANCED_FACE('',(#2798),#327,.T.);
#10879=ADVANCED_FACE('',(#2799),#2220,.T.);
#10880=ADVANCED_FACE('',(#2800),#328,.T.);
#10881=ADVANCED_FACE('',(#2801),#37,.T.);
#10882=ADVANCED_FACE('',(#2802),#2221,.T.);
#10883=ADVANCED_FACE('',(#2803),#38,.T.);
#10884=ADVANCED_FACE('',(#2804),#2222,.T.);
#10885=ADVANCED_FACE('',(#2805),#39,.T.);
#10886=ADVANCED_FACE('',(#2806),#2223,.T.);
#10887=ADVANCED_FACE('',(#2807),#40,.T.);
#10888=ADVANCED_FACE('',(#2808),#2224,.T.);
#10889=ADVANCED_FACE('',(#2809),#329,.T.);
#10890=ADVANCED_FACE('',(#2810),#2225,.T.);
#10891=ADVANCED_FACE('',(#2811),#330,.T.);
#10892=ADVANCED_FACE('',(#2812),#2226,.T.);
#10893=ADVANCED_FACE('',(#2813),#331,.T.);
#10894=ADVANCED_FACE('',(#2814),#332,.F.);
#10895=ADVANCED_FACE('',(#2815),#333,.T.);
#10896=ADVANCED_FACE('',(#2816),#2227,.T.);
#10897=ADVANCED_FACE('',(#2817),#2228,.T.);
#10898=ADVANCED_FACE('',(#2818),#334,.T.);
#10899=ADVANCED_FACE('',(#2819),#41,.T.);
#10900=ADVANCED_FACE('',(#2820),#2229,.T.);
#10901=ADVANCED_FACE('',(#2821),#42,.T.);
#10902=ADVANCED_FACE('',(#2822),#2230,.T.);
#10903=ADVANCED_FACE('',(#2823),#43,.T.);
#10904=ADVANCED_FACE('',(#2824),#2231,.T.);
#10905=ADVANCED_FACE('',(#2825),#44,.T.);
#10906=ADVANCED_FACE('',(#2826),#2232,.T.);
#10907=ADVANCED_FACE('',(#2827),#335,.T.);
#10908=ADVANCED_FACE('',(#2828),#2233,.T.);
#10909=ADVANCED_FACE('',(#2829),#336,.T.);
#10910=ADVANCED_FACE('',(#2830),#2234,.T.);
#10911=ADVANCED_FACE('',(#2831),#337,.T.);
#10912=ADVANCED_FACE('',(#2832),#338,.T.);
#10913=ADVANCED_FACE('',(#2833),#2235,.T.);
#10914=ADVANCED_FACE('',(#2834),#339,.T.);
#10915=ADVANCED_FACE('',(#2835),#2236,.T.);
#10916=ADVANCED_FACE('',(#2836),#340,.F.);
#10917=ADVANCED_FACE('',(#2837),#45,.T.);
#10918=ADVANCED_FACE('',(#2838),#2237,.T.);
#10919=ADVANCED_FACE('',(#2839),#46,.T.);
#10920=ADVANCED_FACE('',(#2840),#2238,.T.);
#10921=ADVANCED_FACE('',(#2841),#47,.T.);
#10922=ADVANCED_FACE('',(#2842),#2239,.T.);
#10923=ADVANCED_FACE('',(#2843),#48,.T.);
#10924=ADVANCED_FACE('',(#2844),#2240,.T.);
#10925=ADVANCED_FACE('',(#2845),#341,.T.);
#10926=ADVANCED_FACE('',(#2846),#2241,.T.);
#10927=ADVANCED_FACE('',(#2847),#342,.T.);
#10928=ADVANCED_FACE('',(#2848),#2242,.T.);
#10929=ADVANCED_FACE('',(#2849),#343,.T.);
#10930=ADVANCED_FACE('',(#2850),#344,.F.);
#10931=ADVANCED_FACE('',(#2851),#345,.T.);
#10932=ADVANCED_FACE('',(#2852),#2243,.T.);
#10933=ADVANCED_FACE('',(#2853),#2244,.T.);
#10934=ADVANCED_FACE('',(#2854),#346,.T.);
#10935=ADVANCED_FACE('',(#2855),#49,.T.);
#10936=ADVANCED_FACE('',(#2856),#2245,.T.);
#10937=ADVANCED_FACE('',(#2857),#50,.T.);
#10938=ADVANCED_FACE('',(#2858),#2246,.T.);
#10939=ADVANCED_FACE('',(#2859),#51,.T.);
#10940=ADVANCED_FACE('',(#2860),#2247,.T.);
#10941=ADVANCED_FACE('',(#2861),#52,.T.);
#10942=ADVANCED_FACE('',(#2862),#2248,.T.);
#10943=ADVANCED_FACE('',(#2863),#347,.T.);
#10944=ADVANCED_FACE('',(#2864),#2249,.T.);
#10945=ADVANCED_FACE('',(#2865),#348,.T.);
#10946=ADVANCED_FACE('',(#2866),#2250,.T.);
#10947=ADVANCED_FACE('',(#2867),#349,.T.);
#10948=ADVANCED_FACE('',(#2868),#2251,.T.);
#10949=ADVANCED_FACE('',(#2869),#350,.T.);
#10950=ADVANCED_FACE('',(#2870),#351,.F.);
#10951=ADVANCED_FACE('',(#2871),#2252,.T.);
#10952=ADVANCED_FACE('',(#2872),#352,.T.);
#10953=ADVANCED_FACE('',(#2873),#53,.T.);
#10954=ADVANCED_FACE('',(#2874),#2253,.T.);
#10955=ADVANCED_FACE('',(#2875),#54,.T.);
#10956=ADVANCED_FACE('',(#2876),#2254,.T.);
#10957=ADVANCED_FACE('',(#2877),#55,.T.);
#10958=ADVANCED_FACE('',(#2878),#2255,.T.);
#10959=ADVANCED_FACE('',(#2879),#56,.T.);
#10960=ADVANCED_FACE('',(#2880),#2256,.T.);
#10961=ADVANCED_FACE('',(#2881),#353,.T.);
#10962=ADVANCED_FACE('',(#2882),#2257,.T.);
#10963=ADVANCED_FACE('',(#2883),#354,.T.);
#10964=ADVANCED_FACE('',(#2884),#2258,.T.);
#10965=ADVANCED_FACE('',(#2885),#355,.T.);
#10966=ADVANCED_FACE('',(#2886),#356,.F.);
#10967=ADVANCED_FACE('',(#2887),#357,.T.);
#10968=ADVANCED_FACE('',(#2888),#2259,.T.);
#10969=ADVANCED_FACE('',(#2889),#2260,.T.);
#10970=ADVANCED_FACE('',(#2890),#358,.T.);
#10971=ADVANCED_FACE('',(#2891),#57,.T.);
#10972=ADVANCED_FACE('',(#2892),#2261,.T.);
#10973=ADVANCED_FACE('',(#2893),#58,.T.);
#10974=ADVANCED_FACE('',(#2894),#2262,.T.);
#10975=ADVANCED_FACE('',(#2895),#59,.T.);
#10976=ADVANCED_FACE('',(#2896),#2263,.T.);
#10977=ADVANCED_FACE('',(#2897),#60,.T.);
#10978=ADVANCED_FACE('',(#2898),#2264,.T.);
#10979=ADVANCED_FACE('',(#2899),#359,.T.);
#10980=ADVANCED_FACE('',(#2900),#2265,.T.);
#10981=ADVANCED_FACE('',(#2901),#360,.T.);
#10982=ADVANCED_FACE('',(#2902),#2266,.T.);
#10983=ADVANCED_FACE('',(#2903),#361,.T.);
#10984=ADVANCED_FACE('',(#2904),#362,.F.);
#10985=ADVANCED_FACE('',(#2905),#363,.T.);
#10986=ADVANCED_FACE('',(#2906),#2267,.T.);
#10987=ADVANCED_FACE('',(#2907),#2268,.T.);
#10988=ADVANCED_FACE('',(#2908),#364,.T.);
#10989=ADVANCED_FACE('',(#2909),#61,.T.);
#10990=ADVANCED_FACE('',(#2910),#2269,.T.);
#10991=ADVANCED_FACE('',(#2911),#62,.T.);
#10992=ADVANCED_FACE('',(#2912),#2270,.T.);
#10993=ADVANCED_FACE('',(#2913),#63,.T.);
#10994=ADVANCED_FACE('',(#2914),#2271,.T.);
#10995=ADVANCED_FACE('',(#2915),#64,.T.);
#10996=ADVANCED_FACE('',(#2916),#2272,.T.);
#10997=ADVANCED_FACE('',(#2917),#365,.T.);
#10998=ADVANCED_FACE('',(#2918),#2273,.T.);
#10999=ADVANCED_FACE('',(#2919),#366,.T.);
#11000=ADVANCED_FACE('',(#2920),#2274,.T.);
#11001=ADVANCED_FACE('',(#2921),#367,.T.);
#11002=ADVANCED_FACE('',(#2922),#2275,.T.);
#11003=ADVANCED_FACE('',(#2923),#368,.T.);
#11004=ADVANCED_FACE('',(#2924),#369,.F.);
#11005=ADVANCED_FACE('',(#2925),#2276,.T.);
#11006=ADVANCED_FACE('',(#2926),#370,.T.);
#11007=ADVANCED_FACE('',(#2927),#65,.T.);
#11008=ADVANCED_FACE('',(#2928),#2277,.T.);
#11009=ADVANCED_FACE('',(#2929),#66,.T.);
#11010=ADVANCED_FACE('',(#2930),#2278,.T.);
#11011=ADVANCED_FACE('',(#2931),#67,.T.);
#11012=ADVANCED_FACE('',(#2932),#2279,.T.);
#11013=ADVANCED_FACE('',(#2933),#68,.T.);
#11014=ADVANCED_FACE('',(#2934),#2280,.T.);
#11015=ADVANCED_FACE('',(#2935),#371,.T.);
#11016=ADVANCED_FACE('',(#2936),#2281,.T.);
#11017=ADVANCED_FACE('',(#2937),#372,.T.);
#11018=ADVANCED_FACE('',(#2938),#2282,.T.);
#11019=ADVANCED_FACE('',(#2939),#373,.T.);
#11020=ADVANCED_FACE('',(#2940),#2283,.T.);
#11021=ADVANCED_FACE('',(#2941),#374,.T.);
#11022=ADVANCED_FACE('',(#2942),#375,.F.);
#11023=ADVANCED_FACE('',(#2943),#2284,.T.);
#11024=ADVANCED_FACE('',(#2944),#376,.T.);
#11025=ADVANCED_FACE('',(#2945),#69,.T.);
#11026=ADVANCED_FACE('',(#2946),#2285,.T.);
#11027=ADVANCED_FACE('',(#2947),#70,.T.);
#11028=ADVANCED_FACE('',(#2948),#2286,.T.);
#11029=ADVANCED_FACE('',(#2949),#71,.T.);
#11030=ADVANCED_FACE('',(#2950),#2287,.T.);
#11031=ADVANCED_FACE('',(#2951),#72,.T.);
#11032=ADVANCED_FACE('',(#2952),#2288,.T.);
#11033=ADVANCED_FACE('',(#2953),#377,.T.);
#11034=ADVANCED_FACE('',(#2954),#2289,.T.);
#11035=ADVANCED_FACE('',(#2955),#378,.T.);
#11036=ADVANCED_FACE('',(#2956),#2290,.T.);
#11037=ADVANCED_FACE('',(#2957),#379,.T.);
#11038=ADVANCED_FACE('',(#2958),#380,.F.);
#11039=ADVANCED_FACE('',(#2959),#2291,.T.);
#11040=ADVANCED_FACE('',(#2960),#381,.T.);
#11041=ADVANCED_FACE('',(#2961),#2292,.T.);
#11042=ADVANCED_FACE('',(#2962),#382,.T.);
#11043=ADVANCED_FACE('',(#2963),#73,.T.);
#11044=ADVANCED_FACE('',(#2964),#2293,.T.);
#11045=ADVANCED_FACE('',(#2965),#74,.T.);
#11046=ADVANCED_FACE('',(#2966),#2294,.T.);
#11047=ADVANCED_FACE('',(#2967),#75,.T.);
#11048=ADVANCED_FACE('',(#2968),#2295,.T.);
#11049=ADVANCED_FACE('',(#2969),#76,.T.);
#11050=ADVANCED_FACE('',(#2970),#2296,.T.);
#11051=ADVANCED_FACE('',(#2971),#383,.T.);
#11052=ADVANCED_FACE('',(#2972),#2297,.T.);
#11053=ADVANCED_FACE('',(#2973),#384,.T.);
#11054=ADVANCED_FACE('',(#2974),#2298,.T.);
#11055=ADVANCED_FACE('',(#2975),#385,.T.);
#11056=ADVANCED_FACE('',(#2976),#386,.F.);
#11057=ADVANCED_FACE('',(#2977),#387,.T.);
#11058=ADVANCED_FACE('',(#2978),#2299,.T.);
#11059=ADVANCED_FACE('',(#2979),#2300,.T.);
#11060=ADVANCED_FACE('',(#2980),#388,.T.);
#11061=ADVANCED_FACE('',(#2981),#77,.T.);
#11062=ADVANCED_FACE('',(#2982),#2301,.T.);
#11063=ADVANCED_FACE('',(#2983),#78,.T.);
#11064=ADVANCED_FACE('',(#2984),#2302,.T.);
#11065=ADVANCED_FACE('',(#2985),#79,.T.);
#11066=ADVANCED_FACE('',(#2986),#2303,.T.);
#11067=ADVANCED_FACE('',(#2987),#80,.T.);
#11068=ADVANCED_FACE('',(#2988),#2304,.T.);
#11069=ADVANCED_FACE('',(#2989),#389,.T.);
#11070=ADVANCED_FACE('',(#2990),#2305,.T.);
#11071=ADVANCED_FACE('',(#2991),#390,.T.);
#11072=ADVANCED_FACE('',(#2992),#2306,.T.);
#11073=ADVANCED_FACE('',(#2993),#391,.T.);
#11074=ADVANCED_FACE('',(#2994),#392,.F.);
#11075=ADVANCED_FACE('',(#2995),#393,.T.);
#11076=ADVANCED_FACE('',(#2996),#2307,.T.);
#11077=ADVANCED_FACE('',(#2997),#2308,.T.);
#11078=ADVANCED_FACE('',(#2998),#394,.T.);
#11079=ADVANCED_FACE('',(#2999),#81,.T.);
#11080=ADVANCED_FACE('',(#3000),#2309,.T.);
#11081=ADVANCED_FACE('',(#3001),#82,.T.);
#11082=ADVANCED_FACE('',(#3002),#2310,.T.);
#11083=ADVANCED_FACE('',(#3003),#83,.T.);
#11084=ADVANCED_FACE('',(#3004),#2311,.T.);
#11085=ADVANCED_FACE('',(#3005),#84,.T.);
#11086=ADVANCED_FACE('',(#3006),#2312,.T.);
#11087=ADVANCED_FACE('',(#3007),#395,.T.);
#11088=ADVANCED_FACE('',(#3008),#2313,.T.);
#11089=ADVANCED_FACE('',(#3009),#396,.T.);
#11090=ADVANCED_FACE('',(#3010),#2314,.T.);
#11091=ADVANCED_FACE('',(#3011),#397,.T.);
#11092=ADVANCED_FACE('',(#3012),#398,.T.);
#11093=ADVANCED_FACE('',(#3013),#2315,.T.);
#11094=ADVANCED_FACE('',(#3014),#399,.T.);
#11095=ADVANCED_FACE('',(#3015),#2316,.T.);
#11096=ADVANCED_FACE('',(#3016),#400,.F.);
#11097=ADVANCED_FACE('',(#3017),#85,.T.);
#11098=ADVANCED_FACE('',(#3018),#2317,.T.);
#11099=ADVANCED_FACE('',(#3019),#86,.T.);
#11100=ADVANCED_FACE('',(#3020),#2318,.T.);
#11101=ADVANCED_FACE('',(#3021),#87,.T.);
#11102=ADVANCED_FACE('',(#3022),#2319,.T.);
#11103=ADVANCED_FACE('',(#3023),#88,.T.);
#11104=ADVANCED_FACE('',(#3024),#2320,.T.);
#11105=ADVANCED_FACE('',(#3025),#401,.T.);
#11106=ADVANCED_FACE('',(#3026),#2321,.T.);
#11107=ADVANCED_FACE('',(#3027),#402,.T.);
#11108=ADVANCED_FACE('',(#3028),#2322,.T.);
#11109=ADVANCED_FACE('',(#3029),#403,.T.);
#11110=ADVANCED_FACE('',(#3030),#2323,.T.);
#11111=ADVANCED_FACE('',(#3031),#404,.T.);
#11112=ADVANCED_FACE('',(#3032),#405,.F.);
#11113=ADVANCED_FACE('',(#3033),#2324,.T.);
#11114=ADVANCED_FACE('',(#3034),#406,.T.);
#11115=ADVANCED_FACE('',(#3035),#89,.T.);
#11116=ADVANCED_FACE('',(#3036),#2325,.T.);
#11117=ADVANCED_FACE('',(#3037),#90,.T.);
#11118=ADVANCED_FACE('',(#3038),#2326,.T.);
#11119=ADVANCED_FACE('',(#3039),#91,.T.);
#11120=ADVANCED_FACE('',(#3040),#2327,.T.);
#11121=ADVANCED_FACE('',(#3041),#92,.T.);
#11122=ADVANCED_FACE('',(#3042),#2328,.T.);
#11123=ADVANCED_FACE('',(#3043),#407,.T.);
#11124=ADVANCED_FACE('',(#3044),#2329,.T.);
#11125=ADVANCED_FACE('',(#3045),#408,.T.);
#11126=ADVANCED_FACE('',(#3046),#2330,.T.);
#11127=ADVANCED_FACE('',(#3047),#409,.T.);
#11128=ADVANCED_FACE('',(#3048),#410,.F.);
#11129=ADVANCED_FACE('',(#3049),#411,.T.);
#11130=ADVANCED_FACE('',(#3050),#2331,.T.);
#11131=ADVANCED_FACE('',(#3051),#2332,.T.);
#11132=ADVANCED_FACE('',(#3052),#412,.T.);
#11133=CLOSED_SHELL('',(#10413,#10414,#10415,#10416,#10417,#10418,#10419,
#10420,#10421,#10422,#10423,#10424,#10425,#10426,#10427,#10428,#10429,#10430));
#11134=CLOSED_SHELL('',(#10431,#10432,#10433,#10434,#10435,#10436,#10437,
#10438,#10439,#10440,#10441,#10442,#10443,#10444,#10445,#10446,#10447,#10448));
#11135=CLOSED_SHELL('',(#10449,#10450,#10451,#10452,#10453,#10454,#10455,
#10456,#10457,#10458,#10459,#10460,#10461,#10462,#10463,#10464,#10465,#10466));
#11136=CLOSED_SHELL('',(#10467,#10468,#10469,#10470,#10471,#10472,#10473,
#10474,#10475,#10476,#10477,#10478,#10479,#10480,#10481,#10482,#10483,#10484));
#11137=CLOSED_SHELL('',(#10485,#10486,#10487,#10488,#10489,#10490,#10491,
#10492,#10493,#10494,#10495,#10496,#10497,#10498,#10499,#10500,#10501,#10502));
#11138=CLOSED_SHELL('',(#10503,#10504,#10505,#10506,#10507,#10508,#10509,
#10510,#10511,#10512,#10513,#10514,#10515,#10516,#10517,#10518,#10519,#10520));
#11139=CLOSED_SHELL('',(#10521,#10522,#10523,#10524,#10525,#10526,#10527,
#10528,#10529,#10530,#10531,#10532,#10533,#10534,#10535,#10536,#10537,#10538));
#11140=CLOSED_SHELL('',(#10539,#10540,#10541,#10542,#10543,#10544,#10545,
#10546,#10547,#10548,#10549,#10550,#10551,#10552,#10553,#10554,#10555,#10556));
#11141=CLOSED_SHELL('',(#10557,#10558,#10559,#10560,#10561,#10562,#10563,
#10564,#10565,#10566,#10567,#10568,#10569,#10570,#10571,#10572,#10573,#10574));
#11142=CLOSED_SHELL('',(#10575,#10576,#10577,#10578,#10579,#10580,#10581,
#10582,#10583,#10584,#10585,#10586,#10587,#10588,#10589,#10590,#10591,#10592));
#11143=CLOSED_SHELL('',(#10593,#10594,#10595,#10596,#10597,#10598,#10599,
#10600,#10601,#10602,#10603,#10604,#10605,#10606,#10607,#10608,#10609,#10610));
#11144=CLOSED_SHELL('',(#10611,#10612,#10613,#10614,#10615,#10616,#10617,
#10618,#10619,#10620,#10621,#10622,#10623,#10624,#10625,#10626,#10627,#10628));
#11145=CLOSED_SHELL('',(#10629,#10630,#10631,#10632,#10633,#10634,#10635,
#10636,#10637,#10638,#10639,#10640,#10641,#10642,#10643,#10644,#10645,#10646));
#11146=CLOSED_SHELL('',(#10647,#10648,#10649,#10650,#10651,#10652,#10653,
#10654,#10655,#10656,#10657,#10658,#10659,#10660,#10661,#10662,#10663,#10664));
#11147=CLOSED_SHELL('',(#10665,#10666,#10667,#10668,#10669,#10670,#10671,
#10672,#10673,#10674,#10675,#10676,#10677,#10678,#10679,#10680,#10681,#10682));
#11148=CLOSED_SHELL('',(#10683,#10684,#10685,#10686,#10687,#10688,#10689,
#10690,#10691,#10692,#10693,#10694,#10695,#10696,#10697,#10698,#10699,#10700));
#11149=CLOSED_SHELL('',(#10701,#10702,#10703,#10704,#10705,#10706,#10707,
#10708,#10709,#10710,#10711,#10712,#10713,#10714,#10715,#10716,#10717,#10718));
#11150=CLOSED_SHELL('',(#10719,#10720,#10721,#10722,#10723,#10724,#10725,
#10726,#10727,#10728,#10729,#10730,#10731,#10732,#10733,#10734,#10735,#10736));
#11151=CLOSED_SHELL('',(#10737,#10738,#10739,#10740,#10741,#10742,#10743,
#10744,#10745,#10746,#10747,#10748,#10749,#10750,#10751,#10752,#10753,#10754));
#11152=CLOSED_SHELL('',(#10755,#10756,#10757,#10758,#10759,#10760,#10761,
#10762,#10763,#10764,#10765,#10766,#10767,#10768,#10769,#10770,#10771,#10772));
#11153=CLOSED_SHELL('',(#10773,#10774,#10775,#10776,#10777,#10778,#10779,
#10780,#10781,#10782,#10783,#10784,#10785,#10786,#10787,#10788,#10789,#10790));
#11154=CLOSED_SHELL('',(#10791,#10792,#10793,#10794,#10795,#10796,#10797,
#10798,#10799,#10800,#10801,#10802,#10803,#10804,#10805,#10806,#10807,#10808));
#11155=CLOSED_SHELL('',(#10809,#10810,#10811,#10812,#10813,#10814,#10815,
#10816,#10817,#10818,#10819,#10820,#10821,#10822,#10823,#10824,#10825,#10826));
#11156=CLOSED_SHELL('',(#10827,#10828,#10829,#10830,#10831,#10832,#10833,
#10834,#10835,#10836,#10837,#10838,#10839,#10840,#10841,#10842,#10843,#10844));
#11157=CLOSED_SHELL('',(#10845,#10846,#10847,#10848,#10849,#10850,#10851,
#10852,#10853,#10854,#10855,#10856,#10857,#10858,#10859,#10860,#10861,#10862));
#11158=CLOSED_SHELL('',(#10863,#10864,#10865,#10866,#10867,#10868,#10869,
#10870,#10871,#10872,#10873,#10874,#10875,#10876,#10877,#10878,#10879,#10880));
#11159=CLOSED_SHELL('',(#10881,#10882,#10883,#10884,#10885,#10886,#10887,
#10888,#10889,#10890,#10891,#10892,#10893,#10894,#10895,#10896,#10897,#10898));
#11160=CLOSED_SHELL('',(#10899,#10900,#10901,#10902,#10903,#10904,#10905,
#10906,#10907,#10908,#10909,#10910,#10911,#10912,#10913,#10914,#10915,#10916));
#11161=CLOSED_SHELL('',(#10917,#10918,#10919,#10920,#10921,#10922,#10923,
#10924,#10925,#10926,#10927,#10928,#10929,#10930,#10931,#10932,#10933,#10934));
#11162=CLOSED_SHELL('',(#10935,#10936,#10937,#10938,#10939,#10940,#10941,
#10942,#10943,#10944,#10945,#10946,#10947,#10948,#10949,#10950,#10951,#10952));
#11163=CLOSED_SHELL('',(#10953,#10954,#10955,#10956,#10957,#10958,#10959,
#10960,#10961,#10962,#10963,#10964,#10965,#10966,#10967,#10968,#10969,#10970));
#11164=CLOSED_SHELL('',(#10971,#10972,#10973,#10974,#10975,#10976,#10977,
#10978,#10979,#10980,#10981,#10982,#10983,#10984,#10985,#10986,#10987,#10988));
#11165=CLOSED_SHELL('',(#10989,#10990,#10991,#10992,#10993,#10994,#10995,
#10996,#10997,#10998,#10999,#11000,#11001,#11002,#11003,#11004,#11005,#11006));
#11166=CLOSED_SHELL('',(#11007,#11008,#11009,#11010,#11011,#11012,#11013,
#11014,#11015,#11016,#11017,#11018,#11019,#11020,#11021,#11022,#11023,#11024));
#11167=CLOSED_SHELL('',(#11025,#11026,#11027,#11028,#11029,#11030,#11031,
#11032,#11033,#11034,#11035,#11036,#11037,#11038,#11039,#11040,#11041,#11042));
#11168=CLOSED_SHELL('',(#11043,#11044,#11045,#11046,#11047,#11048,#11049,
#11050,#11051,#11052,#11053,#11054,#11055,#11056,#11057,#11058,#11059,#11060));
#11169=CLOSED_SHELL('',(#11061,#11062,#11063,#11064,#11065,#11066,#11067,
#11068,#11069,#11070,#11071,#11072,#11073,#11074,#11075,#11076,#11077,#11078));
#11170=CLOSED_SHELL('',(#11079,#11080,#11081,#11082,#11083,#11084,#11085,
#11086,#11087,#11088,#11089,#11090,#11091,#11092,#11093,#11094,#11095,#11096));
#11171=CLOSED_SHELL('',(#11097,#11098,#11099,#11100,#11101,#11102,#11103,
#11104,#11105,#11106,#11107,#11108,#11109,#11110,#11111,#11112,#11113,#11114));
#11172=CLOSED_SHELL('',(#11115,#11116,#11117,#11118,#11119,#11120,#11121,
#11122,#11123,#11124,#11125,#11126,#11127,#11128,#11129,#11130,#11131,#11132));
#11173=DERIVED_UNIT_ELEMENT(#11175,1.);
#11174=DERIVED_UNIT_ELEMENT(#20234,-3.);
#11175=(
MASS_UNIT()
NAMED_UNIT(*)
SI_UNIT(.KILO.,.GRAM.)
);
#11176=DERIVED_UNIT((#11173,#11174));
#11177=MEASURE_REPRESENTATION_ITEM('density measure',
POSITIVE_RATIO_MEASURE(7850.),#11176);
#11178=PROPERTY_DEFINITION_REPRESENTATION(#11183,#11180);
#11179=PROPERTY_DEFINITION_REPRESENTATION(#11184,#11181);
#11180=REPRESENTATION('material name',(#11182),#20231);
#11181=REPRESENTATION('density',(#11177),#20231);
#11182=DESCRIPTIVE_REPRESENTATION_ITEM('Steel','Steel');
#11183=PROPERTY_DEFINITION('material property','material name',#20241);
#11184=PROPERTY_DEFINITION('material property','density of part',#20241);
#11185=AXIS2_PLACEMENT_3D('',#16308,#12626,#12627);
#11186=AXIS2_PLACEMENT_3D('',#16320,#12628,#12629);
#11187=AXIS2_PLACEMENT_3D('',#16322,#12630,#12631);
#11188=AXIS2_PLACEMENT_3D('',#16324,#12632,#12633);
#11189=AXIS2_PLACEMENT_3D('',#16325,#12634,#12635);
#11190=AXIS2_PLACEMENT_3D('',#16326,#12636,#12637);
#11191=AXIS2_PLACEMENT_3D('',#16329,#12638,#12639);
#11192=AXIS2_PLACEMENT_3D('',#16343,#12642,#12643);
#11193=AXIS2_PLACEMENT_3D('',#16344,#12644,#12645);
#11194=AXIS2_PLACEMENT_3D('',#16345,#12646,#12647);
#11195=AXIS2_PLACEMENT_3D('',#16346,#12648,#12649);
#11196=AXIS2_PLACEMENT_3D('',#16349,#12650,#12651);
#11197=AXIS2_PLACEMENT_3D('',#16363,#12654,#12655);
#11198=AXIS2_PLACEMENT_3D('',#16364,#12656,#12657);
#11199=AXIS2_PLACEMENT_3D('',#16365,#12658,#12659);
#11200=AXIS2_PLACEMENT_3D('',#16366,#12660,#12661);
#11201=AXIS2_PLACEMENT_3D('',#16369,#12662,#12663);
#11202=AXIS2_PLACEMENT_3D('',#16383,#12666,#12667);
#11203=AXIS2_PLACEMENT_3D('',#16384,#12668,#12669);
#11204=AXIS2_PLACEMENT_3D('',#16385,#12670,#12671);
#11205=AXIS2_PLACEMENT_3D('',#16386,#12672,#12673);
#11206=AXIS2_PLACEMENT_3D('',#16389,#12676,#12677);
#11207=AXIS2_PLACEMENT_3D('',#16395,#12681,#12682);
#11208=AXIS2_PLACEMENT_3D('',#16398,#12684,#12685);
#11209=AXIS2_PLACEMENT_3D('',#16399,#12686,#12687);
#11210=AXIS2_PLACEMENT_3D('',#16403,#12690,#12691);
#11211=AXIS2_PLACEMENT_3D('',#16406,#12693,#12694);
#11212=AXIS2_PLACEMENT_3D('',#16407,#12695,#12696);
#11213=AXIS2_PLACEMENT_3D('',#16408,#12697,#12698);
#11214=AXIS2_PLACEMENT_3D('',#16412,#12700,#12701);
#11215=AXIS2_PLACEMENT_3D('',#16414,#12703,#12704);
#11216=AXIS2_PLACEMENT_3D('',#16418,#12707,#12708);
#11217=AXIS2_PLACEMENT_3D('',#16419,#12709,#12710);
#11218=AXIS2_PLACEMENT_3D('',#16420,#12711,#12712);
#11219=AXIS2_PLACEMENT_3D('',#16422,#12714,#12715);
#11220=AXIS2_PLACEMENT_3D('',#16434,#12716,#12717);
#11221=AXIS2_PLACEMENT_3D('',#16436,#12718,#12719);
#11222=AXIS2_PLACEMENT_3D('',#16438,#12720,#12721);
#11223=AXIS2_PLACEMENT_3D('',#16439,#12722,#12723);
#11224=AXIS2_PLACEMENT_3D('',#16440,#12724,#12725);
#11225=AXIS2_PLACEMENT_3D('',#16443,#12726,#12727);
#11226=AXIS2_PLACEMENT_3D('',#16457,#12730,#12731);
#11227=AXIS2_PLACEMENT_3D('',#16458,#12732,#12733);
#11228=AXIS2_PLACEMENT_3D('',#16459,#12734,#12735);
#11229=AXIS2_PLACEMENT_3D('',#16460,#12736,#12737);
#11230=AXIS2_PLACEMENT_3D('',#16463,#12738,#12739);
#11231=AXIS2_PLACEMENT_3D('',#16477,#12742,#12743);
#11232=AXIS2_PLACEMENT_3D('',#16478,#12744,#12745);
#11233=AXIS2_PLACEMENT_3D('',#16479,#12746,#12747);
#11234=AXIS2_PLACEMENT_3D('',#16480,#12748,#12749);
#11235=AXIS2_PLACEMENT_3D('',#16483,#12750,#12751);
#11236=AXIS2_PLACEMENT_3D('',#16497,#12754,#12755);
#11237=AXIS2_PLACEMENT_3D('',#16498,#12756,#12757);
#11238=AXIS2_PLACEMENT_3D('',#16499,#12758,#12759);
#11239=AXIS2_PLACEMENT_3D('',#16500,#12760,#12761);
#11240=AXIS2_PLACEMENT_3D('',#16503,#12764,#12765);
#11241=AXIS2_PLACEMENT_3D('',#16509,#12769,#12770);
#11242=AXIS2_PLACEMENT_3D('',#16512,#12772,#12773);
#11243=AXIS2_PLACEMENT_3D('',#16513,#12774,#12775);
#11244=AXIS2_PLACEMENT_3D('',#16517,#12778,#12779);
#11245=AXIS2_PLACEMENT_3D('',#16520,#12781,#12782);
#11246=AXIS2_PLACEMENT_3D('',#16521,#12783,#12784);
#11247=AXIS2_PLACEMENT_3D('',#16522,#12785,#12786);
#11248=AXIS2_PLACEMENT_3D('',#16524,#12787,#12788);
#11249=AXIS2_PLACEMENT_3D('',#16526,#12790,#12791);
#11250=AXIS2_PLACEMENT_3D('',#16530,#12793,#12794);
#11251=AXIS2_PLACEMENT_3D('',#16532,#12796,#12797);
#11252=AXIS2_PLACEMENT_3D('',#16534,#12799,#12800);
#11253=AXIS2_PLACEMENT_3D('',#16536,#12802,#12803);
#11254=AXIS2_PLACEMENT_3D('',#16548,#12804,#12805);
#11255=AXIS2_PLACEMENT_3D('',#16550,#12806,#12807);
#11256=AXIS2_PLACEMENT_3D('',#16552,#12808,#12809);
#11257=AXIS2_PLACEMENT_3D('',#16553,#12810,#12811);
#11258=AXIS2_PLACEMENT_3D('',#16554,#12812,#12813);
#11259=AXIS2_PLACEMENT_3D('',#16557,#12814,#12815);
#11260=AXIS2_PLACEMENT_3D('',#16571,#12818,#12819);
#11261=AXIS2_PLACEMENT_3D('',#16572,#12820,#12821);
#11262=AXIS2_PLACEMENT_3D('',#16573,#12822,#12823);
#11263=AXIS2_PLACEMENT_3D('',#16574,#12824,#12825);
#11264=AXIS2_PLACEMENT_3D('',#16577,#12826,#12827);
#11265=AXIS2_PLACEMENT_3D('',#16591,#12830,#12831);
#11266=AXIS2_PLACEMENT_3D('',#16592,#12832,#12833);
#11267=AXIS2_PLACEMENT_3D('',#16593,#12834,#12835);
#11268=AXIS2_PLACEMENT_3D('',#16594,#12836,#12837);
#11269=AXIS2_PLACEMENT_3D('',#16597,#12838,#12839);
#11270=AXIS2_PLACEMENT_3D('',#16611,#12842,#12843);
#11271=AXIS2_PLACEMENT_3D('',#16612,#12844,#12845);
#11272=AXIS2_PLACEMENT_3D('',#16613,#12846,#12847);
#11273=AXIS2_PLACEMENT_3D('',#16614,#12848,#12849);
#11274=AXIS2_PLACEMENT_3D('',#16617,#12852,#12853);
#11275=AXIS2_PLACEMENT_3D('',#16623,#12857,#12858);
#11276=AXIS2_PLACEMENT_3D('',#16626,#12860,#12861);
#11277=AXIS2_PLACEMENT_3D('',#16627,#12862,#12863);
#11278=AXIS2_PLACEMENT_3D('',#16631,#12866,#12867);
#11279=AXIS2_PLACEMENT_3D('',#16634,#12869,#12870);
#11280=AXIS2_PLACEMENT_3D('',#16635,#12871,#12872);
#11281=AXIS2_PLACEMENT_3D('',#16636,#12873,#12874);
#11282=AXIS2_PLACEMENT_3D('',#16638,#12875,#12876);
#11283=AXIS2_PLACEMENT_3D('',#16640,#12878,#12879);
#11284=AXIS2_PLACEMENT_3D('',#16644,#12881,#12882);
#11285=AXIS2_PLACEMENT_3D('',#16646,#12884,#12885);
#11286=AXIS2_PLACEMENT_3D('',#16648,#12887,#12888);
#11287=AXIS2_PLACEMENT_3D('',#16650,#12890,#12891);
#11288=AXIS2_PLACEMENT_3D('',#16662,#12892,#12893);
#11289=AXIS2_PLACEMENT_3D('',#16664,#12894,#12895);
#11290=AXIS2_PLACEMENT_3D('',#16666,#12896,#12897);
#11291=AXIS2_PLACEMENT_3D('',#16667,#12898,#12899);
#11292=AXIS2_PLACEMENT_3D('',#16668,#12900,#12901);
#11293=AXIS2_PLACEMENT_3D('',#16671,#12902,#12903);
#11294=AXIS2_PLACEMENT_3D('',#16685,#12906,#12907);
#11295=AXIS2_PLACEMENT_3D('',#16686,#12908,#12909);
#11296=AXIS2_PLACEMENT_3D('',#16687,#12910,#12911);
#11297=AXIS2_PLACEMENT_3D('',#16688,#12912,#12913);
#11298=AXIS2_PLACEMENT_3D('',#16691,#12914,#12915);
#11299=AXIS2_PLACEMENT_3D('',#16705,#12918,#12919);
#11300=AXIS2_PLACEMENT_3D('',#16706,#12920,#12921);
#11301=AXIS2_PLACEMENT_3D('',#16707,#12922,#12923);
#11302=AXIS2_PLACEMENT_3D('',#16708,#12924,#12925);
#11303=AXIS2_PLACEMENT_3D('',#16711,#12926,#12927);
#11304=AXIS2_PLACEMENT_3D('',#16725,#12930,#12931);
#11305=AXIS2_PLACEMENT_3D('',#16726,#12932,#12933);
#11306=AXIS2_PLACEMENT_3D('',#16727,#12934,#12935);
#11307=AXIS2_PLACEMENT_3D('',#16728,#12936,#12937);
#11308=AXIS2_PLACEMENT_3D('',#16731,#12940,#12941);
#11309=AXIS2_PLACEMENT_3D('',#16737,#12945,#12946);
#11310=AXIS2_PLACEMENT_3D('',#16740,#12948,#12949);
#11311=AXIS2_PLACEMENT_3D('',#16741,#12950,#12951);
#11312=AXIS2_PLACEMENT_3D('',#16745,#12954,#12955);
#11313=AXIS2_PLACEMENT_3D('',#16748,#12957,#12958);
#11314=AXIS2_PLACEMENT_3D('',#16749,#12959,#12960);
#11315=AXIS2_PLACEMENT_3D('',#16750,#12961,#12962);
#11316=AXIS2_PLACEMENT_3D('',#16754,#12964,#12965);
#11317=AXIS2_PLACEMENT_3D('',#16756,#12967,#12968);
#11318=AXIS2_PLACEMENT_3D('',#16758,#12970,#12971);
#11319=AXIS2_PLACEMENT_3D('',#16761,#12973,#12974);
#11320=AXIS2_PLACEMENT_3D('',#16762,#12975,#12976);
#11321=AXIS2_PLACEMENT_3D('',#16764,#12978,#12979);
#11322=AXIS2_PLACEMENT_3D('',#16776,#12980,#12981);
#11323=AXIS2_PLACEMENT_3D('',#16778,#12982,#12983);
#11324=AXIS2_PLACEMENT_3D('',#16780,#12984,#12985);
#11325=AXIS2_PLACEMENT_3D('',#16781,#12986,#12987);
#11326=AXIS2_PLACEMENT_3D('',#16782,#12988,#12989);
#11327=AXIS2_PLACEMENT_3D('',#16785,#12990,#12991);
#11328=AXIS2_PLACEMENT_3D('',#16799,#12994,#12995);
#11329=AXIS2_PLACEMENT_3D('',#16800,#12996,#12997);
#11330=AXIS2_PLACEMENT_3D('',#16801,#12998,#12999);
#11331=AXIS2_PLACEMENT_3D('',#16802,#13000,#13001);
#11332=AXIS2_PLACEMENT_3D('',#16805,#13002,#13003);
#11333=AXIS2_PLACEMENT_3D('',#16819,#13006,#13007);
#11334=AXIS2_PLACEMENT_3D('',#16820,#13008,#13009);
#11335=AXIS2_PLACEMENT_3D('',#16821,#13010,#13011);
#11336=AXIS2_PLACEMENT_3D('',#16822,#13012,#13013);
#11337=AXIS2_PLACEMENT_3D('',#16825,#13014,#13015);
#11338=AXIS2_PLACEMENT_3D('',#16839,#13018,#13019);
#11339=AXIS2_PLACEMENT_3D('',#16840,#13020,#13021);
#11340=AXIS2_PLACEMENT_3D('',#16841,#13022,#13023);
#11341=AXIS2_PLACEMENT_3D('',#16842,#13024,#13025);
#11342=AXIS2_PLACEMENT_3D('',#16845,#13028,#13029);
#11343=AXIS2_PLACEMENT_3D('',#16851,#13033,#13034);
#11344=AXIS2_PLACEMENT_3D('',#16854,#13036,#13037);
#11345=AXIS2_PLACEMENT_3D('',#16855,#13038,#13039);
#11346=AXIS2_PLACEMENT_3D('',#16859,#13042,#13043);
#11347=AXIS2_PLACEMENT_3D('',#16862,#13045,#13046);
#11348=AXIS2_PLACEMENT_3D('',#16863,#13047,#13048);
#11349=AXIS2_PLACEMENT_3D('',#16864,#13049,#13050);
#11350=AXIS2_PLACEMENT_3D('',#16868,#13052,#13053);
#11351=AXIS2_PLACEMENT_3D('',#16871,#13055,#13056);
#11352=AXIS2_PLACEMENT_3D('',#16872,#13057,#13058);
#11353=AXIS2_PLACEMENT_3D('',#16874,#13060,#13061);
#11354=AXIS2_PLACEMENT_3D('',#16876,#13063,#13064);
#11355=AXIS2_PLACEMENT_3D('',#16878,#13066,#13067);
#11356=AXIS2_PLACEMENT_3D('',#16890,#13068,#13069);
#11357=AXIS2_PLACEMENT_3D('',#16892,#13070,#13071);
#11358=AXIS2_PLACEMENT_3D('',#16894,#13072,#13073);
#11359=AXIS2_PLACEMENT_3D('',#16895,#13074,#13075);
#11360=AXIS2_PLACEMENT_3D('',#16896,#13076,#13077);
#11361=AXIS2_PLACEMENT_3D('',#16899,#13078,#13079);
#11362=AXIS2_PLACEMENT_3D('',#16913,#13082,#13083);
#11363=AXIS2_PLACEMENT_3D('',#16914,#13084,#13085);
#11364=AXIS2_PLACEMENT_3D('',#16915,#13086,#13087);
#11365=AXIS2_PLACEMENT_3D('',#16916,#13088,#13089);
#11366=AXIS2_PLACEMENT_3D('',#16919,#13090,#13091);
#11367=AXIS2_PLACEMENT_3D('',#16933,#13094,#13095);
#11368=AXIS2_PLACEMENT_3D('',#16934,#13096,#13097);
#11369=AXIS2_PLACEMENT_3D('',#16935,#13098,#13099);
#11370=AXIS2_PLACEMENT_3D('',#16936,#13100,#13101);
#11371=AXIS2_PLACEMENT_3D('',#16939,#13102,#13103);
#11372=AXIS2_PLACEMENT_3D('',#16953,#13106,#13107);
#11373=AXIS2_PLACEMENT_3D('',#16954,#13108,#13109);
#11374=AXIS2_PLACEMENT_3D('',#16955,#13110,#13111);
#11375=AXIS2_PLACEMENT_3D('',#16956,#13112,#13113);
#11376=AXIS2_PLACEMENT_3D('',#16959,#13116,#13117);
#11377=AXIS2_PLACEMENT_3D('',#16965,#13121,#13122);
#11378=AXIS2_PLACEMENT_3D('',#16968,#13124,#13125);
#11379=AXIS2_PLACEMENT_3D('',#16969,#13126,#13127);
#11380=AXIS2_PLACEMENT_3D('',#16973,#13130,#13131);
#11381=AXIS2_PLACEMENT_3D('',#16976,#13133,#13134);
#11382=AXIS2_PLACEMENT_3D('',#16977,#13135,#13136);
#11383=AXIS2_PLACEMENT_3D('',#16978,#13137,#13138);
#11384=AXIS2_PLACEMENT_3D('',#16982,#13140,#13141);
#11385=AXIS2_PLACEMENT_3D('',#16985,#13143,#13144);
#11386=AXIS2_PLACEMENT_3D('',#16986,#13145,#13146);
#11387=AXIS2_PLACEMENT_3D('',#16989,#13149,#13150);
#11388=AXIS2_PLACEMENT_3D('',#16991,#13152,#13153);
#11389=AXIS2_PLACEMENT_3D('',#16992,#13154,#13155);
#11390=AXIS2_PLACEMENT_3D('',#17004,#13156,#13157);
#11391=AXIS2_PLACEMENT_3D('',#17006,#13158,#13159);
#11392=AXIS2_PLACEMENT_3D('',#17008,#13160,#13161);
#11393=AXIS2_PLACEMENT_3D('',#17009,#13162,#13163);
#11394=AXIS2_PLACEMENT_3D('',#17010,#13164,#13165);
#11395=AXIS2_PLACEMENT_3D('',#17013,#13166,#13167);
#11396=AXIS2_PLACEMENT_3D('',#17027,#13170,#13171);
#11397=AXIS2_PLACEMENT_3D('',#17028,#13172,#13173);
#11398=AXIS2_PLACEMENT_3D('',#17029,#13174,#13175);
#11399=AXIS2_PLACEMENT_3D('',#17030,#13176,#13177);
#11400=AXIS2_PLACEMENT_3D('',#17033,#13178,#13179);
#11401=AXIS2_PLACEMENT_3D('',#17047,#13182,#13183);
#11402=AXIS2_PLACEMENT_3D('',#17048,#13184,#13185);
#11403=AXIS2_PLACEMENT_3D('',#17049,#13186,#13187);
#11404=AXIS2_PLACEMENT_3D('',#17050,#13188,#13189);
#11405=AXIS2_PLACEMENT_3D('',#17053,#13190,#13191);
#11406=AXIS2_PLACEMENT_3D('',#17067,#13194,#13195);
#11407=AXIS2_PLACEMENT_3D('',#17068,#13196,#13197);
#11408=AXIS2_PLACEMENT_3D('',#17069,#13198,#13199);
#11409=AXIS2_PLACEMENT_3D('',#17070,#13200,#13201);
#11410=AXIS2_PLACEMENT_3D('',#17073,#13204,#13205);
#11411=AXIS2_PLACEMENT_3D('',#17079,#13209,#13210);
#11412=AXIS2_PLACEMENT_3D('',#17082,#13212,#13213);
#11413=AXIS2_PLACEMENT_3D('',#17083,#13214,#13215);
#11414=AXIS2_PLACEMENT_3D('',#17087,#13218,#13219);
#11415=AXIS2_PLACEMENT_3D('',#17090,#13221,#13222);
#11416=AXIS2_PLACEMENT_3D('',#17091,#13223,#13224);
#11417=AXIS2_PLACEMENT_3D('',#17092,#13225,#13226);
#11418=AXIS2_PLACEMENT_3D('',#17094,#13227,#13228);
#11419=AXIS2_PLACEMENT_3D('',#17096,#13230,#13231);
#11420=AXIS2_PLACEMENT_3D('',#17100,#13233,#13234);
#11421=AXIS2_PLACEMENT_3D('',#17102,#13236,#13237);
#11422=AXIS2_PLACEMENT_3D('',#17105,#13240,#13241);
#11423=AXIS2_PLACEMENT_3D('',#17106,#13242,#13243);
#11424=AXIS2_PLACEMENT_3D('',#17118,#13244,#13245);
#11425=AXIS2_PLACEMENT_3D('',#17120,#13246,#13247);
#11426=AXIS2_PLACEMENT_3D('',#17122,#13248,#13249);
#11427=AXIS2_PLACEMENT_3D('',#17123,#13250,#13251);
#11428=AXIS2_PLACEMENT_3D('',#17124,#13252,#13253);
#11429=AXIS2_PLACEMENT_3D('',#17127,#13254,#13255);
#11430=AXIS2_PLACEMENT_3D('',#17141,#13258,#13259);
#11431=AXIS2_PLACEMENT_3D('',#17142,#13260,#13261);
#11432=AXIS2_PLACEMENT_3D('',#17143,#13262,#13263);
#11433=AXIS2_PLACEMENT_3D('',#17144,#13264,#13265);
#11434=AXIS2_PLACEMENT_3D('',#17147,#13266,#13267);
#11435=AXIS2_PLACEMENT_3D('',#17161,#13270,#13271);
#11436=AXIS2_PLACEMENT_3D('',#17162,#13272,#13273);
#11437=AXIS2_PLACEMENT_3D('',#17163,#13274,#13275);
#11438=AXIS2_PLACEMENT_3D('',#17164,#13276,#13277);
#11439=AXIS2_PLACEMENT_3D('',#17167,#13278,#13279);
#11440=AXIS2_PLACEMENT_3D('',#17181,#13282,#13283);
#11441=AXIS2_PLACEMENT_3D('',#17182,#13284,#13285);
#11442=AXIS2_PLACEMENT_3D('',#17183,#13286,#13287);
#11443=AXIS2_PLACEMENT_3D('',#17184,#13288,#13289);
#11444=AXIS2_PLACEMENT_3D('',#17187,#13292,#13293);
#11445=AXIS2_PLACEMENT_3D('',#17193,#13297,#13298);
#11446=AXIS2_PLACEMENT_3D('',#17196,#13300,#13301);
#11447=AXIS2_PLACEMENT_3D('',#17197,#13302,#13303);
#11448=AXIS2_PLACEMENT_3D('',#17201,#13306,#13307);
#11449=AXIS2_PLACEMENT_3D('',#17204,#13309,#13310);
#11450=AXIS2_PLACEMENT_3D('',#17205,#13311,#13312);
#11451=AXIS2_PLACEMENT_3D('',#17206,#13313,#13314);
#11452=AXIS2_PLACEMENT_3D('',#17210,#13316,#13317);
#11453=AXIS2_PLACEMENT_3D('',#17212,#13319,#13320);
#11454=AXIS2_PLACEMENT_3D('',#17216,#13323,#13324);
#11455=AXIS2_PLACEMENT_3D('',#17217,#13325,#13326);
#11456=AXIS2_PLACEMENT_3D('',#17218,#13327,#13328);
#11457=AXIS2_PLACEMENT_3D('',#17220,#13330,#13331);
#11458=AXIS2_PLACEMENT_3D('',#17232,#13332,#13333);
#11459=AXIS2_PLACEMENT_3D('',#17234,#13334,#13335);
#11460=AXIS2_PLACEMENT_3D('',#17236,#13336,#13337);
#11461=AXIS2_PLACEMENT_3D('',#17237,#13338,#13339);
#11462=AXIS2_PLACEMENT_3D('',#17238,#13340,#13341);
#11463=AXIS2_PLACEMENT_3D('',#17241,#13342,#13343);
#11464=AXIS2_PLACEMENT_3D('',#17255,#13346,#13347);
#11465=AXIS2_PLACEMENT_3D('',#17256,#13348,#13349);
#11466=AXIS2_PLACEMENT_3D('',#17257,#13350,#13351);
#11467=AXIS2_PLACEMENT_3D('',#17258,#13352,#13353);
#11468=AXIS2_PLACEMENT_3D('',#17261,#13354,#13355);
#11469=AXIS2_PLACEMENT_3D('',#17275,#13358,#13359);
#11470=AXIS2_PLACEMENT_3D('',#17276,#13360,#13361);
#11471=AXIS2_PLACEMENT_3D('',#17277,#13362,#13363);
#11472=AXIS2_PLACEMENT_3D('',#17278,#13364,#13365);
#11473=AXIS2_PLACEMENT_3D('',#17281,#13366,#13367);
#11474=AXIS2_PLACEMENT_3D('',#17295,#13370,#13371);
#11475=AXIS2_PLACEMENT_3D('',#17296,#13372,#13373);
#11476=AXIS2_PLACEMENT_3D('',#17297,#13374,#13375);
#11477=AXIS2_PLACEMENT_3D('',#17298,#13376,#13377);
#11478=AXIS2_PLACEMENT_3D('',#17301,#13380,#13381);
#11479=AXIS2_PLACEMENT_3D('',#17307,#13385,#13386);
#11480=AXIS2_PLACEMENT_3D('',#17310,#13388,#13389);
#11481=AXIS2_PLACEMENT_3D('',#17311,#13390,#13391);
#11482=AXIS2_PLACEMENT_3D('',#17315,#13394,#13395);
#11483=AXIS2_PLACEMENT_3D('',#17318,#13397,#13398);
#11484=AXIS2_PLACEMENT_3D('',#17319,#13399,#13400);
#11485=AXIS2_PLACEMENT_3D('',#17320,#13401,#13402);
#11486=AXIS2_PLACEMENT_3D('',#17322,#13403,#13404);
#11487=AXIS2_PLACEMENT_3D('',#17324,#13406,#13407);
#11488=AXIS2_PLACEMENT_3D('',#17328,#13409,#13410);
#11489=AXIS2_PLACEMENT_3D('',#17330,#13412,#13413);
#11490=AXIS2_PLACEMENT_3D('',#17333,#13416,#13417);
#11491=AXIS2_PLACEMENT_3D('',#17334,#13418,#13419);
#11492=AXIS2_PLACEMENT_3D('',#17346,#13420,#13421);
#11493=AXIS2_PLACEMENT_3D('',#17348,#13422,#13423);
#11494=AXIS2_PLACEMENT_3D('',#17350,#13424,#13425);
#11495=AXIS2_PLACEMENT_3D('',#17351,#13426,#13427);
#11496=AXIS2_PLACEMENT_3D('',#17352,#13428,#13429);
#11497=AXIS2_PLACEMENT_3D('',#17355,#13430,#13431);
#11498=AXIS2_PLACEMENT_3D('',#17369,#13434,#13435);
#11499=AXIS2_PLACEMENT_3D('',#17370,#13436,#13437);
#11500=AXIS2_PLACEMENT_3D('',#17371,#13438,#13439);
#11501=AXIS2_PLACEMENT_3D('',#17372,#13440,#13441);
#11502=AXIS2_PLACEMENT_3D('',#17375,#13442,#13443);
#11503=AXIS2_PLACEMENT_3D('',#17389,#13446,#13447);
#11504=AXIS2_PLACEMENT_3D('',#17390,#13448,#13449);
#11505=AXIS2_PLACEMENT_3D('',#17391,#13450,#13451);
#11506=AXIS2_PLACEMENT_3D('',#17392,#13452,#13453);
#11507=AXIS2_PLACEMENT_3D('',#17395,#13454,#13455);
#11508=AXIS2_PLACEMENT_3D('',#17409,#13458,#13459);
#11509=AXIS2_PLACEMENT_3D('',#17410,#13460,#13461);
#11510=AXIS2_PLACEMENT_3D('',#17411,#13462,#13463);
#11511=AXIS2_PLACEMENT_3D('',#17412,#13464,#13465);
#11512=AXIS2_PLACEMENT_3D('',#17415,#13468,#13469);
#11513=AXIS2_PLACEMENT_3D('',#17421,#13473,#13474);
#11514=AXIS2_PLACEMENT_3D('',#17424,#13476,#13477);
#11515=AXIS2_PLACEMENT_3D('',#17425,#13478,#13479);
#11516=AXIS2_PLACEMENT_3D('',#17429,#13482,#13483);
#11517=AXIS2_PLACEMENT_3D('',#17432,#13485,#13486);
#11518=AXIS2_PLACEMENT_3D('',#17433,#13487,#13488);
#11519=AXIS2_PLACEMENT_3D('',#17434,#13489,#13490);
#11520=AXIS2_PLACEMENT_3D('',#17438,#13492,#13493);
#11521=AXIS2_PLACEMENT_3D('',#17440,#13495,#13496);
#11522=AXIS2_PLACEMENT_3D('',#17442,#13498,#13499);
#11523=AXIS2_PLACEMENT_3D('',#17445,#13501,#13502);
#11524=AXIS2_PLACEMENT_3D('',#17446,#13503,#13504);
#11525=AXIS2_PLACEMENT_3D('',#17448,#13506,#13507);
#11526=AXIS2_PLACEMENT_3D('',#17460,#13508,#13509);
#11527=AXIS2_PLACEMENT_3D('',#17462,#13510,#13511);
#11528=AXIS2_PLACEMENT_3D('',#17464,#13512,#13513);
#11529=AXIS2_PLACEMENT_3D('',#17465,#13514,#13515);
#11530=AXIS2_PLACEMENT_3D('',#17466,#13516,#13517);
#11531=AXIS2_PLACEMENT_3D('',#17469,#13518,#13519);
#11532=AXIS2_PLACEMENT_3D('',#17483,#13522,#13523);
#11533=AXIS2_PLACEMENT_3D('',#17484,#13524,#13525);
#11534=AXIS2_PLACEMENT_3D('',#17485,#13526,#13527);
#11535=AXIS2_PLACEMENT_3D('',#17486,#13528,#13529);
#11536=AXIS2_PLACEMENT_3D('',#17489,#13530,#13531);
#11537=AXIS2_PLACEMENT_3D('',#17503,#13534,#13535);
#11538=AXIS2_PLACEMENT_3D('',#17504,#13536,#13537);
#11539=AXIS2_PLACEMENT_3D('',#17505,#13538,#13539);
#11540=AXIS2_PLACEMENT_3D('',#17506,#13540,#13541);
#11541=AXIS2_PLACEMENT_3D('',#17509,#13542,#13543);
#11542=AXIS2_PLACEMENT_3D('',#17523,#13546,#13547);
#11543=AXIS2_PLACEMENT_3D('',#17524,#13548,#13549);
#11544=AXIS2_PLACEMENT_3D('',#17525,#13550,#13551);
#11545=AXIS2_PLACEMENT_3D('',#17526,#13552,#13553);
#11546=AXIS2_PLACEMENT_3D('',#17529,#13556,#13557);
#11547=AXIS2_PLACEMENT_3D('',#17535,#13561,#13562);
#11548=AXIS2_PLACEMENT_3D('',#17538,#13564,#13565);
#11549=AXIS2_PLACEMENT_3D('',#17539,#13566,#13567);
#11550=AXIS2_PLACEMENT_3D('',#17543,#13570,#13571);
#11551=AXIS2_PLACEMENT_3D('',#17546,#13573,#13574);
#11552=AXIS2_PLACEMENT_3D('',#17547,#13575,#13576);
#11553=AXIS2_PLACEMENT_3D('',#17548,#13577,#13578);
#11554=AXIS2_PLACEMENT_3D('',#17552,#13581,#13582);
#11555=AXIS2_PLACEMENT_3D('',#17555,#13584,#13585);
#11556=AXIS2_PLACEMENT_3D('',#17556,#13586,#13587);
#11557=AXIS2_PLACEMENT_3D('',#17560,#13590,#13591);
#11558=AXIS2_PLACEMENT_3D('',#17561,#13592,#13593);
#11559=AXIS2_PLACEMENT_3D('',#17562,#13594,#13595);
#11560=AXIS2_PLACEMENT_3D('',#17574,#13596,#13597);
#11561=AXIS2_PLACEMENT_3D('',#17576,#13598,#13599);
#11562=AXIS2_PLACEMENT_3D('',#17578,#13600,#13601);
#11563=AXIS2_PLACEMENT_3D('',#17579,#13602,#13603);
#11564=AXIS2_PLACEMENT_3D('',#17580,#13604,#13605);
#11565=AXIS2_PLACEMENT_3D('',#17583,#13606,#13607);
#11566=AXIS2_PLACEMENT_3D('',#17597,#13610,#13611);
#11567=AXIS2_PLACEMENT_3D('',#17598,#13612,#13613);
#11568=AXIS2_PLACEMENT_3D('',#17599,#13614,#13615);
#11569=AXIS2_PLACEMENT_3D('',#17600,#13616,#13617);
#11570=AXIS2_PLACEMENT_3D('',#17603,#13618,#13619);
#11571=AXIS2_PLACEMENT_3D('',#17617,#13622,#13623);
#11572=AXIS2_PLACEMENT_3D('',#17618,#13624,#13625);
#11573=AXIS2_PLACEMENT_3D('',#17619,#13626,#13627);
#11574=AXIS2_PLACEMENT_3D('',#17620,#13628,#13629);
#11575=AXIS2_PLACEMENT_3D('',#17623,#13630,#13631);
#11576=AXIS2_PLACEMENT_3D('',#17637,#13634,#13635);
#11577=AXIS2_PLACEMENT_3D('',#17638,#13636,#13637);
#11578=AXIS2_PLACEMENT_3D('',#17639,#13638,#13639);
#11579=AXIS2_PLACEMENT_3D('',#17640,#13640,#13641);
#11580=AXIS2_PLACEMENT_3D('',#17643,#13644,#13645);
#11581=AXIS2_PLACEMENT_3D('',#17649,#13649,#13650);
#11582=AXIS2_PLACEMENT_3D('',#17652,#13652,#13653);
#11583=AXIS2_PLACEMENT_3D('',#17653,#13654,#13655);
#11584=AXIS2_PLACEMENT_3D('',#17657,#13658,#13659);
#11585=AXIS2_PLACEMENT_3D('',#17660,#13661,#13662);
#11586=AXIS2_PLACEMENT_3D('',#17661,#13663,#13664);
#11587=AXIS2_PLACEMENT_3D('',#17662,#13665,#13666);
#11588=AXIS2_PLACEMENT_3D('',#17664,#13667,#13668);
#11589=AXIS2_PLACEMENT_3D('',#17666,#13670,#13671);
#11590=AXIS2_PLACEMENT_3D('',#17670,#13673,#13674);
#11591=AXIS2_PLACEMENT_3D('',#17672,#13676,#13677);
#11592=AXIS2_PLACEMENT_3D('',#17675,#13680,#13681);
#11593=AXIS2_PLACEMENT_3D('',#17676,#13682,#13683);
#11594=AXIS2_PLACEMENT_3D('',#17688,#13684,#13685);
#11595=AXIS2_PLACEMENT_3D('',#17690,#13686,#13687);
#11596=AXIS2_PLACEMENT_3D('',#17692,#13688,#13689);
#11597=AXIS2_PLACEMENT_3D('',#17693,#13690,#13691);
#11598=AXIS2_PLACEMENT_3D('',#17694,#13692,#13693);
#11599=AXIS2_PLACEMENT_3D('',#17697,#13694,#13695);
#11600=AXIS2_PLACEMENT_3D('',#17711,#13698,#13699);
#11601=AXIS2_PLACEMENT_3D('',#17712,#13700,#13701);
#11602=AXIS2_PLACEMENT_3D('',#17713,#13702,#13703);
#11603=AXIS2_PLACEMENT_3D('',#17714,#13704,#13705);
#11604=AXIS2_PLACEMENT_3D('',#17717,#13706,#13707);
#11605=AXIS2_PLACEMENT_3D('',#17731,#13710,#13711);
#11606=AXIS2_PLACEMENT_3D('',#17732,#13712,#13713);
#11607=AXIS2_PLACEMENT_3D('',#17733,#13714,#13715);
#11608=AXIS2_PLACEMENT_3D('',#17734,#13716,#13717);
#11609=AXIS2_PLACEMENT_3D('',#17737,#13718,#13719);
#11610=AXIS2_PLACEMENT_3D('',#17751,#13722,#13723);
#11611=AXIS2_PLACEMENT_3D('',#17752,#13724,#13725);
#11612=AXIS2_PLACEMENT_3D('',#17753,#13726,#13727);
#11613=AXIS2_PLACEMENT_3D('',#17754,#13728,#13729);
#11614=AXIS2_PLACEMENT_3D('',#17757,#13732,#13733);
#11615=AXIS2_PLACEMENT_3D('',#17763,#13737,#13738);
#11616=AXIS2_PLACEMENT_3D('',#17766,#13740,#13741);
#11617=AXIS2_PLACEMENT_3D('',#17767,#13742,#13743);
#11618=AXIS2_PLACEMENT_3D('',#17771,#13746,#13747);
#11619=AXIS2_PLACEMENT_3D('',#17774,#13749,#13750);
#11620=AXIS2_PLACEMENT_3D('',#17775,#13751,#13752);
#11621=AXIS2_PLACEMENT_3D('',#17776,#13753,#13754);
#11622=AXIS2_PLACEMENT_3D('',#17778,#13755,#13756);
#11623=AXIS2_PLACEMENT_3D('',#17780,#13758,#13759);
#11624=AXIS2_PLACEMENT_3D('',#17784,#13761,#13762);
#11625=AXIS2_PLACEMENT_3D('',#17786,#13764,#13765);
#11626=AXIS2_PLACEMENT_3D('',#17789,#13768,#13769);
#11627=AXIS2_PLACEMENT_3D('',#17790,#13770,#13771);
#11628=AXIS2_PLACEMENT_3D('',#17802,#13772,#13773);
#11629=AXIS2_PLACEMENT_3D('',#17804,#13774,#13775);
#11630=AXIS2_PLACEMENT_3D('',#17806,#13776,#13777);
#11631=AXIS2_PLACEMENT_3D('',#17807,#13778,#13779);
#11632=AXIS2_PLACEMENT_3D('',#17808,#13780,#13781);
#11633=AXIS2_PLACEMENT_3D('',#17811,#13782,#13783);
#11634=AXIS2_PLACEMENT_3D('',#17825,#13786,#13787);
#11635=AXIS2_PLACEMENT_3D('',#17826,#13788,#13789);
#11636=AXIS2_PLACEMENT_3D('',#17827,#13790,#13791);
#11637=AXIS2_PLACEMENT_3D('',#17828,#13792,#13793);
#11638=AXIS2_PLACEMENT_3D('',#17831,#13794,#13795);
#11639=AXIS2_PLACEMENT_3D('',#17845,#13798,#13799);
#11640=AXIS2_PLACEMENT_3D('',#17846,#13800,#13801);
#11641=AXIS2_PLACEMENT_3D('',#17847,#13802,#13803);
#11642=AXIS2_PLACEMENT_3D('',#17848,#13804,#13805);
#11643=AXIS2_PLACEMENT_3D('',#17851,#13806,#13807);
#11644=AXIS2_PLACEMENT_3D('',#17865,#13810,#13811);
#11645=AXIS2_PLACEMENT_3D('',#17866,#13812,#13813);
#11646=AXIS2_PLACEMENT_3D('',#17867,#13814,#13815);
#11647=AXIS2_PLACEMENT_3D('',#17868,#13816,#13817);
#11648=AXIS2_PLACEMENT_3D('',#17871,#13820,#13821);
#11649=AXIS2_PLACEMENT_3D('',#17877,#13825,#13826);
#11650=AXIS2_PLACEMENT_3D('',#17880,#13828,#13829);
#11651=AXIS2_PLACEMENT_3D('',#17881,#13830,#13831);
#11652=AXIS2_PLACEMENT_3D('',#17885,#13834,#13835);
#11653=AXIS2_PLACEMENT_3D('',#17888,#13837,#13838);
#11654=AXIS2_PLACEMENT_3D('',#17889,#13839,#13840);
#11655=AXIS2_PLACEMENT_3D('',#17890,#13841,#13842);
#11656=AXIS2_PLACEMENT_3D('',#17894,#13845,#13846);
#11657=AXIS2_PLACEMENT_3D('',#17897,#13848,#13849);
#11658=AXIS2_PLACEMENT_3D('',#17898,#13850,#13851);
#11659=AXIS2_PLACEMENT_3D('',#17902,#13854,#13855);
#11660=AXIS2_PLACEMENT_3D('',#17903,#13856,#13857);
#11661=AXIS2_PLACEMENT_3D('',#17904,#13858,#13859);
#11662=AXIS2_PLACEMENT_3D('',#17916,#13860,#13861);
#11663=AXIS2_PLACEMENT_3D('',#17918,#13862,#13863);
#11664=AXIS2_PLACEMENT_3D('',#17920,#13864,#13865);
#11665=AXIS2_PLACEMENT_3D('',#17921,#13866,#13867);
#11666=AXIS2_PLACEMENT_3D('',#17922,#13868,#13869);
#11667=AXIS2_PLACEMENT_3D('',#17925,#13870,#13871);
#11668=AXIS2_PLACEMENT_3D('',#17939,#13874,#13875);
#11669=AXIS2_PLACEMENT_3D('',#17940,#13876,#13877);
#11670=AXIS2_PLACEMENT_3D('',#17941,#13878,#13879);
#11671=AXIS2_PLACEMENT_3D('',#17942,#13880,#13881);
#11672=AXIS2_PLACEMENT_3D('',#17945,#13882,#13883);
#11673=AXIS2_PLACEMENT_3D('',#17959,#13886,#13887);
#11674=AXIS2_PLACEMENT_3D('',#17960,#13888,#13889);
#11675=AXIS2_PLACEMENT_3D('',#17961,#13890,#13891);
#11676=AXIS2_PLACEMENT_3D('',#17962,#13892,#13893);
#11677=AXIS2_PLACEMENT_3D('',#17965,#13894,#13895);
#11678=AXIS2_PLACEMENT_3D('',#17979,#13898,#13899);
#11679=AXIS2_PLACEMENT_3D('',#17980,#13900,#13901);
#11680=AXIS2_PLACEMENT_3D('',#17981,#13902,#13903);
#11681=AXIS2_PLACEMENT_3D('',#17982,#13904,#13905);
#11682=AXIS2_PLACEMENT_3D('',#17985,#13908,#13909);
#11683=AXIS2_PLACEMENT_3D('',#17991,#13913,#13914);
#11684=AXIS2_PLACEMENT_3D('',#17994,#13916,#13917);
#11685=AXIS2_PLACEMENT_3D('',#17995,#13918,#13919);
#11686=AXIS2_PLACEMENT_3D('',#17999,#13922,#13923);
#11687=AXIS2_PLACEMENT_3D('',#18002,#13925,#13926);
#11688=AXIS2_PLACEMENT_3D('',#18003,#13927,#13928);
#11689=AXIS2_PLACEMENT_3D('',#18004,#13929,#13930);
#11690=AXIS2_PLACEMENT_3D('',#18006,#13931,#13932);
#11691=AXIS2_PLACEMENT_3D('',#18008,#13934,#13935);
#11692=AXIS2_PLACEMENT_3D('',#18012,#13937,#13938);
#11693=AXIS2_PLACEMENT_3D('',#18014,#13940,#13941);
#11694=AXIS2_PLACEMENT_3D('',#18017,#13944,#13945);
#11695=AXIS2_PLACEMENT_3D('',#18018,#13946,#13947);
#11696=AXIS2_PLACEMENT_3D('',#18030,#13948,#13949);
#11697=AXIS2_PLACEMENT_3D('',#18032,#13950,#13951);
#11698=AXIS2_PLACEMENT_3D('',#18034,#13952,#13953);
#11699=AXIS2_PLACEMENT_3D('',#18035,#13954,#13955);
#11700=AXIS2_PLACEMENT_3D('',#18036,#13956,#13957);
#11701=AXIS2_PLACEMENT_3D('',#18039,#13958,#13959);
#11702=AXIS2_PLACEMENT_3D('',#18053,#13962,#13963);
#11703=AXIS2_PLACEMENT_3D('',#18054,#13964,#13965);
#11704=AXIS2_PLACEMENT_3D('',#18055,#13966,#13967);
#11705=AXIS2_PLACEMENT_3D('',#18056,#13968,#13969);
#11706=AXIS2_PLACEMENT_3D('',#18059,#13970,#13971);
#11707=AXIS2_PLACEMENT_3D('',#18073,#13974,#13975);
#11708=AXIS2_PLACEMENT_3D('',#18074,#13976,#13977);
#11709=AXIS2_PLACEMENT_3D('',#18075,#13978,#13979);
#11710=AXIS2_PLACEMENT_3D('',#18076,#13980,#13981);
#11711=AXIS2_PLACEMENT_3D('',#18079,#13982,#13983);
#11712=AXIS2_PLACEMENT_3D('',#18093,#13986,#13987);
#11713=AXIS2_PLACEMENT_3D('',#18094,#13988,#13989);
#11714=AXIS2_PLACEMENT_3D('',#18095,#13990,#13991);
#11715=AXIS2_PLACEMENT_3D('',#18096,#13992,#13993);
#11716=AXIS2_PLACEMENT_3D('',#18099,#13996,#13997);
#11717=AXIS2_PLACEMENT_3D('',#18105,#14001,#14002);
#11718=AXIS2_PLACEMENT_3D('',#18108,#14004,#14005);
#11719=AXIS2_PLACEMENT_3D('',#18109,#14006,#14007);
#11720=AXIS2_PLACEMENT_3D('',#18113,#14010,#14011);
#11721=AXIS2_PLACEMENT_3D('',#18116,#14013,#14014);
#11722=AXIS2_PLACEMENT_3D('',#18117,#14015,#14016);
#11723=AXIS2_PLACEMENT_3D('',#18118,#14017,#14018);
#11724=AXIS2_PLACEMENT_3D('',#18122,#14020,#14021);
#11725=AXIS2_PLACEMENT_3D('',#18124,#14023,#14024);
#11726=AXIS2_PLACEMENT_3D('',#18126,#14026,#14027);
#11727=AXIS2_PLACEMENT_3D('',#18129,#14029,#14030);
#11728=AXIS2_PLACEMENT_3D('',#18130,#14031,#14032);
#11729=AXIS2_PLACEMENT_3D('',#18132,#14034,#14035);
#11730=AXIS2_PLACEMENT_3D('',#18144,#14036,#14037);
#11731=AXIS2_PLACEMENT_3D('',#18146,#14038,#14039);
#11732=AXIS2_PLACEMENT_3D('',#18148,#14040,#14041);
#11733=AXIS2_PLACEMENT_3D('',#18149,#14042,#14043);
#11734=AXIS2_PLACEMENT_3D('',#18150,#14044,#14045);
#11735=AXIS2_PLACEMENT_3D('',#18153,#14046,#14047);
#11736=AXIS2_PLACEMENT_3D('',#18167,#14050,#14051);
#11737=AXIS2_PLACEMENT_3D('',#18168,#14052,#14053);
#11738=AXIS2_PLACEMENT_3D('',#18169,#14054,#14055);
#11739=AXIS2_PLACEMENT_3D('',#18170,#14056,#14057);
#11740=AXIS2_PLACEMENT_3D('',#18173,#14058,#14059);
#11741=AXIS2_PLACEMENT_3D('',#18187,#14062,#14063);
#11742=AXIS2_PLACEMENT_3D('',#18188,#14064,#14065);
#11743=AXIS2_PLACEMENT_3D('',#18189,#14066,#14067);
#11744=AXIS2_PLACEMENT_3D('',#18190,#14068,#14069);
#11745=AXIS2_PLACEMENT_3D('',#18193,#14070,#14071);
#11746=AXIS2_PLACEMENT_3D('',#18207,#14074,#14075);
#11747=AXIS2_PLACEMENT_3D('',#18208,#14076,#14077);
#11748=AXIS2_PLACEMENT_3D('',#18209,#14078,#14079);
#11749=AXIS2_PLACEMENT_3D('',#18210,#14080,#14081);
#11750=AXIS2_PLACEMENT_3D('',#18213,#14084,#14085);
#11751=AXIS2_PLACEMENT_3D('',#18219,#14089,#14090);
#11752=AXIS2_PLACEMENT_3D('',#18222,#14092,#14093);
#11753=AXIS2_PLACEMENT_3D('',#18223,#14094,#14095);
#11754=AXIS2_PLACEMENT_3D('',#18227,#14098,#14099);
#11755=AXIS2_PLACEMENT_3D('',#18230,#14101,#14102);
#11756=AXIS2_PLACEMENT_3D('',#18231,#14103,#14104);
#11757=AXIS2_PLACEMENT_3D('',#18232,#14105,#14106);
#11758=AXIS2_PLACEMENT_3D('',#18234,#14107,#14108);
#11759=AXIS2_PLACEMENT_3D('',#18236,#14110,#14111);
#11760=AXIS2_PLACEMENT_3D('',#18240,#14113,#14114);
#11761=AXIS2_PLACEMENT_3D('',#18242,#14116,#14117);
#11762=AXIS2_PLACEMENT_3D('',#18245,#14120,#14121);
#11763=AXIS2_PLACEMENT_3D('',#18246,#14122,#14123);
#11764=AXIS2_PLACEMENT_3D('',#18258,#14124,#14125);
#11765=AXIS2_PLACEMENT_3D('',#18260,#14126,#14127);
#11766=AXIS2_PLACEMENT_3D('',#18262,#14128,#14129);
#11767=AXIS2_PLACEMENT_3D('',#18263,#14130,#14131);
#11768=AXIS2_PLACEMENT_3D('',#18264,#14132,#14133);
#11769=AXIS2_PLACEMENT_3D('',#18267,#14134,#14135);
#11770=AXIS2_PLACEMENT_3D('',#18281,#14138,#14139);
#11771=AXIS2_PLACEMENT_3D('',#18282,#14140,#14141);
#11772=AXIS2_PLACEMENT_3D('',#18283,#14142,#14143);
#11773=AXIS2_PLACEMENT_3D('',#18284,#14144,#14145);
#11774=AXIS2_PLACEMENT_3D('',#18287,#14146,#14147);
#11775=AXIS2_PLACEMENT_3D('',#18301,#14150,#14151);
#11776=AXIS2_PLACEMENT_3D('',#18302,#14152,#14153);
#11777=AXIS2_PLACEMENT_3D('',#18303,#14154,#14155);
#11778=AXIS2_PLACEMENT_3D('',#18304,#14156,#14157);
#11779=AXIS2_PLACEMENT_3D('',#18307,#14158,#14159);
#11780=AXIS2_PLACEMENT_3D('',#18321,#14162,#14163);
#11781=AXIS2_PLACEMENT_3D('',#18322,#14164,#14165);
#11782=AXIS2_PLACEMENT_3D('',#18323,#14166,#14167);
#11783=AXIS2_PLACEMENT_3D('',#18324,#14168,#14169);
#11784=AXIS2_PLACEMENT_3D('',#18327,#14172,#14173);
#11785=AXIS2_PLACEMENT_3D('',#18333,#14177,#14178);
#11786=AXIS2_PLACEMENT_3D('',#18336,#14180,#14181);
#11787=AXIS2_PLACEMENT_3D('',#18337,#14182,#14183);
#11788=AXIS2_PLACEMENT_3D('',#18341,#14186,#14187);
#11789=AXIS2_PLACEMENT_3D('',#18344,#14189,#14190);
#11790=AXIS2_PLACEMENT_3D('',#18345,#14191,#14192);
#11791=AXIS2_PLACEMENT_3D('',#18346,#14193,#14194);
#11792=AXIS2_PLACEMENT_3D('',#18348,#14195,#14196);
#11793=AXIS2_PLACEMENT_3D('',#18350,#14198,#14199);
#11794=AXIS2_PLACEMENT_3D('',#18354,#14201,#14202);
#11795=AXIS2_PLACEMENT_3D('',#18356,#14204,#14205);
#11796=AXIS2_PLACEMENT_3D('',#18359,#14208,#14209);
#11797=AXIS2_PLACEMENT_3D('',#18360,#14210,#14211);
#11798=AXIS2_PLACEMENT_3D('',#18372,#14212,#14213);
#11799=AXIS2_PLACEMENT_3D('',#18374,#14214,#14215);
#11800=AXIS2_PLACEMENT_3D('',#18376,#14216,#14217);
#11801=AXIS2_PLACEMENT_3D('',#18377,#14218,#14219);
#11802=AXIS2_PLACEMENT_3D('',#18378,#14220,#14221);
#11803=AXIS2_PLACEMENT_3D('',#18381,#14222,#14223);
#11804=AXIS2_PLACEMENT_3D('',#18395,#14226,#14227);
#11805=AXIS2_PLACEMENT_3D('',#18396,#14228,#14229);
#11806=AXIS2_PLACEMENT_3D('',#18397,#14230,#14231);
#11807=AXIS2_PLACEMENT_3D('',#18398,#14232,#14233);
#11808=AXIS2_PLACEMENT_3D('',#18401,#14234,#14235);
#11809=AXIS2_PLACEMENT_3D('',#18415,#14238,#14239);
#11810=AXIS2_PLACEMENT_3D('',#18416,#14240,#14241);
#11811=AXIS2_PLACEMENT_3D('',#18417,#14242,#14243);
#11812=AXIS2_PLACEMENT_3D('',#18418,#14244,#14245);
#11813=AXIS2_PLACEMENT_3D('',#18421,#14246,#14247);
#11814=AXIS2_PLACEMENT_3D('',#18435,#14250,#14251);
#11815=AXIS2_PLACEMENT_3D('',#18436,#14252,#14253);
#11816=AXIS2_PLACEMENT_3D('',#18437,#14254,#14255);
#11817=AXIS2_PLACEMENT_3D('',#18438,#14256,#14257);
#11818=AXIS2_PLACEMENT_3D('',#18441,#14260,#14261);
#11819=AXIS2_PLACEMENT_3D('',#18447,#14265,#14266);
#11820=AXIS2_PLACEMENT_3D('',#18450,#14268,#14269);
#11821=AXIS2_PLACEMENT_3D('',#18451,#14270,#14271);
#11822=AXIS2_PLACEMENT_3D('',#18455,#14274,#14275);
#11823=AXIS2_PLACEMENT_3D('',#18458,#14277,#14278);
#11824=AXIS2_PLACEMENT_3D('',#18459,#14279,#14280);
#11825=AXIS2_PLACEMENT_3D('',#18460,#14281,#14282);
#11826=AXIS2_PLACEMENT_3D('',#18462,#14283,#14284);
#11827=AXIS2_PLACEMENT_3D('',#18464,#14286,#14287);
#11828=AXIS2_PLACEMENT_3D('',#18468,#14289,#14290);
#11829=AXIS2_PLACEMENT_3D('',#18470,#14292,#14293);
#11830=AXIS2_PLACEMENT_3D('',#18472,#14295,#14296);
#11831=AXIS2_PLACEMENT_3D('',#18474,#14298,#14299);
#11832=AXIS2_PLACEMENT_3D('',#18486,#14300,#14301);
#11833=AXIS2_PLACEMENT_3D('',#18488,#14302,#14303);
#11834=AXIS2_PLACEMENT_3D('',#18490,#14304,#14305);
#11835=AXIS2_PLACEMENT_3D('',#18491,#14306,#14307);
#11836=AXIS2_PLACEMENT_3D('',#18492,#14308,#14309);
#11837=AXIS2_PLACEMENT_3D('',#18495,#14310,#14311);
#11838=AXIS2_PLACEMENT_3D('',#18509,#14314,#14315);
#11839=AXIS2_PLACEMENT_3D('',#18510,#14316,#14317);
#11840=AXIS2_PLACEMENT_3D('',#18511,#14318,#14319);
#11841=AXIS2_PLACEMENT_3D('',#18512,#14320,#14321);
#11842=AXIS2_PLACEMENT_3D('',#18515,#14322,#14323);
#11843=AXIS2_PLACEMENT_3D('',#18529,#14326,#14327);
#11844=AXIS2_PLACEMENT_3D('',#18530,#14328,#14329);
#11845=AXIS2_PLACEMENT_3D('',#18531,#14330,#14331);
#11846=AXIS2_PLACEMENT_3D('',#18532,#14332,#14333);
#11847=AXIS2_PLACEMENT_3D('',#18535,#14334,#14335);
#11848=AXIS2_PLACEMENT_3D('',#18549,#14338,#14339);
#11849=AXIS2_PLACEMENT_3D('',#18550,#14340,#14341);
#11850=AXIS2_PLACEMENT_3D('',#18551,#14342,#14343);
#11851=AXIS2_PLACEMENT_3D('',#18552,#14344,#14345);
#11852=AXIS2_PLACEMENT_3D('',#18555,#14348,#14349);
#11853=AXIS2_PLACEMENT_3D('',#18561,#14353,#14354);
#11854=AXIS2_PLACEMENT_3D('',#18564,#14356,#14357);
#11855=AXIS2_PLACEMENT_3D('',#18565,#14358,#14359);
#11856=AXIS2_PLACEMENT_3D('',#18569,#14362,#14363);
#11857=AXIS2_PLACEMENT_3D('',#18572,#14365,#14366);
#11858=AXIS2_PLACEMENT_3D('',#18573,#14367,#14368);
#11859=AXIS2_PLACEMENT_3D('',#18574,#14369,#14370);
#11860=AXIS2_PLACEMENT_3D('',#18578,#14373,#14374);
#11861=AXIS2_PLACEMENT_3D('',#18581,#14376,#14377);
#11862=AXIS2_PLACEMENT_3D('',#18582,#14378,#14379);
#11863=AXIS2_PLACEMENT_3D('',#18586,#14382,#14383);
#11864=AXIS2_PLACEMENT_3D('',#18587,#14384,#14385);
#11865=AXIS2_PLACEMENT_3D('',#18588,#14386,#14387);
#11866=AXIS2_PLACEMENT_3D('',#18589,#14388,#14389);
#11867=AXIS2_PLACEMENT_3D('',#18592,#14390,#14391);
#11868=AXIS2_PLACEMENT_3D('',#18594,#14392,#14393);
#11869=AXIS2_PLACEMENT_3D('',#18596,#14394,#14395);
#11870=AXIS2_PLACEMENT_3D('',#18597,#14396,#14397);
#11871=AXIS2_PLACEMENT_3D('',#18598,#14398,#14399);
#11872=AXIS2_PLACEMENT_3D('',#18601,#14400,#14401);
#11873=AXIS2_PLACEMENT_3D('',#18604,#14404,#14405);
#11874=AXIS2_PLACEMENT_3D('',#18607,#14406,#14407);
#11875=AXIS2_PLACEMENT_3D('',#18608,#14408,#14409);
#11876=AXIS2_PLACEMENT_3D('',#18609,#14410,#14411);
#11877=AXIS2_PLACEMENT_3D('',#18610,#14412,#14413);
#11878=AXIS2_PLACEMENT_3D('',#18613,#14414,#14415);
#11879=AXIS2_PLACEMENT_3D('',#18616,#14418,#14419);
#11880=AXIS2_PLACEMENT_3D('',#18619,#14420,#14421);
#11881=AXIS2_PLACEMENT_3D('',#18620,#14422,#14423);
#11882=AXIS2_PLACEMENT_3D('',#18621,#14424,#14425);
#11883=AXIS2_PLACEMENT_3D('',#18622,#14426,#14427);
#11884=AXIS2_PLACEMENT_3D('',#18625,#14428,#14429);
#11885=AXIS2_PLACEMENT_3D('',#18628,#14432,#14433);
#11886=AXIS2_PLACEMENT_3D('',#18631,#14434,#14435);
#11887=AXIS2_PLACEMENT_3D('',#18632,#14436,#14437);
#11888=AXIS2_PLACEMENT_3D('',#18633,#14438,#14439);
#11889=AXIS2_PLACEMENT_3D('',#18634,#14440,#14441);
#11890=AXIS2_PLACEMENT_3D('',#18637,#14444,#14445);
#11891=AXIS2_PLACEMENT_3D('',#18643,#14449,#14450);
#11892=AXIS2_PLACEMENT_3D('',#18646,#14452,#14453);
#11893=AXIS2_PLACEMENT_3D('',#18647,#14454,#14455);
#11894=AXIS2_PLACEMENT_3D('',#18651,#14458,#14459);
#11895=AXIS2_PLACEMENT_3D('',#18654,#14461,#14462);
#11896=AXIS2_PLACEMENT_3D('',#18655,#14463,#14464);
#11897=AXIS2_PLACEMENT_3D('',#18656,#14465,#14466);
#11898=AXIS2_PLACEMENT_3D('',#18660,#14468,#14469);
#11899=AXIS2_PLACEMENT_3D('',#18663,#14471,#14472);
#11900=AXIS2_PLACEMENT_3D('',#18664,#14473,#14474);
#11901=AXIS2_PLACEMENT_3D('',#18666,#14476,#14477);
#11902=AXIS2_PLACEMENT_3D('',#18668,#14479,#14480);
#11903=AXIS2_PLACEMENT_3D('',#18670,#14482,#14483);
#11904=AXIS2_PLACEMENT_3D('',#18671,#14484,#14485);
#11905=AXIS2_PLACEMENT_3D('',#18674,#14486,#14487);
#11906=AXIS2_PLACEMENT_3D('',#18676,#14488,#14489);
#11907=AXIS2_PLACEMENT_3D('',#18678,#14490,#14491);
#11908=AXIS2_PLACEMENT_3D('',#18679,#14492,#14493);
#11909=AXIS2_PLACEMENT_3D('',#18680,#14494,#14495);
#11910=AXIS2_PLACEMENT_3D('',#18683,#14496,#14497);
#11911=AXIS2_PLACEMENT_3D('',#18686,#14500,#14501);
#11912=AXIS2_PLACEMENT_3D('',#18689,#14502,#14503);
#11913=AXIS2_PLACEMENT_3D('',#18690,#14504,#14505);
#11914=AXIS2_PLACEMENT_3D('',#18691,#14506,#14507);
#11915=AXIS2_PLACEMENT_3D('',#18692,#14508,#14509);
#11916=AXIS2_PLACEMENT_3D('',#18695,#14510,#14511);
#11917=AXIS2_PLACEMENT_3D('',#18698,#14514,#14515);
#11918=AXIS2_PLACEMENT_3D('',#18701,#14516,#14517);
#11919=AXIS2_PLACEMENT_3D('',#18702,#14518,#14519);
#11920=AXIS2_PLACEMENT_3D('',#18703,#14520,#14521);
#11921=AXIS2_PLACEMENT_3D('',#18704,#14522,#14523);
#11922=AXIS2_PLACEMENT_3D('',#18707,#14524,#14525);
#11923=AXIS2_PLACEMENT_3D('',#18710,#14528,#14529);
#11924=AXIS2_PLACEMENT_3D('',#18713,#14530,#14531);
#11925=AXIS2_PLACEMENT_3D('',#18714,#14532,#14533);
#11926=AXIS2_PLACEMENT_3D('',#18715,#14534,#14535);
#11927=AXIS2_PLACEMENT_3D('',#18716,#14536,#14537);
#11928=AXIS2_PLACEMENT_3D('',#18719,#14540,#14541);
#11929=AXIS2_PLACEMENT_3D('',#18725,#14545,#14546);
#11930=AXIS2_PLACEMENT_3D('',#18728,#14548,#14549);
#11931=AXIS2_PLACEMENT_3D('',#18729,#14550,#14551);
#11932=AXIS2_PLACEMENT_3D('',#18733,#14554,#14555);
#11933=AXIS2_PLACEMENT_3D('',#18736,#14557,#14558);
#11934=AXIS2_PLACEMENT_3D('',#18737,#14559,#14560);
#11935=AXIS2_PLACEMENT_3D('',#18738,#14561,#14562);
#11936=AXIS2_PLACEMENT_3D('',#18742,#14564,#14565);
#11937=AXIS2_PLACEMENT_3D('',#18745,#14567,#14568);
#11938=AXIS2_PLACEMENT_3D('',#18746,#14569,#14570);
#11939=AXIS2_PLACEMENT_3D('',#18748,#14572,#14573);
#11940=AXIS2_PLACEMENT_3D('',#18750,#14575,#14576);
#11941=AXIS2_PLACEMENT_3D('',#18752,#14578,#14579);
#11942=AXIS2_PLACEMENT_3D('',#18753,#14580,#14581);
#11943=AXIS2_PLACEMENT_3D('',#18756,#14582,#14583);
#11944=AXIS2_PLACEMENT_3D('',#18758,#14584,#14585);
#11945=AXIS2_PLACEMENT_3D('',#18760,#14586,#14587);
#11946=AXIS2_PLACEMENT_3D('',#18761,#14588,#14589);
#11947=AXIS2_PLACEMENT_3D('',#18762,#14590,#14591);
#11948=AXIS2_PLACEMENT_3D('',#18765,#14592,#14593);
#11949=AXIS2_PLACEMENT_3D('',#18768,#14596,#14597);
#11950=AXIS2_PLACEMENT_3D('',#18771,#14598,#14599);
#11951=AXIS2_PLACEMENT_3D('',#18772,#14600,#14601);
#11952=AXIS2_PLACEMENT_3D('',#18773,#14602,#14603);
#11953=AXIS2_PLACEMENT_3D('',#18774,#14604,#14605);
#11954=AXIS2_PLACEMENT_3D('',#18777,#14606,#14607);
#11955=AXIS2_PLACEMENT_3D('',#18780,#14610,#14611);
#11956=AXIS2_PLACEMENT_3D('',#18783,#14612,#14613);
#11957=AXIS2_PLACEMENT_3D('',#18784,#14614,#14615);
#11958=AXIS2_PLACEMENT_3D('',#18785,#14616,#14617);
#11959=AXIS2_PLACEMENT_3D('',#18786,#14618,#14619);
#11960=AXIS2_PLACEMENT_3D('',#18789,#14620,#14621);
#11961=AXIS2_PLACEMENT_3D('',#18792,#14624,#14625);
#11962=AXIS2_PLACEMENT_3D('',#18795,#14626,#14627);
#11963=AXIS2_PLACEMENT_3D('',#18796,#14628,#14629);
#11964=AXIS2_PLACEMENT_3D('',#18797,#14630,#14631);
#11965=AXIS2_PLACEMENT_3D('',#18798,#14632,#14633);
#11966=AXIS2_PLACEMENT_3D('',#18801,#14636,#14637);
#11967=AXIS2_PLACEMENT_3D('',#18807,#14641,#14642);
#11968=AXIS2_PLACEMENT_3D('',#18810,#14644,#14645);
#11969=AXIS2_PLACEMENT_3D('',#18811,#14646,#14647);
#11970=AXIS2_PLACEMENT_3D('',#18815,#14650,#14651);
#11971=AXIS2_PLACEMENT_3D('',#18818,#14653,#14654);
#11972=AXIS2_PLACEMENT_3D('',#18819,#14655,#14656);
#11973=AXIS2_PLACEMENT_3D('',#18820,#14657,#14658);
#11974=AXIS2_PLACEMENT_3D('',#18824,#14660,#14661);
#11975=AXIS2_PLACEMENT_3D('',#18827,#14663,#14664);
#11976=AXIS2_PLACEMENT_3D('',#18828,#14665,#14666);
#11977=AXIS2_PLACEMENT_3D('',#18830,#14668,#14669);
#11978=AXIS2_PLACEMENT_3D('',#18832,#14671,#14672);
#11979=AXIS2_PLACEMENT_3D('',#18834,#14674,#14675);
#11980=AXIS2_PLACEMENT_3D('',#18835,#14676,#14677);
#11981=AXIS2_PLACEMENT_3D('',#18838,#14678,#14679);
#11982=AXIS2_PLACEMENT_3D('',#18840,#14680,#14681);
#11983=AXIS2_PLACEMENT_3D('',#18842,#14682,#14683);
#11984=AXIS2_PLACEMENT_3D('',#18843,#14684,#14685);
#11985=AXIS2_PLACEMENT_3D('',#18844,#14686,#14687);
#11986=AXIS2_PLACEMENT_3D('',#18847,#14688,#14689);
#11987=AXIS2_PLACEMENT_3D('',#18850,#14692,#14693);
#11988=AXIS2_PLACEMENT_3D('',#18853,#14694,#14695);
#11989=AXIS2_PLACEMENT_3D('',#18854,#14696,#14697);
#11990=AXIS2_PLACEMENT_3D('',#18855,#14698,#14699);
#11991=AXIS2_PLACEMENT_3D('',#18856,#14700,#14701);
#11992=AXIS2_PLACEMENT_3D('',#18859,#14702,#14703);
#11993=AXIS2_PLACEMENT_3D('',#18862,#14706,#14707);
#11994=AXIS2_PLACEMENT_3D('',#18865,#14708,#14709);
#11995=AXIS2_PLACEMENT_3D('',#18866,#14710,#14711);
#11996=AXIS2_PLACEMENT_3D('',#18867,#14712,#14713);
#11997=AXIS2_PLACEMENT_3D('',#18868,#14714,#14715);
#11998=AXIS2_PLACEMENT_3D('',#18871,#14716,#14717);
#11999=AXIS2_PLACEMENT_3D('',#18874,#14720,#14721);
#12000=AXIS2_PLACEMENT_3D('',#18877,#14722,#14723);
#12001=AXIS2_PLACEMENT_3D('',#18878,#14724,#14725);
#12002=AXIS2_PLACEMENT_3D('',#18879,#14726,#14727);
#12003=AXIS2_PLACEMENT_3D('',#18880,#14728,#14729);
#12004=AXIS2_PLACEMENT_3D('',#18883,#14732,#14733);
#12005=AXIS2_PLACEMENT_3D('',#18889,#14737,#14738);
#12006=AXIS2_PLACEMENT_3D('',#18892,#14740,#14741);
#12007=AXIS2_PLACEMENT_3D('',#18893,#14742,#14743);
#12008=AXIS2_PLACEMENT_3D('',#18897,#14746,#14747);
#12009=AXIS2_PLACEMENT_3D('',#18900,#14749,#14750);
#12010=AXIS2_PLACEMENT_3D('',#18901,#14751,#14752);
#12011=AXIS2_PLACEMENT_3D('',#18902,#14753,#14754);
#12012=AXIS2_PLACEMENT_3D('',#18906,#14756,#14757);
#12013=AXIS2_PLACEMENT_3D('',#18909,#14759,#14760);
#12014=AXIS2_PLACEMENT_3D('',#18910,#14761,#14762);
#12015=AXIS2_PLACEMENT_3D('',#18912,#14764,#14765);
#12016=AXIS2_PLACEMENT_3D('',#18914,#14767,#14768);
#12017=AXIS2_PLACEMENT_3D('',#18916,#14770,#14771);
#12018=AXIS2_PLACEMENT_3D('',#18917,#14772,#14773);
#12019=AXIS2_PLACEMENT_3D('',#18920,#14774,#14775);
#12020=AXIS2_PLACEMENT_3D('',#18922,#14776,#14777);
#12021=AXIS2_PLACEMENT_3D('',#18924,#14778,#14779);
#12022=AXIS2_PLACEMENT_3D('',#18925,#14780,#14781);
#12023=AXIS2_PLACEMENT_3D('',#18926,#14782,#14783);
#12024=AXIS2_PLACEMENT_3D('',#18929,#14784,#14785);
#12025=AXIS2_PLACEMENT_3D('',#18932,#14788,#14789);
#12026=AXIS2_PLACEMENT_3D('',#18935,#14790,#14791);
#12027=AXIS2_PLACEMENT_3D('',#18936,#14792,#14793);
#12028=AXIS2_PLACEMENT_3D('',#18937,#14794,#14795);
#12029=AXIS2_PLACEMENT_3D('',#18938,#14796,#14797);
#12030=AXIS2_PLACEMENT_3D('',#18941,#14798,#14799);
#12031=AXIS2_PLACEMENT_3D('',#18944,#14802,#14803);
#12032=AXIS2_PLACEMENT_3D('',#18947,#14804,#14805);
#12033=AXIS2_PLACEMENT_3D('',#18948,#14806,#14807);
#12034=AXIS2_PLACEMENT_3D('',#18949,#14808,#14809);
#12035=AXIS2_PLACEMENT_3D('',#18950,#14810,#14811);
#12036=AXIS2_PLACEMENT_3D('',#18953,#14812,#14813);
#12037=AXIS2_PLACEMENT_3D('',#18956,#14816,#14817);
#12038=AXIS2_PLACEMENT_3D('',#18959,#14818,#14819);
#12039=AXIS2_PLACEMENT_3D('',#18960,#14820,#14821);
#12040=AXIS2_PLACEMENT_3D('',#18961,#14822,#14823);
#12041=AXIS2_PLACEMENT_3D('',#18962,#14824,#14825);
#12042=AXIS2_PLACEMENT_3D('',#18965,#14828,#14829);
#12043=AXIS2_PLACEMENT_3D('',#18971,#14833,#14834);
#12044=AXIS2_PLACEMENT_3D('',#18974,#14836,#14837);
#12045=AXIS2_PLACEMENT_3D('',#18975,#14838,#14839);
#12046=AXIS2_PLACEMENT_3D('',#18979,#14842,#14843);
#12047=AXIS2_PLACEMENT_3D('',#18982,#14845,#14846);
#12048=AXIS2_PLACEMENT_3D('',#18983,#14847,#14848);
#12049=AXIS2_PLACEMENT_3D('',#18984,#14849,#14850);
#12050=AXIS2_PLACEMENT_3D('',#18988,#14853,#14854);
#12051=AXIS2_PLACEMENT_3D('',#18991,#14856,#14857);
#12052=AXIS2_PLACEMENT_3D('',#18992,#14858,#14859);
#12053=AXIS2_PLACEMENT_3D('',#18996,#14862,#14863);
#12054=AXIS2_PLACEMENT_3D('',#18997,#14864,#14865);
#12055=AXIS2_PLACEMENT_3D('',#18998,#14866,#14867);
#12056=AXIS2_PLACEMENT_3D('',#18999,#14868,#14869);
#12057=AXIS2_PLACEMENT_3D('',#19002,#14870,#14871);
#12058=AXIS2_PLACEMENT_3D('',#19004,#14872,#14873);
#12059=AXIS2_PLACEMENT_3D('',#19006,#14874,#14875);
#12060=AXIS2_PLACEMENT_3D('',#19007,#14876,#14877);
#12061=AXIS2_PLACEMENT_3D('',#19008,#14878,#14879);
#12062=AXIS2_PLACEMENT_3D('',#19011,#14880,#14881);
#12063=AXIS2_PLACEMENT_3D('',#19014,#14884,#14885);
#12064=AXIS2_PLACEMENT_3D('',#19017,#14886,#14887);
#12065=AXIS2_PLACEMENT_3D('',#19018,#14888,#14889);
#12066=AXIS2_PLACEMENT_3D('',#19019,#14890,#14891);
#12067=AXIS2_PLACEMENT_3D('',#19020,#14892,#14893);
#12068=AXIS2_PLACEMENT_3D('',#19023,#14894,#14895);
#12069=AXIS2_PLACEMENT_3D('',#19026,#14898,#14899);
#12070=AXIS2_PLACEMENT_3D('',#19029,#14900,#14901);
#12071=AXIS2_PLACEMENT_3D('',#19030,#14902,#14903);
#12072=AXIS2_PLACEMENT_3D('',#19031,#14904,#14905);
#12073=AXIS2_PLACEMENT_3D('',#19032,#14906,#14907);
#12074=AXIS2_PLACEMENT_3D('',#19035,#14908,#14909);
#12075=AXIS2_PLACEMENT_3D('',#19038,#14912,#14913);
#12076=AXIS2_PLACEMENT_3D('',#19041,#14914,#14915);
#12077=AXIS2_PLACEMENT_3D('',#19042,#14916,#14917);
#12078=AXIS2_PLACEMENT_3D('',#19043,#14918,#14919);
#12079=AXIS2_PLACEMENT_3D('',#19044,#14920,#14921);
#12080=AXIS2_PLACEMENT_3D('',#19047,#14924,#14925);
#12081=AXIS2_PLACEMENT_3D('',#19053,#14929,#14930);
#12082=AXIS2_PLACEMENT_3D('',#19056,#14932,#14933);
#12083=AXIS2_PLACEMENT_3D('',#19057,#14934,#14935);
#12084=AXIS2_PLACEMENT_3D('',#19061,#14938,#14939);
#12085=AXIS2_PLACEMENT_3D('',#19064,#14941,#14942);
#12086=AXIS2_PLACEMENT_3D('',#19065,#14943,#14944);
#12087=AXIS2_PLACEMENT_3D('',#19066,#14945,#14946);
#12088=AXIS2_PLACEMENT_3D('',#19070,#14948,#14949);
#12089=AXIS2_PLACEMENT_3D('',#19073,#14951,#14952);
#12090=AXIS2_PLACEMENT_3D('',#19074,#14953,#14954);
#12091=AXIS2_PLACEMENT_3D('',#19077,#14957,#14958);
#12092=AXIS2_PLACEMENT_3D('',#19079,#14960,#14961);
#12093=AXIS2_PLACEMENT_3D('',#19080,#14962,#14963);
#12094=AXIS2_PLACEMENT_3D('',#19081,#14964,#14965);
#12095=AXIS2_PLACEMENT_3D('',#19084,#14966,#14967);
#12096=AXIS2_PLACEMENT_3D('',#19086,#14968,#14969);
#12097=AXIS2_PLACEMENT_3D('',#19088,#14970,#14971);
#12098=AXIS2_PLACEMENT_3D('',#19089,#14972,#14973);
#12099=AXIS2_PLACEMENT_3D('',#19090,#14974,#14975);
#12100=AXIS2_PLACEMENT_3D('',#19093,#14976,#14977);
#12101=AXIS2_PLACEMENT_3D('',#19096,#14980,#14981);
#12102=AXIS2_PLACEMENT_3D('',#19099,#14982,#14983);
#12103=AXIS2_PLACEMENT_3D('',#19100,#14984,#14985);
#12104=AXIS2_PLACEMENT_3D('',#19101,#14986,#14987);
#12105=AXIS2_PLACEMENT_3D('',#19102,#14988,#14989);
#12106=AXIS2_PLACEMENT_3D('',#19105,#14990,#14991);
#12107=AXIS2_PLACEMENT_3D('',#19108,#14994,#14995);
#12108=AXIS2_PLACEMENT_3D('',#19111,#14996,#14997);
#12109=AXIS2_PLACEMENT_3D('',#19112,#14998,#14999);
#12110=AXIS2_PLACEMENT_3D('',#19113,#15000,#15001);
#12111=AXIS2_PLACEMENT_3D('',#19114,#15002,#15003);
#12112=AXIS2_PLACEMENT_3D('',#19117,#15004,#15005);
#12113=AXIS2_PLACEMENT_3D('',#19120,#15008,#15009);
#12114=AXIS2_PLACEMENT_3D('',#19123,#15010,#15011);
#12115=AXIS2_PLACEMENT_3D('',#19124,#15012,#15013);
#12116=AXIS2_PLACEMENT_3D('',#19125,#15014,#15015);
#12117=AXIS2_PLACEMENT_3D('',#19126,#15016,#15017);
#12118=AXIS2_PLACEMENT_3D('',#19129,#15020,#15021);
#12119=AXIS2_PLACEMENT_3D('',#19135,#15025,#15026);
#12120=AXIS2_PLACEMENT_3D('',#19138,#15028,#15029);
#12121=AXIS2_PLACEMENT_3D('',#19139,#15030,#15031);
#12122=AXIS2_PLACEMENT_3D('',#19143,#15034,#15035);
#12123=AXIS2_PLACEMENT_3D('',#19146,#15037,#15038);
#12124=AXIS2_PLACEMENT_3D('',#19147,#15039,#15040);
#12125=AXIS2_PLACEMENT_3D('',#19148,#15041,#15042);
#12126=AXIS2_PLACEMENT_3D('',#19152,#15044,#15045);
#12127=AXIS2_PLACEMENT_3D('',#19155,#15047,#15048);
#12128=AXIS2_PLACEMENT_3D('',#19156,#15049,#15050);
#12129=AXIS2_PLACEMENT_3D('',#19158,#15052,#15053);
#12130=AXIS2_PLACEMENT_3D('',#19160,#15055,#15056);
#12131=AXIS2_PLACEMENT_3D('',#19162,#15058,#15059);
#12132=AXIS2_PLACEMENT_3D('',#19163,#15060,#15061);
#12133=AXIS2_PLACEMENT_3D('',#19166,#15062,#15063);
#12134=AXIS2_PLACEMENT_3D('',#19168,#15064,#15065);
#12135=AXIS2_PLACEMENT_3D('',#19170,#15066,#15067);
#12136=AXIS2_PLACEMENT_3D('',#19171,#15068,#15069);
#12137=AXIS2_PLACEMENT_3D('',#19172,#15070,#15071);
#12138=AXIS2_PLACEMENT_3D('',#19175,#15072,#15073);
#12139=AXIS2_PLACEMENT_3D('',#19178,#15076,#15077);
#12140=AXIS2_PLACEMENT_3D('',#19181,#15078,#15079);
#12141=AXIS2_PLACEMENT_3D('',#19182,#15080,#15081);
#12142=AXIS2_PLACEMENT_3D('',#19183,#15082,#15083);
#12143=AXIS2_PLACEMENT_3D('',#19184,#15084,#15085);
#12144=AXIS2_PLACEMENT_3D('',#19187,#15086,#15087);
#12145=AXIS2_PLACEMENT_3D('',#19190,#15090,#15091);
#12146=AXIS2_PLACEMENT_3D('',#19193,#15092,#15093);
#12147=AXIS2_PLACEMENT_3D('',#19194,#15094,#15095);
#12148=AXIS2_PLACEMENT_3D('',#19195,#15096,#15097);
#12149=AXIS2_PLACEMENT_3D('',#19196,#15098,#15099);
#12150=AXIS2_PLACEMENT_3D('',#19199,#15100,#15101);
#12151=AXIS2_PLACEMENT_3D('',#19202,#15104,#15105);
#12152=AXIS2_PLACEMENT_3D('',#19205,#15106,#15107);
#12153=AXIS2_PLACEMENT_3D('',#19206,#15108,#15109);
#12154=AXIS2_PLACEMENT_3D('',#19207,#15110,#15111);
#12155=AXIS2_PLACEMENT_3D('',#19208,#15112,#15113);
#12156=AXIS2_PLACEMENT_3D('',#19211,#15116,#15117);
#12157=AXIS2_PLACEMENT_3D('',#19217,#15121,#15122);
#12158=AXIS2_PLACEMENT_3D('',#19220,#15124,#15125);
#12159=AXIS2_PLACEMENT_3D('',#19221,#15126,#15127);
#12160=AXIS2_PLACEMENT_3D('',#19225,#15130,#15131);
#12161=AXIS2_PLACEMENT_3D('',#19228,#15133,#15134);
#12162=AXIS2_PLACEMENT_3D('',#19229,#15135,#15136);
#12163=AXIS2_PLACEMENT_3D('',#19230,#15137,#15138);
#12164=AXIS2_PLACEMENT_3D('',#19234,#15141,#15142);
#12165=AXIS2_PLACEMENT_3D('',#19237,#15144,#15145);
#12166=AXIS2_PLACEMENT_3D('',#19238,#15146,#15147);
#12167=AXIS2_PLACEMENT_3D('',#19242,#15150,#15151);
#12168=AXIS2_PLACEMENT_3D('',#19243,#15152,#15153);
#12169=AXIS2_PLACEMENT_3D('',#19244,#15154,#15155);
#12170=AXIS2_PLACEMENT_3D('',#19245,#15156,#15157);
#12171=AXIS2_PLACEMENT_3D('',#19248,#15158,#15159);
#12172=AXIS2_PLACEMENT_3D('',#19250,#15160,#15161);
#12173=AXIS2_PLACEMENT_3D('',#19252,#15162,#15163);
#12174=AXIS2_PLACEMENT_3D('',#19253,#15164,#15165);
#12175=AXIS2_PLACEMENT_3D('',#19254,#15166,#15167);
#12176=AXIS2_PLACEMENT_3D('',#19257,#15168,#15169);
#12177=AXIS2_PLACEMENT_3D('',#19260,#15172,#15173);
#12178=AXIS2_PLACEMENT_3D('',#19263,#15174,#15175);
#12179=AXIS2_PLACEMENT_3D('',#19264,#15176,#15177);
#12180=AXIS2_PLACEMENT_3D('',#19265,#15178,#15179);
#12181=AXIS2_PLACEMENT_3D('',#19266,#15180,#15181);
#12182=AXIS2_PLACEMENT_3D('',#19269,#15182,#15183);
#12183=AXIS2_PLACEMENT_3D('',#19272,#15186,#15187);
#12184=AXIS2_PLACEMENT_3D('',#19275,#15188,#15189);
#12185=AXIS2_PLACEMENT_3D('',#19276,#15190,#15191);
#12186=AXIS2_PLACEMENT_3D('',#19277,#15192,#15193);
#12187=AXIS2_PLACEMENT_3D('',#19278,#15194,#15195);
#12188=AXIS2_PLACEMENT_3D('',#19281,#15196,#15197);
#12189=AXIS2_PLACEMENT_3D('',#19284,#15200,#15201);
#12190=AXIS2_PLACEMENT_3D('',#19287,#15202,#15203);
#12191=AXIS2_PLACEMENT_3D('',#19288,#15204,#15205);
#12192=AXIS2_PLACEMENT_3D('',#19289,#15206,#15207);
#12193=AXIS2_PLACEMENT_3D('',#19290,#15208,#15209);
#12194=AXIS2_PLACEMENT_3D('',#19293,#15212,#15213);
#12195=AXIS2_PLACEMENT_3D('',#19299,#15217,#15218);
#12196=AXIS2_PLACEMENT_3D('',#19302,#15220,#15221);
#12197=AXIS2_PLACEMENT_3D('',#19303,#15222,#15223);
#12198=AXIS2_PLACEMENT_3D('',#19307,#15226,#15227);
#12199=AXIS2_PLACEMENT_3D('',#19310,#15229,#15230);
#12200=AXIS2_PLACEMENT_3D('',#19311,#15231,#15232);
#12201=AXIS2_PLACEMENT_3D('',#19312,#15233,#15234);
#12202=AXIS2_PLACEMENT_3D('',#19316,#15236,#15237);
#12203=AXIS2_PLACEMENT_3D('',#19319,#15239,#15240);
#12204=AXIS2_PLACEMENT_3D('',#19320,#15241,#15242);
#12205=AXIS2_PLACEMENT_3D('',#19322,#15244,#15245);
#12206=AXIS2_PLACEMENT_3D('',#19324,#15247,#15248);
#12207=AXIS2_PLACEMENT_3D('',#19326,#15250,#15251);
#12208=AXIS2_PLACEMENT_3D('',#19327,#15252,#15253);
#12209=AXIS2_PLACEMENT_3D('',#19330,#15254,#15255);
#12210=AXIS2_PLACEMENT_3D('',#19332,#15256,#15257);
#12211=AXIS2_PLACEMENT_3D('',#19334,#15258,#15259);
#12212=AXIS2_PLACEMENT_3D('',#19335,#15260,#15261);
#12213=AXIS2_PLACEMENT_3D('',#19336,#15262,#15263);
#12214=AXIS2_PLACEMENT_3D('',#19339,#15264,#15265);
#12215=AXIS2_PLACEMENT_3D('',#19342,#15268,#15269);
#12216=AXIS2_PLACEMENT_3D('',#19345,#15270,#15271);
#12217=AXIS2_PLACEMENT_3D('',#19346,#15272,#15273);
#12218=AXIS2_PLACEMENT_3D('',#19347,#15274,#15275);
#12219=AXIS2_PLACEMENT_3D('',#19348,#15276,#15277);
#12220=AXIS2_PLACEMENT_3D('',#19351,#15278,#15279);
#12221=AXIS2_PLACEMENT_3D('',#19354,#15282,#15283);
#12222=AXIS2_PLACEMENT_3D('',#19357,#15284,#15285);
#12223=AXIS2_PLACEMENT_3D('',#19358,#15286,#15287);
#12224=AXIS2_PLACEMENT_3D('',#19359,#15288,#15289);
#12225=AXIS2_PLACEMENT_3D('',#19360,#15290,#15291);
#12226=AXIS2_PLACEMENT_3D('',#19363,#15292,#15293);
#12227=AXIS2_PLACEMENT_3D('',#19366,#15296,#15297);
#12228=AXIS2_PLACEMENT_3D('',#19369,#15298,#15299);
#12229=AXIS2_PLACEMENT_3D('',#19370,#15300,#15301);
#12230=AXIS2_PLACEMENT_3D('',#19371,#15302,#15303);
#12231=AXIS2_PLACEMENT_3D('',#19372,#15304,#15305);
#12232=AXIS2_PLACEMENT_3D('',#19375,#15308,#15309);
#12233=AXIS2_PLACEMENT_3D('',#19381,#15313,#15314);
#12234=AXIS2_PLACEMENT_3D('',#19384,#15316,#15317);
#12235=AXIS2_PLACEMENT_3D('',#19385,#15318,#15319);
#12236=AXIS2_PLACEMENT_3D('',#19389,#15322,#15323);
#12237=AXIS2_PLACEMENT_3D('',#19392,#15325,#15326);
#12238=AXIS2_PLACEMENT_3D('',#19393,#15327,#15328);
#12239=AXIS2_PLACEMENT_3D('',#19394,#15329,#15330);
#12240=AXIS2_PLACEMENT_3D('',#19398,#15332,#15333);
#12241=AXIS2_PLACEMENT_3D('',#19400,#15335,#15336);
#12242=AXIS2_PLACEMENT_3D('',#19402,#15338,#15339);
#12243=AXIS2_PLACEMENT_3D('',#19405,#15341,#15342);
#12244=AXIS2_PLACEMENT_3D('',#19406,#15343,#15344);
#12245=AXIS2_PLACEMENT_3D('',#19408,#15346,#15347);
#12246=AXIS2_PLACEMENT_3D('',#19409,#15348,#15349);
#12247=AXIS2_PLACEMENT_3D('',#19412,#15350,#15351);
#12248=AXIS2_PLACEMENT_3D('',#19414,#15352,#15353);
#12249=AXIS2_PLACEMENT_3D('',#19416,#15354,#15355);
#12250=AXIS2_PLACEMENT_3D('',#19417,#15356,#15357);
#12251=AXIS2_PLACEMENT_3D('',#19418,#15358,#15359);
#12252=AXIS2_PLACEMENT_3D('',#19421,#15360,#15361);
#12253=AXIS2_PLACEMENT_3D('',#19424,#15364,#15365);
#12254=AXIS2_PLACEMENT_3D('',#19427,#15366,#15367);
#12255=AXIS2_PLACEMENT_3D('',#19428,#15368,#15369);
#12256=AXIS2_PLACEMENT_3D('',#19429,#15370,#15371);
#12257=AXIS2_PLACEMENT_3D('',#19430,#15372,#15373);
#12258=AXIS2_PLACEMENT_3D('',#19433,#15374,#15375);
#12259=AXIS2_PLACEMENT_3D('',#19436,#15378,#15379);
#12260=AXIS2_PLACEMENT_3D('',#19439,#15380,#15381);
#12261=AXIS2_PLACEMENT_3D('',#19440,#15382,#15383);
#12262=AXIS2_PLACEMENT_3D('',#19441,#15384,#15385);
#12263=AXIS2_PLACEMENT_3D('',#19442,#15386,#15387);
#12264=AXIS2_PLACEMENT_3D('',#19445,#15388,#15389);
#12265=AXIS2_PLACEMENT_3D('',#19448,#15392,#15393);
#12266=AXIS2_PLACEMENT_3D('',#19451,#15394,#15395);
#12267=AXIS2_PLACEMENT_3D('',#19452,#15396,#15397);
#12268=AXIS2_PLACEMENT_3D('',#19453,#15398,#15399);
#12269=AXIS2_PLACEMENT_3D('',#19454,#15400,#15401);
#12270=AXIS2_PLACEMENT_3D('',#19457,#15404,#15405);
#12271=AXIS2_PLACEMENT_3D('',#19463,#15409,#15410);
#12272=AXIS2_PLACEMENT_3D('',#19466,#15412,#15413);
#12273=AXIS2_PLACEMENT_3D('',#19467,#15414,#15415);
#12274=AXIS2_PLACEMENT_3D('',#19471,#15418,#15419);
#12275=AXIS2_PLACEMENT_3D('',#19474,#15421,#15422);
#12276=AXIS2_PLACEMENT_3D('',#19475,#15423,#15424);
#12277=AXIS2_PLACEMENT_3D('',#19476,#15425,#15426);
#12278=AXIS2_PLACEMENT_3D('',#19480,#15428,#15429);
#12279=AXIS2_PLACEMENT_3D('',#19483,#15431,#15432);
#12280=AXIS2_PLACEMENT_3D('',#19484,#15433,#15434);
#12281=AXIS2_PLACEMENT_3D('',#19486,#15436,#15437);
#12282=AXIS2_PLACEMENT_3D('',#19488,#15439,#15440);
#12283=AXIS2_PLACEMENT_3D('',#19490,#15442,#15443);
#12284=AXIS2_PLACEMENT_3D('',#19491,#15444,#15445);
#12285=AXIS2_PLACEMENT_3D('',#19494,#15446,#15447);
#12286=AXIS2_PLACEMENT_3D('',#19496,#15448,#15449);
#12287=AXIS2_PLACEMENT_3D('',#19498,#15450,#15451);
#12288=AXIS2_PLACEMENT_3D('',#19499,#15452,#15453);
#12289=AXIS2_PLACEMENT_3D('',#19500,#15454,#15455);
#12290=AXIS2_PLACEMENT_3D('',#19503,#15456,#15457);
#12291=AXIS2_PLACEMENT_3D('',#19506,#15460,#15461);
#12292=AXIS2_PLACEMENT_3D('',#19509,#15462,#15463);
#12293=AXIS2_PLACEMENT_3D('',#19510,#15464,#15465);
#12294=AXIS2_PLACEMENT_3D('',#19511,#15466,#15467);
#12295=AXIS2_PLACEMENT_3D('',#19512,#15468,#15469);
#12296=AXIS2_PLACEMENT_3D('',#19515,#15470,#15471);
#12297=AXIS2_PLACEMENT_3D('',#19518,#15474,#15475);
#12298=AXIS2_PLACEMENT_3D('',#19521,#15476,#15477);
#12299=AXIS2_PLACEMENT_3D('',#19522,#15478,#15479);
#12300=AXIS2_PLACEMENT_3D('',#19523,#15480,#15481);
#12301=AXIS2_PLACEMENT_3D('',#19524,#15482,#15483);
#12302=AXIS2_PLACEMENT_3D('',#19527,#15484,#15485);
#12303=AXIS2_PLACEMENT_3D('',#19530,#15488,#15489);
#12304=AXIS2_PLACEMENT_3D('',#19533,#15490,#15491);
#12305=AXIS2_PLACEMENT_3D('',#19534,#15492,#15493);
#12306=AXIS2_PLACEMENT_3D('',#19535,#15494,#15495);
#12307=AXIS2_PLACEMENT_3D('',#19536,#15496,#15497);
#12308=AXIS2_PLACEMENT_3D('',#19539,#15500,#15501);
#12309=AXIS2_PLACEMENT_3D('',#19545,#15505,#15506);
#12310=AXIS2_PLACEMENT_3D('',#19548,#15508,#15509);
#12311=AXIS2_PLACEMENT_3D('',#19549,#15510,#15511);
#12312=AXIS2_PLACEMENT_3D('',#19553,#15514,#15515);
#12313=AXIS2_PLACEMENT_3D('',#19556,#15517,#15518);
#12314=AXIS2_PLACEMENT_3D('',#19557,#15519,#15520);
#12315=AXIS2_PLACEMENT_3D('',#19558,#15521,#15522);
#12316=AXIS2_PLACEMENT_3D('',#19562,#15524,#15525);
#12317=AXIS2_PLACEMENT_3D('',#19565,#15527,#15528);
#12318=AXIS2_PLACEMENT_3D('',#19566,#15529,#15530);
#12319=AXIS2_PLACEMENT_3D('',#19568,#15532,#15533);
#12320=AXIS2_PLACEMENT_3D('',#19570,#15535,#15536);
#12321=AXIS2_PLACEMENT_3D('',#19572,#15538,#15539);
#12322=AXIS2_PLACEMENT_3D('',#19573,#15540,#15541);
#12323=AXIS2_PLACEMENT_3D('',#19576,#15542,#15543);
#12324=AXIS2_PLACEMENT_3D('',#19578,#15544,#15545);
#12325=AXIS2_PLACEMENT_3D('',#19580,#15546,#15547);
#12326=AXIS2_PLACEMENT_3D('',#19581,#15548,#15549);
#12327=AXIS2_PLACEMENT_3D('',#19582,#15550,#15551);
#12328=AXIS2_PLACEMENT_3D('',#19585,#15552,#15553);
#12329=AXIS2_PLACEMENT_3D('',#19588,#15556,#15557);
#12330=AXIS2_PLACEMENT_3D('',#19591,#15558,#15559);
#12331=AXIS2_PLACEMENT_3D('',#19592,#15560,#15561);
#12332=AXIS2_PLACEMENT_3D('',#19593,#15562,#15563);
#12333=AXIS2_PLACEMENT_3D('',#19594,#15564,#15565);
#12334=AXIS2_PLACEMENT_3D('',#19597,#15566,#15567);
#12335=AXIS2_PLACEMENT_3D('',#19600,#15570,#15571);
#12336=AXIS2_PLACEMENT_3D('',#19603,#15572,#15573);
#12337=AXIS2_PLACEMENT_3D('',#19604,#15574,#15575);
#12338=AXIS2_PLACEMENT_3D('',#19605,#15576,#15577);
#12339=AXIS2_PLACEMENT_3D('',#19606,#15578,#15579);
#12340=AXIS2_PLACEMENT_3D('',#19609,#15580,#15581);
#12341=AXIS2_PLACEMENT_3D('',#19612,#15584,#15585);
#12342=AXIS2_PLACEMENT_3D('',#19615,#15586,#15587);
#12343=AXIS2_PLACEMENT_3D('',#19616,#15588,#15589);
#12344=AXIS2_PLACEMENT_3D('',#19617,#15590,#15591);
#12345=AXIS2_PLACEMENT_3D('',#19618,#15592,#15593);
#12346=AXIS2_PLACEMENT_3D('',#19621,#15596,#15597);
#12347=AXIS2_PLACEMENT_3D('',#19627,#15601,#15602);
#12348=AXIS2_PLACEMENT_3D('',#19630,#15604,#15605);
#12349=AXIS2_PLACEMENT_3D('',#19631,#15606,#15607);
#12350=AXIS2_PLACEMENT_3D('',#19635,#15610,#15611);
#12351=AXIS2_PLACEMENT_3D('',#19638,#15613,#15614);
#12352=AXIS2_PLACEMENT_3D('',#19639,#15615,#15616);
#12353=AXIS2_PLACEMENT_3D('',#19640,#15617,#15618);
#12354=AXIS2_PLACEMENT_3D('',#19644,#15620,#15621);
#12355=AXIS2_PLACEMENT_3D('',#19646,#15623,#15624);
#12356=AXIS2_PLACEMENT_3D('',#19648,#15626,#15627);
#12357=AXIS2_PLACEMENT_3D('',#19651,#15629,#15630);
#12358=AXIS2_PLACEMENT_3D('',#19652,#15631,#15632);
#12359=AXIS2_PLACEMENT_3D('',#19654,#15634,#15635);
#12360=AXIS2_PLACEMENT_3D('',#19655,#15636,#15637);
#12361=AXIS2_PLACEMENT_3D('',#19658,#15638,#15639);
#12362=AXIS2_PLACEMENT_3D('',#19660,#15640,#15641);
#12363=AXIS2_PLACEMENT_3D('',#19662,#15642,#15643);
#12364=AXIS2_PLACEMENT_3D('',#19663,#15644,#15645);
#12365=AXIS2_PLACEMENT_3D('',#19664,#15646,#15647);
#12366=AXIS2_PLACEMENT_3D('',#19667,#15648,#15649);
#12367=AXIS2_PLACEMENT_3D('',#19670,#15652,#15653);
#12368=AXIS2_PLACEMENT_3D('',#19673,#15654,#15655);
#12369=AXIS2_PLACEMENT_3D('',#19674,#15656,#15657);
#12370=AXIS2_PLACEMENT_3D('',#19675,#15658,#15659);
#12371=AXIS2_PLACEMENT_3D('',#19676,#15660,#15661);
#12372=AXIS2_PLACEMENT_3D('',#19679,#15662,#15663);
#12373=AXIS2_PLACEMENT_3D('',#19682,#15666,#15667);
#12374=AXIS2_PLACEMENT_3D('',#19685,#15668,#15669);
#12375=AXIS2_PLACEMENT_3D('',#19686,#15670,#15671);
#12376=AXIS2_PLACEMENT_3D('',#19687,#15672,#15673);
#12377=AXIS2_PLACEMENT_3D('',#19688,#15674,#15675);
#12378=AXIS2_PLACEMENT_3D('',#19691,#15676,#15677);
#12379=AXIS2_PLACEMENT_3D('',#19694,#15680,#15681);
#12380=AXIS2_PLACEMENT_3D('',#19697,#15682,#15683);
#12381=AXIS2_PLACEMENT_3D('',#19698,#15684,#15685);
#12382=AXIS2_PLACEMENT_3D('',#19699,#15686,#15687);
#12383=AXIS2_PLACEMENT_3D('',#19700,#15688,#15689);
#12384=AXIS2_PLACEMENT_3D('',#19703,#15692,#15693);
#12385=AXIS2_PLACEMENT_3D('',#19709,#15697,#15698);
#12386=AXIS2_PLACEMENT_3D('',#19712,#15700,#15701);
#12387=AXIS2_PLACEMENT_3D('',#19713,#15702,#15703);
#12388=AXIS2_PLACEMENT_3D('',#19717,#15706,#15707);
#12389=AXIS2_PLACEMENT_3D('',#19720,#15709,#15710);
#12390=AXIS2_PLACEMENT_3D('',#19721,#15711,#15712);
#12391=AXIS2_PLACEMENT_3D('',#19722,#15713,#15714);
#12392=AXIS2_PLACEMENT_3D('',#19726,#15716,#15717);
#12393=AXIS2_PLACEMENT_3D('',#19728,#15719,#15720);
#12394=AXIS2_PLACEMENT_3D('',#19730,#15722,#15723);
#12395=AXIS2_PLACEMENT_3D('',#19733,#15725,#15726);
#12396=AXIS2_PLACEMENT_3D('',#19734,#15727,#15728);
#12397=AXIS2_PLACEMENT_3D('',#19736,#15730,#15731);
#12398=AXIS2_PLACEMENT_3D('',#19737,#15732,#15733);
#12399=AXIS2_PLACEMENT_3D('',#19740,#15734,#15735);
#12400=AXIS2_PLACEMENT_3D('',#19742,#15736,#15737);
#12401=AXIS2_PLACEMENT_3D('',#19744,#15738,#15739);
#12402=AXIS2_PLACEMENT_3D('',#19745,#15740,#15741);
#12403=AXIS2_PLACEMENT_3D('',#19746,#15742,#15743);
#12404=AXIS2_PLACEMENT_3D('',#19749,#15744,#15745);
#12405=AXIS2_PLACEMENT_3D('',#19752,#15748,#15749);
#12406=AXIS2_PLACEMENT_3D('',#19755,#15750,#15751);
#12407=AXIS2_PLACEMENT_3D('',#19756,#15752,#15753);
#12408=AXIS2_PLACEMENT_3D('',#19757,#15754,#15755);
#12409=AXIS2_PLACEMENT_3D('',#19758,#15756,#15757);
#12410=AXIS2_PLACEMENT_3D('',#19761,#15758,#15759);
#12411=AXIS2_PLACEMENT_3D('',#19764,#15762,#15763);
#12412=AXIS2_PLACEMENT_3D('',#19767,#15764,#15765);
#12413=AXIS2_PLACEMENT_3D('',#19768,#15766,#15767);
#12414=AXIS2_PLACEMENT_3D('',#19769,#15768,#15769);
#12415=AXIS2_PLACEMENT_3D('',#19770,#15770,#15771);
#12416=AXIS2_PLACEMENT_3D('',#19773,#15772,#15773);
#12417=AXIS2_PLACEMENT_3D('',#19776,#15776,#15777);
#12418=AXIS2_PLACEMENT_3D('',#19779,#15778,#15779);
#12419=AXIS2_PLACEMENT_3D('',#19780,#15780,#15781);
#12420=AXIS2_PLACEMENT_3D('',#19781,#15782,#15783);
#12421=AXIS2_PLACEMENT_3D('',#19782,#15784,#15785);
#12422=AXIS2_PLACEMENT_3D('',#19785,#15788,#15789);
#12423=AXIS2_PLACEMENT_3D('',#19791,#15793,#15794);
#12424=AXIS2_PLACEMENT_3D('',#19794,#15796,#15797);
#12425=AXIS2_PLACEMENT_3D('',#19795,#15798,#15799);
#12426=AXIS2_PLACEMENT_3D('',#19799,#15802,#15803);
#12427=AXIS2_PLACEMENT_3D('',#19802,#15805,#15806);
#12428=AXIS2_PLACEMENT_3D('',#19803,#15807,#15808);
#12429=AXIS2_PLACEMENT_3D('',#19804,#15809,#15810);
#12430=AXIS2_PLACEMENT_3D('',#19808,#15812,#15813);
#12431=AXIS2_PLACEMENT_3D('',#19811,#15815,#15816);
#12432=AXIS2_PLACEMENT_3D('',#19812,#15817,#15818);
#12433=AXIS2_PLACEMENT_3D('',#19815,#15821,#15822);
#12434=AXIS2_PLACEMENT_3D('',#19817,#15824,#15825);
#12435=AXIS2_PLACEMENT_3D('',#19818,#15826,#15827);
#12436=AXIS2_PLACEMENT_3D('',#19819,#15828,#15829);
#12437=AXIS2_PLACEMENT_3D('',#19822,#15830,#15831);
#12438=AXIS2_PLACEMENT_3D('',#19824,#15832,#15833);
#12439=AXIS2_PLACEMENT_3D('',#19826,#15834,#15835);
#12440=AXIS2_PLACEMENT_3D('',#19827,#15836,#15837);
#12441=AXIS2_PLACEMENT_3D('',#19828,#15838,#15839);
#12442=AXIS2_PLACEMENT_3D('',#19831,#15840,#15841);
#12443=AXIS2_PLACEMENT_3D('',#19834,#15844,#15845);
#12444=AXIS2_PLACEMENT_3D('',#19837,#15846,#15847);
#12445=AXIS2_PLACEMENT_3D('',#19838,#15848,#15849);
#12446=AXIS2_PLACEMENT_3D('',#19839,#15850,#15851);
#12447=AXIS2_PLACEMENT_3D('',#19840,#15852,#15853);
#12448=AXIS2_PLACEMENT_3D('',#19843,#15854,#15855);
#12449=AXIS2_PLACEMENT_3D('',#19846,#15858,#15859);
#12450=AXIS2_PLACEMENT_3D('',#19849,#15860,#15861);
#12451=AXIS2_PLACEMENT_3D('',#19850,#15862,#15863);
#12452=AXIS2_PLACEMENT_3D('',#19851,#15864,#15865);
#12453=AXIS2_PLACEMENT_3D('',#19852,#15866,#15867);
#12454=AXIS2_PLACEMENT_3D('',#19855,#15868,#15869);
#12455=AXIS2_PLACEMENT_3D('',#19858,#15872,#15873);
#12456=AXIS2_PLACEMENT_3D('',#19861,#15874,#15875);
#12457=AXIS2_PLACEMENT_3D('',#19862,#15876,#15877);
#12458=AXIS2_PLACEMENT_3D('',#19863,#15878,#15879);
#12459=AXIS2_PLACEMENT_3D('',#19864,#15880,#15881);
#12460=AXIS2_PLACEMENT_3D('',#19867,#15884,#15885);
#12461=AXIS2_PLACEMENT_3D('',#19873,#15889,#15890);
#12462=AXIS2_PLACEMENT_3D('',#19876,#15892,#15893);
#12463=AXIS2_PLACEMENT_3D('',#19877,#15894,#15895);
#12464=AXIS2_PLACEMENT_3D('',#19881,#15898,#15899);
#12465=AXIS2_PLACEMENT_3D('',#19884,#15901,#15902);
#12466=AXIS2_PLACEMENT_3D('',#19885,#15903,#15904);
#12467=AXIS2_PLACEMENT_3D('',#19886,#15905,#15906);
#12468=AXIS2_PLACEMENT_3D('',#19890,#15908,#15909);
#12469=AXIS2_PLACEMENT_3D('',#19893,#15911,#15912);
#12470=AXIS2_PLACEMENT_3D('',#19894,#15913,#15914);
#12471=AXIS2_PLACEMENT_3D('',#19896,#15916,#15917);
#12472=AXIS2_PLACEMENT_3D('',#19898,#15919,#15920);
#12473=AXIS2_PLACEMENT_3D('',#19900,#15922,#15923);
#12474=AXIS2_PLACEMENT_3D('',#19901,#15924,#15925);
#12475=AXIS2_PLACEMENT_3D('',#19904,#15926,#15927);
#12476=AXIS2_PLACEMENT_3D('',#19906,#15928,#15929);
#12477=AXIS2_PLACEMENT_3D('',#19908,#15930,#15931);
#12478=AXIS2_PLACEMENT_3D('',#19909,#15932,#15933);
#12479=AXIS2_PLACEMENT_3D('',#19910,#15934,#15935);
#12480=AXIS2_PLACEMENT_3D('',#19913,#15936,#15937);
#12481=AXIS2_PLACEMENT_3D('',#19916,#15940,#15941);
#12482=AXIS2_PLACEMENT_3D('',#19919,#15942,#15943);
#12483=AXIS2_PLACEMENT_3D('',#19920,#15944,#15945);
#12484=AXIS2_PLACEMENT_3D('',#19921,#15946,#15947);
#12485=AXIS2_PLACEMENT_3D('',#19922,#15948,#15949);
#12486=AXIS2_PLACEMENT_3D('',#19925,#15950,#15951);
#12487=AXIS2_PLACEMENT_3D('',#19928,#15954,#15955);
#12488=AXIS2_PLACEMENT_3D('',#19931,#15956,#15957);
#12489=AXIS2_PLACEMENT_3D('',#19932,#15958,#15959);
#12490=AXIS2_PLACEMENT_3D('',#19933,#15960,#15961);
#12491=AXIS2_PLACEMENT_3D('',#19934,#15962,#15963);
#12492=AXIS2_PLACEMENT_3D('',#19937,#15964,#15965);
#12493=AXIS2_PLACEMENT_3D('',#19940,#15968,#15969);
#12494=AXIS2_PLACEMENT_3D('',#19943,#15970,#15971);
#12495=AXIS2_PLACEMENT_3D('',#19944,#15972,#15973);
#12496=AXIS2_PLACEMENT_3D('',#19945,#15974,#15975);
#12497=AXIS2_PLACEMENT_3D('',#19946,#15976,#15977);
#12498=AXIS2_PLACEMENT_3D('',#19949,#15980,#15981);
#12499=AXIS2_PLACEMENT_3D('',#19955,#15985,#15986);
#12500=AXIS2_PLACEMENT_3D('',#19958,#15988,#15989);
#12501=AXIS2_PLACEMENT_3D('',#19959,#15990,#15991);
#12502=AXIS2_PLACEMENT_3D('',#19963,#15994,#15995);
#12503=AXIS2_PLACEMENT_3D('',#19966,#15997,#15998);
#12504=AXIS2_PLACEMENT_3D('',#19967,#15999,#16000);
#12505=AXIS2_PLACEMENT_3D('',#19968,#16001,#16002);
#12506=AXIS2_PLACEMENT_3D('',#19972,#16004,#16005);
#12507=AXIS2_PLACEMENT_3D('',#19975,#16007,#16008);
#12508=AXIS2_PLACEMENT_3D('',#19976,#16009,#16010);
#12509=AXIS2_PLACEMENT_3D('',#19978,#16012,#16013);
#12510=AXIS2_PLACEMENT_3D('',#19980,#16015,#16016);
#12511=AXIS2_PLACEMENT_3D('',#19982,#16018,#16019);
#12512=AXIS2_PLACEMENT_3D('',#19983,#16020,#16021);
#12513=AXIS2_PLACEMENT_3D('',#19986,#16022,#16023);
#12514=AXIS2_PLACEMENT_3D('',#19988,#16024,#16025);
#12515=AXIS2_PLACEMENT_3D('',#19990,#16026,#16027);
#12516=AXIS2_PLACEMENT_3D('',#19991,#16028,#16029);
#12517=AXIS2_PLACEMENT_3D('',#19992,#16030,#16031);
#12518=AXIS2_PLACEMENT_3D('',#19995,#16032,#16033);
#12519=AXIS2_PLACEMENT_3D('',#19998,#16036,#16037);
#12520=AXIS2_PLACEMENT_3D('',#20001,#16038,#16039);
#12521=AXIS2_PLACEMENT_3D('',#20002,#16040,#16041);
#12522=AXIS2_PLACEMENT_3D('',#20003,#16042,#16043);
#12523=AXIS2_PLACEMENT_3D('',#20004,#16044,#16045);
#12524=AXIS2_PLACEMENT_3D('',#20007,#16046,#16047);
#12525=AXIS2_PLACEMENT_3D('',#20010,#16050,#16051);
#12526=AXIS2_PLACEMENT_3D('',#20013,#16052,#16053);
#12527=AXIS2_PLACEMENT_3D('',#20014,#16054,#16055);
#12528=AXIS2_PLACEMENT_3D('',#20015,#16056,#16057);
#12529=AXIS2_PLACEMENT_3D('',#20016,#16058,#16059);
#12530=AXIS2_PLACEMENT_3D('',#20019,#16060,#16061);
#12531=AXIS2_PLACEMENT_3D('',#20022,#16064,#16065);
#12532=AXIS2_PLACEMENT_3D('',#20025,#16066,#16067);
#12533=AXIS2_PLACEMENT_3D('',#20026,#16068,#16069);
#12534=AXIS2_PLACEMENT_3D('',#20027,#16070,#16071);
#12535=AXIS2_PLACEMENT_3D('',#20028,#16072,#16073);
#12536=AXIS2_PLACEMENT_3D('',#20031,#16076,#16077);
#12537=AXIS2_PLACEMENT_3D('',#20037,#16081,#16082);
#12538=AXIS2_PLACEMENT_3D('',#20040,#16084,#16085);
#12539=AXIS2_PLACEMENT_3D('',#20041,#16086,#16087);
#12540=AXIS2_PLACEMENT_3D('',#20045,#16090,#16091);
#12541=AXIS2_PLACEMENT_3D('',#20048,#16093,#16094);
#12542=AXIS2_PLACEMENT_3D('',#20049,#16095,#16096);
#12543=AXIS2_PLACEMENT_3D('',#20050,#16097,#16098);
#12544=AXIS2_PLACEMENT_3D('',#20054,#16101,#16102);
#12545=AXIS2_PLACEMENT_3D('',#20057,#16104,#16105);
#12546=AXIS2_PLACEMENT_3D('',#20058,#16106,#16107);
#12547=AXIS2_PLACEMENT_3D('',#20062,#16110,#16111);
#12548=AXIS2_PLACEMENT_3D('',#20063,#16112,#16113);
#12549=AXIS2_PLACEMENT_3D('',#20064,#16114,#16115);
#12550=AXIS2_PLACEMENT_3D('',#20065,#16116,#16117);
#12551=AXIS2_PLACEMENT_3D('',#20068,#16118,#16119);
#12552=AXIS2_PLACEMENT_3D('',#20070,#16120,#16121);
#12553=AXIS2_PLACEMENT_3D('',#20072,#16122,#16123);
#12554=AXIS2_PLACEMENT_3D('',#20073,#16124,#16125);
#12555=AXIS2_PLACEMENT_3D('',#20074,#16126,#16127);
#12556=AXIS2_PLACEMENT_3D('',#20077,#16128,#16129);
#12557=AXIS2_PLACEMENT_3D('',#20080,#16132,#16133);
#12558=AXIS2_PLACEMENT_3D('',#20083,#16134,#16135);
#12559=AXIS2_PLACEMENT_3D('',#20084,#16136,#16137);
#12560=AXIS2_PLACEMENT_3D('',#20085,#16138,#16139);
#12561=AXIS2_PLACEMENT_3D('',#20086,#16140,#16141);
#12562=AXIS2_PLACEMENT_3D('',#20089,#16142,#16143);
#12563=AXIS2_PLACEMENT_3D('',#20092,#16146,#16147);
#12564=AXIS2_PLACEMENT_3D('',#20095,#16148,#16149);
#12565=AXIS2_PLACEMENT_3D('',#20096,#16150,#16151);
#12566=AXIS2_PLACEMENT_3D('',#20097,#16152,#16153);
#12567=AXIS2_PLACEMENT_3D('',#20098,#16154,#16155);
#12568=AXIS2_PLACEMENT_3D('',#20101,#16156,#16157);
#12569=AXIS2_PLACEMENT_3D('',#20104,#16160,#16161);
#12570=AXIS2_PLACEMENT_3D('',#20107,#16162,#16163);
#12571=AXIS2_PLACEMENT_3D('',#20108,#16164,#16165);
#12572=AXIS2_PLACEMENT_3D('',#20109,#16166,#16167);
#12573=AXIS2_PLACEMENT_3D('',#20110,#16168,#16169);
#12574=AXIS2_PLACEMENT_3D('',#20113,#16172,#16173);
#12575=AXIS2_PLACEMENT_3D('',#20119,#16177,#16178);
#12576=AXIS2_PLACEMENT_3D('',#20122,#16180,#16181);
#12577=AXIS2_PLACEMENT_3D('',#20123,#16182,#16183);
#12578=AXIS2_PLACEMENT_3D('',#20127,#16186,#16187);
#12579=AXIS2_PLACEMENT_3D('',#20130,#16189,#16190);
#12580=AXIS2_PLACEMENT_3D('',#20131,#16191,#16192);
#12581=AXIS2_PLACEMENT_3D('',#20132,#16193,#16194);
#12582=AXIS2_PLACEMENT_3D('',#20136,#16196,#16197);
#12583=AXIS2_PLACEMENT_3D('',#20138,#16199,#16200);
#12584=AXIS2_PLACEMENT_3D('',#20140,#16202,#16203);
#12585=AXIS2_PLACEMENT_3D('',#20143,#16205,#16206);
#12586=AXIS2_PLACEMENT_3D('',#20144,#16207,#16208);
#12587=AXIS2_PLACEMENT_3D('',#20146,#16210,#16211);
#12588=AXIS2_PLACEMENT_3D('',#20147,#16212,#16213);
#12589=AXIS2_PLACEMENT_3D('',#20150,#16214,#16215);
#12590=AXIS2_PLACEMENT_3D('',#20152,#16216,#16217);
#12591=AXIS2_PLACEMENT_3D('',#20154,#16218,#16219);
#12592=AXIS2_PLACEMENT_3D('',#20155,#16220,#16221);
#12593=AXIS2_PLACEMENT_3D('',#20156,#16222,#16223);
#12594=AXIS2_PLACEMENT_3D('',#20159,#16224,#16225);
#12595=AXIS2_PLACEMENT_3D('',#20162,#16228,#16229);
#12596=AXIS2_PLACEMENT_3D('',#20165,#16230,#16231);
#12597=AXIS2_PLACEMENT_3D('',#20166,#16232,#16233);
#12598=AXIS2_PLACEMENT_3D('',#20167,#16234,#16235);
#12599=AXIS2_PLACEMENT_3D('',#20168,#16236,#16237);
#12600=AXIS2_PLACEMENT_3D('',#20171,#16238,#16239);
#12601=AXIS2_PLACEMENT_3D('',#20174,#16242,#16243);
#12602=AXIS2_PLACEMENT_3D('',#20177,#16244,#16245);
#12603=AXIS2_PLACEMENT_3D('',#20178,#16246,#16247);
#12604=AXIS2_PLACEMENT_3D('',#20179,#16248,#16249);
#12605=AXIS2_PLACEMENT_3D('',#20180,#16250,#16251);
#12606=AXIS2_PLACEMENT_3D('',#20183,#16252,#16253);
#12607=AXIS2_PLACEMENT_3D('',#20186,#16256,#16257);
#12608=AXIS2_PLACEMENT_3D('',#20189,#16258,#16259);
#12609=AXIS2_PLACEMENT_3D('',#20190,#16260,#16261);
#12610=AXIS2_PLACEMENT_3D('',#20191,#16262,#16263);
#12611=AXIS2_PLACEMENT_3D('',#20192,#16264,#16265);
#12612=AXIS2_PLACEMENT_3D('',#20195,#16268,#16269);
#12613=AXIS2_PLACEMENT_3D('',#20201,#16273,#16274);
#12614=AXIS2_PLACEMENT_3D('',#20204,#16276,#16277);
#12615=AXIS2_PLACEMENT_3D('',#20205,#16278,#16279);
#12616=AXIS2_PLACEMENT_3D('',#20209,#16282,#16283);
#12617=AXIS2_PLACEMENT_3D('',#20212,#16285,#16286);
#12618=AXIS2_PLACEMENT_3D('',#20213,#16287,#16288);
#12619=AXIS2_PLACEMENT_3D('',#20214,#16289,#16290);
#12620=AXIS2_PLACEMENT_3D('',#20218,#16292,#16293);
#12621=AXIS2_PLACEMENT_3D('',#20221,#16295,#16296);
#12622=AXIS2_PLACEMENT_3D('',#20222,#16297,#16298);
#12623=AXIS2_PLACEMENT_3D('',#20224,#16300,#16301);
#12624=AXIS2_PLACEMENT_3D('',#20226,#16303,#16304);
#12625=AXIS2_PLACEMENT_3D('',#20228,#16306,#16307);
#12626=DIRECTION('axis',(0.,0.,1.));
#12627=DIRECTION('refdir',(1.,0.,0.));
#12628=DIRECTION('center_axis',(-1.,0.,0.));
#12629=DIRECTION('ref_axis',(0.,-1.,0.));
#12630=DIRECTION('center_axis',(0.,0.,-1.));
#12631=DIRECTION('ref_axis',(-0.707106781186544,-0.707106781186551,0.));
#12632=DIRECTION('center_axis',(0.,-1.,0.));
#12633=DIRECTION('ref_axis',(0.,0.,1.));
#12634=DIRECTION('center_axis',(0.,0.,1.));
#12635=DIRECTION('ref_axis',(-0.707106781186544,-0.707106781186551,0.));
#12636=DIRECTION('center_axis',(0.,-1.,0.));
#12637=DIRECTION('ref_axis',(-0.707106781186553,0.,0.707106781186542));
#12638=DIRECTION('center_axis',(0.,-1.,0.));
#12639=DIRECTION('ref_axis',(0.,0.,1.));
#12640=DIRECTION('',(0.,-1.,0.));
#12641=DIRECTION('',(0.,1.,0.));
#12642=DIRECTION('center_axis',(-1.,0.,0.));
#12643=DIRECTION('ref_axis',(0.,0.,1.));
#12644=DIRECTION('center_axis',(0.,0.,1.));
#12645=DIRECTION('ref_axis',(-0.707106781186548,0.707106781186548,0.));
#12646=DIRECTION('center_axis',(0.,0.,-1.));
#12647=DIRECTION('ref_axis',(-0.707106781186548,0.707106781186548,0.));
#12648=DIRECTION('center_axis',(-1.,0.,0.));
#12649=DIRECTION('ref_axis',(0.,0.707106781186544,0.707106781186551));
#12650=DIRECTION('center_axis',(-1.,0.,0.));
#12651=DIRECTION('ref_axis',(0.,0.,1.));
#12652=DIRECTION('',(-1.,0.,0.));
#12653=DIRECTION('',(1.,0.,0.));
#12654=DIRECTION('center_axis',(0.,1.,0.));
#12655=DIRECTION('ref_axis',(0.,0.,1.));
#12656=DIRECTION('center_axis',(0.,0.,1.));
#12657=DIRECTION('ref_axis',(0.707106781186544,0.707106781186551,0.));
#12658=DIRECTION('center_axis',(0.,0.,-1.));
#12659=DIRECTION('ref_axis',(0.707106781186544,0.707106781186551,0.));
#12660=DIRECTION('center_axis',(0.,1.,0.));
#12661=DIRECTION('ref_axis',(0.707106781186544,0.,0.707106781186551));
#12662=DIRECTION('center_axis',(0.,1.,0.));
#12663=DIRECTION('ref_axis',(0.,0.,1.));
#12664=DIRECTION('',(0.,1.,0.));
#12665=DIRECTION('',(0.,-1.,0.));
#12666=DIRECTION('center_axis',(1.,0.,0.));
#12667=DIRECTION('ref_axis',(0.,0.,1.));
#12668=DIRECTION('center_axis',(0.,0.,1.));
#12669=DIRECTION('ref_axis',(0.707106781186547,-0.707106781186547,0.));
#12670=DIRECTION('center_axis',(0.,0.,-1.));
#12671=DIRECTION('ref_axis',(0.707106781186547,-0.707106781186547,0.));
#12672=DIRECTION('center_axis',(1.,0.,0.));
#12673=DIRECTION('ref_axis',(0.,-0.707106781186553,0.707106781186542));
#12674=DIRECTION('',(-1.,0.,0.));
#12675=DIRECTION('',(1.,0.,0.));
#12676=DIRECTION('center_axis',(1.,0.,0.));
#12677=DIRECTION('ref_axis',(0.,1.,0.));
#12678=DIRECTION('',(0.,0.,1.));
#12679=DIRECTION('',(0.,-1.,0.));
#12680=DIRECTION('',(0.,0.,-1.));
#12681=DIRECTION('center_axis',(0.,0.,1.));
#12682=DIRECTION('ref_axis',(0.707106781186547,-0.707106781186547,0.));
#12683=DIRECTION('',(0.,0.,-1.));
#12684=DIRECTION('center_axis',(0.,0.,1.));
#12685=DIRECTION('ref_axis',(0.707106781186547,-0.707106781186547,0.));
#12686=DIRECTION('center_axis',(0.,-1.,0.));
#12687=DIRECTION('ref_axis',(1.,0.,0.));
#12688=DIRECTION('',(0.,0.,1.));
#12689=DIRECTION('',(-1.,0.,0.));
#12690=DIRECTION('center_axis',(0.,0.,1.));
#12691=DIRECTION('ref_axis',(-0.707106781186553,-0.707106781186542,0.));
#12692=DIRECTION('',(0.,0.,-1.));
#12693=DIRECTION('center_axis',(0.,0.,1.));
#12694=DIRECTION('ref_axis',(-0.707106781186553,-0.707106781186542,0.));
#12695=DIRECTION('center_axis',(0.,0.,1.));
#12696=DIRECTION('ref_axis',(1.,0.,0.));
#12697=DIRECTION('center_axis',(0.,0.,1.));
#12698=DIRECTION('ref_axis',(-0.707106781186553,0.707106781186542,0.));
#12699=DIRECTION('',(0.,0.,-1.));
#12700=DIRECTION('center_axis',(0.,0.,1.));
#12701=DIRECTION('ref_axis',(-0.707106781186553,0.707106781186542,0.));
#12702=DIRECTION('',(0.,0.,1.));
#12703=DIRECTION('center_axis',(0.,1.,0.));
#12704=DIRECTION('ref_axis',(-1.,0.,0.));
#12705=DIRECTION('',(0.,0.,1.));
#12706=DIRECTION('',(1.,0.,0.));
#12707=DIRECTION('center_axis',(0.,0.,1.));
#12708=DIRECTION('ref_axis',(0.707106781186558,0.707106781186537,0.));
#12709=DIRECTION('center_axis',(0.,0.,1.));
#12710=DIRECTION('ref_axis',(0.707106781186558,0.707106781186537,0.));
#12711=DIRECTION('center_axis',(-1.,0.,0.));
#12712=DIRECTION('ref_axis',(0.,-1.,0.));
#12713=DIRECTION('',(0.,1.,0.));
#12714=DIRECTION('center_axis',(0.,0.,1.));
#12715=DIRECTION('ref_axis',(1.,0.,0.));
#12716=DIRECTION('center_axis',(-1.,0.,0.));
#12717=DIRECTION('ref_axis',(0.,-1.,0.));
#12718=DIRECTION('center_axis',(0.,0.,-1.));
#12719=DIRECTION('ref_axis',(-0.707106781186544,-0.707106781186551,0.));
#12720=DIRECTION('center_axis',(0.,-1.,0.));
#12721=DIRECTION('ref_axis',(0.,0.,1.));
#12722=DIRECTION('center_axis',(0.,0.,1.));
#12723=DIRECTION('ref_axis',(-0.707106781186544,-0.707106781186551,0.));
#12724=DIRECTION('center_axis',(0.,-1.,0.));
#12725=DIRECTION('ref_axis',(-0.707106781186544,0.,0.707106781186551));
#12726=DIRECTION('center_axis',(0.,-1.,0.));
#12727=DIRECTION('ref_axis',(0.,0.,1.));
#12728=DIRECTION('',(0.,-1.,0.));
#12729=DIRECTION('',(0.,1.,0.));
#12730=DIRECTION('center_axis',(-1.,0.,0.));
#12731=DIRECTION('ref_axis',(0.,0.,1.));
#12732=DIRECTION('center_axis',(0.,0.,1.));
#12733=DIRECTION('ref_axis',(-0.707106781186547,0.707106781186547,0.));
#12734=DIRECTION('center_axis',(0.,0.,-1.));
#12735=DIRECTION('ref_axis',(-0.707106781186547,0.707106781186547,0.));
#12736=DIRECTION('center_axis',(-1.,0.,0.));
#12737=DIRECTION('ref_axis',(0.,0.707106781186553,0.707106781186542));
#12738=DIRECTION('center_axis',(-1.,0.,0.));
#12739=DIRECTION('ref_axis',(0.,0.,1.));
#12740=DIRECTION('',(-1.,0.,0.));
#12741=DIRECTION('',(1.,0.,0.));
#12742=DIRECTION('center_axis',(0.,1.,0.));
#12743=DIRECTION('ref_axis',(0.,0.,1.));
#12744=DIRECTION('center_axis',(0.,0.,1.));
#12745=DIRECTION('ref_axis',(0.707106781186544,0.707106781186551,0.));
#12746=DIRECTION('center_axis',(0.,0.,-1.));
#12747=DIRECTION('ref_axis',(0.707106781186544,0.707106781186551,0.));
#12748=DIRECTION('center_axis',(0.,1.,0.));
#12749=DIRECTION('ref_axis',(0.707106781186553,0.,0.707106781186542));
#12750=DIRECTION('center_axis',(0.,1.,0.));
#12751=DIRECTION('ref_axis',(0.,0.,1.));
#12752=DIRECTION('',(0.,1.,0.));
#12753=DIRECTION('',(0.,-1.,0.));
#12754=DIRECTION('center_axis',(1.,0.,0.));
#12755=DIRECTION('ref_axis',(0.,0.,1.));
#12756=DIRECTION('center_axis',(0.,0.,1.));
#12757=DIRECTION('ref_axis',(0.707106781186551,-0.707106781186544,0.));
#12758=DIRECTION('center_axis',(0.,0.,-1.));
#12759=DIRECTION('ref_axis',(0.707106781186551,-0.707106781186544,0.));
#12760=DIRECTION('center_axis',(1.,0.,0.));
#12761=DIRECTION('ref_axis',(0.,-0.707106781186553,0.707106781186542));
#12762=DIRECTION('',(-1.,0.,0.));
#12763=DIRECTION('',(1.,0.,0.));
#12764=DIRECTION('center_axis',(1.,0.,0.));
#12765=DIRECTION('ref_axis',(0.,1.,0.));
#12766=DIRECTION('',(0.,0.,1.));
#12767=DIRECTION('',(0.,-1.,0.));
#12768=DIRECTION('',(0.,0.,-1.));
#12769=DIRECTION('center_axis',(0.,0.,1.));
#12770=DIRECTION('ref_axis',(0.707106781186542,-0.707106781186553,0.));
#12771=DIRECTION('',(0.,0.,-1.));
#12772=DIRECTION('center_axis',(0.,0.,1.));
#12773=DIRECTION('ref_axis',(0.707106781186542,-0.707106781186553,0.));
#12774=DIRECTION('center_axis',(0.,-1.,0.));
#12775=DIRECTION('ref_axis',(1.,0.,0.));
#12776=DIRECTION('',(0.,0.,1.));
#12777=DIRECTION('',(-1.,0.,0.));
#12778=DIRECTION('center_axis',(0.,0.,1.));
#12779=DIRECTION('ref_axis',(-0.707106781186553,-0.707106781186542,0.));
#12780=DIRECTION('',(0.,0.,-1.));
#12781=DIRECTION('center_axis',(0.,0.,1.));
#12782=DIRECTION('ref_axis',(-0.707106781186553,-0.707106781186542,0.));
#12783=DIRECTION('center_axis',(0.,0.,1.));
#12784=DIRECTION('ref_axis',(1.,0.,0.));
#12785=DIRECTION('center_axis',(0.,0.,1.));
#12786=DIRECTION('ref_axis',(0.707106781186553,0.707106781186542,0.));
#12787=DIRECTION('center_axis',(0.,0.,1.));
#12788=DIRECTION('ref_axis',(0.707106781186553,0.707106781186542,0.));
#12789=DIRECTION('',(0.,0.,1.));
#12790=DIRECTION('center_axis',(0.,0.,1.));
#12791=DIRECTION('ref_axis',(-0.707106781186547,0.707106781186547,0.));
#12792=DIRECTION('',(0.,0.,-1.));
#12793=DIRECTION('center_axis',(0.,0.,1.));
#12794=DIRECTION('ref_axis',(-0.707106781186547,0.707106781186547,0.));
#12795=DIRECTION('',(0.,0.,1.));
#12796=DIRECTION('center_axis',(0.,1.,0.));
#12797=DIRECTION('ref_axis',(-1.,0.,0.));
#12798=DIRECTION('',(1.,0.,0.));
#12799=DIRECTION('center_axis',(-1.,0.,0.));
#12800=DIRECTION('ref_axis',(0.,-1.,0.));
#12801=DIRECTION('',(0.,1.,0.));
#12802=DIRECTION('center_axis',(0.,0.,1.));
#12803=DIRECTION('ref_axis',(1.,0.,0.));
#12804=DIRECTION('center_axis',(-1.,0.,0.));
#12805=DIRECTION('ref_axis',(0.,-1.,0.));
#12806=DIRECTION('center_axis',(0.,0.,-1.));
#12807=DIRECTION('ref_axis',(-0.70710678118655,-0.707106781186545,0.));
#12808=DIRECTION('center_axis',(0.,-1.,0.));
#12809=DIRECTION('ref_axis',(0.,0.,1.));
#12810=DIRECTION('center_axis',(0.,0.,1.));
#12811=DIRECTION('ref_axis',(-0.70710678118655,-0.707106781186545,0.));
#12812=DIRECTION('center_axis',(0.,-1.,0.));
#12813=DIRECTION('ref_axis',(-0.707106781186549,0.,0.707106781186546));
#12814=DIRECTION('center_axis',(0.,-1.,0.));
#12815=DIRECTION('ref_axis',(0.,0.,1.));
#12816=DIRECTION('',(0.,-1.,0.));
#12817=DIRECTION('',(0.,1.,0.));
#12818=DIRECTION('center_axis',(-1.,0.,0.));
#12819=DIRECTION('ref_axis',(0.,0.,1.));
#12820=DIRECTION('center_axis',(0.,0.,1.));
#12821=DIRECTION('ref_axis',(-0.707106781186546,0.707106781186549,0.));
#12822=DIRECTION('center_axis',(0.,0.,-1.));
#12823=DIRECTION('ref_axis',(-0.707106781186546,0.707106781186549,0.));
#12824=DIRECTION('center_axis',(-1.,0.,0.));
#12825=DIRECTION('ref_axis',(0.,0.707106781186553,0.707106781186542));
#12826=DIRECTION('center_axis',(-1.,0.,0.));
#12827=DIRECTION('ref_axis',(0.,0.,1.));
#12828=DIRECTION('',(-1.,0.,0.));
#12829=DIRECTION('',(1.,0.,0.));
#12830=DIRECTION('center_axis',(0.,1.,0.));
#12831=DIRECTION('ref_axis',(0.,0.,1.));
#12832=DIRECTION('center_axis',(0.,0.,1.));
#12833=DIRECTION('ref_axis',(0.707106781186549,0.707106781186546,0.));
#12834=DIRECTION('center_axis',(0.,0.,-1.));
#12835=DIRECTION('ref_axis',(0.707106781186549,0.707106781186546,0.));
#12836=DIRECTION('center_axis',(0.,1.,0.));
#12837=DIRECTION('ref_axis',(0.707106781186549,0.,0.707106781186546));
#12838=DIRECTION('center_axis',(0.,1.,0.));
#12839=DIRECTION('ref_axis',(0.,0.,1.));
#12840=DIRECTION('',(0.,1.,0.));
#12841=DIRECTION('',(0.,-1.,0.));
#12842=DIRECTION('center_axis',(1.,0.,0.));
#12843=DIRECTION('ref_axis',(0.,0.,1.));
#12844=DIRECTION('center_axis',(0.,0.,1.));
#12845=DIRECTION('ref_axis',(0.707106781186546,-0.707106781186549,0.));
#12846=DIRECTION('center_axis',(0.,0.,-1.));
#12847=DIRECTION('ref_axis',(0.707106781186546,-0.707106781186549,0.));
#12848=DIRECTION('center_axis',(1.,0.,0.));
#12849=DIRECTION('ref_axis',(0.,-0.707106781186553,0.707106781186542));
#12850=DIRECTION('',(-1.,0.,0.));
#12851=DIRECTION('',(1.,0.,0.));
#12852=DIRECTION('center_axis',(1.,0.,0.));
#12853=DIRECTION('ref_axis',(0.,1.,0.));
#12854=DIRECTION('',(0.,0.,1.));
#12855=DIRECTION('',(0.,-1.,0.));
#12856=DIRECTION('',(0.,0.,-1.));
#12857=DIRECTION('center_axis',(0.,0.,1.));
#12858=DIRECTION('ref_axis',(0.707106781186545,-0.70710678118655,0.));
#12859=DIRECTION('',(0.,0.,-1.));
#12860=DIRECTION('center_axis',(0.,0.,1.));
#12861=DIRECTION('ref_axis',(0.707106781186545,-0.70710678118655,0.));
#12862=DIRECTION('center_axis',(0.,-1.,0.));
#12863=DIRECTION('ref_axis',(1.,0.,0.));
#12864=DIRECTION('',(0.,0.,1.));
#12865=DIRECTION('',(-1.,0.,0.));
#12866=DIRECTION('center_axis',(0.,0.,1.));
#12867=DIRECTION('ref_axis',(-0.70710678118655,-0.707106781186545,0.));
#12868=DIRECTION('',(0.,0.,-1.));
#12869=DIRECTION('center_axis',(0.,0.,1.));
#12870=DIRECTION('ref_axis',(-0.70710678118655,-0.707106781186545,0.));
#12871=DIRECTION('center_axis',(0.,0.,1.));
#12872=DIRECTION('ref_axis',(1.,0.,0.));
#12873=DIRECTION('center_axis',(0.,0.,1.));
#12874=DIRECTION('ref_axis',(0.70710678118655,0.707106781186545,0.));
#12875=DIRECTION('center_axis',(0.,0.,1.));
#12876=DIRECTION('ref_axis',(0.70710678118655,0.707106781186545,0.));
#12877=DIRECTION('',(0.,0.,1.));
#12878=DIRECTION('center_axis',(0.,0.,1.));
#12879=DIRECTION('ref_axis',(-0.707106781186545,0.70710678118655,0.));
#12880=DIRECTION('',(0.,0.,-1.));
#12881=DIRECTION('center_axis',(0.,0.,1.));
#12882=DIRECTION('ref_axis',(-0.707106781186545,0.70710678118655,0.));
#12883=DIRECTION('',(0.,0.,1.));
#12884=DIRECTION('center_axis',(0.,1.,0.));
#12885=DIRECTION('ref_axis',(-1.,0.,0.));
#12886=DIRECTION('',(1.,0.,0.));
#12887=DIRECTION('center_axis',(-1.,0.,0.));
#12888=DIRECTION('ref_axis',(0.,-1.,0.));
#12889=DIRECTION('',(0.,1.,0.));
#12890=DIRECTION('center_axis',(0.,0.,1.));
#12891=DIRECTION('ref_axis',(1.,0.,0.));
#12892=DIRECTION('center_axis',(-1.,0.,0.));
#12893=DIRECTION('ref_axis',(0.,-1.,0.));
#12894=DIRECTION('center_axis',(0.,0.,-1.));
#12895=DIRECTION('ref_axis',(-0.707106781186544,-0.707106781186551,0.));
#12896=DIRECTION('center_axis',(0.,-1.,0.));
#12897=DIRECTION('ref_axis',(0.,0.,1.));
#12898=DIRECTION('center_axis',(0.,0.,1.));
#12899=DIRECTION('ref_axis',(-0.707106781186544,-0.707106781186551,0.));
#12900=DIRECTION('center_axis',(0.,-1.,0.));
#12901=DIRECTION('ref_axis',(-0.707106781186544,0.,0.707106781186551));
#12902=DIRECTION('center_axis',(0.,-1.,0.));
#12903=DIRECTION('ref_axis',(0.,0.,1.));
#12904=DIRECTION('',(0.,-1.,0.));
#12905=DIRECTION('',(0.,1.,0.));
#12906=DIRECTION('center_axis',(-1.,0.,0.));
#12907=DIRECTION('ref_axis',(0.,0.,1.));
#12908=DIRECTION('center_axis',(0.,0.,1.));
#12909=DIRECTION('ref_axis',(-0.707106781186544,0.707106781186551,0.));
#12910=DIRECTION('center_axis',(0.,0.,-1.));
#12911=DIRECTION('ref_axis',(-0.707106781186544,0.707106781186551,0.));
#12912=DIRECTION('center_axis',(-1.,0.,0.));
#12913=DIRECTION('ref_axis',(0.,0.707106781186544,0.707106781186551));
#12914=DIRECTION('center_axis',(-1.,0.,0.));
#12915=DIRECTION('ref_axis',(0.,0.,1.));
#12916=DIRECTION('',(-1.,0.,0.));
#12917=DIRECTION('',(1.,0.,0.));
#12918=DIRECTION('center_axis',(0.,1.,0.));
#12919=DIRECTION('ref_axis',(0.,0.,1.));
#12920=DIRECTION('center_axis',(0.,0.,1.));
#12921=DIRECTION('ref_axis',(0.707106781186544,0.707106781186551,0.));
#12922=DIRECTION('center_axis',(0.,0.,-1.));
#12923=DIRECTION('ref_axis',(0.707106781186544,0.707106781186551,0.));
#12924=DIRECTION('center_axis',(0.,1.,0.));
#12925=DIRECTION('ref_axis',(0.707106781186553,0.,0.707106781186542));
#12926=DIRECTION('center_axis',(0.,1.,0.));
#12927=DIRECTION('ref_axis',(0.,0.,1.));
#12928=DIRECTION('',(0.,1.,0.));
#12929=DIRECTION('',(0.,-1.,0.));
#12930=DIRECTION('center_axis',(1.,0.,0.));
#12931=DIRECTION('ref_axis',(0.,0.,1.));
#12932=DIRECTION('center_axis',(0.,0.,1.));
#12933=DIRECTION('ref_axis',(0.707106781186551,-0.707106781186544,0.));
#12934=DIRECTION('center_axis',(0.,0.,-1.));
#12935=DIRECTION('ref_axis',(0.707106781186551,-0.707106781186544,0.));
#12936=DIRECTION('center_axis',(1.,0.,0.));
#12937=DIRECTION('ref_axis',(0.,-0.707106781186553,0.707106781186542));
#12938=DIRECTION('',(-1.,0.,0.));
#12939=DIRECTION('',(1.,0.,0.));
#12940=DIRECTION('center_axis',(1.,0.,0.));
#12941=DIRECTION('ref_axis',(0.,1.,0.));
#12942=DIRECTION('',(0.,0.,1.));
#12943=DIRECTION('',(0.,-1.,0.));
#12944=DIRECTION('',(0.,0.,-1.));
#12945=DIRECTION('center_axis',(0.,0.,1.));
#12946=DIRECTION('ref_axis',(0.707106781186542,-0.707106781186553,0.));
#12947=DIRECTION('',(0.,0.,-1.));
#12948=DIRECTION('center_axis',(0.,0.,1.));
#12949=DIRECTION('ref_axis',(0.707106781186542,-0.707106781186553,0.));
#12950=DIRECTION('center_axis',(0.,-1.,0.));
#12951=DIRECTION('ref_axis',(1.,0.,0.));
#12952=DIRECTION('',(0.,0.,1.));
#12953=DIRECTION('',(-1.,0.,0.));
#12954=DIRECTION('center_axis',(0.,0.,1.));
#12955=DIRECTION('ref_axis',(-0.707106781186553,-0.707106781186542,0.));
#12956=DIRECTION('',(0.,0.,-1.));
#12957=DIRECTION('center_axis',(0.,0.,1.));
#12958=DIRECTION('ref_axis',(-0.707106781186553,-0.707106781186542,0.));
#12959=DIRECTION('center_axis',(0.,0.,1.));
#12960=DIRECTION('ref_axis',(1.,0.,0.));
#12961=DIRECTION('center_axis',(0.,0.,1.));
#12962=DIRECTION('ref_axis',(-0.707106781186558,0.707106781186537,0.));
#12963=DIRECTION('',(0.,0.,-1.));
#12964=DIRECTION('center_axis',(0.,0.,1.));
#12965=DIRECTION('ref_axis',(-0.707106781186558,0.707106781186537,0.));
#12966=DIRECTION('',(0.,0.,1.));
#12967=DIRECTION('center_axis',(-1.,0.,0.));
#12968=DIRECTION('ref_axis',(0.,-1.,0.));
#12969=DIRECTION('',(0.,1.,0.));
#12970=DIRECTION('center_axis',(0.,0.,1.));
#12971=DIRECTION('ref_axis',(1.,0.,0.));
#12972=DIRECTION('',(1.,0.,0.));
#12973=DIRECTION('center_axis',(0.,0.,1.));
#12974=DIRECTION('ref_axis',(0.707106781186558,0.707106781186537,0.));
#12975=DIRECTION('center_axis',(0.,0.,1.));
#12976=DIRECTION('ref_axis',(0.707106781186558,0.707106781186537,0.));
#12977=DIRECTION('',(0.,0.,1.));
#12978=DIRECTION('center_axis',(0.,1.,0.));
#12979=DIRECTION('ref_axis',(-1.,0.,0.));
#12980=DIRECTION('center_axis',(-1.,0.,0.));
#12981=DIRECTION('ref_axis',(0.,-1.,0.));
#12982=DIRECTION('center_axis',(0.,0.,-1.));
#12983=DIRECTION('ref_axis',(-0.707106781186542,-0.707106781186553,0.));
#12984=DIRECTION('center_axis',(0.,-1.,0.));
#12985=DIRECTION('ref_axis',(0.,0.,1.));
#12986=DIRECTION('center_axis',(0.,0.,1.));
#12987=DIRECTION('ref_axis',(-0.707106781186543,-0.707106781186553,0.));
#12988=DIRECTION('center_axis',(0.,-1.,0.));
#12989=DIRECTION('ref_axis',(-0.707106781186547,0.,0.707106781186547));
#12990=DIRECTION('center_axis',(0.,-1.,0.));
#12991=DIRECTION('ref_axis',(0.,0.,1.));
#12992=DIRECTION('',(0.,-1.,0.));
#12993=DIRECTION('',(0.,1.,0.));
#12994=DIRECTION('center_axis',(-1.,0.,0.));
#12995=DIRECTION('ref_axis',(0.,0.,1.));
#12996=DIRECTION('center_axis',(0.,0.,1.));
#12997=DIRECTION('ref_axis',(-0.70710678118655,0.707106781186545,0.));
#12998=DIRECTION('center_axis',(0.,0.,-1.));
#12999=DIRECTION('ref_axis',(-0.70710678118655,0.707106781186545,0.));
#13000=DIRECTION('center_axis',(-1.,0.,0.));
#13001=DIRECTION('ref_axis',(0.,0.707106781186544,0.707106781186551));
#13002=DIRECTION('center_axis',(-1.,0.,0.));
#13003=DIRECTION('ref_axis',(0.,0.,1.));
#13004=DIRECTION('',(-1.,0.,0.));
#13005=DIRECTION('',(1.,0.,0.));
#13006=DIRECTION('center_axis',(0.,1.,0.));
#13007=DIRECTION('ref_axis',(0.,0.,1.));
#13008=DIRECTION('center_axis',(0.,0.,1.));
#13009=DIRECTION('ref_axis',(0.707106781186543,0.707106781186552,0.));
#13010=DIRECTION('center_axis',(0.,0.,-1.));
#13011=DIRECTION('ref_axis',(0.707106781186543,0.707106781186552,0.));
#13012=DIRECTION('center_axis',(0.,1.,0.));
#13013=DIRECTION('ref_axis',(0.707106781186547,0.,0.707106781186548));
#13014=DIRECTION('center_axis',(0.,1.,0.));
#13015=DIRECTION('ref_axis',(0.,0.,1.));
#13016=DIRECTION('',(0.,1.,0.));
#13017=DIRECTION('',(0.,-1.,0.));
#13018=DIRECTION('center_axis',(1.,0.,0.));
#13019=DIRECTION('ref_axis',(0.,0.,1.));
#13020=DIRECTION('center_axis',(0.,0.,1.));
#13021=DIRECTION('ref_axis',(0.707106781186543,-0.707106781186552,0.));
#13022=DIRECTION('center_axis',(0.,0.,-1.));
#13023=DIRECTION('ref_axis',(0.707106781186543,-0.707106781186552,0.));
#13024=DIRECTION('center_axis',(1.,0.,0.));
#13025=DIRECTION('ref_axis',(0.,-0.707106781186544,0.707106781186551));
#13026=DIRECTION('',(-1.,0.,0.));
#13027=DIRECTION('',(1.,0.,0.));
#13028=DIRECTION('center_axis',(1.,0.,0.));
#13029=DIRECTION('ref_axis',(0.,1.,0.));
#13030=DIRECTION('',(0.,0.,1.));
#13031=DIRECTION('',(0.,-1.,0.));
#13032=DIRECTION('',(0.,0.,-1.));
#13033=DIRECTION('center_axis',(0.,0.,1.));
#13034=DIRECTION('ref_axis',(0.707106781186555,-0.70710678118654,0.));
#13035=DIRECTION('',(0.,0.,-1.));
#13036=DIRECTION('center_axis',(0.,0.,1.));
#13037=DIRECTION('ref_axis',(0.707106781186555,-0.70710678118654,0.));
#13038=DIRECTION('center_axis',(0.,-1.,0.));
#13039=DIRECTION('ref_axis',(1.,0.,0.));
#13040=DIRECTION('',(0.,0.,1.));
#13041=DIRECTION('',(-1.,0.,0.));
#13042=DIRECTION('center_axis',(0.,0.,1.));
#13043=DIRECTION('ref_axis',(-0.707106781186555,-0.70710678118654,0.));
#13044=DIRECTION('',(0.,0.,-1.));
#13045=DIRECTION('center_axis',(0.,0.,1.));
#13046=DIRECTION('ref_axis',(-0.707106781186555,-0.70710678118654,0.));
#13047=DIRECTION('center_axis',(0.,0.,1.));
#13048=DIRECTION('ref_axis',(1.,0.,0.));
#13049=DIRECTION('center_axis',(0.,0.,1.));
#13050=DIRECTION('ref_axis',(1.,0.,0.));
#13051=DIRECTION('',(0.,1.,0.));
#13052=DIRECTION('center_axis',(0.,0.,1.));
#13053=DIRECTION('ref_axis',(-0.707106781186555,0.70710678118654,0.));
#13054=DIRECTION('',(1.,0.,0.));
#13055=DIRECTION('center_axis',(0.,0.,1.));
#13056=DIRECTION('ref_axis',(0.707106781186555,0.70710678118654,0.));
#13057=DIRECTION('center_axis',(-1.,0.,0.));
#13058=DIRECTION('ref_axis',(0.,-1.,0.));
#13059=DIRECTION('',(0.,0.,1.));
#13060=DIRECTION('center_axis',(0.,0.,1.));
#13061=DIRECTION('ref_axis',(-0.707106781186555,0.70710678118654,0.));
#13062=DIRECTION('',(0.,0.,-1.));
#13063=DIRECTION('center_axis',(0.,0.,1.));
#13064=DIRECTION('ref_axis',(0.707106781186555,0.70710678118654,0.));
#13065=DIRECTION('',(0.,0.,1.));
#13066=DIRECTION('center_axis',(0.,1.,0.));
#13067=DIRECTION('ref_axis',(-1.,0.,0.));
#13068=DIRECTION('center_axis',(-1.,0.,0.));
#13069=DIRECTION('ref_axis',(0.,-1.,0.));
#13070=DIRECTION('center_axis',(0.,0.,-1.));
#13071=DIRECTION('ref_axis',(-0.70710678118655,-0.707106781186545,0.));
#13072=DIRECTION('center_axis',(0.,-1.,0.));
#13073=DIRECTION('ref_axis',(0.,0.,1.));
#13074=DIRECTION('center_axis',(0.,0.,1.));
#13075=DIRECTION('ref_axis',(-0.70710678118655,-0.707106781186545,0.));
#13076=DIRECTION('center_axis',(0.,-1.,0.));
#13077=DIRECTION('ref_axis',(-0.707106781186547,0.,0.707106781186548));
#13078=DIRECTION('center_axis',(0.,-1.,0.));
#13079=DIRECTION('ref_axis',(0.,0.,1.));
#13080=DIRECTION('',(0.,-1.,0.));
#13081=DIRECTION('',(0.,1.,0.));
#13082=DIRECTION('center_axis',(-1.,0.,0.));
#13083=DIRECTION('ref_axis',(0.,0.,1.));
#13084=DIRECTION('center_axis',(0.,0.,1.));
#13085=DIRECTION('ref_axis',(-0.707106781186543,0.707106781186552,0.));
#13086=DIRECTION('center_axis',(0.,0.,-1.));
#13087=DIRECTION('ref_axis',(-0.707106781186543,0.707106781186552,0.));
#13088=DIRECTION('center_axis',(-1.,0.,0.));
#13089=DIRECTION('ref_axis',(0.,0.707106781186544,0.707106781186551));
#13090=DIRECTION('center_axis',(-1.,0.,0.));
#13091=DIRECTION('ref_axis',(0.,0.,1.));
#13092=DIRECTION('',(-1.,0.,0.));
#13093=DIRECTION('',(1.,0.,0.));
#13094=DIRECTION('center_axis',(0.,1.,0.));
#13095=DIRECTION('ref_axis',(0.,0.,1.));
#13096=DIRECTION('center_axis',(0.,0.,1.));
#13097=DIRECTION('ref_axis',(0.707106781186542,0.707106781186553,0.));
#13098=DIRECTION('center_axis',(0.,0.,-1.));
#13099=DIRECTION('ref_axis',(0.707106781186542,0.707106781186553,0.));
#13100=DIRECTION('center_axis',(0.,1.,0.));
#13101=DIRECTION('ref_axis',(0.707106781186549,0.,0.707106781186546));
#13102=DIRECTION('center_axis',(0.,1.,0.));
#13103=DIRECTION('ref_axis',(0.,0.,1.));
#13104=DIRECTION('',(0.,1.,0.));
#13105=DIRECTION('',(0.,-1.,0.));
#13106=DIRECTION('center_axis',(1.,0.,0.));
#13107=DIRECTION('ref_axis',(0.,0.,1.));
#13108=DIRECTION('center_axis',(0.,0.,1.));
#13109=DIRECTION('ref_axis',(0.707106781186546,-0.707106781186549,0.));
#13110=DIRECTION('center_axis',(0.,0.,-1.));
#13111=DIRECTION('ref_axis',(0.707106781186546,-0.707106781186549,0.));
#13112=DIRECTION('center_axis',(1.,0.,0.));
#13113=DIRECTION('ref_axis',(0.,-0.707106781186553,0.707106781186542));
#13114=DIRECTION('',(-1.,0.,0.));
#13115=DIRECTION('',(1.,0.,0.));
#13116=DIRECTION('center_axis',(1.,0.,0.));
#13117=DIRECTION('ref_axis',(0.,1.,0.));
#13118=DIRECTION('',(0.,0.,1.));
#13119=DIRECTION('',(0.,-1.,0.));
#13120=DIRECTION('',(0.,0.,-1.));
#13121=DIRECTION('center_axis',(0.,0.,1.));
#13122=DIRECTION('ref_axis',(0.707106781186545,-0.70710678118655,0.));
#13123=DIRECTION('',(0.,0.,-1.));
#13124=DIRECTION('center_axis',(0.,0.,1.));
#13125=DIRECTION('ref_axis',(0.707106781186545,-0.70710678118655,0.));
#13126=DIRECTION('center_axis',(0.,-1.,0.));
#13127=DIRECTION('ref_axis',(1.,0.,0.));
#13128=DIRECTION('',(0.,0.,1.));
#13129=DIRECTION('',(-1.,0.,0.));
#13130=DIRECTION('center_axis',(0.,0.,1.));
#13131=DIRECTION('ref_axis',(-0.70710678118655,-0.707106781186545,0.));
#13132=DIRECTION('',(0.,0.,-1.));
#13133=DIRECTION('center_axis',(0.,0.,1.));
#13134=DIRECTION('ref_axis',(-0.70710678118655,-0.707106781186545,0.));
#13135=DIRECTION('center_axis',(0.,0.,1.));
#13136=DIRECTION('ref_axis',(1.,0.,0.));
#13137=DIRECTION('center_axis',(0.,0.,1.));
#13138=DIRECTION('ref_axis',(1.,0.,0.));
#13139=DIRECTION('',(0.,1.,0.));
#13140=DIRECTION('center_axis',(0.,0.,1.));
#13141=DIRECTION('ref_axis',(-0.707106781186555,0.70710678118654,0.));
#13142=DIRECTION('',(1.,0.,0.));
#13143=DIRECTION('center_axis',(0.,0.,1.));
#13144=DIRECTION('ref_axis',(0.707106781186555,0.70710678118654,0.));
#13145=DIRECTION('center_axis',(0.,0.,1.));
#13146=DIRECTION('ref_axis',(-0.707106781186555,0.70710678118654,0.));
#13147=DIRECTION('',(0.,0.,-1.));
#13148=DIRECTION('',(0.,0.,1.));
#13149=DIRECTION('center_axis',(0.,1.,0.));
#13150=DIRECTION('ref_axis',(-1.,0.,0.));
#13151=DIRECTION('',(0.,0.,1.));
#13152=DIRECTION('center_axis',(0.,0.,1.));
#13153=DIRECTION('ref_axis',(0.707106781186555,0.70710678118654,0.));
#13154=DIRECTION('center_axis',(-1.,0.,0.));
#13155=DIRECTION('ref_axis',(0.,-1.,0.));
#13156=DIRECTION('center_axis',(-1.,0.,0.));
#13157=DIRECTION('ref_axis',(0.,-1.,0.));
#13158=DIRECTION('center_axis',(0.,0.,-1.));
#13159=DIRECTION('ref_axis',(-0.707106781186549,-0.707106781186546,0.));
#13160=DIRECTION('center_axis',(0.,-1.,0.));
#13161=DIRECTION('ref_axis',(0.,0.,1.));
#13162=DIRECTION('center_axis',(0.,0.,1.));
#13163=DIRECTION('ref_axis',(-0.707106781186549,-0.707106781186546,0.));
#13164=DIRECTION('center_axis',(0.,-1.,0.));
#13165=DIRECTION('ref_axis',(-0.707106781186549,0.,0.707106781186546));
#13166=DIRECTION('center_axis',(0.,-1.,0.));
#13167=DIRECTION('ref_axis',(0.,0.,1.));
#13168=DIRECTION('',(0.,-1.,0.));
#13169=DIRECTION('',(0.,1.,0.));
#13170=DIRECTION('center_axis',(-1.,0.,0.));
#13171=DIRECTION('ref_axis',(0.,0.,1.));
#13172=DIRECTION('center_axis',(0.,0.,1.));
#13173=DIRECTION('ref_axis',(-0.707106781186546,0.707106781186549,0.));
#13174=DIRECTION('center_axis',(0.,0.,-1.));
#13175=DIRECTION('ref_axis',(-0.707106781186546,0.707106781186549,0.));
#13176=DIRECTION('center_axis',(-1.,0.,0.));
#13177=DIRECTION('ref_axis',(0.,0.707106781186553,0.707106781186542));
#13178=DIRECTION('center_axis',(-1.,0.,0.));
#13179=DIRECTION('ref_axis',(0.,0.,1.));
#13180=DIRECTION('',(-1.,0.,0.));
#13181=DIRECTION('',(1.,0.,0.));
#13182=DIRECTION('center_axis',(0.,1.,0.));
#13183=DIRECTION('ref_axis',(0.,0.,1.));
#13184=DIRECTION('center_axis',(0.,0.,1.));
#13185=DIRECTION('ref_axis',(0.707106781186544,0.707106781186551,0.));
#13186=DIRECTION('center_axis',(0.,0.,-1.));
#13187=DIRECTION('ref_axis',(0.707106781186544,0.707106781186551,0.));
#13188=DIRECTION('center_axis',(0.,1.,0.));
#13189=DIRECTION('ref_axis',(0.707106781186544,0.,0.707106781186551));
#13190=DIRECTION('center_axis',(0.,1.,0.));
#13191=DIRECTION('ref_axis',(0.,0.,1.));
#13192=DIRECTION('',(0.,1.,0.));
#13193=DIRECTION('',(0.,-1.,0.));
#13194=DIRECTION('center_axis',(1.,0.,0.));
#13195=DIRECTION('ref_axis',(0.,0.,1.));
#13196=DIRECTION('center_axis',(0.,0.,1.));
#13197=DIRECTION('ref_axis',(0.707106781186547,-0.707106781186547,0.));
#13198=DIRECTION('center_axis',(0.,0.,-1.));
#13199=DIRECTION('ref_axis',(0.707106781186547,-0.707106781186547,0.));
#13200=DIRECTION('center_axis',(1.,0.,0.));
#13201=DIRECTION('ref_axis',(0.,-0.707106781186553,0.707106781186542));
#13202=DIRECTION('',(-1.,0.,0.));
#13203=DIRECTION('',(1.,0.,0.));
#13204=DIRECTION('center_axis',(1.,0.,0.));
#13205=DIRECTION('ref_axis',(0.,1.,0.));
#13206=DIRECTION('',(0.,0.,1.));
#13207=DIRECTION('',(0.,-1.,0.));
#13208=DIRECTION('',(0.,0.,-1.));
#13209=DIRECTION('center_axis',(0.,0.,1.));
#13210=DIRECTION('ref_axis',(0.707106781186547,-0.707106781186547,0.));
#13211=DIRECTION('',(0.,0.,-1.));
#13212=DIRECTION('center_axis',(0.,0.,1.));
#13213=DIRECTION('ref_axis',(0.707106781186547,-0.707106781186547,0.));
#13214=DIRECTION('center_axis',(0.,-1.,0.));
#13215=DIRECTION('ref_axis',(1.,0.,0.));
#13216=DIRECTION('',(0.,0.,1.));
#13217=DIRECTION('',(-1.,0.,0.));
#13218=DIRECTION('center_axis',(0.,0.,1.));
#13219=DIRECTION('ref_axis',(-0.70710678118655,-0.707106781186545,0.));
#13220=DIRECTION('',(0.,0.,-1.));
#13221=DIRECTION('center_axis',(0.,0.,1.));
#13222=DIRECTION('ref_axis',(-0.70710678118655,-0.707106781186545,0.));
#13223=DIRECTION('center_axis',(0.,0.,1.));
#13224=DIRECTION('ref_axis',(1.,0.,0.));
#13225=DIRECTION('center_axis',(0.,0.,1.));
#13226=DIRECTION('ref_axis',(0.707106781186553,0.707106781186542,0.));
#13227=DIRECTION('center_axis',(0.,0.,1.));
#13228=DIRECTION('ref_axis',(0.707106781186553,0.707106781186542,0.));
#13229=DIRECTION('',(0.,0.,1.));
#13230=DIRECTION('center_axis',(0.,0.,1.));
#13231=DIRECTION('ref_axis',(1.,0.,0.));
#13232=DIRECTION('',(0.,1.,0.));
#13233=DIRECTION('center_axis',(0.,0.,1.));
#13234=DIRECTION('ref_axis',(-0.707106781186545,0.70710678118655,0.));
#13235=DIRECTION('',(1.,0.,0.));
#13236=DIRECTION('center_axis',(0.,0.,1.));
#13237=DIRECTION('ref_axis',(-0.707106781186545,0.70710678118655,0.));
#13238=DIRECTION('',(0.,0.,-1.));
#13239=DIRECTION('',(0.,0.,1.));
#13240=DIRECTION('center_axis',(-1.,0.,0.));
#13241=DIRECTION('ref_axis',(0.,-1.,0.));
#13242=DIRECTION('center_axis',(0.,1.,0.));
#13243=DIRECTION('ref_axis',(-1.,0.,0.));
#13244=DIRECTION('center_axis',(-1.,0.,0.));
#13245=DIRECTION('ref_axis',(0.,-1.,0.));
#13246=DIRECTION('center_axis',(0.,0.,-1.));
#13247=DIRECTION('ref_axis',(-0.707106781186544,-0.707106781186551,0.));
#13248=DIRECTION('center_axis',(0.,-1.,0.));
#13249=DIRECTION('ref_axis',(0.,0.,1.));
#13250=DIRECTION('center_axis',(0.,0.,1.));
#13251=DIRECTION('ref_axis',(-0.707106781186544,-0.707106781186551,0.));
#13252=DIRECTION('center_axis',(0.,-1.,0.));
#13253=DIRECTION('ref_axis',(-0.707106781186553,0.,0.707106781186542));
#13254=DIRECTION('center_axis',(0.,-1.,0.));
#13255=DIRECTION('ref_axis',(0.,0.,1.));
#13256=DIRECTION('',(0.,-1.,0.));
#13257=DIRECTION('',(0.,1.,0.));
#13258=DIRECTION('center_axis',(-1.,0.,0.));
#13259=DIRECTION('ref_axis',(0.,0.,1.));
#13260=DIRECTION('center_axis',(0.,0.,1.));
#13261=DIRECTION('ref_axis',(-0.707106781186548,0.707106781186548,0.));
#13262=DIRECTION('center_axis',(0.,0.,-1.));
#13263=DIRECTION('ref_axis',(-0.707106781186548,0.707106781186548,0.));
#13264=DIRECTION('center_axis',(-1.,0.,0.));
#13265=DIRECTION('ref_axis',(0.,0.707106781186544,0.707106781186551));
#13266=DIRECTION('center_axis',(-1.,0.,0.));
#13267=DIRECTION('ref_axis',(0.,0.,1.));
#13268=DIRECTION('',(-1.,0.,0.));
#13269=DIRECTION('',(1.,0.,0.));
#13270=DIRECTION('center_axis',(0.,1.,0.));
#13271=DIRECTION('ref_axis',(0.,0.,1.));
#13272=DIRECTION('center_axis',(0.,0.,1.));
#13273=DIRECTION('ref_axis',(0.707106781186544,0.707106781186551,0.));
#13274=DIRECTION('center_axis',(0.,0.,-1.));
#13275=DIRECTION('ref_axis',(0.707106781186544,0.707106781186551,0.));
#13276=DIRECTION('center_axis',(0.,1.,0.));
#13277=DIRECTION('ref_axis',(0.707106781186553,0.,0.707106781186542));
#13278=DIRECTION('center_axis',(0.,1.,0.));
#13279=DIRECTION('ref_axis',(0.,0.,1.));
#13280=DIRECTION('',(0.,1.,0.));
#13281=DIRECTION('',(0.,-1.,0.));
#13282=DIRECTION('center_axis',(1.,0.,0.));
#13283=DIRECTION('ref_axis',(0.,0.,1.));
#13284=DIRECTION('center_axis',(0.,0.,1.));
#13285=DIRECTION('ref_axis',(0.707106781186551,-0.707106781186544,0.));
#13286=DIRECTION('center_axis',(0.,0.,-1.));
#13287=DIRECTION('ref_axis',(0.707106781186551,-0.707106781186544,0.));
#13288=DIRECTION('center_axis',(1.,0.,0.));
#13289=DIRECTION('ref_axis',(0.,-0.707106781186553,0.707106781186542));
#13290=DIRECTION('',(-1.,0.,0.));
#13291=DIRECTION('',(1.,0.,0.));
#13292=DIRECTION('center_axis',(1.,0.,0.));
#13293=DIRECTION('ref_axis',(0.,1.,0.));
#13294=DIRECTION('',(0.,0.,1.));
#13295=DIRECTION('',(0.,-1.,0.));
#13296=DIRECTION('',(0.,0.,-1.));
#13297=DIRECTION('center_axis',(0.,0.,1.));
#13298=DIRECTION('ref_axis',(0.707106781186542,-0.707106781186553,0.));
#13299=DIRECTION('',(0.,0.,-1.));
#13300=DIRECTION('center_axis',(0.,0.,1.));
#13301=DIRECTION('ref_axis',(0.707106781186542,-0.707106781186553,0.));
#13302=DIRECTION('center_axis',(0.,-1.,0.));
#13303=DIRECTION('ref_axis',(1.,0.,0.));
#13304=DIRECTION('',(0.,0.,1.));
#13305=DIRECTION('',(-1.,0.,0.));
#13306=DIRECTION('center_axis',(0.,0.,1.));
#13307=DIRECTION('ref_axis',(-0.707106781186553,-0.707106781186542,0.));
#13308=DIRECTION('',(0.,0.,-1.));
#13309=DIRECTION('center_axis',(0.,0.,1.));
#13310=DIRECTION('ref_axis',(-0.707106781186553,-0.707106781186542,0.));
#13311=DIRECTION('center_axis',(0.,0.,1.));
#13312=DIRECTION('ref_axis',(1.,0.,0.));
#13313=DIRECTION('center_axis',(0.,0.,1.));
#13314=DIRECTION('ref_axis',(-0.707106781186553,0.707106781186542,0.));
#13315=DIRECTION('',(0.,0.,-1.));
#13316=DIRECTION('center_axis',(0.,0.,1.));
#13317=DIRECTION('ref_axis',(-0.707106781186553,0.707106781186542,0.));
#13318=DIRECTION('',(0.,0.,1.));
#13319=DIRECTION('center_axis',(0.,1.,0.));
#13320=DIRECTION('ref_axis',(-1.,0.,0.));
#13321=DIRECTION('',(0.,0.,1.));
#13322=DIRECTION('',(1.,0.,0.));
#13323=DIRECTION('center_axis',(0.,0.,1.));
#13324=DIRECTION('ref_axis',(0.707106781186558,0.707106781186537,0.));
#13325=DIRECTION('center_axis',(0.,0.,1.));
#13326=DIRECTION('ref_axis',(0.707106781186558,0.707106781186537,0.));
#13327=DIRECTION('center_axis',(-1.,0.,0.));
#13328=DIRECTION('ref_axis',(0.,-1.,0.));
#13329=DIRECTION('',(0.,1.,0.));
#13330=DIRECTION('center_axis',(0.,0.,1.));
#13331=DIRECTION('ref_axis',(1.,0.,0.));
#13332=DIRECTION('center_axis',(-1.,0.,0.));
#13333=DIRECTION('ref_axis',(0.,-1.,0.));
#13334=DIRECTION('center_axis',(0.,0.,-1.));
#13335=DIRECTION('ref_axis',(-0.707106781186542,-0.707106781186553,0.));
#13336=DIRECTION('center_axis',(0.,-1.,0.));
#13337=DIRECTION('ref_axis',(0.,0.,1.));
#13338=DIRECTION('center_axis',(0.,0.,1.));
#13339=DIRECTION('ref_axis',(-0.707106781186543,-0.707106781186553,0.));
#13340=DIRECTION('center_axis',(0.,-1.,0.));
#13341=DIRECTION('ref_axis',(-0.707106781186547,0.,0.707106781186547));
#13342=DIRECTION('center_axis',(0.,-1.,0.));
#13343=DIRECTION('ref_axis',(0.,0.,1.));
#13344=DIRECTION('',(0.,-1.,0.));
#13345=DIRECTION('',(0.,1.,0.));
#13346=DIRECTION('center_axis',(-1.,0.,0.));
#13347=DIRECTION('ref_axis',(0.,0.,1.));
#13348=DIRECTION('center_axis',(0.,0.,1.));
#13349=DIRECTION('ref_axis',(-0.70710678118655,0.707106781186545,0.));
#13350=DIRECTION('center_axis',(0.,0.,-1.));
#13351=DIRECTION('ref_axis',(-0.70710678118655,0.707106781186545,0.));
#13352=DIRECTION('center_axis',(-1.,0.,0.));
#13353=DIRECTION('ref_axis',(0.,0.707106781186544,0.707106781186551));
#13354=DIRECTION('center_axis',(-1.,0.,0.));
#13355=DIRECTION('ref_axis',(0.,0.,1.));
#13356=DIRECTION('',(-1.,0.,0.));
#13357=DIRECTION('',(1.,0.,0.));
#13358=DIRECTION('center_axis',(0.,1.,0.));
#13359=DIRECTION('ref_axis',(0.,0.,1.));
#13360=DIRECTION('center_axis',(0.,0.,1.));
#13361=DIRECTION('ref_axis',(0.707106781186543,0.707106781186552,0.));
#13362=DIRECTION('center_axis',(0.,0.,-1.));
#13363=DIRECTION('ref_axis',(0.707106781186543,0.707106781186552,0.));
#13364=DIRECTION('center_axis',(0.,1.,0.));
#13365=DIRECTION('ref_axis',(0.707106781186547,0.,0.707106781186548));
#13366=DIRECTION('center_axis',(0.,1.,0.));
#13367=DIRECTION('ref_axis',(0.,0.,1.));
#13368=DIRECTION('',(0.,1.,0.));
#13369=DIRECTION('',(0.,-1.,0.));
#13370=DIRECTION('center_axis',(1.,0.,0.));
#13371=DIRECTION('ref_axis',(0.,0.,1.));
#13372=DIRECTION('center_axis',(0.,0.,1.));
#13373=DIRECTION('ref_axis',(0.707106781186543,-0.707106781186552,0.));
#13374=DIRECTION('center_axis',(0.,0.,-1.));
#13375=DIRECTION('ref_axis',(0.707106781186543,-0.707106781186552,0.));
#13376=DIRECTION('center_axis',(1.,0.,0.));
#13377=DIRECTION('ref_axis',(0.,-0.707106781186544,0.707106781186551));
#13378=DIRECTION('',(-1.,0.,0.));
#13379=DIRECTION('',(1.,0.,0.));
#13380=DIRECTION('center_axis',(1.,0.,0.));
#13381=DIRECTION('ref_axis',(0.,1.,0.));
#13382=DIRECTION('',(0.,0.,1.));
#13383=DIRECTION('',(0.,-1.,0.));
#13384=DIRECTION('',(0.,0.,-1.));
#13385=DIRECTION('center_axis',(0.,0.,1.));
#13386=DIRECTION('ref_axis',(0.707106781186555,-0.70710678118654,0.));
#13387=DIRECTION('',(0.,0.,-1.));
#13388=DIRECTION('center_axis',(0.,0.,1.));
#13389=DIRECTION('ref_axis',(0.707106781186555,-0.70710678118654,0.));
#13390=DIRECTION('center_axis',(0.,-1.,0.));
#13391=DIRECTION('ref_axis',(1.,0.,0.));
#13392=DIRECTION('',(0.,0.,1.));
#13393=DIRECTION('',(-1.,0.,0.));
#13394=DIRECTION('center_axis',(0.,0.,1.));
#13395=DIRECTION('ref_axis',(-0.707106781186555,-0.70710678118654,0.));
#13396=DIRECTION('',(0.,0.,-1.));
#13397=DIRECTION('center_axis',(0.,0.,1.));
#13398=DIRECTION('ref_axis',(-0.707106781186555,-0.70710678118654,0.));
#13399=DIRECTION('center_axis',(0.,0.,1.));
#13400=DIRECTION('ref_axis',(1.,0.,0.));
#13401=DIRECTION('center_axis',(0.,0.,1.));
#13402=DIRECTION('ref_axis',(0.707106781186555,0.70710678118654,0.));
#13403=DIRECTION('center_axis',(0.,0.,1.));
#13404=DIRECTION('ref_axis',(0.707106781186555,0.70710678118654,0.));
#13405=DIRECTION('',(0.,0.,1.));
#13406=DIRECTION('center_axis',(0.,0.,1.));
#13407=DIRECTION('ref_axis',(1.,0.,0.));
#13408=DIRECTION('',(0.,1.,0.));
#13409=DIRECTION('center_axis',(0.,0.,1.));
#13410=DIRECTION('ref_axis',(-0.707106781186555,0.70710678118654,0.));
#13411=DIRECTION('',(1.,0.,0.));
#13412=DIRECTION('center_axis',(0.,0.,1.));
#13413=DIRECTION('ref_axis',(-0.707106781186555,0.70710678118654,0.));
#13414=DIRECTION('',(0.,0.,-1.));
#13415=DIRECTION('',(0.,0.,1.));
#13416=DIRECTION('center_axis',(-1.,0.,0.));
#13417=DIRECTION('ref_axis',(0.,-1.,0.));
#13418=DIRECTION('center_axis',(0.,1.,0.));
#13419=DIRECTION('ref_axis',(-1.,0.,0.));
#13420=DIRECTION('center_axis',(-1.,0.,0.));
#13421=DIRECTION('ref_axis',(0.,-1.,0.));
#13422=DIRECTION('center_axis',(0.,0.,-1.));
#13423=DIRECTION('ref_axis',(-0.707106781186549,-0.707106781186546,0.));
#13424=DIRECTION('center_axis',(0.,-1.,0.));
#13425=DIRECTION('ref_axis',(0.,0.,1.));
#13426=DIRECTION('center_axis',(0.,0.,1.));
#13427=DIRECTION('ref_axis',(-0.707106781186549,-0.707106781186546,0.));
#13428=DIRECTION('center_axis',(0.,-1.,0.));
#13429=DIRECTION('ref_axis',(-0.707106781186549,0.,0.707106781186546));
#13430=DIRECTION('center_axis',(0.,-1.,0.));
#13431=DIRECTION('ref_axis',(0.,0.,1.));
#13432=DIRECTION('',(0.,-1.,0.));
#13433=DIRECTION('',(0.,1.,0.));
#13434=DIRECTION('center_axis',(-1.,0.,0.));
#13435=DIRECTION('ref_axis',(0.,0.,1.));
#13436=DIRECTION('center_axis',(0.,0.,1.));
#13437=DIRECTION('ref_axis',(-0.707106781186542,0.707106781186553,0.));
#13438=DIRECTION('center_axis',(0.,0.,-1.));
#13439=DIRECTION('ref_axis',(-0.707106781186542,0.707106781186553,0.));
#13440=DIRECTION('center_axis',(-1.,0.,0.));
#13441=DIRECTION('ref_axis',(0.,0.707106781186544,0.707106781186551));
#13442=DIRECTION('center_axis',(-1.,0.,0.));
#13443=DIRECTION('ref_axis',(0.,0.,1.));
#13444=DIRECTION('',(-1.,0.,0.));
#13445=DIRECTION('',(1.,0.,0.));
#13446=DIRECTION('center_axis',(0.,1.,0.));
#13447=DIRECTION('ref_axis',(0.,0.,1.));
#13448=DIRECTION('center_axis',(0.,0.,1.));
#13449=DIRECTION('ref_axis',(0.707106781186551,0.707106781186544,0.));
#13450=DIRECTION('center_axis',(0.,0.,-1.));
#13451=DIRECTION('ref_axis',(0.707106781186551,0.707106781186544,0.));
#13452=DIRECTION('center_axis',(0.,1.,0.));
#13453=DIRECTION('ref_axis',(0.707106781186544,0.,0.707106781186551));
#13454=DIRECTION('center_axis',(0.,1.,0.));
#13455=DIRECTION('ref_axis',(0.,0.,1.));
#13456=DIRECTION('',(0.,1.,0.));
#13457=DIRECTION('',(0.,-1.,0.));
#13458=DIRECTION('center_axis',(1.,0.,0.));
#13459=DIRECTION('ref_axis',(0.,0.,1.));
#13460=DIRECTION('center_axis',(0.,0.,1.));
#13461=DIRECTION('ref_axis',(0.707106781186547,-0.707106781186547,0.));
#13462=DIRECTION('center_axis',(0.,0.,-1.));
#13463=DIRECTION('ref_axis',(0.707106781186547,-0.707106781186547,0.));
#13464=DIRECTION('center_axis',(1.,0.,0.));
#13465=DIRECTION('ref_axis',(0.,-0.707106781186553,0.707106781186542));
#13466=DIRECTION('',(-1.,0.,0.));
#13467=DIRECTION('',(1.,0.,0.));
#13468=DIRECTION('center_axis',(1.,0.,0.));
#13469=DIRECTION('ref_axis',(0.,1.,0.));
#13470=DIRECTION('',(0.,0.,1.));
#13471=DIRECTION('',(0.,-1.,0.));
#13472=DIRECTION('',(0.,0.,-1.));
#13473=DIRECTION('center_axis',(0.,0.,1.));
#13474=DIRECTION('ref_axis',(0.707106781186547,-0.707106781186547,0.));
#13475=DIRECTION('',(0.,0.,-1.));
#13476=DIRECTION('center_axis',(0.,0.,1.));
#13477=DIRECTION('ref_axis',(0.707106781186547,-0.707106781186547,0.));
#13478=DIRECTION('center_axis',(0.,-1.,0.));
#13479=DIRECTION('ref_axis',(1.,0.,0.));
#13480=DIRECTION('',(0.,0.,1.));
#13481=DIRECTION('',(-1.,0.,0.));
#13482=DIRECTION('center_axis',(0.,0.,1.));
#13483=DIRECTION('ref_axis',(-0.70710678118655,-0.707106781186545,0.));
#13484=DIRECTION('',(0.,0.,-1.));
#13485=DIRECTION('center_axis',(0.,0.,1.));
#13486=DIRECTION('ref_axis',(-0.70710678118655,-0.707106781186545,0.));
#13487=DIRECTION('center_axis',(0.,0.,1.));
#13488=DIRECTION('ref_axis',(1.,0.,0.));
#13489=DIRECTION('center_axis',(0.,0.,1.));
#13490=DIRECTION('ref_axis',(-0.707106781186555,0.70710678118654,0.));
#13491=DIRECTION('',(0.,0.,-1.));
#13492=DIRECTION('center_axis',(0.,0.,1.));
#13493=DIRECTION('ref_axis',(-0.707106781186555,0.70710678118654,0.));
#13494=DIRECTION('',(0.,0.,1.));
#13495=DIRECTION('center_axis',(-1.,0.,0.));
#13496=DIRECTION('ref_axis',(0.,-1.,0.));
#13497=DIRECTION('',(0.,1.,0.));
#13498=DIRECTION('center_axis',(0.,0.,1.));
#13499=DIRECTION('ref_axis',(1.,0.,0.));
#13500=DIRECTION('',(1.,0.,0.));
#13501=DIRECTION('center_axis',(0.,0.,1.));
#13502=DIRECTION('ref_axis',(0.707106781186547,0.707106781186547,0.));
#13503=DIRECTION('center_axis',(0.,0.,1.));
#13504=DIRECTION('ref_axis',(0.707106781186547,0.707106781186547,0.));
#13505=DIRECTION('',(0.,0.,1.));
#13506=DIRECTION('center_axis',(0.,1.,0.));
#13507=DIRECTION('ref_axis',(-1.,0.,0.));
#13508=DIRECTION('center_axis',(-1.,0.,0.));
#13509=DIRECTION('ref_axis',(0.,-1.,0.));
#13510=DIRECTION('center_axis',(0.,0.,-1.));
#13511=DIRECTION('ref_axis',(-0.707106781186543,-0.707106781186552,0.));
#13512=DIRECTION('center_axis',(0.,-1.,0.));
#13513=DIRECTION('ref_axis',(0.,0.,1.));
#13514=DIRECTION('center_axis',(0.,0.,1.));
#13515=DIRECTION('ref_axis',(-0.707106781186543,-0.707106781186552,0.));
#13516=DIRECTION('center_axis',(0.,-1.,0.));
#13517=DIRECTION('ref_axis',(-0.707106781186547,0.,0.707106781186548));
#13518=DIRECTION('center_axis',(0.,-1.,0.));
#13519=DIRECTION('ref_axis',(0.,0.,1.));
#13520=DIRECTION('',(0.,-1.,0.));
#13521=DIRECTION('',(0.,1.,0.));
#13522=DIRECTION('center_axis',(-1.,0.,0.));
#13523=DIRECTION('ref_axis',(0.,0.,1.));
#13524=DIRECTION('center_axis',(0.,0.,1.));
#13525=DIRECTION('ref_axis',(-0.707106781186543,0.707106781186552,0.));
#13526=DIRECTION('center_axis',(0.,0.,-1.));
#13527=DIRECTION('ref_axis',(-0.707106781186543,0.707106781186552,0.));
#13528=DIRECTION('center_axis',(-1.,0.,0.));
#13529=DIRECTION('ref_axis',(0.,0.707106781186544,0.707106781186551));
#13530=DIRECTION('center_axis',(-1.,0.,0.));
#13531=DIRECTION('ref_axis',(0.,0.,1.));
#13532=DIRECTION('',(-1.,0.,0.));
#13533=DIRECTION('',(1.,0.,0.));
#13534=DIRECTION('center_axis',(0.,1.,0.));
#13535=DIRECTION('ref_axis',(0.,0.,1.));
#13536=DIRECTION('center_axis',(0.,0.,1.));
#13537=DIRECTION('ref_axis',(0.707106781186542,0.707106781186553,0.));
#13538=DIRECTION('center_axis',(0.,0.,-1.));
#13539=DIRECTION('ref_axis',(0.707106781186542,0.707106781186553,0.));
#13540=DIRECTION('center_axis',(0.,1.,0.));
#13541=DIRECTION('ref_axis',(0.707106781186549,0.,0.707106781186546));
#13542=DIRECTION('center_axis',(0.,1.,0.));
#13543=DIRECTION('ref_axis',(0.,0.,1.));
#13544=DIRECTION('',(0.,1.,0.));
#13545=DIRECTION('',(0.,-1.,0.));
#13546=DIRECTION('center_axis',(1.,0.,0.));
#13547=DIRECTION('ref_axis',(0.,0.,1.));
#13548=DIRECTION('center_axis',(0.,0.,1.));
#13549=DIRECTION('ref_axis',(0.707106781186542,-0.707106781186553,0.));
#13550=DIRECTION('center_axis',(0.,0.,-1.));
#13551=DIRECTION('ref_axis',(0.707106781186542,-0.707106781186553,0.));
#13552=DIRECTION('center_axis',(1.,0.,0.));
#13553=DIRECTION('ref_axis',(0.,-0.707106781186544,0.707106781186551));
#13554=DIRECTION('',(-1.,0.,0.));
#13555=DIRECTION('',(1.,0.,0.));
#13556=DIRECTION('center_axis',(1.,0.,0.));
#13557=DIRECTION('ref_axis',(0.,1.,0.));
#13558=DIRECTION('',(0.,0.,1.));
#13559=DIRECTION('',(0.,-1.,0.));
#13560=DIRECTION('',(0.,0.,-1.));
#13561=DIRECTION('center_axis',(0.,0.,1.));
#13562=DIRECTION('ref_axis',(0.707106781186555,-0.70710678118654,0.));
#13563=DIRECTION('',(0.,0.,-1.));
#13564=DIRECTION('center_axis',(0.,0.,1.));
#13565=DIRECTION('ref_axis',(0.707106781186555,-0.70710678118654,0.));
#13566=DIRECTION('center_axis',(0.,-1.,0.));
#13567=DIRECTION('ref_axis',(1.,0.,0.));
#13568=DIRECTION('',(0.,0.,1.));
#13569=DIRECTION('',(-1.,0.,0.));
#13570=DIRECTION('center_axis',(0.,0.,1.));
#13571=DIRECTION('ref_axis',(-0.707106781186555,-0.70710678118654,0.));
#13572=DIRECTION('',(0.,0.,-1.));
#13573=DIRECTION('center_axis',(0.,0.,1.));
#13574=DIRECTION('ref_axis',(-0.707106781186555,-0.70710678118654,0.));
#13575=DIRECTION('center_axis',(0.,0.,1.));
#13576=DIRECTION('ref_axis',(1.,0.,0.));
#13577=DIRECTION('center_axis',(-1.,0.,0.));
#13578=DIRECTION('ref_axis',(0.,-1.,0.));
#13579=DIRECTION('',(0.,0.,1.));
#13580=DIRECTION('',(0.,1.,0.));
#13581=DIRECTION('center_axis',(0.,0.,1.));
#13582=DIRECTION('ref_axis',(-0.707106781186555,0.70710678118654,0.));
#13583=DIRECTION('',(0.,0.,-1.));
#13584=DIRECTION('center_axis',(0.,0.,1.));
#13585=DIRECTION('ref_axis',(-0.707106781186555,0.70710678118654,0.));
#13586=DIRECTION('center_axis',(0.,1.,0.));
#13587=DIRECTION('ref_axis',(-1.,0.,0.));
#13588=DIRECTION('',(0.,0.,1.));
#13589=DIRECTION('',(1.,0.,0.));
#13590=DIRECTION('center_axis',(0.,0.,1.));
#13591=DIRECTION('ref_axis',(0.707106781186555,0.70710678118654,0.));
#13592=DIRECTION('center_axis',(0.,0.,1.));
#13593=DIRECTION('ref_axis',(0.707106781186555,0.70710678118654,0.));
#13594=DIRECTION('center_axis',(0.,0.,1.));
#13595=DIRECTION('ref_axis',(1.,0.,0.));
#13596=DIRECTION('center_axis',(-1.,0.,0.));
#13597=DIRECTION('ref_axis',(0.,-1.,0.));
#13598=DIRECTION('center_axis',(0.,0.,-1.));
#13599=DIRECTION('ref_axis',(-0.707106781186542,-0.707106781186553,0.));
#13600=DIRECTION('center_axis',(0.,-1.,0.));
#13601=DIRECTION('ref_axis',(0.,0.,1.));
#13602=DIRECTION('center_axis',(0.,0.,1.));
#13603=DIRECTION('ref_axis',(-0.707106781186542,-0.707106781186553,0.));
#13604=DIRECTION('center_axis',(0.,-1.,0.));
#13605=DIRECTION('ref_axis',(-0.707106781186549,0.,0.707106781186546));
#13606=DIRECTION('center_axis',(0.,-1.,0.));
#13607=DIRECTION('ref_axis',(0.,0.,1.));
#13608=DIRECTION('',(0.,-1.,0.));
#13609=DIRECTION('',(0.,1.,0.));
#13610=DIRECTION('center_axis',(-1.,0.,0.));
#13611=DIRECTION('ref_axis',(0.,0.,1.));
#13612=DIRECTION('center_axis',(0.,0.,1.));
#13613=DIRECTION('ref_axis',(-0.707106781186542,0.707106781186553,0.));
#13614=DIRECTION('center_axis',(0.,0.,-1.));
#13615=DIRECTION('ref_axis',(-0.707106781186542,0.707106781186553,0.));
#13616=DIRECTION('center_axis',(-1.,0.,0.));
#13617=DIRECTION('ref_axis',(0.,0.707106781186544,0.707106781186551));
#13618=DIRECTION('center_axis',(-1.,0.,0.));
#13619=DIRECTION('ref_axis',(0.,0.,1.));
#13620=DIRECTION('',(-1.,0.,0.));
#13621=DIRECTION('',(1.,0.,0.));
#13622=DIRECTION('center_axis',(0.,1.,0.));
#13623=DIRECTION('ref_axis',(0.,0.,1.));
#13624=DIRECTION('center_axis',(0.,0.,1.));
#13625=DIRECTION('ref_axis',(0.707106781186544,0.707106781186551,0.));
#13626=DIRECTION('center_axis',(0.,0.,-1.));
#13627=DIRECTION('ref_axis',(0.707106781186544,0.707106781186551,0.));
#13628=DIRECTION('center_axis',(0.,1.,0.));
#13629=DIRECTION('ref_axis',(0.707106781186544,0.,0.707106781186551));
#13630=DIRECTION('center_axis',(0.,1.,0.));
#13631=DIRECTION('ref_axis',(0.,0.,1.));
#13632=DIRECTION('',(0.,1.,0.));
#13633=DIRECTION('',(0.,-1.,0.));
#13634=DIRECTION('center_axis',(1.,0.,0.));
#13635=DIRECTION('ref_axis',(0.,0.,1.));
#13636=DIRECTION('center_axis',(0.,0.,1.));
#13637=DIRECTION('ref_axis',(0.707106781186544,-0.707106781186551,0.));
#13638=DIRECTION('center_axis',(0.,0.,-1.));
#13639=DIRECTION('ref_axis',(0.707106781186544,-0.707106781186551,0.));
#13640=DIRECTION('center_axis',(1.,0.,0.));
#13641=DIRECTION('ref_axis',(0.,-0.707106781186544,0.707106781186551));
#13642=DIRECTION('',(-1.,0.,0.));
#13643=DIRECTION('',(1.,0.,0.));
#13644=DIRECTION('center_axis',(1.,0.,0.));
#13645=DIRECTION('ref_axis',(0.,1.,0.));
#13646=DIRECTION('',(0.,0.,1.));
#13647=DIRECTION('',(0.,-1.,0.));
#13648=DIRECTION('',(0.,0.,-1.));
#13649=DIRECTION('center_axis',(0.,0.,1.));
#13650=DIRECTION('ref_axis',(0.707106781186558,-0.707106781186537,0.));
#13651=DIRECTION('',(0.,0.,-1.));
#13652=DIRECTION('center_axis',(0.,0.,1.));
#13653=DIRECTION('ref_axis',(0.707106781186558,-0.707106781186537,0.));
#13654=DIRECTION('center_axis',(0.,-1.,0.));
#13655=DIRECTION('ref_axis',(1.,0.,0.));
#13656=DIRECTION('',(0.,0.,1.));
#13657=DIRECTION('',(-1.,0.,0.));
#13658=DIRECTION('center_axis',(0.,0.,1.));
#13659=DIRECTION('ref_axis',(-0.707106781186555,-0.70710678118654,0.));
#13660=DIRECTION('',(0.,0.,-1.));
#13661=DIRECTION('center_axis',(0.,0.,1.));
#13662=DIRECTION('ref_axis',(-0.707106781186555,-0.70710678118654,0.));
#13663=DIRECTION('center_axis',(0.,0.,1.));
#13664=DIRECTION('ref_axis',(1.,0.,0.));
#13665=DIRECTION('center_axis',(0.,0.,1.));
#13666=DIRECTION('ref_axis',(0.707106781186558,0.707106781186537,0.));
#13667=DIRECTION('center_axis',(0.,0.,1.));
#13668=DIRECTION('ref_axis',(0.707106781186558,0.707106781186537,0.));
#13669=DIRECTION('',(0.,0.,1.));
#13670=DIRECTION('center_axis',(0.,0.,1.));
#13671=DIRECTION('ref_axis',(1.,0.,0.));
#13672=DIRECTION('',(0.,1.,0.));
#13673=DIRECTION('center_axis',(0.,0.,1.));
#13674=DIRECTION('ref_axis',(-0.707106781186555,0.70710678118654,0.));
#13675=DIRECTION('',(1.,0.,0.));
#13676=DIRECTION('center_axis',(0.,0.,1.));
#13677=DIRECTION('ref_axis',(-0.707106781186555,0.70710678118654,0.));
#13678=DIRECTION('',(0.,0.,-1.));
#13679=DIRECTION('',(0.,0.,1.));
#13680=DIRECTION('center_axis',(-1.,0.,0.));
#13681=DIRECTION('ref_axis',(0.,-1.,0.));
#13682=DIRECTION('center_axis',(0.,1.,0.));
#13683=DIRECTION('ref_axis',(-1.,0.,0.));
#13684=DIRECTION('center_axis',(-1.,0.,0.));
#13685=DIRECTION('ref_axis',(0.,-1.,0.));
#13686=DIRECTION('center_axis',(0.,0.,-1.));
#13687=DIRECTION('ref_axis',(-0.707106781186544,-0.707106781186551,0.));
#13688=DIRECTION('center_axis',(0.,-1.,0.));
#13689=DIRECTION('ref_axis',(0.,0.,1.));
#13690=DIRECTION('center_axis',(0.,0.,1.));
#13691=DIRECTION('ref_axis',(-0.707106781186544,-0.707106781186551,0.));
#13692=DIRECTION('center_axis',(0.,-1.,0.));
#13693=DIRECTION('ref_axis',(-0.707106781186553,0.,0.707106781186542));
#13694=DIRECTION('center_axis',(0.,-1.,0.));
#13695=DIRECTION('ref_axis',(0.,0.,1.));
#13696=DIRECTION('',(0.,-1.,0.));
#13697=DIRECTION('',(0.,1.,0.));
#13698=DIRECTION('center_axis',(-1.,0.,0.));
#13699=DIRECTION('ref_axis',(0.,0.,1.));
#13700=DIRECTION('center_axis',(0.,0.,1.));
#13701=DIRECTION('ref_axis',(-0.707106781186551,0.707106781186544,0.));
#13702=DIRECTION('center_axis',(0.,0.,-1.));
#13703=DIRECTION('ref_axis',(-0.707106781186551,0.707106781186544,0.));
#13704=DIRECTION('center_axis',(-1.,0.,0.));
#13705=DIRECTION('ref_axis',(0.,0.707106781186553,0.707106781186542));
#13706=DIRECTION('center_axis',(-1.,0.,0.));
#13707=DIRECTION('ref_axis',(0.,0.,1.));
#13708=DIRECTION('',(-1.,0.,0.));
#13709=DIRECTION('',(1.,0.,0.));
#13710=DIRECTION('center_axis',(0.,1.,0.));
#13711=DIRECTION('ref_axis',(0.,0.,1.));
#13712=DIRECTION('center_axis',(0.,0.,1.));
#13713=DIRECTION('ref_axis',(0.707106781186544,0.707106781186551,0.));
#13714=DIRECTION('center_axis',(0.,0.,-1.));
#13715=DIRECTION('ref_axis',(0.707106781186544,0.707106781186551,0.));
#13716=DIRECTION('center_axis',(0.,1.,0.));
#13717=DIRECTION('ref_axis',(0.707106781186544,0.,0.707106781186551));
#13718=DIRECTION('center_axis',(0.,1.,0.));
#13719=DIRECTION('ref_axis',(0.,0.,1.));
#13720=DIRECTION('',(0.,1.,0.));
#13721=DIRECTION('',(0.,-1.,0.));
#13722=DIRECTION('center_axis',(1.,0.,0.));
#13723=DIRECTION('ref_axis',(0.,0.,1.));
#13724=DIRECTION('center_axis',(0.,0.,1.));
#13725=DIRECTION('ref_axis',(0.707106781186547,-0.707106781186547,0.));
#13726=DIRECTION('center_axis',(0.,0.,-1.));
#13727=DIRECTION('ref_axis',(0.707106781186547,-0.707106781186547,0.));
#13728=DIRECTION('center_axis',(1.,0.,0.));
#13729=DIRECTION('ref_axis',(0.,-0.707106781186553,0.707106781186542));
#13730=DIRECTION('',(-1.,0.,0.));
#13731=DIRECTION('',(1.,0.,0.));
#13732=DIRECTION('center_axis',(1.,0.,0.));
#13733=DIRECTION('ref_axis',(0.,1.,0.));
#13734=DIRECTION('',(0.,0.,1.));
#13735=DIRECTION('',(0.,-1.,0.));
#13736=DIRECTION('',(0.,0.,-1.));
#13737=DIRECTION('center_axis',(0.,0.,1.));
#13738=DIRECTION('ref_axis',(0.707106781186547,-0.707106781186547,0.));
#13739=DIRECTION('',(0.,0.,-1.));
#13740=DIRECTION('center_axis',(0.,0.,1.));
#13741=DIRECTION('ref_axis',(0.707106781186547,-0.707106781186547,0.));
#13742=DIRECTION('center_axis',(0.,-1.,0.));
#13743=DIRECTION('ref_axis',(1.,0.,0.));
#13744=DIRECTION('',(0.,0.,1.));
#13745=DIRECTION('',(-1.,0.,0.));
#13746=DIRECTION('center_axis',(0.,0.,1.));
#13747=DIRECTION('ref_axis',(-0.707106781186553,-0.707106781186542,0.));
#13748=DIRECTION('',(0.,0.,-1.));
#13749=DIRECTION('center_axis',(0.,0.,1.));
#13750=DIRECTION('ref_axis',(-0.707106781186553,-0.707106781186542,0.));
#13751=DIRECTION('center_axis',(0.,0.,1.));
#13752=DIRECTION('ref_axis',(1.,0.,0.));
#13753=DIRECTION('center_axis',(0.,0.,1.));
#13754=DIRECTION('ref_axis',(0.707106781186553,0.707106781186542,0.));
#13755=DIRECTION('center_axis',(0.,0.,1.));
#13756=DIRECTION('ref_axis',(0.707106781186553,0.707106781186542,0.));
#13757=DIRECTION('',(0.,0.,1.));
#13758=DIRECTION('center_axis',(0.,0.,1.));
#13759=DIRECTION('ref_axis',(1.,0.,0.));
#13760=DIRECTION('',(0.,1.,0.));
#13761=DIRECTION('center_axis',(0.,0.,1.));
#13762=DIRECTION('ref_axis',(-0.707106781186542,0.707106781186553,0.));
#13763=DIRECTION('',(1.,0.,0.));
#13764=DIRECTION('center_axis',(0.,0.,1.));
#13765=DIRECTION('ref_axis',(-0.707106781186542,0.707106781186553,0.));
#13766=DIRECTION('',(0.,0.,-1.));
#13767=DIRECTION('',(0.,0.,1.));
#13768=DIRECTION('center_axis',(-1.,0.,0.));
#13769=DIRECTION('ref_axis',(0.,-1.,0.));
#13770=DIRECTION('center_axis',(0.,1.,0.));
#13771=DIRECTION('ref_axis',(-1.,0.,0.));
#13772=DIRECTION('center_axis',(-1.,0.,0.));
#13773=DIRECTION('ref_axis',(0.,-1.,0.));
#13774=DIRECTION('center_axis',(0.,0.,-1.));
#13775=DIRECTION('ref_axis',(-0.707106781186542,-0.707106781186553,0.));
#13776=DIRECTION('center_axis',(0.,-1.,0.));
#13777=DIRECTION('ref_axis',(0.,0.,1.));
#13778=DIRECTION('center_axis',(0.,0.,1.));
#13779=DIRECTION('ref_axis',(-0.707106781186542,-0.707106781186553,0.));
#13780=DIRECTION('center_axis',(0.,-1.,0.));
#13781=DIRECTION('ref_axis',(-0.707106781186549,0.,0.707106781186546));
#13782=DIRECTION('center_axis',(0.,-1.,0.));
#13783=DIRECTION('ref_axis',(0.,0.,1.));
#13784=DIRECTION('',(0.,-1.,0.));
#13785=DIRECTION('',(0.,1.,0.));
#13786=DIRECTION('center_axis',(-1.,0.,0.));
#13787=DIRECTION('ref_axis',(0.,0.,1.));
#13788=DIRECTION('center_axis',(0.,0.,1.));
#13789=DIRECTION('ref_axis',(-0.707106781186542,0.707106781186553,0.));
#13790=DIRECTION('center_axis',(0.,0.,-1.));
#13791=DIRECTION('ref_axis',(-0.707106781186542,0.707106781186553,0.));
#13792=DIRECTION('center_axis',(-1.,0.,0.));
#13793=DIRECTION('ref_axis',(0.,0.707106781186544,0.707106781186551));
#13794=DIRECTION('center_axis',(-1.,0.,0.));
#13795=DIRECTION('ref_axis',(0.,0.,1.));
#13796=DIRECTION('',(-1.,0.,0.));
#13797=DIRECTION('',(1.,0.,0.));
#13798=DIRECTION('center_axis',(0.,1.,0.));
#13799=DIRECTION('ref_axis',(0.,0.,1.));
#13800=DIRECTION('center_axis',(0.,0.,1.));
#13801=DIRECTION('ref_axis',(0.707106781186544,0.707106781186551,0.));
#13802=DIRECTION('center_axis',(0.,0.,-1.));
#13803=DIRECTION('ref_axis',(0.707106781186544,0.707106781186551,0.));
#13804=DIRECTION('center_axis',(0.,1.,0.));
#13805=DIRECTION('ref_axis',(0.707106781186544,0.,0.707106781186551));
#13806=DIRECTION('center_axis',(0.,1.,0.));
#13807=DIRECTION('ref_axis',(0.,0.,1.));
#13808=DIRECTION('',(0.,1.,0.));
#13809=DIRECTION('',(0.,-1.,0.));
#13810=DIRECTION('center_axis',(1.,0.,0.));
#13811=DIRECTION('ref_axis',(0.,0.,1.));
#13812=DIRECTION('center_axis',(0.,0.,1.));
#13813=DIRECTION('ref_axis',(0.707106781186544,-0.707106781186551,0.));
#13814=DIRECTION('center_axis',(0.,0.,-1.));
#13815=DIRECTION('ref_axis',(0.707106781186544,-0.707106781186551,0.));
#13816=DIRECTION('center_axis',(1.,0.,0.));
#13817=DIRECTION('ref_axis',(0.,-0.707106781186544,0.707106781186551));
#13818=DIRECTION('',(-1.,0.,0.));
#13819=DIRECTION('',(1.,0.,0.));
#13820=DIRECTION('center_axis',(1.,0.,0.));
#13821=DIRECTION('ref_axis',(0.,1.,0.));
#13822=DIRECTION('',(0.,0.,1.));
#13823=DIRECTION('',(0.,-1.,0.));
#13824=DIRECTION('',(0.,0.,-1.));
#13825=DIRECTION('center_axis',(0.,0.,1.));
#13826=DIRECTION('ref_axis',(0.707106781186558,-0.707106781186537,0.));
#13827=DIRECTION('',(0.,0.,-1.));
#13828=DIRECTION('center_axis',(0.,0.,1.));
#13829=DIRECTION('ref_axis',(0.707106781186558,-0.707106781186537,0.));
#13830=DIRECTION('center_axis',(0.,-1.,0.));
#13831=DIRECTION('ref_axis',(1.,0.,0.));
#13832=DIRECTION('',(0.,0.,1.));
#13833=DIRECTION('',(-1.,0.,0.));
#13834=DIRECTION('center_axis',(0.,0.,1.));
#13835=DIRECTION('ref_axis',(-0.707106781186555,-0.70710678118654,0.));
#13836=DIRECTION('',(0.,0.,-1.));
#13837=DIRECTION('center_axis',(0.,0.,1.));
#13838=DIRECTION('ref_axis',(-0.707106781186555,-0.70710678118654,0.));
#13839=DIRECTION('center_axis',(0.,0.,1.));
#13840=DIRECTION('ref_axis',(1.,0.,0.));
#13841=DIRECTION('center_axis',(-1.,0.,0.));
#13842=DIRECTION('ref_axis',(0.,-1.,0.));
#13843=DIRECTION('',(0.,0.,1.));
#13844=DIRECTION('',(0.,1.,0.));
#13845=DIRECTION('center_axis',(0.,0.,1.));
#13846=DIRECTION('ref_axis',(-0.707106781186555,0.70710678118654,0.));
#13847=DIRECTION('',(0.,0.,-1.));
#13848=DIRECTION('center_axis',(0.,0.,1.));
#13849=DIRECTION('ref_axis',(-0.707106781186555,0.70710678118654,0.));
#13850=DIRECTION('center_axis',(0.,1.,0.));
#13851=DIRECTION('ref_axis',(-1.,0.,0.));
#13852=DIRECTION('',(0.,0.,1.));
#13853=DIRECTION('',(1.,0.,0.));
#13854=DIRECTION('center_axis',(0.,0.,1.));
#13855=DIRECTION('ref_axis',(0.707106781186558,0.707106781186537,0.));
#13856=DIRECTION('center_axis',(0.,0.,1.));
#13857=DIRECTION('ref_axis',(0.707106781186558,0.707106781186537,0.));
#13858=DIRECTION('center_axis',(0.,0.,1.));
#13859=DIRECTION('ref_axis',(1.,0.,0.));
#13860=DIRECTION('center_axis',(-1.,0.,0.));
#13861=DIRECTION('ref_axis',(0.,-1.,0.));
#13862=DIRECTION('center_axis',(0.,0.,-1.));
#13863=DIRECTION('ref_axis',(-0.707106781186543,-0.707106781186552,0.));
#13864=DIRECTION('center_axis',(0.,-1.,0.));
#13865=DIRECTION('ref_axis',(0.,0.,1.));
#13866=DIRECTION('center_axis',(0.,0.,1.));
#13867=DIRECTION('ref_axis',(-0.707106781186543,-0.707106781186552,0.));
#13868=DIRECTION('center_axis',(0.,-1.,0.));
#13869=DIRECTION('ref_axis',(-0.707106781186549,0.,0.707106781186546));
#13870=DIRECTION('center_axis',(0.,-1.,0.));
#13871=DIRECTION('ref_axis',(0.,0.,1.));
#13872=DIRECTION('',(0.,-1.,0.));
#13873=DIRECTION('',(0.,1.,0.));
#13874=DIRECTION('center_axis',(-1.,0.,0.));
#13875=DIRECTION('ref_axis',(0.,0.,1.));
#13876=DIRECTION('center_axis',(0.,0.,1.));
#13877=DIRECTION('ref_axis',(-0.707106781186543,0.707106781186552,0.));
#13878=DIRECTION('center_axis',(0.,0.,-1.));
#13879=DIRECTION('ref_axis',(-0.707106781186543,0.707106781186552,0.));
#13880=DIRECTION('center_axis',(-1.,0.,0.));
#13881=DIRECTION('ref_axis',(0.,0.707106781186544,0.707106781186551));
#13882=DIRECTION('center_axis',(-1.,0.,0.));
#13883=DIRECTION('ref_axis',(0.,0.,1.));
#13884=DIRECTION('',(-1.,0.,0.));
#13885=DIRECTION('',(1.,0.,0.));
#13886=DIRECTION('center_axis',(0.,1.,0.));
#13887=DIRECTION('ref_axis',(0.,0.,1.));
#13888=DIRECTION('center_axis',(0.,0.,1.));
#13889=DIRECTION('ref_axis',(0.707106781186542,0.707106781186553,0.));
#13890=DIRECTION('center_axis',(0.,0.,-1.));
#13891=DIRECTION('ref_axis',(0.707106781186542,0.707106781186553,0.));
#13892=DIRECTION('center_axis',(0.,1.,0.));
#13893=DIRECTION('ref_axis',(0.707106781186549,0.,0.707106781186546));
#13894=DIRECTION('center_axis',(0.,1.,0.));
#13895=DIRECTION('ref_axis',(0.,0.,1.));
#13896=DIRECTION('',(0.,1.,0.));
#13897=DIRECTION('',(0.,-1.,0.));
#13898=DIRECTION('center_axis',(1.,0.,0.));
#13899=DIRECTION('ref_axis',(0.,0.,1.));
#13900=DIRECTION('center_axis',(0.,0.,1.));
#13901=DIRECTION('ref_axis',(0.707106781186542,-0.707106781186553,0.));
#13902=DIRECTION('center_axis',(0.,0.,-1.));
#13903=DIRECTION('ref_axis',(0.707106781186542,-0.707106781186553,0.));
#13904=DIRECTION('center_axis',(1.,0.,0.));
#13905=DIRECTION('ref_axis',(0.,-0.707106781186544,0.707106781186551));
#13906=DIRECTION('',(-1.,0.,0.));
#13907=DIRECTION('',(1.,0.,0.));
#13908=DIRECTION('center_axis',(1.,0.,0.));
#13909=DIRECTION('ref_axis',(0.,1.,0.));
#13910=DIRECTION('',(0.,0.,1.));
#13911=DIRECTION('',(0.,-1.,0.));
#13912=DIRECTION('',(0.,0.,-1.));
#13913=DIRECTION('center_axis',(0.,0.,1.));
#13914=DIRECTION('ref_axis',(0.707106781186555,-0.70710678118654,0.));
#13915=DIRECTION('',(0.,0.,-1.));
#13916=DIRECTION('center_axis',(0.,0.,1.));
#13917=DIRECTION('ref_axis',(0.707106781186555,-0.70710678118654,0.));
#13918=DIRECTION('center_axis',(0.,-1.,0.));
#13919=DIRECTION('ref_axis',(1.,0.,0.));
#13920=DIRECTION('',(0.,0.,1.));
#13921=DIRECTION('',(-1.,0.,0.));
#13922=DIRECTION('center_axis',(0.,0.,1.));
#13923=DIRECTION('ref_axis',(-0.707106781186555,-0.70710678118654,0.));
#13924=DIRECTION('',(0.,0.,-1.));
#13925=DIRECTION('center_axis',(0.,0.,1.));
#13926=DIRECTION('ref_axis',(-0.707106781186555,-0.70710678118654,0.));
#13927=DIRECTION('center_axis',(0.,0.,1.));
#13928=DIRECTION('ref_axis',(1.,0.,0.));
#13929=DIRECTION('center_axis',(0.,0.,1.));
#13930=DIRECTION('ref_axis',(0.707106781186555,0.70710678118654,0.));
#13931=DIRECTION('center_axis',(0.,0.,1.));
#13932=DIRECTION('ref_axis',(0.707106781186555,0.70710678118654,0.));
#13933=DIRECTION('',(0.,0.,1.));
#13934=DIRECTION('center_axis',(0.,0.,1.));
#13935=DIRECTION('ref_axis',(1.,0.,0.));
#13936=DIRECTION('',(0.,1.,0.));
#13937=DIRECTION('center_axis',(0.,0.,1.));
#13938=DIRECTION('ref_axis',(-0.707106781186555,0.70710678118654,0.));
#13939=DIRECTION('',(1.,0.,0.));
#13940=DIRECTION('center_axis',(0.,0.,1.));
#13941=DIRECTION('ref_axis',(-0.707106781186555,0.70710678118654,0.));
#13942=DIRECTION('',(0.,0.,-1.));
#13943=DIRECTION('',(0.,0.,1.));
#13944=DIRECTION('center_axis',(-1.,0.,0.));
#13945=DIRECTION('ref_axis',(0.,-1.,0.));
#13946=DIRECTION('center_axis',(0.,1.,0.));
#13947=DIRECTION('ref_axis',(-1.,0.,0.));
#13948=DIRECTION('center_axis',(-1.,0.,0.));
#13949=DIRECTION('ref_axis',(0.,-1.,0.));
#13950=DIRECTION('center_axis',(0.,0.,-1.));
#13951=DIRECTION('ref_axis',(-0.70710678118655,-0.707106781186545,0.));
#13952=DIRECTION('center_axis',(0.,-1.,0.));
#13953=DIRECTION('ref_axis',(0.,0.,1.));
#13954=DIRECTION('center_axis',(0.,0.,1.));
#13955=DIRECTION('ref_axis',(-0.70710678118655,-0.707106781186545,0.));
#13956=DIRECTION('center_axis',(0.,-1.,0.));
#13957=DIRECTION('ref_axis',(-0.707106781186547,0.,0.707106781186547));
#13958=DIRECTION('center_axis',(0.,-1.,0.));
#13959=DIRECTION('ref_axis',(0.,0.,1.));
#13960=DIRECTION('',(0.,-1.,0.));
#13961=DIRECTION('',(0.,1.,0.));
#13962=DIRECTION('center_axis',(-1.,0.,0.));
#13963=DIRECTION('ref_axis',(0.,0.,1.));
#13964=DIRECTION('center_axis',(0.,0.,1.));
#13965=DIRECTION('ref_axis',(-0.70710678118655,0.707106781186545,0.));
#13966=DIRECTION('center_axis',(0.,0.,-1.));
#13967=DIRECTION('ref_axis',(-0.70710678118655,0.707106781186545,0.));
#13968=DIRECTION('center_axis',(-1.,0.,0.));
#13969=DIRECTION('ref_axis',(0.,0.707106781186544,0.707106781186551));
#13970=DIRECTION('center_axis',(-1.,0.,0.));
#13971=DIRECTION('ref_axis',(0.,0.,1.));
#13972=DIRECTION('',(-1.,0.,0.));
#13973=DIRECTION('',(1.,0.,0.));
#13974=DIRECTION('center_axis',(0.,1.,0.));
#13975=DIRECTION('ref_axis',(0.,0.,1.));
#13976=DIRECTION('center_axis',(0.,0.,1.));
#13977=DIRECTION('ref_axis',(0.707106781186543,0.707106781186552,0.));
#13978=DIRECTION('center_axis',(0.,0.,-1.));
#13979=DIRECTION('ref_axis',(0.707106781186543,0.707106781186552,0.));
#13980=DIRECTION('center_axis',(0.,1.,0.));
#13981=DIRECTION('ref_axis',(0.707106781186549,0.,0.707106781186546));
#13982=DIRECTION('center_axis',(0.,1.,0.));
#13983=DIRECTION('ref_axis',(0.,0.,1.));
#13984=DIRECTION('',(0.,1.,0.));
#13985=DIRECTION('',(0.,-1.,0.));
#13986=DIRECTION('center_axis',(1.,0.,0.));
#13987=DIRECTION('ref_axis',(0.,0.,1.));
#13988=DIRECTION('center_axis',(0.,0.,1.));
#13989=DIRECTION('ref_axis',(0.707106781186546,-0.707106781186549,0.));
#13990=DIRECTION('center_axis',(0.,0.,-1.));
#13991=DIRECTION('ref_axis',(0.707106781186546,-0.707106781186549,0.));
#13992=DIRECTION('center_axis',(1.,0.,0.));
#13993=DIRECTION('ref_axis',(0.,-0.707106781186553,0.707106781186542));
#13994=DIRECTION('',(-1.,0.,0.));
#13995=DIRECTION('',(1.,0.,0.));
#13996=DIRECTION('center_axis',(1.,0.,0.));
#13997=DIRECTION('ref_axis',(0.,1.,0.));
#13998=DIRECTION('',(0.,0.,1.));
#13999=DIRECTION('',(0.,-1.,0.));
#14000=DIRECTION('',(0.,0.,-1.));
#14001=DIRECTION('center_axis',(0.,0.,1.));
#14002=DIRECTION('ref_axis',(0.707106781186545,-0.70710678118655,0.));
#14003=DIRECTION('',(0.,0.,-1.));
#14004=DIRECTION('center_axis',(0.,0.,1.));
#14005=DIRECTION('ref_axis',(0.707106781186545,-0.70710678118655,0.));
#14006=DIRECTION('center_axis',(0.,-1.,0.));
#14007=DIRECTION('ref_axis',(1.,0.,0.));
#14008=DIRECTION('',(0.,0.,1.));
#14009=DIRECTION('',(-1.,0.,0.));
#14010=DIRECTION('center_axis',(0.,0.,1.));
#14011=DIRECTION('ref_axis',(-0.70710678118655,-0.707106781186545,0.));
#14012=DIRECTION('',(0.,0.,-1.));
#14013=DIRECTION('center_axis',(0.,0.,1.));
#14014=DIRECTION('ref_axis',(-0.70710678118655,-0.707106781186545,0.));
#14015=DIRECTION('center_axis',(0.,0.,1.));
#14016=DIRECTION('ref_axis',(1.,0.,0.));
#14017=DIRECTION('center_axis',(0.,0.,1.));
#14018=DIRECTION('ref_axis',(-0.707106781186555,0.70710678118654,0.));
#14019=DIRECTION('',(0.,0.,-1.));
#14020=DIRECTION('center_axis',(0.,0.,1.));
#14021=DIRECTION('ref_axis',(-0.707106781186555,0.70710678118654,0.));
#14022=DIRECTION('',(0.,0.,1.));
#14023=DIRECTION('center_axis',(-1.,0.,0.));
#14024=DIRECTION('ref_axis',(0.,-1.,0.));
#14025=DIRECTION('',(0.,1.,0.));
#14026=DIRECTION('center_axis',(0.,0.,1.));
#14027=DIRECTION('ref_axis',(1.,0.,0.));
#14028=DIRECTION('',(1.,0.,0.));
#14029=DIRECTION('center_axis',(0.,0.,1.));
#14030=DIRECTION('ref_axis',(0.707106781186555,0.70710678118654,0.));
#14031=DIRECTION('center_axis',(0.,0.,1.));
#14032=DIRECTION('ref_axis',(0.707106781186555,0.70710678118654,0.));
#14033=DIRECTION('',(0.,0.,1.));
#14034=DIRECTION('center_axis',(0.,1.,0.));
#14035=DIRECTION('ref_axis',(-1.,0.,0.));
#14036=DIRECTION('center_axis',(-1.,0.,0.));
#14037=DIRECTION('ref_axis',(0.,-1.,0.));
#14038=DIRECTION('center_axis',(0.,0.,-1.));
#14039=DIRECTION('ref_axis',(-0.70710678118655,-0.707106781186545,0.));
#14040=DIRECTION('center_axis',(0.,-1.,0.));
#14041=DIRECTION('ref_axis',(0.,0.,1.));
#14042=DIRECTION('center_axis',(0.,0.,1.));
#14043=DIRECTION('ref_axis',(-0.70710678118655,-0.707106781186545,0.));
#14044=DIRECTION('center_axis',(0.,-1.,0.));
#14045=DIRECTION('ref_axis',(-0.707106781186547,0.,0.707106781186547));
#14046=DIRECTION('center_axis',(0.,-1.,0.));
#14047=DIRECTION('ref_axis',(0.,0.,1.));
#14048=DIRECTION('',(0.,-1.,0.));
#14049=DIRECTION('',(0.,1.,0.));
#14050=DIRECTION('center_axis',(-1.,0.,0.));
#14051=DIRECTION('ref_axis',(0.,0.,1.));
#14052=DIRECTION('center_axis',(0.,0.,1.));
#14053=DIRECTION('ref_axis',(-0.707106781186546,0.707106781186549,0.));
#14054=DIRECTION('center_axis',(0.,0.,-1.));
#14055=DIRECTION('ref_axis',(-0.707106781186546,0.707106781186549,0.));
#14056=DIRECTION('center_axis',(-1.,0.,0.));
#14057=DIRECTION('ref_axis',(0.,0.707106781186553,0.707106781186542));
#14058=DIRECTION('center_axis',(-1.,0.,0.));
#14059=DIRECTION('ref_axis',(0.,0.,1.));
#14060=DIRECTION('',(-1.,0.,0.));
#14061=DIRECTION('',(1.,0.,0.));
#14062=DIRECTION('center_axis',(0.,1.,0.));
#14063=DIRECTION('ref_axis',(0.,0.,1.));
#14064=DIRECTION('center_axis',(0.,0.,1.));
#14065=DIRECTION('ref_axis',(0.70710678118655,0.707106781186545,0.));
#14066=DIRECTION('center_axis',(0.,0.,-1.));
#14067=DIRECTION('ref_axis',(0.70710678118655,0.707106781186545,0.));
#14068=DIRECTION('center_axis',(0.,1.,0.));
#14069=DIRECTION('ref_axis',(0.707106781186547,0.,0.707106781186548));
#14070=DIRECTION('center_axis',(0.,1.,0.));
#14071=DIRECTION('ref_axis',(0.,0.,1.));
#14072=DIRECTION('',(0.,1.,0.));
#14073=DIRECTION('',(0.,-1.,0.));
#14074=DIRECTION('center_axis',(1.,0.,0.));
#14075=DIRECTION('ref_axis',(0.,0.,1.));
#14076=DIRECTION('center_axis',(0.,0.,1.));
#14077=DIRECTION('ref_axis',(0.707106781186546,-0.707106781186549,0.));
#14078=DIRECTION('center_axis',(0.,0.,-1.));
#14079=DIRECTION('ref_axis',(0.707106781186546,-0.707106781186549,0.));
#14080=DIRECTION('center_axis',(1.,0.,0.));
#14081=DIRECTION('ref_axis',(0.,-0.707106781186553,0.707106781186542));
#14082=DIRECTION('',(-1.,0.,0.));
#14083=DIRECTION('',(1.,0.,0.));
#14084=DIRECTION('center_axis',(1.,0.,0.));
#14085=DIRECTION('ref_axis',(0.,1.,0.));
#14086=DIRECTION('',(0.,0.,1.));
#14087=DIRECTION('',(0.,-1.,0.));
#14088=DIRECTION('',(0.,0.,-1.));
#14089=DIRECTION('center_axis',(0.,0.,1.));
#14090=DIRECTION('ref_axis',(0.707106781186545,-0.70710678118655,0.));
#14091=DIRECTION('',(0.,0.,-1.));
#14092=DIRECTION('center_axis',(0.,0.,1.));
#14093=DIRECTION('ref_axis',(0.707106781186545,-0.70710678118655,0.));
#14094=DIRECTION('center_axis',(0.,-1.,0.));
#14095=DIRECTION('ref_axis',(1.,0.,0.));
#14096=DIRECTION('',(0.,0.,1.));
#14097=DIRECTION('',(-1.,0.,0.));
#14098=DIRECTION('center_axis',(0.,0.,1.));
#14099=DIRECTION('ref_axis',(-0.70710678118655,-0.707106781186545,0.));
#14100=DIRECTION('',(0.,0.,-1.));
#14101=DIRECTION('center_axis',(0.,0.,1.));
#14102=DIRECTION('ref_axis',(-0.70710678118655,-0.707106781186545,0.));
#14103=DIRECTION('center_axis',(0.,0.,1.));
#14104=DIRECTION('ref_axis',(1.,0.,0.));
#14105=DIRECTION('center_axis',(0.,0.,1.));
#14106=DIRECTION('ref_axis',(0.70710678118655,0.707106781186545,0.));
#14107=DIRECTION('center_axis',(0.,0.,1.));
#14108=DIRECTION('ref_axis',(0.70710678118655,0.707106781186545,0.));
#14109=DIRECTION('',(0.,0.,1.));
#14110=DIRECTION('center_axis',(0.,0.,1.));
#14111=DIRECTION('ref_axis',(1.,0.,0.));
#14112=DIRECTION('',(0.,1.,0.));
#14113=DIRECTION('center_axis',(0.,0.,1.));
#14114=DIRECTION('ref_axis',(-0.707106781186544,0.707106781186551,0.));
#14115=DIRECTION('',(1.,0.,0.));
#14116=DIRECTION('center_axis',(0.,0.,1.));
#14117=DIRECTION('ref_axis',(-0.707106781186544,0.707106781186551,0.));
#14118=DIRECTION('',(0.,0.,-1.));
#14119=DIRECTION('',(0.,0.,1.));
#14120=DIRECTION('center_axis',(-1.,0.,0.));
#14121=DIRECTION('ref_axis',(0.,-1.,0.));
#14122=DIRECTION('center_axis',(0.,1.,0.));
#14123=DIRECTION('ref_axis',(-1.,0.,0.));
#14124=DIRECTION('center_axis',(-1.,0.,0.));
#14125=DIRECTION('ref_axis',(0.,-1.,0.));
#14126=DIRECTION('center_axis',(0.,0.,-1.));
#14127=DIRECTION('ref_axis',(-0.707106781186544,-0.707106781186551,0.));
#14128=DIRECTION('center_axis',(0.,-1.,0.));
#14129=DIRECTION('ref_axis',(0.,0.,1.));
#14130=DIRECTION('center_axis',(0.,0.,1.));
#14131=DIRECTION('ref_axis',(-0.707106781186544,-0.707106781186551,0.));
#14132=DIRECTION('center_axis',(0.,-1.,0.));
#14133=DIRECTION('ref_axis',(-0.707106781186544,0.,0.707106781186551));
#14134=DIRECTION('center_axis',(0.,-1.,0.));
#14135=DIRECTION('ref_axis',(0.,0.,1.));
#14136=DIRECTION('',(0.,-1.,0.));
#14137=DIRECTION('',(0.,1.,0.));
#14138=DIRECTION('center_axis',(-1.,0.,0.));
#14139=DIRECTION('ref_axis',(0.,0.,1.));
#14140=DIRECTION('center_axis',(0.,0.,1.));
#14141=DIRECTION('ref_axis',(-0.707106781186547,0.707106781186547,0.));
#14142=DIRECTION('center_axis',(0.,0.,-1.));
#14143=DIRECTION('ref_axis',(-0.707106781186547,0.707106781186547,0.));
#14144=DIRECTION('center_axis',(-1.,0.,0.));
#14145=DIRECTION('ref_axis',(0.,0.707106781186553,0.707106781186542));
#14146=DIRECTION('center_axis',(-1.,0.,0.));
#14147=DIRECTION('ref_axis',(0.,0.,1.));
#14148=DIRECTION('',(-1.,0.,0.));
#14149=DIRECTION('',(1.,0.,0.));
#14150=DIRECTION('center_axis',(0.,1.,0.));
#14151=DIRECTION('ref_axis',(0.,0.,1.));
#14152=DIRECTION('center_axis',(0.,0.,1.));
#14153=DIRECTION('ref_axis',(0.707106781186544,0.707106781186551,0.));
#14154=DIRECTION('center_axis',(0.,0.,-1.));
#14155=DIRECTION('ref_axis',(0.707106781186544,0.707106781186551,0.));
#14156=DIRECTION('center_axis',(0.,1.,0.));
#14157=DIRECTION('ref_axis',(0.707106781186553,0.,0.707106781186542));
#14158=DIRECTION('center_axis',(0.,1.,0.));
#14159=DIRECTION('ref_axis',(0.,0.,1.));
#14160=DIRECTION('',(0.,1.,0.));
#14161=DIRECTION('',(0.,-1.,0.));
#14162=DIRECTION('center_axis',(1.,0.,0.));
#14163=DIRECTION('ref_axis',(0.,0.,1.));
#14164=DIRECTION('center_axis',(0.,0.,1.));
#14165=DIRECTION('ref_axis',(0.707106781186551,-0.707106781186544,0.));
#14166=DIRECTION('center_axis',(0.,0.,-1.));
#14167=DIRECTION('ref_axis',(0.707106781186551,-0.707106781186544,0.));
#14168=DIRECTION('center_axis',(1.,0.,0.));
#14169=DIRECTION('ref_axis',(0.,-0.707106781186553,0.707106781186542));
#14170=DIRECTION('',(-1.,0.,0.));
#14171=DIRECTION('',(1.,0.,0.));
#14172=DIRECTION('center_axis',(1.,0.,0.));
#14173=DIRECTION('ref_axis',(0.,1.,0.));
#14174=DIRECTION('',(0.,0.,1.));
#14175=DIRECTION('',(0.,-1.,0.));
#14176=DIRECTION('',(0.,0.,-1.));
#14177=DIRECTION('center_axis',(0.,0.,1.));
#14178=DIRECTION('ref_axis',(0.707106781186542,-0.707106781186553,0.));
#14179=DIRECTION('',(0.,0.,-1.));
#14180=DIRECTION('center_axis',(0.,0.,1.));
#14181=DIRECTION('ref_axis',(0.707106781186542,-0.707106781186553,0.));
#14182=DIRECTION('center_axis',(0.,-1.,0.));
#14183=DIRECTION('ref_axis',(1.,0.,0.));
#14184=DIRECTION('',(0.,0.,1.));
#14185=DIRECTION('',(-1.,0.,0.));
#14186=DIRECTION('center_axis',(0.,0.,1.));
#14187=DIRECTION('ref_axis',(-0.707106781186553,-0.707106781186542,0.));
#14188=DIRECTION('',(0.,0.,-1.));
#14189=DIRECTION('center_axis',(0.,0.,1.));
#14190=DIRECTION('ref_axis',(-0.707106781186553,-0.707106781186542,0.));
#14191=DIRECTION('center_axis',(0.,0.,1.));
#14192=DIRECTION('ref_axis',(1.,0.,0.));
#14193=DIRECTION('center_axis',(0.,0.,1.));
#14194=DIRECTION('ref_axis',(0.707106781186553,0.707106781186542,0.));
#14195=DIRECTION('center_axis',(0.,0.,1.));
#14196=DIRECTION('ref_axis',(0.707106781186553,0.707106781186542,0.));
#14197=DIRECTION('',(0.,0.,1.));
#14198=DIRECTION('center_axis',(0.,0.,1.));
#14199=DIRECTION('ref_axis',(1.,0.,0.));
#14200=DIRECTION('',(0.,1.,0.));
#14201=DIRECTION('center_axis',(0.,0.,1.));
#14202=DIRECTION('ref_axis',(-0.707106781186547,0.707106781186547,0.));
#14203=DIRECTION('',(1.,0.,0.));
#14204=DIRECTION('center_axis',(0.,0.,1.));
#14205=DIRECTION('ref_axis',(-0.707106781186547,0.707106781186547,0.));
#14206=DIRECTION('',(0.,0.,-1.));
#14207=DIRECTION('',(0.,0.,1.));
#14208=DIRECTION('center_axis',(-1.,0.,0.));
#14209=DIRECTION('ref_axis',(0.,-1.,0.));
#14210=DIRECTION('center_axis',(0.,1.,0.));
#14211=DIRECTION('ref_axis',(-1.,0.,0.));
#14212=DIRECTION('center_axis',(-1.,0.,0.));
#14213=DIRECTION('ref_axis',(0.,-1.,0.));
#14214=DIRECTION('center_axis',(0.,0.,-1.));
#14215=DIRECTION('ref_axis',(-0.707106781186551,-0.707106781186544,0.));
#14216=DIRECTION('center_axis',(0.,-1.,0.));
#14217=DIRECTION('ref_axis',(0.,0.,1.));
#14218=DIRECTION('center_axis',(0.,0.,1.));
#14219=DIRECTION('ref_axis',(-0.707106781186551,-0.707106781186544,0.));
#14220=DIRECTION('center_axis',(0.,-1.,0.));
#14221=DIRECTION('ref_axis',(-0.707106781186553,0.,0.707106781186542));
#14222=DIRECTION('center_axis',(0.,-1.,0.));
#14223=DIRECTION('ref_axis',(0.,0.,1.));
#14224=DIRECTION('',(0.,-1.,0.));
#14225=DIRECTION('',(0.,1.,0.));
#14226=DIRECTION('center_axis',(-1.,0.,0.));
#14227=DIRECTION('ref_axis',(0.,0.,1.));
#14228=DIRECTION('center_axis',(0.,0.,1.));
#14229=DIRECTION('ref_axis',(-0.707106781186548,0.707106781186548,0.));
#14230=DIRECTION('center_axis',(0.,0.,-1.));
#14231=DIRECTION('ref_axis',(-0.707106781186548,0.707106781186548,0.));
#14232=DIRECTION('center_axis',(-1.,0.,0.));
#14233=DIRECTION('ref_axis',(0.,0.707106781186544,0.707106781186551));
#14234=DIRECTION('center_axis',(-1.,0.,0.));
#14235=DIRECTION('ref_axis',(0.,0.,1.));
#14236=DIRECTION('',(-1.,0.,0.));
#14237=DIRECTION('',(1.,0.,0.));
#14238=DIRECTION('center_axis',(0.,1.,0.));
#14239=DIRECTION('ref_axis',(0.,0.,1.));
#14240=DIRECTION('center_axis',(0.,0.,1.));
#14241=DIRECTION('ref_axis',(0.707106781186551,0.707106781186544,0.));
#14242=DIRECTION('center_axis',(0.,0.,-1.));
#14243=DIRECTION('ref_axis',(0.707106781186551,0.707106781186544,0.));
#14244=DIRECTION('center_axis',(0.,1.,0.));
#14245=DIRECTION('ref_axis',(0.707106781186544,0.,0.707106781186551));
#14246=DIRECTION('center_axis',(0.,1.,0.));
#14247=DIRECTION('ref_axis',(0.,0.,1.));
#14248=DIRECTION('',(0.,1.,0.));
#14249=DIRECTION('',(0.,-1.,0.));
#14250=DIRECTION('center_axis',(1.,0.,0.));
#14251=DIRECTION('ref_axis',(0.,0.,1.));
#14252=DIRECTION('center_axis',(0.,0.,1.));
#14253=DIRECTION('ref_axis',(0.707106781186544,-0.707106781186551,0.));
#14254=DIRECTION('center_axis',(0.,0.,-1.));
#14255=DIRECTION('ref_axis',(0.707106781186544,-0.707106781186551,0.));
#14256=DIRECTION('center_axis',(1.,0.,0.));
#14257=DIRECTION('ref_axis',(0.,-0.707106781186544,0.707106781186551));
#14258=DIRECTION('',(-1.,0.,0.));
#14259=DIRECTION('',(1.,0.,0.));
#14260=DIRECTION('center_axis',(1.,0.,0.));
#14261=DIRECTION('ref_axis',(0.,1.,0.));
#14262=DIRECTION('',(0.,0.,1.));
#14263=DIRECTION('',(0.,-1.,0.));
#14264=DIRECTION('',(0.,0.,-1.));
#14265=DIRECTION('center_axis',(0.,0.,1.));
#14266=DIRECTION('ref_axis',(0.707106781186558,-0.707106781186537,0.));
#14267=DIRECTION('',(0.,0.,-1.));
#14268=DIRECTION('center_axis',(0.,0.,1.));
#14269=DIRECTION('ref_axis',(0.707106781186558,-0.707106781186537,0.));
#14270=DIRECTION('center_axis',(0.,-1.,0.));
#14271=DIRECTION('ref_axis',(1.,0.,0.));
#14272=DIRECTION('',(0.,0.,1.));
#14273=DIRECTION('',(-1.,0.,0.));
#14274=DIRECTION('center_axis',(0.,0.,1.));
#14275=DIRECTION('ref_axis',(-0.707106781186547,-0.707106781186547,0.));
#14276=DIRECTION('',(0.,0.,-1.));
#14277=DIRECTION('center_axis',(0.,0.,1.));
#14278=DIRECTION('ref_axis',(-0.707106781186547,-0.707106781186547,0.));
#14279=DIRECTION('center_axis',(0.,0.,1.));
#14280=DIRECTION('ref_axis',(1.,0.,0.));
#14281=DIRECTION('center_axis',(0.,0.,1.));
#14282=DIRECTION('ref_axis',(0.707106781186547,0.707106781186547,0.));
#14283=DIRECTION('center_axis',(0.,0.,1.));
#14284=DIRECTION('ref_axis',(0.707106781186547,0.707106781186547,0.));
#14285=DIRECTION('',(0.,0.,1.));
#14286=DIRECTION('center_axis',(0.,0.,1.));
#14287=DIRECTION('ref_axis',(-0.707106781186553,0.707106781186542,0.));
#14288=DIRECTION('',(0.,0.,-1.));
#14289=DIRECTION('center_axis',(0.,0.,1.));
#14290=DIRECTION('ref_axis',(-0.707106781186553,0.707106781186542,0.));
#14291=DIRECTION('',(0.,0.,1.));
#14292=DIRECTION('center_axis',(0.,1.,0.));
#14293=DIRECTION('ref_axis',(-1.,0.,0.));
#14294=DIRECTION('',(1.,0.,0.));
#14295=DIRECTION('center_axis',(-1.,0.,0.));
#14296=DIRECTION('ref_axis',(0.,-1.,0.));
#14297=DIRECTION('',(0.,1.,0.));
#14298=DIRECTION('center_axis',(0.,0.,1.));
#14299=DIRECTION('ref_axis',(1.,0.,0.));
#14300=DIRECTION('center_axis',(-1.,0.,0.));
#14301=DIRECTION('ref_axis',(0.,-1.,0.));
#14302=DIRECTION('center_axis',(0.,0.,-1.));
#14303=DIRECTION('ref_axis',(-0.707106781186551,-0.707106781186544,0.));
#14304=DIRECTION('center_axis',(0.,-1.,0.));
#14305=DIRECTION('ref_axis',(0.,0.,1.));
#14306=DIRECTION('center_axis',(0.,0.,1.));
#14307=DIRECTION('ref_axis',(-0.707106781186551,-0.707106781186544,0.));
#14308=DIRECTION('center_axis',(0.,-1.,0.));
#14309=DIRECTION('ref_axis',(-0.707106781186553,0.,0.707106781186542));
#14310=DIRECTION('center_axis',(0.,-1.,0.));
#14311=DIRECTION('ref_axis',(0.,0.,1.));
#14312=DIRECTION('',(0.,-1.,0.));
#14313=DIRECTION('',(0.,1.,0.));
#14314=DIRECTION('center_axis',(-1.,0.,0.));
#14315=DIRECTION('ref_axis',(0.,0.,1.));
#14316=DIRECTION('center_axis',(0.,0.,1.));
#14317=DIRECTION('ref_axis',(-0.707106781186548,0.707106781186548,0.));
#14318=DIRECTION('center_axis',(0.,0.,-1.));
#14319=DIRECTION('ref_axis',(-0.707106781186548,0.707106781186548,0.));
#14320=DIRECTION('center_axis',(-1.,0.,0.));
#14321=DIRECTION('ref_axis',(0.,0.707106781186544,0.707106781186551));
#14322=DIRECTION('center_axis',(-1.,0.,0.));
#14323=DIRECTION('ref_axis',(0.,0.,1.));
#14324=DIRECTION('',(-1.,0.,0.));
#14325=DIRECTION('',(1.,0.,0.));
#14326=DIRECTION('center_axis',(0.,1.,0.));
#14327=DIRECTION('ref_axis',(0.,0.,1.));
#14328=DIRECTION('center_axis',(0.,0.,1.));
#14329=DIRECTION('ref_axis',(0.707106781186551,0.707106781186544,0.));
#14330=DIRECTION('center_axis',(0.,0.,-1.));
#14331=DIRECTION('ref_axis',(0.707106781186551,0.707106781186544,0.));
#14332=DIRECTION('center_axis',(0.,1.,0.));
#14333=DIRECTION('ref_axis',(0.707106781186544,0.,0.707106781186551));
#14334=DIRECTION('center_axis',(0.,1.,0.));
#14335=DIRECTION('ref_axis',(0.,0.,1.));
#14336=DIRECTION('',(0.,1.,0.));
#14337=DIRECTION('',(0.,-1.,0.));
#14338=DIRECTION('center_axis',(1.,0.,0.));
#14339=DIRECTION('ref_axis',(0.,0.,1.));
#14340=DIRECTION('center_axis',(0.,0.,1.));
#14341=DIRECTION('ref_axis',(0.707106781186544,-0.707106781186551,0.));
#14342=DIRECTION('center_axis',(0.,0.,-1.));
#14343=DIRECTION('ref_axis',(0.707106781186544,-0.707106781186551,0.));
#14344=DIRECTION('center_axis',(1.,0.,0.));
#14345=DIRECTION('ref_axis',(0.,-0.707106781186544,0.707106781186551));
#14346=DIRECTION('',(-1.,0.,0.));
#14347=DIRECTION('',(1.,0.,0.));
#14348=DIRECTION('center_axis',(1.,0.,0.));
#14349=DIRECTION('ref_axis',(0.,1.,0.));
#14350=DIRECTION('',(0.,0.,1.));
#14351=DIRECTION('',(0.,-1.,0.));
#14352=DIRECTION('',(0.,0.,-1.));
#14353=DIRECTION('center_axis',(0.,0.,1.));
#14354=DIRECTION('ref_axis',(0.707106781186558,-0.707106781186537,0.));
#14355=DIRECTION('',(0.,0.,-1.));
#14356=DIRECTION('center_axis',(0.,0.,1.));
#14357=DIRECTION('ref_axis',(0.707106781186558,-0.707106781186537,0.));
#14358=DIRECTION('center_axis',(0.,-1.,0.));
#14359=DIRECTION('ref_axis',(1.,0.,0.));
#14360=DIRECTION('',(0.,0.,1.));
#14361=DIRECTION('',(-1.,0.,0.));
#14362=DIRECTION('center_axis',(0.,0.,1.));
#14363=DIRECTION('ref_axis',(-0.707106781186547,-0.707106781186547,0.));
#14364=DIRECTION('',(0.,0.,-1.));
#14365=DIRECTION('center_axis',(0.,0.,1.));
#14366=DIRECTION('ref_axis',(-0.707106781186547,-0.707106781186547,0.));
#14367=DIRECTION('center_axis',(0.,0.,1.));
#14368=DIRECTION('ref_axis',(1.,0.,0.));
#14369=DIRECTION('center_axis',(-1.,0.,0.));
#14370=DIRECTION('ref_axis',(0.,-1.,0.));
#14371=DIRECTION('',(0.,0.,1.));
#14372=DIRECTION('',(0.,1.,0.));
#14373=DIRECTION('center_axis',(0.,0.,1.));
#14374=DIRECTION('ref_axis',(-0.707106781186553,0.707106781186542,0.));
#14375=DIRECTION('',(0.,0.,-1.));
#14376=DIRECTION('center_axis',(0.,0.,1.));
#14377=DIRECTION('ref_axis',(-0.707106781186553,0.707106781186542,0.));
#14378=DIRECTION('center_axis',(0.,1.,0.));
#14379=DIRECTION('ref_axis',(-1.,0.,0.));
#14380=DIRECTION('',(0.,0.,1.));
#14381=DIRECTION('',(1.,0.,0.));
#14382=DIRECTION('center_axis',(0.,0.,1.));
#14383=DIRECTION('ref_axis',(0.707106781186547,0.707106781186547,0.));
#14384=DIRECTION('center_axis',(0.,0.,1.));
#14385=DIRECTION('ref_axis',(0.707106781186547,0.707106781186547,0.));
#14386=DIRECTION('center_axis',(0.,0.,1.));
#14387=DIRECTION('ref_axis',(1.,0.,0.));
#14388=DIRECTION('center_axis',(0.,0.,-1.));
#14389=DIRECTION('ref_axis',(-1.,0.,0.));
#14390=DIRECTION('center_axis',(1.,0.,0.));
#14391=DIRECTION('ref_axis',(0.,1.,0.));
#14392=DIRECTION('center_axis',(0.,0.,-1.));
#14393=DIRECTION('ref_axis',(0.707106781186548,0.707106781186548,0.));
#14394=DIRECTION('center_axis',(0.,1.,0.));
#14395=DIRECTION('ref_axis',(0.,0.,1.));
#14396=DIRECTION('center_axis',(0.,0.,1.));
#14397=DIRECTION('ref_axis',(0.707106781186548,0.707106781186548,0.));
#14398=DIRECTION('center_axis',(0.,1.,0.));
#14399=DIRECTION('ref_axis',(0.707106781186545,0.,0.70710678118655));
#14400=DIRECTION('center_axis',(0.,1.,0.));
#14401=DIRECTION('ref_axis',(0.,0.,1.));
#14402=DIRECTION('',(0.,1.,0.));
#14403=DIRECTION('',(0.,-1.,0.));
#14404=DIRECTION('center_axis',(0.,0.,-1.));
#14405=DIRECTION('ref_axis',(-1.,0.,0.));
#14406=DIRECTION('center_axis',(1.,0.,0.));
#14407=DIRECTION('ref_axis',(0.,0.,1.));
#14408=DIRECTION('center_axis',(0.,0.,1.));
#14409=DIRECTION('ref_axis',(0.707106781186548,-0.707106781186548,0.));
#14410=DIRECTION('center_axis',(0.,0.,-1.));
#14411=DIRECTION('ref_axis',(0.707106781186547,-0.707106781186547,0.));
#14412=DIRECTION('center_axis',(1.,0.,0.));
#14413=DIRECTION('ref_axis',(0.,-0.70710678118655,0.707106781186545));
#14414=DIRECTION('center_axis',(1.,0.,0.));
#14415=DIRECTION('ref_axis',(0.,0.,1.));
#14416=DIRECTION('',(1.,0.,0.));
#14417=DIRECTION('',(-1.,0.,0.));
#14418=DIRECTION('center_axis',(0.,0.,-1.));
#14419=DIRECTION('ref_axis',(-1.,0.,0.));
#14420=DIRECTION('center_axis',(0.,-1.,0.));
#14421=DIRECTION('ref_axis',(0.,0.,1.));
#14422=DIRECTION('center_axis',(0.,0.,1.));
#14423=DIRECTION('ref_axis',(-0.707106781186548,-0.707106781186548,0.));
#14424=DIRECTION('center_axis',(0.,0.,-1.));
#14425=DIRECTION('ref_axis',(-0.707106781186548,-0.707106781186548,0.));
#14426=DIRECTION('center_axis',(0.,-1.,0.));
#14427=DIRECTION('ref_axis',(-0.707106781186545,0.,0.70710678118655));
#14428=DIRECTION('center_axis',(0.,-1.,0.));
#14429=DIRECTION('ref_axis',(0.,0.,1.));
#14430=DIRECTION('',(0.,-1.,0.));
#14431=DIRECTION('',(0.,1.,0.));
#14432=DIRECTION('center_axis',(0.,0.,-1.));
#14433=DIRECTION('ref_axis',(-1.,0.,0.));
#14434=DIRECTION('center_axis',(-1.,0.,0.));
#14435=DIRECTION('ref_axis',(0.,0.,1.));
#14436=DIRECTION('center_axis',(0.,0.,1.));
#14437=DIRECTION('ref_axis',(-0.707106781186548,0.707106781186548,0.));
#14438=DIRECTION('center_axis',(0.,0.,-1.));
#14439=DIRECTION('ref_axis',(-0.707106781186547,0.707106781186547,0.));
#14440=DIRECTION('center_axis',(-1.,0.,0.));
#14441=DIRECTION('ref_axis',(0.,0.70710678118655,0.707106781186545));
#14442=DIRECTION('',(1.,0.,0.));
#14443=DIRECTION('',(-1.,0.,0.));
#14444=DIRECTION('center_axis',(-1.,0.,0.));
#14445=DIRECTION('ref_axis',(0.,-1.,0.));
#14446=DIRECTION('',(0.,0.,1.));
#14447=DIRECTION('',(0.,-1.,0.));
#14448=DIRECTION('',(0.,0.,-1.));
#14449=DIRECTION('center_axis',(0.,0.,1.));
#14450=DIRECTION('ref_axis',(-0.707106781186545,0.70710678118655,0.));
#14451=DIRECTION('',(0.,0.,-1.));
#14452=DIRECTION('center_axis',(0.,0.,1.));
#14453=DIRECTION('ref_axis',(-0.707106781186545,0.70710678118655,0.));
#14454=DIRECTION('center_axis',(0.,1.,0.));
#14455=DIRECTION('ref_axis',(-1.,0.,0.));
#14456=DIRECTION('',(0.,0.,1.));
#14457=DIRECTION('',(-1.,0.,0.));
#14458=DIRECTION('center_axis',(0.,0.,1.));
#14459=DIRECTION('ref_axis',(0.707106781186552,0.707106781186543,0.));
#14460=DIRECTION('',(0.,0.,-1.));
#14461=DIRECTION('center_axis',(0.,0.,1.));
#14462=DIRECTION('ref_axis',(0.707106781186552,0.707106781186543,0.));
#14463=DIRECTION('center_axis',(0.,0.,1.));
#14464=DIRECTION('ref_axis',(1.,0.,0.));
#14465=DIRECTION('center_axis',(0.,0.,1.));
#14466=DIRECTION('ref_axis',(1.,0.,0.));
#14467=DIRECTION('',(0.,1.,0.));
#14468=DIRECTION('center_axis',(0.,0.,1.));
#14469=DIRECTION('ref_axis',(0.707106781186545,-0.70710678118655,0.));
#14470=DIRECTION('',(1.,0.,0.));
#14471=DIRECTION('center_axis',(0.,0.,1.));
#14472=DIRECTION('ref_axis',(-0.707106781186552,-0.707106781186543,0.));
#14473=DIRECTION('center_axis',(1.,0.,0.));
#14474=DIRECTION('ref_axis',(0.,1.,0.));
#14475=DIRECTION('',(0.,0.,1.));
#14476=DIRECTION('center_axis',(0.,0.,1.));
#14477=DIRECTION('ref_axis',(0.707106781186545,-0.70710678118655,0.));
#14478=DIRECTION('',(0.,0.,-1.));
#14479=DIRECTION('center_axis',(0.,0.,1.));
#14480=DIRECTION('ref_axis',(-0.707106781186552,-0.707106781186543,0.));
#14481=DIRECTION('',(0.,0.,1.));
#14482=DIRECTION('center_axis',(0.,-1.,0.));
#14483=DIRECTION('ref_axis',(1.,0.,0.));
#14484=DIRECTION('center_axis',(0.,0.,-1.));
#14485=DIRECTION('ref_axis',(-1.,0.,0.));
#14486=DIRECTION('center_axis',(1.,0.,0.));
#14487=DIRECTION('ref_axis',(0.,1.,0.));
#14488=DIRECTION('center_axis',(0.,0.,-1.));
#14489=DIRECTION('ref_axis',(0.707106781186548,0.707106781186548,0.));
#14490=DIRECTION('center_axis',(0.,1.,0.));
#14491=DIRECTION('ref_axis',(0.,0.,1.));
#14492=DIRECTION('center_axis',(0.,0.,1.));
#14493=DIRECTION('ref_axis',(0.707106781186548,0.707106781186548,0.));
#14494=DIRECTION('center_axis',(0.,1.,0.));
#14495=DIRECTION('ref_axis',(0.707106781186545,0.,0.70710678118655));
#14496=DIRECTION('center_axis',(0.,1.,0.));
#14497=DIRECTION('ref_axis',(0.,0.,1.));
#14498=DIRECTION('',(0.,1.,0.));
#14499=DIRECTION('',(0.,-1.,0.));
#14500=DIRECTION('center_axis',(0.,0.,-1.));
#14501=DIRECTION('ref_axis',(-1.,0.,0.));
#14502=DIRECTION('center_axis',(1.,0.,0.));
#14503=DIRECTION('ref_axis',(0.,0.,1.));
#14504=DIRECTION('center_axis',(0.,0.,1.));
#14505=DIRECTION('ref_axis',(0.707106781186548,-0.707106781186548,0.));
#14506=DIRECTION('center_axis',(0.,0.,-1.));
#14507=DIRECTION('ref_axis',(0.707106781186548,-0.707106781186548,0.));
#14508=DIRECTION('center_axis',(1.,0.,0.));
#14509=DIRECTION('ref_axis',(0.,-0.707106781186547,0.707106781186547));
#14510=DIRECTION('center_axis',(1.,0.,0.));
#14511=DIRECTION('ref_axis',(0.,0.,1.));
#14512=DIRECTION('',(1.,0.,0.));
#14513=DIRECTION('',(-1.,0.,0.));
#14514=DIRECTION('center_axis',(0.,0.,-1.));
#14515=DIRECTION('ref_axis',(-1.,0.,0.));
#14516=DIRECTION('center_axis',(0.,-1.,0.));
#14517=DIRECTION('ref_axis',(0.,0.,1.));
#14518=DIRECTION('center_axis',(0.,0.,1.));
#14519=DIRECTION('ref_axis',(-0.707106781186548,-0.707106781186548,0.));
#14520=DIRECTION('center_axis',(0.,0.,-1.));
#14521=DIRECTION('ref_axis',(-0.707106781186548,-0.707106781186548,0.));
#14522=DIRECTION('center_axis',(0.,-1.,0.));
#14523=DIRECTION('ref_axis',(-0.707106781186545,0.,0.70710678118655));
#14524=DIRECTION('center_axis',(0.,-1.,0.));
#14525=DIRECTION('ref_axis',(0.,0.,1.));
#14526=DIRECTION('',(0.,-1.,0.));
#14527=DIRECTION('',(0.,1.,0.));
#14528=DIRECTION('center_axis',(0.,0.,-1.));
#14529=DIRECTION('ref_axis',(-1.,0.,0.));
#14530=DIRECTION('center_axis',(-1.,0.,0.));
#14531=DIRECTION('ref_axis',(0.,0.,1.));
#14532=DIRECTION('center_axis',(0.,0.,1.));
#14533=DIRECTION('ref_axis',(-0.707106781186548,0.707106781186548,0.));
#14534=DIRECTION('center_axis',(0.,0.,-1.));
#14535=DIRECTION('ref_axis',(-0.707106781186548,0.707106781186548,0.));
#14536=DIRECTION('center_axis',(-1.,0.,0.));
#14537=DIRECTION('ref_axis',(0.,0.707106781186547,0.707106781186547));
#14538=DIRECTION('',(1.,0.,0.));
#14539=DIRECTION('',(-1.,0.,0.));
#14540=DIRECTION('center_axis',(-1.,0.,0.));
#14541=DIRECTION('ref_axis',(0.,-1.,0.));
#14542=DIRECTION('',(0.,0.,1.));
#14543=DIRECTION('',(0.,-1.,0.));
#14544=DIRECTION('',(0.,0.,-1.));
#14545=DIRECTION('center_axis',(0.,0.,1.));
#14546=DIRECTION('ref_axis',(-0.707106781186548,0.707106781186548,0.));
#14547=DIRECTION('',(0.,0.,-1.));
#14548=DIRECTION('center_axis',(0.,0.,1.));
#14549=DIRECTION('ref_axis',(-0.707106781186548,0.707106781186548,0.));
#14550=DIRECTION('center_axis',(0.,1.,0.));
#14551=DIRECTION('ref_axis',(-1.,0.,0.));
#14552=DIRECTION('',(0.,0.,1.));
#14553=DIRECTION('',(-1.,0.,0.));
#14554=DIRECTION('center_axis',(0.,0.,1.));
#14555=DIRECTION('ref_axis',(0.707106781186549,0.707106781186546,0.));
#14556=DIRECTION('',(0.,0.,-1.));
#14557=DIRECTION('center_axis',(0.,0.,1.));
#14558=DIRECTION('ref_axis',(0.707106781186549,0.707106781186546,0.));
#14559=DIRECTION('center_axis',(0.,0.,1.));
#14560=DIRECTION('ref_axis',(1.,0.,0.));
#14561=DIRECTION('center_axis',(0.,0.,1.));
#14562=DIRECTION('ref_axis',(1.,0.,0.));
#14563=DIRECTION('',(0.,1.,0.));
#14564=DIRECTION('center_axis',(0.,0.,1.));
#14565=DIRECTION('ref_axis',(0.707106781186548,-0.707106781186548,0.));
#14566=DIRECTION('',(1.,0.,0.));
#14567=DIRECTION('center_axis',(0.,0.,1.));
#14568=DIRECTION('ref_axis',(-0.707106781186549,-0.707106781186546,0.));
#14569=DIRECTION('center_axis',(1.,0.,0.));
#14570=DIRECTION('ref_axis',(0.,1.,0.));
#14571=DIRECTION('',(0.,0.,1.));
#14572=DIRECTION('center_axis',(0.,0.,1.));
#14573=DIRECTION('ref_axis',(0.707106781186548,-0.707106781186548,0.));
#14574=DIRECTION('',(0.,0.,-1.));
#14575=DIRECTION('center_axis',(0.,0.,1.));
#14576=DIRECTION('ref_axis',(-0.707106781186549,-0.707106781186546,0.));
#14577=DIRECTION('',(0.,0.,1.));
#14578=DIRECTION('center_axis',(0.,-1.,0.));
#14579=DIRECTION('ref_axis',(1.,0.,0.));
#14580=DIRECTION('center_axis',(0.,0.,-1.));
#14581=DIRECTION('ref_axis',(-1.,0.,0.));
#14582=DIRECTION('center_axis',(1.,0.,0.));
#14583=DIRECTION('ref_axis',(0.,1.,0.));
#14584=DIRECTION('center_axis',(0.,0.,-1.));
#14585=DIRECTION('ref_axis',(0.707106781186547,0.707106781186547,0.));
#14586=DIRECTION('center_axis',(0.,1.,0.));
#14587=DIRECTION('ref_axis',(0.,0.,1.));
#14588=DIRECTION('center_axis',(0.,0.,1.));
#14589=DIRECTION('ref_axis',(0.707106781186548,0.707106781186548,0.));
#14590=DIRECTION('center_axis',(0.,1.,0.));
#14591=DIRECTION('ref_axis',(0.70710678118654,0.,0.707106781186555));
#14592=DIRECTION('center_axis',(0.,1.,0.));
#14593=DIRECTION('ref_axis',(0.,0.,1.));
#14594=DIRECTION('',(0.,1.,0.));
#14595=DIRECTION('',(0.,-1.,0.));
#14596=DIRECTION('center_axis',(0.,0.,-1.));
#14597=DIRECTION('ref_axis',(-1.,0.,0.));
#14598=DIRECTION('center_axis',(1.,0.,0.));
#14599=DIRECTION('ref_axis',(0.,0.,1.));
#14600=DIRECTION('center_axis',(0.,0.,1.));
#14601=DIRECTION('ref_axis',(0.707106781186548,-0.707106781186548,0.));
#14602=DIRECTION('center_axis',(0.,0.,-1.));
#14603=DIRECTION('ref_axis',(0.707106781186548,-0.707106781186548,0.));
#14604=DIRECTION('center_axis',(1.,0.,0.));
#14605=DIRECTION('ref_axis',(0.,-0.707106781186545,0.70710678118655));
#14606=DIRECTION('center_axis',(1.,0.,0.));
#14607=DIRECTION('ref_axis',(0.,0.,1.));
#14608=DIRECTION('',(1.,0.,0.));
#14609=DIRECTION('',(-1.,0.,0.));
#14610=DIRECTION('center_axis',(0.,0.,-1.));
#14611=DIRECTION('ref_axis',(-1.,0.,0.));
#14612=DIRECTION('center_axis',(0.,-1.,0.));
#14613=DIRECTION('ref_axis',(0.,0.,1.));
#14614=DIRECTION('center_axis',(0.,0.,1.));
#14615=DIRECTION('ref_axis',(-0.707106781186548,-0.707106781186548,0.));
#14616=DIRECTION('center_axis',(0.,0.,-1.));
#14617=DIRECTION('ref_axis',(-0.707106781186547,-0.707106781186547,0.));
#14618=DIRECTION('center_axis',(0.,-1.,0.));
#14619=DIRECTION('ref_axis',(-0.70710678118654,0.,0.707106781186555));
#14620=DIRECTION('center_axis',(0.,-1.,0.));
#14621=DIRECTION('ref_axis',(0.,0.,1.));
#14622=DIRECTION('',(0.,-1.,0.));
#14623=DIRECTION('',(0.,1.,0.));
#14624=DIRECTION('center_axis',(0.,0.,-1.));
#14625=DIRECTION('ref_axis',(-1.,0.,0.));
#14626=DIRECTION('center_axis',(-1.,0.,0.));
#14627=DIRECTION('ref_axis',(0.,0.,1.));
#14628=DIRECTION('center_axis',(0.,0.,1.));
#14629=DIRECTION('ref_axis',(-0.707106781186548,0.707106781186548,0.));
#14630=DIRECTION('center_axis',(0.,0.,-1.));
#14631=DIRECTION('ref_axis',(-0.707106781186548,0.707106781186548,0.));
#14632=DIRECTION('center_axis',(-1.,0.,0.));
#14633=DIRECTION('ref_axis',(0.,0.707106781186545,0.70710678118655));
#14634=DIRECTION('',(1.,0.,0.));
#14635=DIRECTION('',(-1.,0.,0.));
#14636=DIRECTION('center_axis',(-1.,0.,0.));
#14637=DIRECTION('ref_axis',(0.,-1.,0.));
#14638=DIRECTION('',(0.,0.,1.));
#14639=DIRECTION('',(0.,-1.,0.));
#14640=DIRECTION('',(0.,0.,-1.));
#14641=DIRECTION('center_axis',(0.,0.,1.));
#14642=DIRECTION('ref_axis',(-0.707106781186548,0.707106781186548,0.));
#14643=DIRECTION('',(0.,0.,-1.));
#14644=DIRECTION('center_axis',(0.,0.,1.));
#14645=DIRECTION('ref_axis',(-0.707106781186548,0.707106781186548,0.));
#14646=DIRECTION('center_axis',(0.,1.,0.));
#14647=DIRECTION('ref_axis',(-1.,0.,0.));
#14648=DIRECTION('',(0.,0.,1.));
#14649=DIRECTION('',(-1.,0.,0.));
#14650=DIRECTION('center_axis',(0.,0.,1.));
#14651=DIRECTION('ref_axis',(0.70710678118655,0.707106781186545,0.));
#14652=DIRECTION('',(0.,0.,-1.));
#14653=DIRECTION('center_axis',(0.,0.,1.));
#14654=DIRECTION('ref_axis',(0.70710678118655,0.707106781186545,0.));
#14655=DIRECTION('center_axis',(0.,0.,1.));
#14656=DIRECTION('ref_axis',(1.,0.,0.));
#14657=DIRECTION('center_axis',(0.,0.,1.));
#14658=DIRECTION('ref_axis',(1.,0.,0.));
#14659=DIRECTION('',(0.,1.,0.));
#14660=DIRECTION('center_axis',(0.,0.,1.));
#14661=DIRECTION('ref_axis',(0.707106781186548,-0.707106781186548,0.));
#14662=DIRECTION('',(1.,0.,0.));
#14663=DIRECTION('center_axis',(0.,0.,1.));
#14664=DIRECTION('ref_axis',(-0.70710678118655,-0.707106781186545,0.));
#14665=DIRECTION('center_axis',(1.,0.,0.));
#14666=DIRECTION('ref_axis',(0.,1.,0.));
#14667=DIRECTION('',(0.,0.,1.));
#14668=DIRECTION('center_axis',(0.,0.,1.));
#14669=DIRECTION('ref_axis',(0.707106781186548,-0.707106781186548,0.));
#14670=DIRECTION('',(0.,0.,-1.));
#14671=DIRECTION('center_axis',(0.,0.,1.));
#14672=DIRECTION('ref_axis',(-0.70710678118655,-0.707106781186545,0.));
#14673=DIRECTION('',(0.,0.,1.));
#14674=DIRECTION('center_axis',(0.,-1.,0.));
#14675=DIRECTION('ref_axis',(1.,0.,0.));
#14676=DIRECTION('center_axis',(0.,0.,-1.));
#14677=DIRECTION('ref_axis',(-1.,0.,0.));
#14678=DIRECTION('center_axis',(1.,0.,0.));
#14679=DIRECTION('ref_axis',(0.,1.,0.));
#14680=DIRECTION('center_axis',(0.,0.,-1.));
#14681=DIRECTION('ref_axis',(0.707106781186548,0.707106781186548,0.));
#14682=DIRECTION('center_axis',(0.,1.,0.));
#14683=DIRECTION('ref_axis',(0.,0.,1.));
#14684=DIRECTION('center_axis',(0.,0.,1.));
#14685=DIRECTION('ref_axis',(0.707106781186548,0.707106781186548,0.));
#14686=DIRECTION('center_axis',(0.,1.,0.));
#14687=DIRECTION('ref_axis',(0.70710678118654,0.,0.707106781186555));
#14688=DIRECTION('center_axis',(0.,1.,0.));
#14689=DIRECTION('ref_axis',(0.,0.,1.));
#14690=DIRECTION('',(0.,1.,0.));
#14691=DIRECTION('',(0.,-1.,0.));
#14692=DIRECTION('center_axis',(0.,0.,-1.));
#14693=DIRECTION('ref_axis',(-1.,0.,0.));
#14694=DIRECTION('center_axis',(1.,0.,0.));
#14695=DIRECTION('ref_axis',(0.,0.,1.));
#14696=DIRECTION('center_axis',(0.,0.,1.));
#14697=DIRECTION('ref_axis',(0.707106781186548,-0.707106781186548,0.));
#14698=DIRECTION('center_axis',(0.,0.,-1.));
#14699=DIRECTION('ref_axis',(0.707106781186548,-0.707106781186548,0.));
#14700=DIRECTION('center_axis',(1.,0.,0.));
#14701=DIRECTION('ref_axis',(0.,-0.707106781186545,0.70710678118655));
#14702=DIRECTION('center_axis',(1.,0.,0.));
#14703=DIRECTION('ref_axis',(0.,0.,1.));
#14704=DIRECTION('',(1.,0.,0.));
#14705=DIRECTION('',(-1.,0.,0.));
#14706=DIRECTION('center_axis',(0.,0.,-1.));
#14707=DIRECTION('ref_axis',(-1.,0.,0.));
#14708=DIRECTION('center_axis',(0.,-1.,0.));
#14709=DIRECTION('ref_axis',(0.,0.,1.));
#14710=DIRECTION('center_axis',(0.,0.,1.));
#14711=DIRECTION('ref_axis',(-0.707106781186548,-0.707106781186548,0.));
#14712=DIRECTION('center_axis',(0.,0.,-1.));
#14713=DIRECTION('ref_axis',(-0.707106781186547,-0.707106781186547,0.));
#14714=DIRECTION('center_axis',(0.,-1.,0.));
#14715=DIRECTION('ref_axis',(-0.70710678118654,0.,0.707106781186555));
#14716=DIRECTION('center_axis',(0.,-1.,0.));
#14717=DIRECTION('ref_axis',(0.,0.,1.));
#14718=DIRECTION('',(0.,-1.,0.));
#14719=DIRECTION('',(0.,1.,0.));
#14720=DIRECTION('center_axis',(0.,0.,-1.));
#14721=DIRECTION('ref_axis',(-1.,0.,0.));
#14722=DIRECTION('center_axis',(-1.,0.,0.));
#14723=DIRECTION('ref_axis',(0.,0.,1.));
#14724=DIRECTION('center_axis',(0.,0.,1.));
#14725=DIRECTION('ref_axis',(-0.707106781186548,0.707106781186548,0.));
#14726=DIRECTION('center_axis',(0.,0.,-1.));
#14727=DIRECTION('ref_axis',(-0.707106781186548,0.707106781186548,0.));
#14728=DIRECTION('center_axis',(-1.,0.,0.));
#14729=DIRECTION('ref_axis',(0.,0.70710678118655,0.707106781186545));
#14730=DIRECTION('',(1.,0.,0.));
#14731=DIRECTION('',(-1.,0.,0.));
#14732=DIRECTION('center_axis',(-1.,0.,0.));
#14733=DIRECTION('ref_axis',(0.,-1.,0.));
#14734=DIRECTION('',(0.,0.,1.));
#14735=DIRECTION('',(0.,-1.,0.));
#14736=DIRECTION('',(0.,0.,-1.));
#14737=DIRECTION('center_axis',(0.,0.,1.));
#14738=DIRECTION('ref_axis',(-0.707106781186548,0.707106781186548,0.));
#14739=DIRECTION('',(0.,0.,-1.));
#14740=DIRECTION('center_axis',(0.,0.,1.));
#14741=DIRECTION('ref_axis',(-0.707106781186548,0.707106781186548,0.));
#14742=DIRECTION('center_axis',(0.,1.,0.));
#14743=DIRECTION('ref_axis',(-1.,0.,0.));
#14744=DIRECTION('',(0.,0.,1.));
#14745=DIRECTION('',(-1.,0.,0.));
#14746=DIRECTION('center_axis',(0.,0.,1.));
#14747=DIRECTION('ref_axis',(0.707106781186552,0.707106781186543,0.));
#14748=DIRECTION('',(0.,0.,-1.));
#14749=DIRECTION('center_axis',(0.,0.,1.));
#14750=DIRECTION('ref_axis',(0.707106781186552,0.707106781186543,0.));
#14751=DIRECTION('center_axis',(0.,0.,1.));
#14752=DIRECTION('ref_axis',(1.,0.,0.));
#14753=DIRECTION('center_axis',(0.,0.,1.));
#14754=DIRECTION('ref_axis',(1.,0.,0.));
#14755=DIRECTION('',(0.,1.,0.));
#14756=DIRECTION('center_axis',(0.,0.,1.));
#14757=DIRECTION('ref_axis',(0.707106781186548,-0.707106781186548,0.));
#14758=DIRECTION('',(1.,0.,0.));
#14759=DIRECTION('center_axis',(0.,0.,1.));
#14760=DIRECTION('ref_axis',(-0.70710678118655,-0.707106781186545,0.));
#14761=DIRECTION('center_axis',(1.,0.,0.));
#14762=DIRECTION('ref_axis',(0.,1.,0.));
#14763=DIRECTION('',(0.,0.,1.));
#14764=DIRECTION('center_axis',(0.,0.,1.));
#14765=DIRECTION('ref_axis',(0.707106781186548,-0.707106781186548,0.));
#14766=DIRECTION('',(0.,0.,-1.));
#14767=DIRECTION('center_axis',(0.,0.,1.));
#14768=DIRECTION('ref_axis',(-0.70710678118655,-0.707106781186545,0.));
#14769=DIRECTION('',(0.,0.,1.));
#14770=DIRECTION('center_axis',(0.,-1.,0.));
#14771=DIRECTION('ref_axis',(1.,0.,0.));
#14772=DIRECTION('center_axis',(0.,0.,-1.));
#14773=DIRECTION('ref_axis',(-1.,0.,0.));
#14774=DIRECTION('center_axis',(1.,0.,0.));
#14775=DIRECTION('ref_axis',(0.,1.,0.));
#14776=DIRECTION('center_axis',(0.,0.,-1.));
#14777=DIRECTION('ref_axis',(0.707106781186548,0.707106781186548,0.));
#14778=DIRECTION('center_axis',(0.,1.,0.));
#14779=DIRECTION('ref_axis',(0.,0.,1.));
#14780=DIRECTION('center_axis',(0.,0.,1.));
#14781=DIRECTION('ref_axis',(0.707106781186548,0.707106781186548,0.));
#14782=DIRECTION('center_axis',(0.,1.,0.));
#14783=DIRECTION('ref_axis',(0.70710678118655,0.,0.707106781186545));
#14784=DIRECTION('center_axis',(0.,1.,0.));
#14785=DIRECTION('ref_axis',(0.,0.,1.));
#14786=DIRECTION('',(0.,1.,0.));
#14787=DIRECTION('',(0.,-1.,0.));
#14788=DIRECTION('center_axis',(0.,0.,-1.));
#14789=DIRECTION('ref_axis',(-1.,0.,0.));
#14790=DIRECTION('center_axis',(1.,0.,0.));
#14791=DIRECTION('ref_axis',(0.,0.,1.));
#14792=DIRECTION('center_axis',(0.,0.,1.));
#14793=DIRECTION('ref_axis',(0.707106781186548,-0.707106781186548,0.));
#14794=DIRECTION('center_axis',(0.,0.,-1.));
#14795=DIRECTION('ref_axis',(0.707106781186548,-0.707106781186548,0.));
#14796=DIRECTION('center_axis',(1.,0.,0.));
#14797=DIRECTION('ref_axis',(0.,-0.70710678118655,0.707106781186545));
#14798=DIRECTION('center_axis',(1.,0.,0.));
#14799=DIRECTION('ref_axis',(0.,0.,1.));
#14800=DIRECTION('',(1.,0.,0.));
#14801=DIRECTION('',(-1.,0.,0.));
#14802=DIRECTION('center_axis',(0.,0.,-1.));
#14803=DIRECTION('ref_axis',(-1.,0.,0.));
#14804=DIRECTION('center_axis',(0.,-1.,0.));
#14805=DIRECTION('ref_axis',(0.,0.,1.));
#14806=DIRECTION('center_axis',(0.,0.,1.));
#14807=DIRECTION('ref_axis',(-0.707106781186548,-0.707106781186548,0.));
#14808=DIRECTION('center_axis',(0.,0.,-1.));
#14809=DIRECTION('ref_axis',(-0.707106781186548,-0.707106781186548,0.));
#14810=DIRECTION('center_axis',(0.,-1.,0.));
#14811=DIRECTION('ref_axis',(-0.707106781186545,0.,0.70710678118655));
#14812=DIRECTION('center_axis',(0.,-1.,0.));
#14813=DIRECTION('ref_axis',(0.,0.,1.));
#14814=DIRECTION('',(0.,-1.,0.));
#14815=DIRECTION('',(0.,1.,0.));
#14816=DIRECTION('center_axis',(0.,0.,-1.));
#14817=DIRECTION('ref_axis',(-1.,0.,0.));
#14818=DIRECTION('center_axis',(-1.,0.,0.));
#14819=DIRECTION('ref_axis',(0.,0.,1.));
#14820=DIRECTION('center_axis',(0.,0.,1.));
#14821=DIRECTION('ref_axis',(-0.707106781186548,0.707106781186548,0.));
#14822=DIRECTION('center_axis',(0.,0.,-1.));
#14823=DIRECTION('ref_axis',(-0.707106781186547,0.707106781186547,0.));
#14824=DIRECTION('center_axis',(-1.,0.,0.));
#14825=DIRECTION('ref_axis',(0.,0.70710678118655,0.707106781186545));
#14826=DIRECTION('',(1.,0.,0.));
#14827=DIRECTION('',(-1.,0.,0.));
#14828=DIRECTION('center_axis',(-1.,0.,0.));
#14829=DIRECTION('ref_axis',(0.,-1.,0.));
#14830=DIRECTION('',(0.,0.,1.));
#14831=DIRECTION('',(0.,-1.,0.));
#14832=DIRECTION('',(0.,0.,-1.));
#14833=DIRECTION('center_axis',(0.,0.,1.));
#14834=DIRECTION('ref_axis',(-0.707106781186545,0.70710678118655,0.));
#14835=DIRECTION('',(0.,0.,-1.));
#14836=DIRECTION('center_axis',(0.,0.,1.));
#14837=DIRECTION('ref_axis',(-0.707106781186545,0.70710678118655,0.));
#14838=DIRECTION('center_axis',(0.,1.,0.));
#14839=DIRECTION('ref_axis',(-1.,0.,0.));
#14840=DIRECTION('',(0.,0.,1.));
#14841=DIRECTION('',(-1.,0.,0.));
#14842=DIRECTION('center_axis',(0.,0.,1.));
#14843=DIRECTION('ref_axis',(0.707106781186552,0.707106781186543,0.));
#14844=DIRECTION('',(0.,0.,-1.));
#14845=DIRECTION('center_axis',(0.,0.,1.));
#14846=DIRECTION('ref_axis',(0.707106781186552,0.707106781186543,0.));
#14847=DIRECTION('center_axis',(0.,0.,1.));
#14848=DIRECTION('ref_axis',(1.,0.,0.));
#14849=DIRECTION('center_axis',(1.,0.,0.));
#14850=DIRECTION('ref_axis',(0.,1.,0.));
#14851=DIRECTION('',(0.,0.,1.));
#14852=DIRECTION('',(0.,1.,0.));
#14853=DIRECTION('center_axis',(0.,0.,1.));
#14854=DIRECTION('ref_axis',(0.707106781186543,-0.707106781186552,0.));
#14855=DIRECTION('',(0.,0.,-1.));
#14856=DIRECTION('center_axis',(0.,0.,1.));
#14857=DIRECTION('ref_axis',(0.707106781186543,-0.707106781186552,0.));
#14858=DIRECTION('center_axis',(0.,-1.,0.));
#14859=DIRECTION('ref_axis',(1.,0.,0.));
#14860=DIRECTION('',(0.,0.,1.));
#14861=DIRECTION('',(1.,0.,0.));
#14862=DIRECTION('center_axis',(0.,0.,1.));
#14863=DIRECTION('ref_axis',(-0.707106781186552,-0.707106781186543,0.));
#14864=DIRECTION('center_axis',(0.,0.,1.));
#14865=DIRECTION('ref_axis',(-0.707106781186552,-0.707106781186543,0.));
#14866=DIRECTION('center_axis',(0.,0.,1.));
#14867=DIRECTION('ref_axis',(1.,0.,0.));
#14868=DIRECTION('center_axis',(0.,0.,-1.));
#14869=DIRECTION('ref_axis',(-1.,0.,0.));
#14870=DIRECTION('center_axis',(1.,0.,0.));
#14871=DIRECTION('ref_axis',(0.,1.,0.));
#14872=DIRECTION('center_axis',(0.,0.,-1.));
#14873=DIRECTION('ref_axis',(0.707106781186547,0.707106781186547,0.));
#14874=DIRECTION('center_axis',(0.,1.,0.));
#14875=DIRECTION('ref_axis',(0.,0.,1.));
#14876=DIRECTION('center_axis',(0.,0.,1.));
#14877=DIRECTION('ref_axis',(0.707106781186548,0.707106781186548,0.));
#14878=DIRECTION('center_axis',(0.,1.,0.));
#14879=DIRECTION('ref_axis',(0.707106781186547,0.,0.707106781186547));
#14880=DIRECTION('center_axis',(0.,1.,0.));
#14881=DIRECTION('ref_axis',(0.,0.,1.));
#14882=DIRECTION('',(0.,1.,0.));
#14883=DIRECTION('',(0.,-1.,0.));
#14884=DIRECTION('center_axis',(0.,0.,-1.));
#14885=DIRECTION('ref_axis',(-1.,0.,0.));
#14886=DIRECTION('center_axis',(1.,0.,0.));
#14887=DIRECTION('ref_axis',(0.,0.,1.));
#14888=DIRECTION('center_axis',(0.,0.,1.));
#14889=DIRECTION('ref_axis',(0.707106781186548,-0.707106781186548,0.));
#14890=DIRECTION('center_axis',(0.,0.,-1.));
#14891=DIRECTION('ref_axis',(0.707106781186548,-0.707106781186548,0.));
#14892=DIRECTION('center_axis',(1.,0.,0.));
#14893=DIRECTION('ref_axis',(0.,-0.707106781186545,0.70710678118655));
#14894=DIRECTION('center_axis',(1.,0.,0.));
#14895=DIRECTION('ref_axis',(0.,0.,1.));
#14896=DIRECTION('',(1.,0.,0.));
#14897=DIRECTION('',(-1.,0.,0.));
#14898=DIRECTION('center_axis',(0.,0.,-1.));
#14899=DIRECTION('ref_axis',(-1.,0.,0.));
#14900=DIRECTION('center_axis',(0.,-1.,0.));
#14901=DIRECTION('ref_axis',(0.,0.,1.));
#14902=DIRECTION('center_axis',(0.,0.,1.));
#14903=DIRECTION('ref_axis',(-0.707106781186548,-0.707106781186547,0.));
#14904=DIRECTION('center_axis',(0.,0.,-1.));
#14905=DIRECTION('ref_axis',(-0.707106781186548,-0.707106781186547,0.));
#14906=DIRECTION('center_axis',(0.,-1.,0.));
#14907=DIRECTION('ref_axis',(-0.707106781186547,0.,0.707106781186547));
#14908=DIRECTION('center_axis',(0.,-1.,0.));
#14909=DIRECTION('ref_axis',(0.,0.,1.));
#14910=DIRECTION('',(0.,-1.,0.));
#14911=DIRECTION('',(0.,1.,0.));
#14912=DIRECTION('center_axis',(0.,0.,-1.));
#14913=DIRECTION('ref_axis',(-1.,0.,0.));
#14914=DIRECTION('center_axis',(-1.,0.,0.));
#14915=DIRECTION('ref_axis',(0.,0.,1.));
#14916=DIRECTION('center_axis',(0.,0.,1.));
#14917=DIRECTION('ref_axis',(-0.707106781186548,0.707106781186548,0.));
#14918=DIRECTION('center_axis',(0.,0.,-1.));
#14919=DIRECTION('ref_axis',(-0.707106781186548,0.707106781186548,0.));
#14920=DIRECTION('center_axis',(-1.,0.,0.));
#14921=DIRECTION('ref_axis',(0.,0.70710678118655,0.707106781186545));
#14922=DIRECTION('',(1.,0.,0.));
#14923=DIRECTION('',(-1.,0.,0.));
#14924=DIRECTION('center_axis',(-1.,0.,0.));
#14925=DIRECTION('ref_axis',(0.,-1.,0.));
#14926=DIRECTION('',(0.,0.,1.));
#14927=DIRECTION('',(0.,-1.,0.));
#14928=DIRECTION('',(0.,0.,-1.));
#14929=DIRECTION('center_axis',(0.,0.,1.));
#14930=DIRECTION('ref_axis',(-0.707106781186546,0.707106781186549,0.));
#14931=DIRECTION('',(0.,0.,-1.));
#14932=DIRECTION('center_axis',(0.,0.,1.));
#14933=DIRECTION('ref_axis',(-0.707106781186546,0.707106781186549,0.));
#14934=DIRECTION('center_axis',(0.,1.,0.));
#14935=DIRECTION('ref_axis',(-1.,0.,0.));
#14936=DIRECTION('',(0.,0.,1.));
#14937=DIRECTION('',(-1.,0.,0.));
#14938=DIRECTION('center_axis',(0.,0.,1.));
#14939=DIRECTION('ref_axis',(0.70710678118655,0.707106781186545,0.));
#14940=DIRECTION('',(0.,0.,-1.));
#14941=DIRECTION('center_axis',(0.,0.,1.));
#14942=DIRECTION('ref_axis',(0.70710678118655,0.707106781186545,0.));
#14943=DIRECTION('center_axis',(0.,0.,1.));
#14944=DIRECTION('ref_axis',(1.,0.,0.));
#14945=DIRECTION('center_axis',(0.,0.,1.));
#14946=DIRECTION('ref_axis',(1.,0.,0.));
#14947=DIRECTION('',(0.,1.,0.));
#14948=DIRECTION('center_axis',(0.,0.,1.));
#14949=DIRECTION('ref_axis',(0.707106781186546,-0.707106781186549,0.));
#14950=DIRECTION('',(1.,0.,0.));
#14951=DIRECTION('center_axis',(0.,0.,1.));
#14952=DIRECTION('ref_axis',(-0.707106781186549,-0.707106781186546,0.));
#14953=DIRECTION('center_axis',(0.,0.,1.));
#14954=DIRECTION('ref_axis',(0.707106781186546,-0.707106781186549,0.));
#14955=DIRECTION('',(0.,0.,-1.));
#14956=DIRECTION('',(0.,0.,1.));
#14957=DIRECTION('center_axis',(0.,-1.,0.));
#14958=DIRECTION('ref_axis',(1.,0.,0.));
#14959=DIRECTION('',(0.,0.,1.));
#14960=DIRECTION('center_axis',(0.,0.,1.));
#14961=DIRECTION('ref_axis',(-0.707106781186549,-0.707106781186546,0.));
#14962=DIRECTION('center_axis',(1.,0.,0.));
#14963=DIRECTION('ref_axis',(0.,1.,0.));
#14964=DIRECTION('center_axis',(0.,0.,-1.));
#14965=DIRECTION('ref_axis',(-1.,0.,0.));
#14966=DIRECTION('center_axis',(1.,0.,0.));
#14967=DIRECTION('ref_axis',(0.,1.,0.));
#14968=DIRECTION('center_axis',(0.,0.,-1.));
#14969=DIRECTION('ref_axis',(0.707106781186548,0.707106781186548,0.));
#14970=DIRECTION('center_axis',(0.,1.,0.));
#14971=DIRECTION('ref_axis',(0.,0.,1.));
#14972=DIRECTION('center_axis',(0.,0.,1.));
#14973=DIRECTION('ref_axis',(0.707106781186548,0.707106781186548,0.));
#14974=DIRECTION('center_axis',(0.,1.,0.));
#14975=DIRECTION('ref_axis',(0.70710678118655,0.,0.707106781186545));
#14976=DIRECTION('center_axis',(0.,1.,0.));
#14977=DIRECTION('ref_axis',(0.,0.,1.));
#14978=DIRECTION('',(0.,1.,0.));
#14979=DIRECTION('',(0.,-1.,0.));
#14980=DIRECTION('center_axis',(0.,0.,-1.));
#14981=DIRECTION('ref_axis',(-1.,0.,0.));
#14982=DIRECTION('center_axis',(1.,0.,0.));
#14983=DIRECTION('ref_axis',(0.,0.,1.));
#14984=DIRECTION('center_axis',(0.,0.,1.));
#14985=DIRECTION('ref_axis',(0.707106781186548,-0.707106781186548,0.));
#14986=DIRECTION('center_axis',(0.,0.,-1.));
#14987=DIRECTION('ref_axis',(0.707106781186548,-0.707106781186548,0.));
#14988=DIRECTION('center_axis',(1.,0.,0.));
#14989=DIRECTION('ref_axis',(0.,-0.707106781186545,0.70710678118655));
#14990=DIRECTION('center_axis',(1.,0.,0.));
#14991=DIRECTION('ref_axis',(0.,0.,1.));
#14992=DIRECTION('',(1.,0.,0.));
#14993=DIRECTION('',(-1.,0.,0.));
#14994=DIRECTION('center_axis',(0.,0.,-1.));
#14995=DIRECTION('ref_axis',(-1.,0.,0.));
#14996=DIRECTION('center_axis',(0.,-1.,0.));
#14997=DIRECTION('ref_axis',(0.,0.,1.));
#14998=DIRECTION('center_axis',(0.,0.,1.));
#14999=DIRECTION('ref_axis',(-0.707106781186548,-0.707106781186548,0.));
#15000=DIRECTION('center_axis',(0.,0.,-1.));
#15001=DIRECTION('ref_axis',(-0.707106781186547,-0.707106781186547,0.));
#15002=DIRECTION('center_axis',(0.,-1.,0.));
#15003=DIRECTION('ref_axis',(-0.707106781186545,0.,0.70710678118655));
#15004=DIRECTION('center_axis',(0.,-1.,0.));
#15005=DIRECTION('ref_axis',(0.,0.,1.));
#15006=DIRECTION('',(0.,-1.,0.));
#15007=DIRECTION('',(0.,1.,0.));
#15008=DIRECTION('center_axis',(0.,0.,-1.));
#15009=DIRECTION('ref_axis',(-1.,0.,0.));
#15010=DIRECTION('center_axis',(-1.,0.,0.));
#15011=DIRECTION('ref_axis',(0.,0.,1.));
#15012=DIRECTION('center_axis',(0.,0.,1.));
#15013=DIRECTION('ref_axis',(-0.707106781186548,0.707106781186548,0.));
#15014=DIRECTION('center_axis',(0.,0.,-1.));
#15015=DIRECTION('ref_axis',(-0.707106781186547,0.707106781186547,0.));
#15016=DIRECTION('center_axis',(-1.,0.,0.));
#15017=DIRECTION('ref_axis',(0.,0.70710678118655,0.707106781186545));
#15018=DIRECTION('',(1.,0.,0.));
#15019=DIRECTION('',(-1.,0.,0.));
#15020=DIRECTION('center_axis',(-1.,0.,0.));
#15021=DIRECTION('ref_axis',(0.,-1.,0.));
#15022=DIRECTION('',(0.,0.,1.));
#15023=DIRECTION('',(0.,-1.,0.));
#15024=DIRECTION('',(0.,0.,-1.));
#15025=DIRECTION('center_axis',(0.,0.,1.));
#15026=DIRECTION('ref_axis',(-0.707106781186545,0.70710678118655,0.));
#15027=DIRECTION('',(0.,0.,-1.));
#15028=DIRECTION('center_axis',(0.,0.,1.));
#15029=DIRECTION('ref_axis',(-0.707106781186545,0.70710678118655,0.));
#15030=DIRECTION('center_axis',(0.,1.,0.));
#15031=DIRECTION('ref_axis',(-1.,0.,0.));
#15032=DIRECTION('',(0.,0.,1.));
#15033=DIRECTION('',(-1.,0.,0.));
#15034=DIRECTION('center_axis',(0.,0.,1.));
#15035=DIRECTION('ref_axis',(0.707106781186552,0.707106781186543,0.));
#15036=DIRECTION('',(0.,0.,-1.));
#15037=DIRECTION('center_axis',(0.,0.,1.));
#15038=DIRECTION('ref_axis',(0.707106781186552,0.707106781186543,0.));
#15039=DIRECTION('center_axis',(0.,0.,1.));
#15040=DIRECTION('ref_axis',(1.,0.,0.));
#15041=DIRECTION('center_axis',(0.,0.,1.));
#15042=DIRECTION('ref_axis',(1.,0.,0.));
#15043=DIRECTION('',(0.,1.,0.));
#15044=DIRECTION('center_axis',(0.,0.,1.));
#15045=DIRECTION('ref_axis',(0.707106781186543,-0.707106781186552,0.));
#15046=DIRECTION('',(1.,0.,0.));
#15047=DIRECTION('center_axis',(0.,0.,1.));
#15048=DIRECTION('ref_axis',(-0.70710678118655,-0.707106781186545,0.));
#15049=DIRECTION('center_axis',(1.,0.,0.));
#15050=DIRECTION('ref_axis',(0.,1.,0.));
#15051=DIRECTION('',(0.,0.,1.));
#15052=DIRECTION('center_axis',(0.,0.,1.));
#15053=DIRECTION('ref_axis',(0.707106781186543,-0.707106781186552,0.));
#15054=DIRECTION('',(0.,0.,-1.));
#15055=DIRECTION('center_axis',(0.,0.,1.));
#15056=DIRECTION('ref_axis',(-0.70710678118655,-0.707106781186545,0.));
#15057=DIRECTION('',(0.,0.,1.));
#15058=DIRECTION('center_axis',(0.,-1.,0.));
#15059=DIRECTION('ref_axis',(1.,0.,0.));
#15060=DIRECTION('center_axis',(0.,0.,-1.));
#15061=DIRECTION('ref_axis',(-1.,0.,0.));
#15062=DIRECTION('center_axis',(1.,0.,0.));
#15063=DIRECTION('ref_axis',(0.,1.,0.));
#15064=DIRECTION('center_axis',(0.,0.,-1.));
#15065=DIRECTION('ref_axis',(0.707106781186548,0.707106781186548,0.));
#15066=DIRECTION('center_axis',(0.,1.,0.));
#15067=DIRECTION('ref_axis',(0.,0.,1.));
#15068=DIRECTION('center_axis',(0.,0.,1.));
#15069=DIRECTION('ref_axis',(0.707106781186548,0.707106781186548,0.));
#15070=DIRECTION('center_axis',(0.,1.,0.));
#15071=DIRECTION('ref_axis',(0.707106781186547,0.,0.707106781186547));
#15072=DIRECTION('center_axis',(0.,1.,0.));
#15073=DIRECTION('ref_axis',(0.,0.,1.));
#15074=DIRECTION('',(0.,1.,0.));
#15075=DIRECTION('',(0.,-1.,0.));
#15076=DIRECTION('center_axis',(0.,0.,-1.));
#15077=DIRECTION('ref_axis',(-1.,0.,0.));
#15078=DIRECTION('center_axis',(1.,0.,0.));
#15079=DIRECTION('ref_axis',(0.,0.,1.));
#15080=DIRECTION('center_axis',(0.,0.,1.));
#15081=DIRECTION('ref_axis',(0.707106781186548,-0.707106781186548,0.));
#15082=DIRECTION('center_axis',(0.,0.,-1.));
#15083=DIRECTION('ref_axis',(0.707106781186548,-0.707106781186548,0.));
#15084=DIRECTION('center_axis',(1.,0.,0.));
#15085=DIRECTION('ref_axis',(0.,-0.707106781186545,0.70710678118655));
#15086=DIRECTION('center_axis',(1.,0.,0.));
#15087=DIRECTION('ref_axis',(0.,0.,1.));
#15088=DIRECTION('',(1.,0.,0.));
#15089=DIRECTION('',(-1.,0.,0.));
#15090=DIRECTION('center_axis',(0.,0.,-1.));
#15091=DIRECTION('ref_axis',(-1.,0.,0.));
#15092=DIRECTION('center_axis',(0.,-1.,0.));
#15093=DIRECTION('ref_axis',(0.,0.,1.));
#15094=DIRECTION('center_axis',(0.,0.,1.));
#15095=DIRECTION('ref_axis',(-0.707106781186548,-0.707106781186547,0.));
#15096=DIRECTION('center_axis',(0.,0.,-1.));
#15097=DIRECTION('ref_axis',(-0.707106781186548,-0.707106781186547,0.));
#15098=DIRECTION('center_axis',(0.,-1.,0.));
#15099=DIRECTION('ref_axis',(-0.707106781186547,0.,0.707106781186547));
#15100=DIRECTION('center_axis',(0.,-1.,0.));
#15101=DIRECTION('ref_axis',(0.,0.,1.));
#15102=DIRECTION('',(0.,-1.,0.));
#15103=DIRECTION('',(0.,1.,0.));
#15104=DIRECTION('center_axis',(0.,0.,-1.));
#15105=DIRECTION('ref_axis',(-1.,0.,0.));
#15106=DIRECTION('center_axis',(-1.,0.,0.));
#15107=DIRECTION('ref_axis',(0.,0.,1.));
#15108=DIRECTION('center_axis',(0.,0.,1.));
#15109=DIRECTION('ref_axis',(-0.707106781186546,0.707106781186549,0.));
#15110=DIRECTION('center_axis',(0.,0.,-1.));
#15111=DIRECTION('ref_axis',(-0.707106781186546,0.707106781186549,0.));
#15112=DIRECTION('center_axis',(-1.,0.,0.));
#15113=DIRECTION('ref_axis',(0.,0.707106781186545,0.70710678118655));
#15114=DIRECTION('',(1.,0.,0.));
#15115=DIRECTION('',(-1.,0.,0.));
#15116=DIRECTION('center_axis',(-1.,0.,0.));
#15117=DIRECTION('ref_axis',(0.,-1.,0.));
#15118=DIRECTION('',(0.,0.,1.));
#15119=DIRECTION('',(0.,-1.,0.));
#15120=DIRECTION('',(0.,0.,-1.));
#15121=DIRECTION('center_axis',(0.,0.,1.));
#15122=DIRECTION('ref_axis',(-0.707106781186546,0.707106781186549,0.));
#15123=DIRECTION('',(0.,0.,-1.));
#15124=DIRECTION('center_axis',(0.,0.,1.));
#15125=DIRECTION('ref_axis',(-0.707106781186546,0.707106781186549,0.));
#15126=DIRECTION('center_axis',(0.,1.,0.));
#15127=DIRECTION('ref_axis',(-1.,0.,0.));
#15128=DIRECTION('',(0.,0.,1.));
#15129=DIRECTION('',(-1.,0.,0.));
#15130=DIRECTION('center_axis',(0.,0.,1.));
#15131=DIRECTION('ref_axis',(0.707106781186548,0.707106781186548,0.));
#15132=DIRECTION('',(0.,0.,-1.));
#15133=DIRECTION('center_axis',(0.,0.,1.));
#15134=DIRECTION('ref_axis',(0.707106781186548,0.707106781186548,0.));
#15135=DIRECTION('center_axis',(0.,0.,1.));
#15136=DIRECTION('ref_axis',(1.,0.,0.));
#15137=DIRECTION('center_axis',(1.,0.,0.));
#15138=DIRECTION('ref_axis',(0.,1.,0.));
#15139=DIRECTION('',(0.,0.,1.));
#15140=DIRECTION('',(0.,1.,0.));
#15141=DIRECTION('center_axis',(0.,0.,1.));
#15142=DIRECTION('ref_axis',(0.707106781186546,-0.707106781186549,0.));
#15143=DIRECTION('',(0.,0.,-1.));
#15144=DIRECTION('center_axis',(0.,0.,1.));
#15145=DIRECTION('ref_axis',(0.707106781186546,-0.707106781186549,0.));
#15146=DIRECTION('center_axis',(0.,-1.,0.));
#15147=DIRECTION('ref_axis',(1.,0.,0.));
#15148=DIRECTION('',(0.,0.,1.));
#15149=DIRECTION('',(1.,0.,0.));
#15150=DIRECTION('center_axis',(0.,0.,1.));
#15151=DIRECTION('ref_axis',(-0.707106781186549,-0.707106781186546,0.));
#15152=DIRECTION('center_axis',(0.,0.,1.));
#15153=DIRECTION('ref_axis',(-0.707106781186549,-0.707106781186546,0.));
#15154=DIRECTION('center_axis',(0.,0.,1.));
#15155=DIRECTION('ref_axis',(1.,0.,0.));
#15156=DIRECTION('center_axis',(0.,0.,-1.));
#15157=DIRECTION('ref_axis',(-1.,0.,0.));
#15158=DIRECTION('center_axis',(1.,0.,0.));
#15159=DIRECTION('ref_axis',(0.,1.,0.));
#15160=DIRECTION('center_axis',(0.,0.,-1.));
#15161=DIRECTION('ref_axis',(0.707106781186548,0.707106781186548,0.));
#15162=DIRECTION('center_axis',(0.,1.,0.));
#15163=DIRECTION('ref_axis',(0.,0.,1.));
#15164=DIRECTION('center_axis',(0.,0.,1.));
#15165=DIRECTION('ref_axis',(0.707106781186548,0.707106781186548,0.));
#15166=DIRECTION('center_axis',(0.,1.,0.));
#15167=DIRECTION('ref_axis',(0.70710678118654,0.,0.707106781186555));
#15168=DIRECTION('center_axis',(0.,1.,0.));
#15169=DIRECTION('ref_axis',(0.,0.,1.));
#15170=DIRECTION('',(0.,1.,0.));
#15171=DIRECTION('',(0.,-1.,0.));
#15172=DIRECTION('center_axis',(0.,0.,-1.));
#15173=DIRECTION('ref_axis',(-1.,0.,0.));
#15174=DIRECTION('center_axis',(1.,0.,0.));
#15175=DIRECTION('ref_axis',(0.,0.,1.));
#15176=DIRECTION('center_axis',(0.,0.,1.));
#15177=DIRECTION('ref_axis',(0.707106781186548,-0.707106781186548,0.));
#15178=DIRECTION('center_axis',(0.,0.,-1.));
#15179=DIRECTION('ref_axis',(0.707106781186547,-0.707106781186547,0.));
#15180=DIRECTION('center_axis',(1.,0.,0.));
#15181=DIRECTION('ref_axis',(0.,-0.707106781186547,0.707106781186547));
#15182=DIRECTION('center_axis',(1.,0.,0.));
#15183=DIRECTION('ref_axis',(0.,0.,1.));
#15184=DIRECTION('',(1.,0.,0.));
#15185=DIRECTION('',(-1.,0.,0.));
#15186=DIRECTION('center_axis',(0.,0.,-1.));
#15187=DIRECTION('ref_axis',(-1.,0.,0.));
#15188=DIRECTION('center_axis',(0.,-1.,0.));
#15189=DIRECTION('ref_axis',(0.,0.,1.));
#15190=DIRECTION('center_axis',(0.,0.,1.));
#15191=DIRECTION('ref_axis',(-0.707106781186548,-0.707106781186548,0.));
#15192=DIRECTION('center_axis',(0.,0.,-1.));
#15193=DIRECTION('ref_axis',(-0.707106781186548,-0.707106781186548,0.));
#15194=DIRECTION('center_axis',(0.,-1.,0.));
#15195=DIRECTION('ref_axis',(-0.70710678118654,0.,0.707106781186555));
#15196=DIRECTION('center_axis',(0.,-1.,0.));
#15197=DIRECTION('ref_axis',(0.,0.,1.));
#15198=DIRECTION('',(0.,-1.,0.));
#15199=DIRECTION('',(0.,1.,0.));
#15200=DIRECTION('center_axis',(0.,0.,-1.));
#15201=DIRECTION('ref_axis',(-1.,0.,0.));
#15202=DIRECTION('center_axis',(-1.,0.,0.));
#15203=DIRECTION('ref_axis',(0.,0.,1.));
#15204=DIRECTION('center_axis',(0.,0.,1.));
#15205=DIRECTION('ref_axis',(-0.707106781186548,0.707106781186548,0.));
#15206=DIRECTION('center_axis',(0.,0.,-1.));
#15207=DIRECTION('ref_axis',(-0.707106781186547,0.707106781186547,0.));
#15208=DIRECTION('center_axis',(-1.,0.,0.));
#15209=DIRECTION('ref_axis',(0.,0.707106781186547,0.707106781186547));
#15210=DIRECTION('',(1.,0.,0.));
#15211=DIRECTION('',(-1.,0.,0.));
#15212=DIRECTION('center_axis',(-1.,0.,0.));
#15213=DIRECTION('ref_axis',(0.,-1.,0.));
#15214=DIRECTION('',(0.,0.,1.));
#15215=DIRECTION('',(0.,-1.,0.));
#15216=DIRECTION('',(0.,0.,-1.));
#15217=DIRECTION('center_axis',(0.,0.,1.));
#15218=DIRECTION('ref_axis',(-0.70710678118655,0.707106781186545,0.));
#15219=DIRECTION('',(0.,0.,-1.));
#15220=DIRECTION('center_axis',(0.,0.,1.));
#15221=DIRECTION('ref_axis',(-0.70710678118655,0.707106781186545,0.));
#15222=DIRECTION('center_axis',(0.,1.,0.));
#15223=DIRECTION('ref_axis',(-1.,0.,0.));
#15224=DIRECTION('',(0.,0.,1.));
#15225=DIRECTION('',(-1.,0.,0.));
#15226=DIRECTION('center_axis',(0.,0.,1.));
#15227=DIRECTION('ref_axis',(0.707106781186549,0.707106781186546,0.));
#15228=DIRECTION('',(0.,0.,-1.));
#15229=DIRECTION('center_axis',(0.,0.,1.));
#15230=DIRECTION('ref_axis',(0.707106781186549,0.707106781186546,0.));
#15231=DIRECTION('center_axis',(0.,0.,1.));
#15232=DIRECTION('ref_axis',(1.,0.,0.));
#15233=DIRECTION('center_axis',(0.,0.,1.));
#15234=DIRECTION('ref_axis',(1.,0.,0.));
#15235=DIRECTION('',(0.,1.,0.));
#15236=DIRECTION('center_axis',(0.,0.,1.));
#15237=DIRECTION('ref_axis',(0.70710678118655,-0.707106781186545,0.));
#15238=DIRECTION('',(1.,0.,0.));
#15239=DIRECTION('center_axis',(0.,0.,1.));
#15240=DIRECTION('ref_axis',(-0.707106781186549,-0.707106781186546,0.));
#15241=DIRECTION('center_axis',(1.,0.,0.));
#15242=DIRECTION('ref_axis',(0.,1.,0.));
#15243=DIRECTION('',(0.,0.,1.));
#15244=DIRECTION('center_axis',(0.,0.,1.));
#15245=DIRECTION('ref_axis',(0.70710678118655,-0.707106781186545,0.));
#15246=DIRECTION('',(0.,0.,-1.));
#15247=DIRECTION('center_axis',(0.,0.,1.));
#15248=DIRECTION('ref_axis',(-0.707106781186549,-0.707106781186546,0.));
#15249=DIRECTION('',(0.,0.,1.));
#15250=DIRECTION('center_axis',(0.,-1.,0.));
#15251=DIRECTION('ref_axis',(1.,0.,0.));
#15252=DIRECTION('center_axis',(0.,0.,-1.));
#15253=DIRECTION('ref_axis',(-1.,0.,0.));
#15254=DIRECTION('center_axis',(1.,0.,0.));
#15255=DIRECTION('ref_axis',(0.,1.,0.));
#15256=DIRECTION('center_axis',(0.,0.,-1.));
#15257=DIRECTION('ref_axis',(0.707106781186548,0.707106781186548,0.));
#15258=DIRECTION('center_axis',(0.,1.,0.));
#15259=DIRECTION('ref_axis',(0.,0.,1.));
#15260=DIRECTION('center_axis',(0.,0.,1.));
#15261=DIRECTION('ref_axis',(0.707106781186548,0.707106781186548,0.));
#15262=DIRECTION('center_axis',(0.,1.,0.));
#15263=DIRECTION('ref_axis',(0.70710678118655,0.,0.707106781186545));
#15264=DIRECTION('center_axis',(0.,1.,0.));
#15265=DIRECTION('ref_axis',(0.,0.,1.));
#15266=DIRECTION('',(0.,1.,0.));
#15267=DIRECTION('',(0.,-1.,0.));
#15268=DIRECTION('center_axis',(0.,0.,-1.));
#15269=DIRECTION('ref_axis',(-1.,0.,0.));
#15270=DIRECTION('center_axis',(1.,0.,0.));
#15271=DIRECTION('ref_axis',(0.,0.,1.));
#15272=DIRECTION('center_axis',(0.,0.,1.));
#15273=DIRECTION('ref_axis',(0.707106781186548,-0.707106781186548,0.));
#15274=DIRECTION('center_axis',(0.,0.,-1.));
#15275=DIRECTION('ref_axis',(0.707106781186548,-0.707106781186548,0.));
#15276=DIRECTION('center_axis',(1.,0.,0.));
#15277=DIRECTION('ref_axis',(0.,-0.70710678118655,0.707106781186545));
#15278=DIRECTION('center_axis',(1.,0.,0.));
#15279=DIRECTION('ref_axis',(0.,0.,1.));
#15280=DIRECTION('',(1.,0.,0.));
#15281=DIRECTION('',(-1.,0.,0.));
#15282=DIRECTION('center_axis',(0.,0.,-1.));
#15283=DIRECTION('ref_axis',(-1.,0.,0.));
#15284=DIRECTION('center_axis',(0.,-1.,0.));
#15285=DIRECTION('ref_axis',(0.,0.,1.));
#15286=DIRECTION('center_axis',(0.,0.,1.));
#15287=DIRECTION('ref_axis',(-0.707106781186548,-0.707106781186548,0.));
#15288=DIRECTION('center_axis',(0.,0.,-1.));
#15289=DIRECTION('ref_axis',(-0.707106781186548,-0.707106781186548,0.));
#15290=DIRECTION('center_axis',(0.,-1.,0.));
#15291=DIRECTION('ref_axis',(-0.70710678118655,0.,0.707106781186545));
#15292=DIRECTION('center_axis',(0.,-1.,0.));
#15293=DIRECTION('ref_axis',(0.,0.,1.));
#15294=DIRECTION('',(0.,-1.,0.));
#15295=DIRECTION('',(0.,1.,0.));
#15296=DIRECTION('center_axis',(0.,0.,-1.));
#15297=DIRECTION('ref_axis',(-1.,0.,0.));
#15298=DIRECTION('center_axis',(-1.,0.,0.));
#15299=DIRECTION('ref_axis',(0.,0.,1.));
#15300=DIRECTION('center_axis',(0.,0.,1.));
#15301=DIRECTION('ref_axis',(-0.707106781186548,0.707106781186548,0.));
#15302=DIRECTION('center_axis',(0.,0.,-1.));
#15303=DIRECTION('ref_axis',(-0.707106781186548,0.707106781186548,0.));
#15304=DIRECTION('center_axis',(-1.,0.,0.));
#15305=DIRECTION('ref_axis',(0.,0.70710678118655,0.707106781186545));
#15306=DIRECTION('',(1.,0.,0.));
#15307=DIRECTION('',(-1.,0.,0.));
#15308=DIRECTION('center_axis',(-1.,0.,0.));
#15309=DIRECTION('ref_axis',(0.,-1.,0.));
#15310=DIRECTION('',(0.,0.,1.));
#15311=DIRECTION('',(0.,-1.,0.));
#15312=DIRECTION('',(0.,0.,-1.));
#15313=DIRECTION('center_axis',(0.,0.,1.));
#15314=DIRECTION('ref_axis',(-0.707106781186543,0.707106781186552,0.));
#15315=DIRECTION('',(0.,0.,-1.));
#15316=DIRECTION('center_axis',(0.,0.,1.));
#15317=DIRECTION('ref_axis',(-0.707106781186543,0.707106781186552,0.));
#15318=DIRECTION('center_axis',(0.,1.,0.));
#15319=DIRECTION('ref_axis',(-1.,0.,0.));
#15320=DIRECTION('',(0.,0.,1.));
#15321=DIRECTION('',(-1.,0.,0.));
#15322=DIRECTION('center_axis',(0.,0.,1.));
#15323=DIRECTION('ref_axis',(0.707106781186552,0.707106781186543,0.));
#15324=DIRECTION('',(0.,0.,-1.));
#15325=DIRECTION('center_axis',(0.,0.,1.));
#15326=DIRECTION('ref_axis',(0.707106781186552,0.707106781186543,0.));
#15327=DIRECTION('center_axis',(0.,0.,1.));
#15328=DIRECTION('ref_axis',(1.,0.,0.));
#15329=DIRECTION('center_axis',(0.,0.,1.));
#15330=DIRECTION('ref_axis',(0.707106781186543,-0.707106781186552,0.));
#15331=DIRECTION('',(0.,0.,-1.));
#15332=DIRECTION('center_axis',(0.,0.,1.));
#15333=DIRECTION('ref_axis',(0.707106781186543,-0.707106781186552,0.));
#15334=DIRECTION('',(0.,0.,1.));
#15335=DIRECTION('center_axis',(1.,0.,0.));
#15336=DIRECTION('ref_axis',(0.,1.,0.));
#15337=DIRECTION('',(0.,1.,0.));
#15338=DIRECTION('center_axis',(0.,0.,1.));
#15339=DIRECTION('ref_axis',(1.,0.,0.));
#15340=DIRECTION('',(1.,0.,0.));
#15341=DIRECTION('center_axis',(0.,0.,1.));
#15342=DIRECTION('ref_axis',(-0.707106781186552,-0.707106781186543,0.));
#15343=DIRECTION('center_axis',(0.,0.,1.));
#15344=DIRECTION('ref_axis',(-0.707106781186552,-0.707106781186543,0.));
#15345=DIRECTION('',(0.,0.,1.));
#15346=DIRECTION('center_axis',(0.,-1.,0.));
#15347=DIRECTION('ref_axis',(1.,0.,0.));
#15348=DIRECTION('center_axis',(0.,0.,-1.));
#15349=DIRECTION('ref_axis',(-1.,0.,0.));
#15350=DIRECTION('center_axis',(1.,0.,0.));
#15351=DIRECTION('ref_axis',(0.,1.,0.));
#15352=DIRECTION('center_axis',(0.,0.,-1.));
#15353=DIRECTION('ref_axis',(0.707106781186547,0.707106781186547,0.));
#15354=DIRECTION('center_axis',(0.,1.,0.));
#15355=DIRECTION('ref_axis',(0.,0.,1.));
#15356=DIRECTION('center_axis',(0.,0.,1.));
#15357=DIRECTION('ref_axis',(0.707106781186548,0.707106781186548,0.));
#15358=DIRECTION('center_axis',(0.,1.,0.));
#15359=DIRECTION('ref_axis',(0.707106781186547,0.,0.707106781186547));
#15360=DIRECTION('center_axis',(0.,1.,0.));
#15361=DIRECTION('ref_axis',(0.,0.,1.));
#15362=DIRECTION('',(0.,1.,0.));
#15363=DIRECTION('',(0.,-1.,0.));
#15364=DIRECTION('center_axis',(0.,0.,-1.));
#15365=DIRECTION('ref_axis',(-1.,0.,0.));
#15366=DIRECTION('center_axis',(1.,0.,0.));
#15367=DIRECTION('ref_axis',(0.,0.,1.));
#15368=DIRECTION('center_axis',(0.,0.,1.));
#15369=DIRECTION('ref_axis',(0.707106781186548,-0.707106781186548,0.));
#15370=DIRECTION('center_axis',(0.,0.,-1.));
#15371=DIRECTION('ref_axis',(0.707106781186547,-0.707106781186547,0.));
#15372=DIRECTION('center_axis',(1.,0.,0.));
#15373=DIRECTION('ref_axis',(0.,-0.707106781186547,0.707106781186547));
#15374=DIRECTION('center_axis',(1.,0.,0.));
#15375=DIRECTION('ref_axis',(0.,0.,1.));
#15376=DIRECTION('',(1.,0.,0.));
#15377=DIRECTION('',(-1.,0.,0.));
#15378=DIRECTION('center_axis',(0.,0.,-1.));
#15379=DIRECTION('ref_axis',(-1.,0.,0.));
#15380=DIRECTION('center_axis',(0.,-1.,0.));
#15381=DIRECTION('ref_axis',(0.,0.,1.));
#15382=DIRECTION('center_axis',(0.,0.,1.));
#15383=DIRECTION('ref_axis',(-0.707106781186548,-0.707106781186548,0.));
#15384=DIRECTION('center_axis',(0.,0.,-1.));
#15385=DIRECTION('ref_axis',(-0.707106781186548,-0.707106781186548,0.));
#15386=DIRECTION('center_axis',(0.,-1.,0.));
#15387=DIRECTION('ref_axis',(-0.707106781186547,0.,0.707106781186547));
#15388=DIRECTION('center_axis',(0.,-1.,0.));
#15389=DIRECTION('ref_axis',(0.,0.,1.));
#15390=DIRECTION('',(0.,-1.,0.));
#15391=DIRECTION('',(0.,1.,0.));
#15392=DIRECTION('center_axis',(0.,0.,-1.));
#15393=DIRECTION('ref_axis',(-1.,0.,0.));
#15394=DIRECTION('center_axis',(-1.,0.,0.));
#15395=DIRECTION('ref_axis',(0.,0.,1.));
#15396=DIRECTION('center_axis',(0.,0.,1.));
#15397=DIRECTION('ref_axis',(-0.707106781186547,0.707106781186548,0.));
#15398=DIRECTION('center_axis',(0.,0.,-1.));
#15399=DIRECTION('ref_axis',(-0.707106781186547,0.707106781186548,0.));
#15400=DIRECTION('center_axis',(-1.,0.,0.));
#15401=DIRECTION('ref_axis',(0.,0.707106781186547,0.707106781186547));
#15402=DIRECTION('',(1.,0.,0.));
#15403=DIRECTION('',(-1.,0.,0.));
#15404=DIRECTION('center_axis',(-1.,0.,0.));
#15405=DIRECTION('ref_axis',(0.,-1.,0.));
#15406=DIRECTION('',(0.,0.,1.));
#15407=DIRECTION('',(0.,-1.,0.));
#15408=DIRECTION('',(0.,0.,-1.));
#15409=DIRECTION('center_axis',(0.,0.,1.));
#15410=DIRECTION('ref_axis',(-0.707106781186548,0.707106781186547,0.));
#15411=DIRECTION('',(0.,0.,-1.));
#15412=DIRECTION('center_axis',(0.,0.,1.));
#15413=DIRECTION('ref_axis',(-0.707106781186548,0.707106781186547,0.));
#15414=DIRECTION('center_axis',(0.,1.,0.));
#15415=DIRECTION('ref_axis',(-1.,0.,0.));
#15416=DIRECTION('',(0.,0.,1.));
#15417=DIRECTION('',(-1.,0.,0.));
#15418=DIRECTION('center_axis',(0.,0.,1.));
#15419=DIRECTION('ref_axis',(0.707106781186546,0.707106781186549,0.));
#15420=DIRECTION('',(0.,0.,-1.));
#15421=DIRECTION('center_axis',(0.,0.,1.));
#15422=DIRECTION('ref_axis',(0.707106781186546,0.707106781186549,0.));
#15423=DIRECTION('center_axis',(0.,0.,1.));
#15424=DIRECTION('ref_axis',(1.,0.,0.));
#15425=DIRECTION('center_axis',(0.,0.,1.));
#15426=DIRECTION('ref_axis',(1.,0.,0.));
#15427=DIRECTION('',(0.,1.,0.));
#15428=DIRECTION('center_axis',(0.,0.,1.));
#15429=DIRECTION('ref_axis',(0.707106781186549,-0.707106781186546,0.));
#15430=DIRECTION('',(1.,0.,0.));
#15431=DIRECTION('center_axis',(0.,0.,1.));
#15432=DIRECTION('ref_axis',(-0.707106781186548,-0.707106781186548,0.));
#15433=DIRECTION('center_axis',(1.,0.,0.));
#15434=DIRECTION('ref_axis',(0.,1.,0.));
#15435=DIRECTION('',(0.,0.,1.));
#15436=DIRECTION('center_axis',(0.,0.,1.));
#15437=DIRECTION('ref_axis',(0.707106781186549,-0.707106781186546,0.));
#15438=DIRECTION('',(0.,0.,-1.));
#15439=DIRECTION('center_axis',(0.,0.,1.));
#15440=DIRECTION('ref_axis',(-0.707106781186548,-0.707106781186548,0.));
#15441=DIRECTION('',(0.,0.,1.));
#15442=DIRECTION('center_axis',(0.,-1.,0.));
#15443=DIRECTION('ref_axis',(1.,0.,0.));
#15444=DIRECTION('center_axis',(0.,0.,-1.));
#15445=DIRECTION('ref_axis',(-1.,0.,0.));
#15446=DIRECTION('center_axis',(1.,0.,0.));
#15447=DIRECTION('ref_axis',(0.,1.,0.));
#15448=DIRECTION('center_axis',(0.,0.,-1.));
#15449=DIRECTION('ref_axis',(0.707106781186548,0.707106781186548,0.));
#15450=DIRECTION('center_axis',(0.,1.,0.));
#15451=DIRECTION('ref_axis',(0.,0.,1.));
#15452=DIRECTION('center_axis',(0.,0.,1.));
#15453=DIRECTION('ref_axis',(0.707106781186548,0.707106781186548,0.));
#15454=DIRECTION('center_axis',(0.,1.,0.));
#15455=DIRECTION('ref_axis',(0.70710678118655,0.,0.707106781186545));
#15456=DIRECTION('center_axis',(0.,1.,0.));
#15457=DIRECTION('ref_axis',(0.,0.,1.));
#15458=DIRECTION('',(0.,1.,0.));
#15459=DIRECTION('',(0.,-1.,0.));
#15460=DIRECTION('center_axis',(0.,0.,-1.));
#15461=DIRECTION('ref_axis',(-1.,0.,0.));
#15462=DIRECTION('center_axis',(1.,0.,0.));
#15463=DIRECTION('ref_axis',(0.,0.,1.));
#15464=DIRECTION('center_axis',(0.,0.,1.));
#15465=DIRECTION('ref_axis',(0.707106781186548,-0.707106781186548,0.));
#15466=DIRECTION('center_axis',(0.,0.,-1.));
#15467=DIRECTION('ref_axis',(0.707106781186547,-0.707106781186547,0.));
#15468=DIRECTION('center_axis',(1.,0.,0.));
#15469=DIRECTION('ref_axis',(0.,-0.707106781186547,0.707106781186547));
#15470=DIRECTION('center_axis',(1.,0.,0.));
#15471=DIRECTION('ref_axis',(0.,0.,1.));
#15472=DIRECTION('',(1.,0.,0.));
#15473=DIRECTION('',(-1.,0.,0.));
#15474=DIRECTION('center_axis',(0.,0.,-1.));
#15475=DIRECTION('ref_axis',(-1.,0.,0.));
#15476=DIRECTION('center_axis',(0.,-1.,0.));
#15477=DIRECTION('ref_axis',(0.,0.,1.));
#15478=DIRECTION('center_axis',(0.,0.,1.));
#15479=DIRECTION('ref_axis',(-0.707106781186548,-0.707106781186548,0.));
#15480=DIRECTION('center_axis',(0.,0.,-1.));
#15481=DIRECTION('ref_axis',(-0.707106781186548,-0.707106781186548,0.));
#15482=DIRECTION('center_axis',(0.,-1.,0.));
#15483=DIRECTION('ref_axis',(-0.707106781186545,0.,0.70710678118655));
#15484=DIRECTION('center_axis',(0.,-1.,0.));
#15485=DIRECTION('ref_axis',(0.,0.,1.));
#15486=DIRECTION('',(0.,-1.,0.));
#15487=DIRECTION('',(0.,1.,0.));
#15488=DIRECTION('center_axis',(0.,0.,-1.));
#15489=DIRECTION('ref_axis',(-1.,0.,0.));
#15490=DIRECTION('center_axis',(-1.,0.,0.));
#15491=DIRECTION('ref_axis',(0.,0.,1.));
#15492=DIRECTION('center_axis',(0.,0.,1.));
#15493=DIRECTION('ref_axis',(-0.707106781186548,0.707106781186548,0.));
#15494=DIRECTION('center_axis',(0.,0.,-1.));
#15495=DIRECTION('ref_axis',(-0.707106781186548,0.707106781186548,0.));
#15496=DIRECTION('center_axis',(-1.,0.,0.));
#15497=DIRECTION('ref_axis',(0.,0.707106781186547,0.707106781186547));
#15498=DIRECTION('',(1.,0.,0.));
#15499=DIRECTION('',(-1.,0.,0.));
#15500=DIRECTION('center_axis',(-1.,0.,0.));
#15501=DIRECTION('ref_axis',(0.,-1.,0.));
#15502=DIRECTION('',(0.,0.,1.));
#15503=DIRECTION('',(0.,-1.,0.));
#15504=DIRECTION('',(0.,0.,-1.));
#15505=DIRECTION('center_axis',(0.,0.,1.));
#15506=DIRECTION('ref_axis',(-0.707106781186548,0.707106781186548,0.));
#15507=DIRECTION('',(0.,0.,-1.));
#15508=DIRECTION('center_axis',(0.,0.,1.));
#15509=DIRECTION('ref_axis',(-0.707106781186548,0.707106781186548,0.));
#15510=DIRECTION('center_axis',(0.,1.,0.));
#15511=DIRECTION('ref_axis',(-1.,0.,0.));
#15512=DIRECTION('',(0.,0.,1.));
#15513=DIRECTION('',(-1.,0.,0.));
#15514=DIRECTION('center_axis',(0.,0.,1.));
#15515=DIRECTION('ref_axis',(0.707106781186549,0.707106781186546,0.));
#15516=DIRECTION('',(0.,0.,-1.));
#15517=DIRECTION('center_axis',(0.,0.,1.));
#15518=DIRECTION('ref_axis',(0.707106781186549,0.707106781186546,0.));
#15519=DIRECTION('center_axis',(0.,0.,1.));
#15520=DIRECTION('ref_axis',(1.,0.,0.));
#15521=DIRECTION('center_axis',(0.,0.,1.));
#15522=DIRECTION('ref_axis',(1.,0.,0.));
#15523=DIRECTION('',(0.,1.,0.));
#15524=DIRECTION('center_axis',(0.,0.,1.));
#15525=DIRECTION('ref_axis',(0.707106781186545,-0.70710678118655,0.));
#15526=DIRECTION('',(1.,0.,0.));
#15527=DIRECTION('center_axis',(0.,0.,1.));
#15528=DIRECTION('ref_axis',(-0.707106781186549,-0.707106781186546,0.));
#15529=DIRECTION('center_axis',(1.,0.,0.));
#15530=DIRECTION('ref_axis',(0.,1.,0.));
#15531=DIRECTION('',(0.,0.,1.));
#15532=DIRECTION('center_axis',(0.,0.,1.));
#15533=DIRECTION('ref_axis',(0.707106781186545,-0.70710678118655,0.));
#15534=DIRECTION('',(0.,0.,-1.));
#15535=DIRECTION('center_axis',(0.,0.,1.));
#15536=DIRECTION('ref_axis',(-0.707106781186549,-0.707106781186546,0.));
#15537=DIRECTION('',(0.,0.,1.));
#15538=DIRECTION('center_axis',(0.,-1.,0.));
#15539=DIRECTION('ref_axis',(1.,0.,0.));
#15540=DIRECTION('center_axis',(0.,0.,-1.));
#15541=DIRECTION('ref_axis',(-1.,0.,0.));
#15542=DIRECTION('center_axis',(1.,0.,0.));
#15543=DIRECTION('ref_axis',(0.,1.,0.));
#15544=DIRECTION('center_axis',(0.,0.,-1.));
#15545=DIRECTION('ref_axis',(0.707106781186547,0.707106781186547,0.));
#15546=DIRECTION('center_axis',(0.,1.,0.));
#15547=DIRECTION('ref_axis',(0.,0.,1.));
#15548=DIRECTION('center_axis',(0.,0.,1.));
#15549=DIRECTION('ref_axis',(0.707106781186548,0.707106781186548,0.));
#15550=DIRECTION('center_axis',(0.,1.,0.));
#15551=DIRECTION('ref_axis',(0.70710678118655,0.,0.707106781186545));
#15552=DIRECTION('center_axis',(0.,1.,0.));
#15553=DIRECTION('ref_axis',(0.,0.,1.));
#15554=DIRECTION('',(0.,1.,0.));
#15555=DIRECTION('',(0.,-1.,0.));
#15556=DIRECTION('center_axis',(0.,0.,-1.));
#15557=DIRECTION('ref_axis',(-1.,0.,0.));
#15558=DIRECTION('center_axis',(1.,0.,0.));
#15559=DIRECTION('ref_axis',(0.,0.,1.));
#15560=DIRECTION('center_axis',(0.,0.,1.));
#15561=DIRECTION('ref_axis',(0.707106781186548,-0.707106781186548,0.));
#15562=DIRECTION('center_axis',(0.,0.,-1.));
#15563=DIRECTION('ref_axis',(0.707106781186548,-0.707106781186548,0.));
#15564=DIRECTION('center_axis',(1.,0.,0.));
#15565=DIRECTION('ref_axis',(0.,-0.707106781186545,0.70710678118655));
#15566=DIRECTION('center_axis',(1.,0.,0.));
#15567=DIRECTION('ref_axis',(0.,0.,1.));
#15568=DIRECTION('',(1.,0.,0.));
#15569=DIRECTION('',(-1.,0.,0.));
#15570=DIRECTION('center_axis',(0.,0.,-1.));
#15571=DIRECTION('ref_axis',(-1.,0.,0.));
#15572=DIRECTION('center_axis',(0.,-1.,0.));
#15573=DIRECTION('ref_axis',(0.,0.,1.));
#15574=DIRECTION('center_axis',(0.,0.,1.));
#15575=DIRECTION('ref_axis',(-0.707106781186548,-0.707106781186548,0.));
#15576=DIRECTION('center_axis',(0.,0.,-1.));
#15577=DIRECTION('ref_axis',(-0.707106781186547,-0.707106781186547,0.));
#15578=DIRECTION('center_axis',(0.,-1.,0.));
#15579=DIRECTION('ref_axis',(-0.70710678118655,0.,0.707106781186545));
#15580=DIRECTION('center_axis',(0.,-1.,0.));
#15581=DIRECTION('ref_axis',(0.,0.,1.));
#15582=DIRECTION('',(0.,-1.,0.));
#15583=DIRECTION('',(0.,1.,0.));
#15584=DIRECTION('center_axis',(0.,0.,-1.));
#15585=DIRECTION('ref_axis',(-1.,0.,0.));
#15586=DIRECTION('center_axis',(-1.,0.,0.));
#15587=DIRECTION('ref_axis',(0.,0.,1.));
#15588=DIRECTION('center_axis',(0.,0.,1.));
#15589=DIRECTION('ref_axis',(-0.707106781186548,0.707106781186548,0.));
#15590=DIRECTION('center_axis',(0.,0.,-1.));
#15591=DIRECTION('ref_axis',(-0.707106781186548,0.707106781186548,0.));
#15592=DIRECTION('center_axis',(-1.,0.,0.));
#15593=DIRECTION('ref_axis',(0.,0.707106781186545,0.70710678118655));
#15594=DIRECTION('',(1.,0.,0.));
#15595=DIRECTION('',(-1.,0.,0.));
#15596=DIRECTION('center_axis',(-1.,0.,0.));
#15597=DIRECTION('ref_axis',(0.,-1.,0.));
#15598=DIRECTION('',(0.,0.,1.));
#15599=DIRECTION('',(0.,-1.,0.));
#15600=DIRECTION('',(0.,0.,-1.));
#15601=DIRECTION('center_axis',(0.,0.,1.));
#15602=DIRECTION('ref_axis',(-0.707106781186543,0.707106781186552,0.));
#15603=DIRECTION('',(0.,0.,-1.));
#15604=DIRECTION('center_axis',(0.,0.,1.));
#15605=DIRECTION('ref_axis',(-0.707106781186543,0.707106781186552,0.));
#15606=DIRECTION('center_axis',(0.,1.,0.));
#15607=DIRECTION('ref_axis',(-1.,0.,0.));
#15608=DIRECTION('',(0.,0.,1.));
#15609=DIRECTION('',(-1.,0.,0.));
#15610=DIRECTION('center_axis',(0.,0.,1.));
#15611=DIRECTION('ref_axis',(0.70710678118655,0.707106781186545,0.));
#15612=DIRECTION('',(0.,0.,-1.));
#15613=DIRECTION('center_axis',(0.,0.,1.));
#15614=DIRECTION('ref_axis',(0.70710678118655,0.707106781186545,0.));
#15615=DIRECTION('center_axis',(0.,0.,1.));
#15616=DIRECTION('ref_axis',(1.,0.,0.));
#15617=DIRECTION('center_axis',(0.,0.,1.));
#15618=DIRECTION('ref_axis',(0.707106781186543,-0.707106781186552,0.));
#15619=DIRECTION('',(0.,0.,-1.));
#15620=DIRECTION('center_axis',(0.,0.,1.));
#15621=DIRECTION('ref_axis',(0.707106781186543,-0.707106781186552,0.));
#15622=DIRECTION('',(0.,0.,1.));
#15623=DIRECTION('center_axis',(1.,0.,0.));
#15624=DIRECTION('ref_axis',(0.,1.,0.));
#15625=DIRECTION('',(0.,1.,0.));
#15626=DIRECTION('center_axis',(0.,0.,1.));
#15627=DIRECTION('ref_axis',(1.,0.,0.));
#15628=DIRECTION('',(1.,0.,0.));
#15629=DIRECTION('center_axis',(0.,0.,1.));
#15630=DIRECTION('ref_axis',(-0.70710678118655,-0.707106781186545,0.));
#15631=DIRECTION('center_axis',(0.,0.,1.));
#15632=DIRECTION('ref_axis',(-0.70710678118655,-0.707106781186545,0.));
#15633=DIRECTION('',(0.,0.,1.));
#15634=DIRECTION('center_axis',(0.,-1.,0.));
#15635=DIRECTION('ref_axis',(1.,0.,0.));
#15636=DIRECTION('center_axis',(0.,0.,-1.));
#15637=DIRECTION('ref_axis',(-1.,0.,0.));
#15638=DIRECTION('center_axis',(1.,0.,0.));
#15639=DIRECTION('ref_axis',(0.,1.,0.));
#15640=DIRECTION('center_axis',(0.,0.,-1.));
#15641=DIRECTION('ref_axis',(0.707106781186548,0.707106781186548,0.));
#15642=DIRECTION('center_axis',(0.,1.,0.));
#15643=DIRECTION('ref_axis',(0.,0.,1.));
#15644=DIRECTION('center_axis',(0.,0.,1.));
#15645=DIRECTION('ref_axis',(0.707106781186548,0.707106781186548,0.));
#15646=DIRECTION('center_axis',(0.,1.,0.));
#15647=DIRECTION('ref_axis',(0.70710678118655,0.,0.707106781186545));
#15648=DIRECTION('center_axis',(0.,1.,0.));
#15649=DIRECTION('ref_axis',(0.,0.,1.));
#15650=DIRECTION('',(0.,1.,0.));
#15651=DIRECTION('',(0.,-1.,0.));
#15652=DIRECTION('center_axis',(0.,0.,-1.));
#15653=DIRECTION('ref_axis',(-1.,0.,0.));
#15654=DIRECTION('center_axis',(1.,0.,0.));
#15655=DIRECTION('ref_axis',(0.,0.,1.));
#15656=DIRECTION('center_axis',(0.,0.,1.));
#15657=DIRECTION('ref_axis',(0.707106781186548,-0.707106781186548,0.));
#15658=DIRECTION('center_axis',(0.,0.,-1.));
#15659=DIRECTION('ref_axis',(0.707106781186548,-0.707106781186548,0.));
#15660=DIRECTION('center_axis',(1.,0.,0.));
#15661=DIRECTION('ref_axis',(0.,-0.707106781186545,0.70710678118655));
#15662=DIRECTION('center_axis',(1.,0.,0.));
#15663=DIRECTION('ref_axis',(0.,0.,1.));
#15664=DIRECTION('',(1.,0.,0.));
#15665=DIRECTION('',(-1.,0.,0.));
#15666=DIRECTION('center_axis',(0.,0.,-1.));
#15667=DIRECTION('ref_axis',(-1.,0.,0.));
#15668=DIRECTION('center_axis',(0.,-1.,0.));
#15669=DIRECTION('ref_axis',(0.,0.,1.));
#15670=DIRECTION('center_axis',(0.,0.,1.));
#15671=DIRECTION('ref_axis',(-0.707106781186548,-0.707106781186548,0.));
#15672=DIRECTION('center_axis',(0.,0.,-1.));
#15673=DIRECTION('ref_axis',(-0.707106781186547,-0.707106781186547,0.));
#15674=DIRECTION('center_axis',(0.,-1.,0.));
#15675=DIRECTION('ref_axis',(-0.70710678118655,0.,0.707106781186545));
#15676=DIRECTION('center_axis',(0.,-1.,0.));
#15677=DIRECTION('ref_axis',(0.,0.,1.));
#15678=DIRECTION('',(0.,-1.,0.));
#15679=DIRECTION('',(0.,1.,0.));
#15680=DIRECTION('center_axis',(0.,0.,-1.));
#15681=DIRECTION('ref_axis',(-1.,0.,0.));
#15682=DIRECTION('center_axis',(-1.,0.,0.));
#15683=DIRECTION('ref_axis',(0.,0.,1.));
#15684=DIRECTION('center_axis',(0.,0.,1.));
#15685=DIRECTION('ref_axis',(-0.707106781186548,0.707106781186548,0.));
#15686=DIRECTION('center_axis',(0.,0.,-1.));
#15687=DIRECTION('ref_axis',(-0.707106781186548,0.707106781186548,0.));
#15688=DIRECTION('center_axis',(-1.,0.,0.));
#15689=DIRECTION('ref_axis',(0.,0.70710678118655,0.707106781186545));
#15690=DIRECTION('',(1.,0.,0.));
#15691=DIRECTION('',(-1.,0.,0.));
#15692=DIRECTION('center_axis',(-1.,0.,0.));
#15693=DIRECTION('ref_axis',(0.,-1.,0.));
#15694=DIRECTION('',(0.,0.,1.));
#15695=DIRECTION('',(0.,-1.,0.));
#15696=DIRECTION('',(0.,0.,-1.));
#15697=DIRECTION('center_axis',(0.,0.,1.));
#15698=DIRECTION('ref_axis',(-0.707106781186543,0.707106781186552,0.));
#15699=DIRECTION('',(0.,0.,-1.));
#15700=DIRECTION('center_axis',(0.,0.,1.));
#15701=DIRECTION('ref_axis',(-0.707106781186543,0.707106781186552,0.));
#15702=DIRECTION('center_axis',(0.,1.,0.));
#15703=DIRECTION('ref_axis',(-1.,0.,0.));
#15704=DIRECTION('',(0.,0.,1.));
#15705=DIRECTION('',(-1.,0.,0.));
#15706=DIRECTION('center_axis',(0.,0.,1.));
#15707=DIRECTION('ref_axis',(0.707106781186552,0.707106781186543,0.));
#15708=DIRECTION('',(0.,0.,-1.));
#15709=DIRECTION('center_axis',(0.,0.,1.));
#15710=DIRECTION('ref_axis',(0.707106781186552,0.707106781186543,0.));
#15711=DIRECTION('center_axis',(0.,0.,1.));
#15712=DIRECTION('ref_axis',(1.,0.,0.));
#15713=DIRECTION('center_axis',(0.,0.,1.));
#15714=DIRECTION('ref_axis',(0.707106781186543,-0.707106781186552,0.));
#15715=DIRECTION('',(0.,0.,-1.));
#15716=DIRECTION('center_axis',(0.,0.,1.));
#15717=DIRECTION('ref_axis',(0.707106781186543,-0.707106781186552,0.));
#15718=DIRECTION('',(0.,0.,1.));
#15719=DIRECTION('center_axis',(1.,0.,0.));
#15720=DIRECTION('ref_axis',(0.,1.,0.));
#15721=DIRECTION('',(0.,1.,0.));
#15722=DIRECTION('center_axis',(0.,0.,1.));
#15723=DIRECTION('ref_axis',(1.,0.,0.));
#15724=DIRECTION('',(1.,0.,0.));
#15725=DIRECTION('center_axis',(0.,0.,1.));
#15726=DIRECTION('ref_axis',(-0.70710678118655,-0.707106781186545,0.));
#15727=DIRECTION('center_axis',(0.,0.,1.));
#15728=DIRECTION('ref_axis',(-0.70710678118655,-0.707106781186545,0.));
#15729=DIRECTION('',(0.,0.,1.));
#15730=DIRECTION('center_axis',(0.,-1.,0.));
#15731=DIRECTION('ref_axis',(1.,0.,0.));
#15732=DIRECTION('center_axis',(0.,0.,-1.));
#15733=DIRECTION('ref_axis',(-1.,0.,0.));
#15734=DIRECTION('center_axis',(1.,0.,0.));
#15735=DIRECTION('ref_axis',(0.,1.,0.));
#15736=DIRECTION('center_axis',(0.,0.,-1.));
#15737=DIRECTION('ref_axis',(0.707106781186547,0.707106781186547,0.));
#15738=DIRECTION('center_axis',(0.,1.,0.));
#15739=DIRECTION('ref_axis',(0.,0.,1.));
#15740=DIRECTION('center_axis',(0.,0.,1.));
#15741=DIRECTION('ref_axis',(0.707106781186548,0.707106781186548,0.));
#15742=DIRECTION('center_axis',(0.,1.,0.));
#15743=DIRECTION('ref_axis',(0.707106781186547,0.,0.707106781186547));
#15744=DIRECTION('center_axis',(0.,1.,0.));
#15745=DIRECTION('ref_axis',(0.,0.,1.));
#15746=DIRECTION('',(0.,1.,0.));
#15747=DIRECTION('',(0.,-1.,0.));
#15748=DIRECTION('center_axis',(0.,0.,-1.));
#15749=DIRECTION('ref_axis',(-1.,0.,0.));
#15750=DIRECTION('center_axis',(1.,0.,0.));
#15751=DIRECTION('ref_axis',(0.,0.,1.));
#15752=DIRECTION('center_axis',(0.,0.,1.));
#15753=DIRECTION('ref_axis',(0.707106781186548,-0.707106781186548,0.));
#15754=DIRECTION('center_axis',(0.,0.,-1.));
#15755=DIRECTION('ref_axis',(0.707106781186548,-0.707106781186548,0.));
#15756=DIRECTION('center_axis',(1.,0.,0.));
#15757=DIRECTION('ref_axis',(0.,-0.70710678118655,0.707106781186545));
#15758=DIRECTION('center_axis',(1.,0.,0.));
#15759=DIRECTION('ref_axis',(0.,0.,1.));
#15760=DIRECTION('',(1.,0.,0.));
#15761=DIRECTION('',(-1.,0.,0.));
#15762=DIRECTION('center_axis',(0.,0.,-1.));
#15763=DIRECTION('ref_axis',(-1.,0.,0.));
#15764=DIRECTION('center_axis',(0.,-1.,0.));
#15765=DIRECTION('ref_axis',(0.,0.,1.));
#15766=DIRECTION('center_axis',(0.,0.,1.));
#15767=DIRECTION('ref_axis',(-0.707106781186548,-0.707106781186548,0.));
#15768=DIRECTION('center_axis',(0.,0.,-1.));
#15769=DIRECTION('ref_axis',(-0.707106781186547,-0.707106781186547,0.));
#15770=DIRECTION('center_axis',(0.,-1.,0.));
#15771=DIRECTION('ref_axis',(-0.707106781186547,0.,0.707106781186547));
#15772=DIRECTION('center_axis',(0.,-1.,0.));
#15773=DIRECTION('ref_axis',(0.,0.,1.));
#15774=DIRECTION('',(0.,-1.,0.));
#15775=DIRECTION('',(0.,1.,0.));
#15776=DIRECTION('center_axis',(0.,0.,-1.));
#15777=DIRECTION('ref_axis',(-1.,0.,0.));
#15778=DIRECTION('center_axis',(-1.,0.,0.));
#15779=DIRECTION('ref_axis',(0.,0.,1.));
#15780=DIRECTION('center_axis',(0.,0.,1.));
#15781=DIRECTION('ref_axis',(-0.707106781186548,0.707106781186548,0.));
#15782=DIRECTION('center_axis',(0.,0.,-1.));
#15783=DIRECTION('ref_axis',(-0.707106781186548,0.707106781186548,0.));
#15784=DIRECTION('center_axis',(-1.,0.,0.));
#15785=DIRECTION('ref_axis',(0.,0.70710678118655,0.707106781186545));
#15786=DIRECTION('',(1.,0.,0.));
#15787=DIRECTION('',(-1.,0.,0.));
#15788=DIRECTION('center_axis',(-1.,0.,0.));
#15789=DIRECTION('ref_axis',(0.,-1.,0.));
#15790=DIRECTION('',(0.,0.,1.));
#15791=DIRECTION('',(0.,-1.,0.));
#15792=DIRECTION('',(0.,0.,-1.));
#15793=DIRECTION('center_axis',(0.,0.,1.));
#15794=DIRECTION('ref_axis',(-0.707106781186546,0.707106781186549,0.));
#15795=DIRECTION('',(0.,0.,-1.));
#15796=DIRECTION('center_axis',(0.,0.,1.));
#15797=DIRECTION('ref_axis',(-0.707106781186546,0.707106781186549,0.));
#15798=DIRECTION('center_axis',(0.,1.,0.));
#15799=DIRECTION('ref_axis',(-1.,0.,0.));
#15800=DIRECTION('',(0.,0.,1.));
#15801=DIRECTION('',(-1.,0.,0.));
#15802=DIRECTION('center_axis',(0.,0.,1.));
#15803=DIRECTION('ref_axis',(0.70710678118655,0.707106781186545,0.));
#15804=DIRECTION('',(0.,0.,-1.));
#15805=DIRECTION('center_axis',(0.,0.,1.));
#15806=DIRECTION('ref_axis',(0.70710678118655,0.707106781186545,0.));
#15807=DIRECTION('center_axis',(0.,0.,1.));
#15808=DIRECTION('ref_axis',(1.,0.,0.));
#15809=DIRECTION('center_axis',(0.,0.,1.));
#15810=DIRECTION('ref_axis',(1.,0.,0.));
#15811=DIRECTION('',(0.,1.,0.));
#15812=DIRECTION('center_axis',(0.,0.,1.));
#15813=DIRECTION('ref_axis',(0.707106781186546,-0.707106781186549,0.));
#15814=DIRECTION('',(1.,0.,0.));
#15815=DIRECTION('center_axis',(0.,0.,1.));
#15816=DIRECTION('ref_axis',(-0.707106781186551,-0.707106781186544,0.));
#15817=DIRECTION('center_axis',(0.,0.,1.));
#15818=DIRECTION('ref_axis',(0.707106781186546,-0.707106781186549,0.));
#15819=DIRECTION('',(0.,0.,-1.));
#15820=DIRECTION('',(0.,0.,1.));
#15821=DIRECTION('center_axis',(0.,-1.,0.));
#15822=DIRECTION('ref_axis',(1.,0.,0.));
#15823=DIRECTION('',(0.,0.,1.));
#15824=DIRECTION('center_axis',(0.,0.,1.));
#15825=DIRECTION('ref_axis',(-0.707106781186551,-0.707106781186544,0.));
#15826=DIRECTION('center_axis',(1.,0.,0.));
#15827=DIRECTION('ref_axis',(0.,1.,0.));
#15828=DIRECTION('center_axis',(0.,0.,-1.));
#15829=DIRECTION('ref_axis',(-1.,0.,0.));
#15830=DIRECTION('center_axis',(1.,0.,0.));
#15831=DIRECTION('ref_axis',(0.,1.,0.));
#15832=DIRECTION('center_axis',(0.,0.,-1.));
#15833=DIRECTION('ref_axis',(0.707106781186548,0.707106781186548,0.));
#15834=DIRECTION('center_axis',(0.,1.,0.));
#15835=DIRECTION('ref_axis',(0.,0.,1.));
#15836=DIRECTION('center_axis',(0.,0.,1.));
#15837=DIRECTION('ref_axis',(0.707106781186548,0.707106781186548,0.));
#15838=DIRECTION('center_axis',(0.,1.,0.));
#15839=DIRECTION('ref_axis',(0.707106781186545,0.,0.70710678118655));
#15840=DIRECTION('center_axis',(0.,1.,0.));
#15841=DIRECTION('ref_axis',(0.,0.,1.));
#15842=DIRECTION('',(0.,1.,0.));
#15843=DIRECTION('',(0.,-1.,0.));
#15844=DIRECTION('center_axis',(0.,0.,-1.));
#15845=DIRECTION('ref_axis',(-1.,0.,0.));
#15846=DIRECTION('center_axis',(1.,0.,0.));
#15847=DIRECTION('ref_axis',(0.,0.,1.));
#15848=DIRECTION('center_axis',(0.,0.,1.));
#15849=DIRECTION('ref_axis',(0.707106781186548,-0.707106781186548,0.));
#15850=DIRECTION('center_axis',(0.,0.,-1.));
#15851=DIRECTION('ref_axis',(0.707106781186547,-0.707106781186547,0.));
#15852=DIRECTION('center_axis',(1.,0.,0.));
#15853=DIRECTION('ref_axis',(0.,-0.707106781186545,0.70710678118655));
#15854=DIRECTION('center_axis',(1.,0.,0.));
#15855=DIRECTION('ref_axis',(0.,0.,1.));
#15856=DIRECTION('',(1.,0.,0.));
#15857=DIRECTION('',(-1.,0.,0.));
#15858=DIRECTION('center_axis',(0.,0.,-1.));
#15859=DIRECTION('ref_axis',(-1.,0.,0.));
#15860=DIRECTION('center_axis',(0.,-1.,0.));
#15861=DIRECTION('ref_axis',(0.,0.,1.));
#15862=DIRECTION('center_axis',(0.,0.,1.));
#15863=DIRECTION('ref_axis',(-0.707106781186548,-0.707106781186548,0.));
#15864=DIRECTION('center_axis',(0.,0.,-1.));
#15865=DIRECTION('ref_axis',(-0.707106781186547,-0.707106781186547,0.));
#15866=DIRECTION('center_axis',(0.,-1.,0.));
#15867=DIRECTION('ref_axis',(-0.707106781186545,0.,0.70710678118655));
#15868=DIRECTION('center_axis',(0.,-1.,0.));
#15869=DIRECTION('ref_axis',(0.,0.,1.));
#15870=DIRECTION('',(0.,-1.,0.));
#15871=DIRECTION('',(0.,1.,0.));
#15872=DIRECTION('center_axis',(0.,0.,-1.));
#15873=DIRECTION('ref_axis',(-1.,0.,0.));
#15874=DIRECTION('center_axis',(-1.,0.,0.));
#15875=DIRECTION('ref_axis',(0.,0.,1.));
#15876=DIRECTION('center_axis',(0.,0.,1.));
#15877=DIRECTION('ref_axis',(-0.707106781186548,0.707106781186548,0.));
#15878=DIRECTION('center_axis',(0.,0.,-1.));
#15879=DIRECTION('ref_axis',(-0.707106781186547,0.707106781186547,0.));
#15880=DIRECTION('center_axis',(-1.,0.,0.));
#15881=DIRECTION('ref_axis',(0.,0.70710678118655,0.707106781186545));
#15882=DIRECTION('',(1.,0.,0.));
#15883=DIRECTION('',(-1.,0.,0.));
#15884=DIRECTION('center_axis',(-1.,0.,0.));
#15885=DIRECTION('ref_axis',(0.,-1.,0.));
#15886=DIRECTION('',(0.,0.,1.));
#15887=DIRECTION('',(0.,-1.,0.));
#15888=DIRECTION('',(0.,0.,-1.));
#15889=DIRECTION('center_axis',(0.,0.,1.));
#15890=DIRECTION('ref_axis',(-0.707106781186545,0.70710678118655,0.));
#15891=DIRECTION('',(0.,0.,-1.));
#15892=DIRECTION('center_axis',(0.,0.,1.));
#15893=DIRECTION('ref_axis',(-0.707106781186545,0.70710678118655,0.));
#15894=DIRECTION('center_axis',(0.,1.,0.));
#15895=DIRECTION('ref_axis',(-1.,0.,0.));
#15896=DIRECTION('',(0.,0.,1.));
#15897=DIRECTION('',(-1.,0.,0.));
#15898=DIRECTION('center_axis',(0.,0.,1.));
#15899=DIRECTION('ref_axis',(0.707106781186552,0.707106781186543,0.));
#15900=DIRECTION('',(0.,0.,-1.));
#15901=DIRECTION('center_axis',(0.,0.,1.));
#15902=DIRECTION('ref_axis',(0.707106781186552,0.707106781186543,0.));
#15903=DIRECTION('center_axis',(0.,0.,1.));
#15904=DIRECTION('ref_axis',(1.,0.,0.));
#15905=DIRECTION('center_axis',(0.,0.,1.));
#15906=DIRECTION('ref_axis',(1.,0.,0.));
#15907=DIRECTION('',(0.,1.,0.));
#15908=DIRECTION('center_axis',(0.,0.,1.));
#15909=DIRECTION('ref_axis',(0.707106781186545,-0.70710678118655,0.));
#15910=DIRECTION('',(1.,0.,0.));
#15911=DIRECTION('center_axis',(0.,0.,1.));
#15912=DIRECTION('ref_axis',(-0.70710678118655,-0.707106781186545,0.));
#15913=DIRECTION('center_axis',(1.,0.,0.));
#15914=DIRECTION('ref_axis',(0.,1.,0.));
#15915=DIRECTION('',(0.,0.,1.));
#15916=DIRECTION('center_axis',(0.,0.,1.));
#15917=DIRECTION('ref_axis',(0.707106781186545,-0.70710678118655,0.));
#15918=DIRECTION('',(0.,0.,-1.));
#15919=DIRECTION('center_axis',(0.,0.,1.));
#15920=DIRECTION('ref_axis',(-0.70710678118655,-0.707106781186545,0.));
#15921=DIRECTION('',(0.,0.,1.));
#15922=DIRECTION('center_axis',(0.,-1.,0.));
#15923=DIRECTION('ref_axis',(1.,0.,0.));
#15924=DIRECTION('center_axis',(0.,0.,-1.));
#15925=DIRECTION('ref_axis',(-1.,0.,0.));
#15926=DIRECTION('center_axis',(1.,0.,0.));
#15927=DIRECTION('ref_axis',(0.,1.,0.));
#15928=DIRECTION('center_axis',(0.,0.,-1.));
#15929=DIRECTION('ref_axis',(0.707106781186547,0.707106781186547,0.));
#15930=DIRECTION('center_axis',(0.,1.,0.));
#15931=DIRECTION('ref_axis',(0.,0.,1.));
#15932=DIRECTION('center_axis',(0.,0.,1.));
#15933=DIRECTION('ref_axis',(0.707106781186548,0.707106781186548,0.));
#15934=DIRECTION('center_axis',(0.,1.,0.));
#15935=DIRECTION('ref_axis',(0.707106781186545,0.,0.70710678118655));
#15936=DIRECTION('center_axis',(0.,1.,0.));
#15937=DIRECTION('ref_axis',(0.,0.,1.));
#15938=DIRECTION('',(0.,1.,0.));
#15939=DIRECTION('',(0.,-1.,0.));
#15940=DIRECTION('center_axis',(0.,0.,-1.));
#15941=DIRECTION('ref_axis',(-1.,0.,0.));
#15942=DIRECTION('center_axis',(1.,0.,0.));
#15943=DIRECTION('ref_axis',(0.,0.,1.));
#15944=DIRECTION('center_axis',(0.,0.,1.));
#15945=DIRECTION('ref_axis',(0.707106781186548,-0.707106781186548,0.));
#15946=DIRECTION('center_axis',(0.,0.,-1.));
#15947=DIRECTION('ref_axis',(0.707106781186547,-0.707106781186547,0.));
#15948=DIRECTION('center_axis',(1.,0.,0.));
#15949=DIRECTION('ref_axis',(0.,-0.707106781186545,0.70710678118655));
#15950=DIRECTION('center_axis',(1.,0.,0.));
#15951=DIRECTION('ref_axis',(0.,0.,1.));
#15952=DIRECTION('',(1.,0.,0.));
#15953=DIRECTION('',(-1.,0.,0.));
#15954=DIRECTION('center_axis',(0.,0.,-1.));
#15955=DIRECTION('ref_axis',(-1.,0.,0.));
#15956=DIRECTION('center_axis',(0.,-1.,0.));
#15957=DIRECTION('ref_axis',(0.,0.,1.));
#15958=DIRECTION('center_axis',(0.,0.,1.));
#15959=DIRECTION('ref_axis',(-0.707106781186548,-0.707106781186548,0.));
#15960=DIRECTION('center_axis',(0.,0.,-1.));
#15961=DIRECTION('ref_axis',(-0.707106781186547,-0.707106781186547,0.));
#15962=DIRECTION('center_axis',(0.,-1.,0.));
#15963=DIRECTION('ref_axis',(-0.707106781186545,0.,0.70710678118655));
#15964=DIRECTION('center_axis',(0.,-1.,0.));
#15965=DIRECTION('ref_axis',(0.,0.,1.));
#15966=DIRECTION('',(0.,-1.,0.));
#15967=DIRECTION('',(0.,1.,0.));
#15968=DIRECTION('center_axis',(0.,0.,-1.));
#15969=DIRECTION('ref_axis',(-1.,0.,0.));
#15970=DIRECTION('center_axis',(-1.,0.,0.));
#15971=DIRECTION('ref_axis',(0.,0.,1.));
#15972=DIRECTION('center_axis',(0.,0.,1.));
#15973=DIRECTION('ref_axis',(-0.707106781186548,0.707106781186548,0.));
#15974=DIRECTION('center_axis',(0.,0.,-1.));
#15975=DIRECTION('ref_axis',(-0.707106781186547,0.707106781186547,0.));
#15976=DIRECTION('center_axis',(-1.,0.,0.));
#15977=DIRECTION('ref_axis',(0.,0.707106781186545,0.70710678118655));
#15978=DIRECTION('',(1.,0.,0.));
#15979=DIRECTION('',(-1.,0.,0.));
#15980=DIRECTION('center_axis',(-1.,0.,0.));
#15981=DIRECTION('ref_axis',(0.,-1.,0.));
#15982=DIRECTION('',(0.,0.,1.));
#15983=DIRECTION('',(0.,-1.,0.));
#15984=DIRECTION('',(0.,0.,-1.));
#15985=DIRECTION('center_axis',(0.,0.,1.));
#15986=DIRECTION('ref_axis',(-0.707106781186545,0.70710678118655,0.));
#15987=DIRECTION('',(0.,0.,-1.));
#15988=DIRECTION('center_axis',(0.,0.,1.));
#15989=DIRECTION('ref_axis',(-0.707106781186545,0.70710678118655,0.));
#15990=DIRECTION('center_axis',(0.,1.,0.));
#15991=DIRECTION('ref_axis',(-1.,0.,0.));
#15992=DIRECTION('',(0.,0.,1.));
#15993=DIRECTION('',(-1.,0.,0.));
#15994=DIRECTION('center_axis',(0.,0.,1.));
#15995=DIRECTION('ref_axis',(0.70710678118655,0.707106781186545,0.));
#15996=DIRECTION('',(0.,0.,-1.));
#15997=DIRECTION('center_axis',(0.,0.,1.));
#15998=DIRECTION('ref_axis',(0.70710678118655,0.707106781186545,0.));
#15999=DIRECTION('center_axis',(0.,0.,1.));
#16000=DIRECTION('ref_axis',(1.,0.,0.));
#16001=DIRECTION('center_axis',(0.,0.,1.));
#16002=DIRECTION('ref_axis',(1.,0.,0.));
#16003=DIRECTION('',(0.,1.,0.));
#16004=DIRECTION('center_axis',(0.,0.,1.));
#16005=DIRECTION('ref_axis',(0.707106781186545,-0.70710678118655,0.));
#16006=DIRECTION('',(1.,0.,0.));
#16007=DIRECTION('center_axis',(0.,0.,1.));
#16008=DIRECTION('ref_axis',(-0.70710678118655,-0.707106781186545,0.));
#16009=DIRECTION('center_axis',(1.,0.,0.));
#16010=DIRECTION('ref_axis',(0.,1.,0.));
#16011=DIRECTION('',(0.,0.,1.));
#16012=DIRECTION('center_axis',(0.,0.,1.));
#16013=DIRECTION('ref_axis',(0.707106781186545,-0.70710678118655,0.));
#16014=DIRECTION('',(0.,0.,-1.));
#16015=DIRECTION('center_axis',(0.,0.,1.));
#16016=DIRECTION('ref_axis',(-0.70710678118655,-0.707106781186545,0.));
#16017=DIRECTION('',(0.,0.,1.));
#16018=DIRECTION('center_axis',(0.,-1.,0.));
#16019=DIRECTION('ref_axis',(1.,0.,0.));
#16020=DIRECTION('center_axis',(0.,0.,-1.));
#16021=DIRECTION('ref_axis',(-1.,0.,0.));
#16022=DIRECTION('center_axis',(1.,0.,0.));
#16023=DIRECTION('ref_axis',(0.,1.,0.));
#16024=DIRECTION('center_axis',(0.,0.,-1.));
#16025=DIRECTION('ref_axis',(0.707106781186547,0.707106781186547,0.));
#16026=DIRECTION('center_axis',(0.,1.,0.));
#16027=DIRECTION('ref_axis',(0.,0.,1.));
#16028=DIRECTION('center_axis',(0.,0.,1.));
#16029=DIRECTION('ref_axis',(0.707106781186548,0.707106781186548,0.));
#16030=DIRECTION('center_axis',(0.,1.,0.));
#16031=DIRECTION('ref_axis',(0.70710678118655,0.,0.707106781186545));
#16032=DIRECTION('center_axis',(0.,1.,0.));
#16033=DIRECTION('ref_axis',(0.,0.,1.));
#16034=DIRECTION('',(0.,1.,0.));
#16035=DIRECTION('',(0.,-1.,0.));
#16036=DIRECTION('center_axis',(0.,0.,-1.));
#16037=DIRECTION('ref_axis',(-1.,0.,0.));
#16038=DIRECTION('center_axis',(1.,0.,0.));
#16039=DIRECTION('ref_axis',(0.,0.,1.));
#16040=DIRECTION('center_axis',(0.,0.,1.));
#16041=DIRECTION('ref_axis',(0.707106781186548,-0.707106781186548,0.));
#16042=DIRECTION('center_axis',(0.,0.,-1.));
#16043=DIRECTION('ref_axis',(0.707106781186548,-0.707106781186548,0.));
#16044=DIRECTION('center_axis',(1.,0.,0.));
#16045=DIRECTION('ref_axis',(0.,-0.707106781186545,0.70710678118655));
#16046=DIRECTION('center_axis',(1.,0.,0.));
#16047=DIRECTION('ref_axis',(0.,0.,1.));
#16048=DIRECTION('',(1.,0.,0.));
#16049=DIRECTION('',(-1.,0.,0.));
#16050=DIRECTION('center_axis',(0.,0.,-1.));
#16051=DIRECTION('ref_axis',(-1.,0.,0.));
#16052=DIRECTION('center_axis',(0.,-1.,0.));
#16053=DIRECTION('ref_axis',(0.,0.,1.));
#16054=DIRECTION('center_axis',(0.,0.,1.));
#16055=DIRECTION('ref_axis',(-0.707106781186548,-0.707106781186548,0.));
#16056=DIRECTION('center_axis',(0.,0.,-1.));
#16057=DIRECTION('ref_axis',(-0.707106781186547,-0.707106781186547,0.));
#16058=DIRECTION('center_axis',(0.,-1.,0.));
#16059=DIRECTION('ref_axis',(-0.707106781186545,0.,0.70710678118655));
#16060=DIRECTION('center_axis',(0.,-1.,0.));
#16061=DIRECTION('ref_axis',(0.,0.,1.));
#16062=DIRECTION('',(0.,-1.,0.));
#16063=DIRECTION('',(0.,1.,0.));
#16064=DIRECTION('center_axis',(0.,0.,-1.));
#16065=DIRECTION('ref_axis',(-1.,0.,0.));
#16066=DIRECTION('center_axis',(-1.,0.,0.));
#16067=DIRECTION('ref_axis',(0.,0.,1.));
#16068=DIRECTION('center_axis',(0.,0.,1.));
#16069=DIRECTION('ref_axis',(-0.707106781186548,0.707106781186548,0.));
#16070=DIRECTION('center_axis',(0.,0.,-1.));
#16071=DIRECTION('ref_axis',(-0.707106781186547,0.707106781186547,0.));
#16072=DIRECTION('center_axis',(-1.,0.,0.));
#16073=DIRECTION('ref_axis',(0.,0.707106781186545,0.70710678118655));
#16074=DIRECTION('',(1.,0.,0.));
#16075=DIRECTION('',(-1.,0.,0.));
#16076=DIRECTION('center_axis',(-1.,0.,0.));
#16077=DIRECTION('ref_axis',(0.,-1.,0.));
#16078=DIRECTION('',(0.,0.,1.));
#16079=DIRECTION('',(0.,-1.,0.));
#16080=DIRECTION('',(0.,0.,-1.));
#16081=DIRECTION('center_axis',(0.,0.,1.));
#16082=DIRECTION('ref_axis',(-0.707106781186545,0.70710678118655,0.));
#16083=DIRECTION('',(0.,0.,-1.));
#16084=DIRECTION('center_axis',(0.,0.,1.));
#16085=DIRECTION('ref_axis',(-0.707106781186545,0.70710678118655,0.));
#16086=DIRECTION('center_axis',(0.,1.,0.));
#16087=DIRECTION('ref_axis',(-1.,0.,0.));
#16088=DIRECTION('',(0.,0.,1.));
#16089=DIRECTION('',(-1.,0.,0.));
#16090=DIRECTION('center_axis',(0.,0.,1.));
#16091=DIRECTION('ref_axis',(0.70710678118655,0.707106781186545,0.));
#16092=DIRECTION('',(0.,0.,-1.));
#16093=DIRECTION('center_axis',(0.,0.,1.));
#16094=DIRECTION('ref_axis',(0.70710678118655,0.707106781186545,0.));
#16095=DIRECTION('center_axis',(0.,0.,1.));
#16096=DIRECTION('ref_axis',(1.,0.,0.));
#16097=DIRECTION('center_axis',(1.,0.,0.));
#16098=DIRECTION('ref_axis',(0.,1.,0.));
#16099=DIRECTION('',(0.,0.,1.));
#16100=DIRECTION('',(0.,1.,0.));
#16101=DIRECTION('center_axis',(0.,0.,1.));
#16102=DIRECTION('ref_axis',(0.707106781186543,-0.707106781186552,0.));
#16103=DIRECTION('',(0.,0.,-1.));
#16104=DIRECTION('center_axis',(0.,0.,1.));
#16105=DIRECTION('ref_axis',(0.707106781186543,-0.707106781186552,0.));
#16106=DIRECTION('center_axis',(0.,-1.,0.));
#16107=DIRECTION('ref_axis',(1.,0.,0.));
#16108=DIRECTION('',(0.,0.,1.));
#16109=DIRECTION('',(1.,0.,0.));
#16110=DIRECTION('center_axis',(0.,0.,1.));
#16111=DIRECTION('ref_axis',(-0.70710678118655,-0.707106781186545,0.));
#16112=DIRECTION('center_axis',(0.,0.,1.));
#16113=DIRECTION('ref_axis',(-0.70710678118655,-0.707106781186545,0.));
#16114=DIRECTION('center_axis',(0.,0.,1.));
#16115=DIRECTION('ref_axis',(1.,0.,0.));
#16116=DIRECTION('center_axis',(0.,0.,-1.));
#16117=DIRECTION('ref_axis',(-1.,0.,0.));
#16118=DIRECTION('center_axis',(1.,0.,0.));
#16119=DIRECTION('ref_axis',(0.,1.,0.));
#16120=DIRECTION('center_axis',(0.,0.,-1.));
#16121=DIRECTION('ref_axis',(0.707106781186548,0.707106781186548,0.));
#16122=DIRECTION('center_axis',(0.,1.,0.));
#16123=DIRECTION('ref_axis',(0.,0.,1.));
#16124=DIRECTION('center_axis',(0.,0.,1.));
#16125=DIRECTION('ref_axis',(0.707106781186548,0.707106781186548,0.));
#16126=DIRECTION('center_axis',(0.,1.,0.));
#16127=DIRECTION('ref_axis',(0.70710678118655,0.,0.707106781186545));
#16128=DIRECTION('center_axis',(0.,1.,0.));
#16129=DIRECTION('ref_axis',(0.,0.,1.));
#16130=DIRECTION('',(0.,1.,0.));
#16131=DIRECTION('',(0.,-1.,0.));
#16132=DIRECTION('center_axis',(0.,0.,-1.));
#16133=DIRECTION('ref_axis',(-1.,0.,0.));
#16134=DIRECTION('center_axis',(1.,0.,0.));
#16135=DIRECTION('ref_axis',(0.,0.,1.));
#16136=DIRECTION('center_axis',(0.,0.,1.));
#16137=DIRECTION('ref_axis',(0.707106781186548,-0.707106781186548,0.));
#16138=DIRECTION('center_axis',(0.,0.,-1.));
#16139=DIRECTION('ref_axis',(0.707106781186547,-0.707106781186547,0.));
#16140=DIRECTION('center_axis',(1.,0.,0.));
#16141=DIRECTION('ref_axis',(0.,-0.707106781186547,0.707106781186547));
#16142=DIRECTION('center_axis',(1.,0.,0.));
#16143=DIRECTION('ref_axis',(0.,0.,1.));
#16144=DIRECTION('',(1.,0.,0.));
#16145=DIRECTION('',(-1.,0.,0.));
#16146=DIRECTION('center_axis',(0.,0.,-1.));
#16147=DIRECTION('ref_axis',(-1.,0.,0.));
#16148=DIRECTION('center_axis',(0.,-1.,0.));
#16149=DIRECTION('ref_axis',(0.,0.,1.));
#16150=DIRECTION('center_axis',(0.,0.,1.));
#16151=DIRECTION('ref_axis',(-0.707106781186548,-0.707106781186548,0.));
#16152=DIRECTION('center_axis',(0.,0.,-1.));
#16153=DIRECTION('ref_axis',(-0.707106781186548,-0.707106781186548,0.));
#16154=DIRECTION('center_axis',(0.,-1.,0.));
#16155=DIRECTION('ref_axis',(-0.70710678118655,0.,0.707106781186545));
#16156=DIRECTION('center_axis',(0.,-1.,0.));
#16157=DIRECTION('ref_axis',(0.,0.,1.));
#16158=DIRECTION('',(0.,-1.,0.));
#16159=DIRECTION('',(0.,1.,0.));
#16160=DIRECTION('center_axis',(0.,0.,-1.));
#16161=DIRECTION('ref_axis',(-1.,0.,0.));
#16162=DIRECTION('center_axis',(-1.,0.,0.));
#16163=DIRECTION('ref_axis',(0.,0.,1.));
#16164=DIRECTION('center_axis',(0.,0.,1.));
#16165=DIRECTION('ref_axis',(-0.707106781186548,0.707106781186548,0.));
#16166=DIRECTION('center_axis',(0.,0.,-1.));
#16167=DIRECTION('ref_axis',(-0.707106781186547,0.707106781186547,0.));
#16168=DIRECTION('center_axis',(-1.,0.,0.));
#16169=DIRECTION('ref_axis',(0.,0.707106781186547,0.707106781186547));
#16170=DIRECTION('',(1.,0.,0.));
#16171=DIRECTION('',(-1.,0.,0.));
#16172=DIRECTION('center_axis',(-1.,0.,0.));
#16173=DIRECTION('ref_axis',(0.,-1.,0.));
#16174=DIRECTION('',(0.,0.,1.));
#16175=DIRECTION('',(0.,-1.,0.));
#16176=DIRECTION('',(0.,0.,-1.));
#16177=DIRECTION('center_axis',(0.,0.,1.));
#16178=DIRECTION('ref_axis',(-0.707106781186545,0.70710678118655,0.));
#16179=DIRECTION('',(0.,0.,-1.));
#16180=DIRECTION('center_axis',(0.,0.,1.));
#16181=DIRECTION('ref_axis',(-0.707106781186545,0.70710678118655,0.));
#16182=DIRECTION('center_axis',(0.,1.,0.));
#16183=DIRECTION('ref_axis',(-1.,0.,0.));
#16184=DIRECTION('',(0.,0.,1.));
#16185=DIRECTION('',(-1.,0.,0.));
#16186=DIRECTION('center_axis',(0.,0.,1.));
#16187=DIRECTION('ref_axis',(0.707106781186549,0.707106781186546,0.));
#16188=DIRECTION('',(0.,0.,-1.));
#16189=DIRECTION('center_axis',(0.,0.,1.));
#16190=DIRECTION('ref_axis',(0.707106781186549,0.707106781186546,0.));
#16191=DIRECTION('center_axis',(0.,0.,1.));
#16192=DIRECTION('ref_axis',(1.,0.,0.));
#16193=DIRECTION('center_axis',(0.,0.,1.));
#16194=DIRECTION('ref_axis',(0.707106781186545,-0.70710678118655,0.));
#16195=DIRECTION('',(0.,0.,-1.));
#16196=DIRECTION('center_axis',(0.,0.,1.));
#16197=DIRECTION('ref_axis',(0.707106781186545,-0.70710678118655,0.));
#16198=DIRECTION('',(0.,0.,1.));
#16199=DIRECTION('center_axis',(1.,0.,0.));
#16200=DIRECTION('ref_axis',(0.,1.,0.));
#16201=DIRECTION('',(0.,1.,0.));
#16202=DIRECTION('center_axis',(0.,0.,1.));
#16203=DIRECTION('ref_axis',(1.,0.,0.));
#16204=DIRECTION('',(1.,0.,0.));
#16205=DIRECTION('center_axis',(0.,0.,1.));
#16206=DIRECTION('ref_axis',(-0.707106781186549,-0.707106781186546,0.));
#16207=DIRECTION('center_axis',(0.,0.,1.));
#16208=DIRECTION('ref_axis',(-0.707106781186549,-0.707106781186546,0.));
#16209=DIRECTION('',(0.,0.,1.));
#16210=DIRECTION('center_axis',(0.,-1.,0.));
#16211=DIRECTION('ref_axis',(1.,0.,0.));
#16212=DIRECTION('center_axis',(0.,0.,-1.));
#16213=DIRECTION('ref_axis',(-1.,0.,0.));
#16214=DIRECTION('center_axis',(1.,0.,0.));
#16215=DIRECTION('ref_axis',(0.,1.,0.));
#16216=DIRECTION('center_axis',(0.,0.,-1.));
#16217=DIRECTION('ref_axis',(0.707106781186548,0.707106781186548,0.));
#16218=DIRECTION('center_axis',(0.,1.,0.));
#16219=DIRECTION('ref_axis',(0.,0.,1.));
#16220=DIRECTION('center_axis',(0.,0.,1.));
#16221=DIRECTION('ref_axis',(0.707106781186548,0.707106781186548,0.));
#16222=DIRECTION('center_axis',(0.,1.,0.));
#16223=DIRECTION('ref_axis',(0.70710678118654,0.,0.707106781186555));
#16224=DIRECTION('center_axis',(0.,1.,0.));
#16225=DIRECTION('ref_axis',(0.,0.,1.));
#16226=DIRECTION('',(0.,1.,0.));
#16227=DIRECTION('',(0.,-1.,0.));
#16228=DIRECTION('center_axis',(0.,0.,-1.));
#16229=DIRECTION('ref_axis',(-1.,0.,0.));
#16230=DIRECTION('center_axis',(1.,0.,0.));
#16231=DIRECTION('ref_axis',(0.,0.,1.));
#16232=DIRECTION('center_axis',(0.,0.,1.));
#16233=DIRECTION('ref_axis',(0.707106781186548,-0.707106781186548,0.));
#16234=DIRECTION('center_axis',(0.,0.,-1.));
#16235=DIRECTION('ref_axis',(0.707106781186548,-0.707106781186548,0.));
#16236=DIRECTION('center_axis',(1.,0.,0.));
#16237=DIRECTION('ref_axis',(0.,-0.70710678118655,0.707106781186545));
#16238=DIRECTION('center_axis',(1.,0.,0.));
#16239=DIRECTION('ref_axis',(0.,0.,1.));
#16240=DIRECTION('',(1.,0.,0.));
#16241=DIRECTION('',(-1.,0.,0.));
#16242=DIRECTION('center_axis',(0.,0.,-1.));
#16243=DIRECTION('ref_axis',(-1.,0.,0.));
#16244=DIRECTION('center_axis',(0.,-1.,0.));
#16245=DIRECTION('ref_axis',(0.,0.,1.));
#16246=DIRECTION('center_axis',(0.,0.,1.));
#16247=DIRECTION('ref_axis',(-0.707106781186548,-0.707106781186548,0.));
#16248=DIRECTION('center_axis',(0.,0.,-1.));
#16249=DIRECTION('ref_axis',(-0.707106781186548,-0.707106781186548,0.));
#16250=DIRECTION('center_axis',(0.,-1.,0.));
#16251=DIRECTION('ref_axis',(-0.70710678118654,0.,0.707106781186555));
#16252=DIRECTION('center_axis',(0.,-1.,0.));
#16253=DIRECTION('ref_axis',(0.,0.,1.));
#16254=DIRECTION('',(0.,-1.,0.));
#16255=DIRECTION('',(0.,1.,0.));
#16256=DIRECTION('center_axis',(0.,0.,-1.));
#16257=DIRECTION('ref_axis',(-1.,0.,0.));
#16258=DIRECTION('center_axis',(-1.,0.,0.));
#16259=DIRECTION('ref_axis',(0.,0.,1.));
#16260=DIRECTION('center_axis',(0.,0.,1.));
#16261=DIRECTION('ref_axis',(-0.707106781186548,0.707106781186548,0.));
#16262=DIRECTION('center_axis',(0.,0.,-1.));
#16263=DIRECTION('ref_axis',(-0.707106781186548,0.707106781186548,0.));
#16264=DIRECTION('center_axis',(-1.,0.,0.));
#16265=DIRECTION('ref_axis',(0.,0.70710678118655,0.707106781186545));
#16266=DIRECTION('',(1.,0.,0.));
#16267=DIRECTION('',(-1.,0.,0.));
#16268=DIRECTION('center_axis',(-1.,0.,0.));
#16269=DIRECTION('ref_axis',(0.,-1.,0.));
#16270=DIRECTION('',(0.,0.,1.));
#16271=DIRECTION('',(0.,-1.,0.));
#16272=DIRECTION('',(0.,0.,-1.));
#16273=DIRECTION('center_axis',(0.,0.,1.));
#16274=DIRECTION('ref_axis',(-0.707106781186548,0.707106781186548,0.));
#16275=DIRECTION('',(0.,0.,-1.));
#16276=DIRECTION('center_axis',(0.,0.,1.));
#16277=DIRECTION('ref_axis',(-0.707106781186548,0.707106781186548,0.));
#16278=DIRECTION('center_axis',(0.,1.,0.));
#16279=DIRECTION('ref_axis',(-1.,0.,0.));
#16280=DIRECTION('',(0.,0.,1.));
#16281=DIRECTION('',(-1.,0.,0.));
#16282=DIRECTION('center_axis',(0.,0.,1.));
#16283=DIRECTION('ref_axis',(0.707106781186552,0.707106781186543,0.));
#16284=DIRECTION('',(0.,0.,-1.));
#16285=DIRECTION('center_axis',(0.,0.,1.));
#16286=DIRECTION('ref_axis',(0.707106781186552,0.707106781186543,0.));
#16287=DIRECTION('center_axis',(0.,0.,1.));
#16288=DIRECTION('ref_axis',(1.,0.,0.));
#16289=DIRECTION('center_axis',(0.,0.,1.));
#16290=DIRECTION('ref_axis',(1.,0.,0.));
#16291=DIRECTION('',(0.,1.,0.));
#16292=DIRECTION('center_axis',(0.,0.,1.));
#16293=DIRECTION('ref_axis',(0.707106781186548,-0.707106781186548,0.));
#16294=DIRECTION('',(1.,0.,0.));
#16295=DIRECTION('center_axis',(0.,0.,1.));
#16296=DIRECTION('ref_axis',(-0.707106781186552,-0.707106781186543,0.));
#16297=DIRECTION('center_axis',(1.,0.,0.));
#16298=DIRECTION('ref_axis',(0.,1.,0.));
#16299=DIRECTION('',(0.,0.,1.));
#16300=DIRECTION('center_axis',(0.,0.,1.));
#16301=DIRECTION('ref_axis',(0.707106781186548,-0.707106781186548,0.));
#16302=DIRECTION('',(0.,0.,-1.));
#16303=DIRECTION('center_axis',(0.,0.,1.));
#16304=DIRECTION('ref_axis',(-0.707106781186552,-0.707106781186543,0.));
#16305=DIRECTION('',(0.,0.,1.));
#16306=DIRECTION('center_axis',(0.,-1.,0.));
#16307=DIRECTION('ref_axis',(1.,0.,0.));
#16308=CARTESIAN_POINT('',(0.,0.,0.));
#16309=CARTESIAN_POINT('Ctrl Pts',(44.9,77.936,4.5));
#16310=CARTESIAN_POINT('Ctrl Pts',(44.45,77.936,4.5));
#16311=CARTESIAN_POINT('Ctrl Pts',(44.45,78.386,4.5));
#16312=CARTESIAN_POINT('Ctrl Pts',(44.9,77.186,4.50000000000001));
#16313=CARTESIAN_POINT('Ctrl Pts',(43.7,77.186,4.50000000000001));
#16314=CARTESIAN_POINT('Ctrl Pts',(43.7,78.386,4.50000000000001));
#16315=CARTESIAN_POINT('Ctrl Pts',(44.9,77.186,3.75));
#16316=CARTESIAN_POINT('Ctrl Pts',(43.7,77.186,3.75));
#16317=CARTESIAN_POINT('Ctrl Pts',(43.7,78.386,3.75));
#16318=CARTESIAN_POINT('',(44.9,77.186,3.75));
#16319=CARTESIAN_POINT('',(44.9,77.936,4.5));
#16320=CARTESIAN_POINT('Origin',(44.9,77.936,3.75));
#16321=CARTESIAN_POINT('',(44.45,78.386,4.5));
#16322=CARTESIAN_POINT('Origin',(44.9,78.386,4.5));
#16323=CARTESIAN_POINT('',(43.7,78.386,3.75));
#16324=CARTESIAN_POINT('Origin',(44.45,78.386,3.75));
#16325=CARTESIAN_POINT('Origin',(44.9,78.386,3.75));
#16326=CARTESIAN_POINT('Origin',(44.45,82.436,3.75));
#16327=CARTESIAN_POINT('',(44.45,82.986,4.5));
#16328=CARTESIAN_POINT('',(43.7,82.986,3.75));
#16329=CARTESIAN_POINT('Origin',(44.45,82.986,3.75));
#16330=CARTESIAN_POINT('',(43.7,82.436,3.75));
#16331=CARTESIAN_POINT('',(44.45,82.436,4.5));
#16332=CARTESIAN_POINT('Ctrl Pts',(44.45,82.986,4.5));
#16333=CARTESIAN_POINT('Ctrl Pts',(44.45,83.436,4.5));
#16334=CARTESIAN_POINT('Ctrl Pts',(44.9,83.436,4.5));
#16335=CARTESIAN_POINT('Ctrl Pts',(43.7,82.986,4.5));
#16336=CARTESIAN_POINT('Ctrl Pts',(43.7,84.186,4.5));
#16337=CARTESIAN_POINT('Ctrl Pts',(44.9,84.186,4.5));
#16338=CARTESIAN_POINT('Ctrl Pts',(43.7,82.986,3.75));
#16339=CARTESIAN_POINT('Ctrl Pts',(43.7,84.186,3.75));
#16340=CARTESIAN_POINT('Ctrl Pts',(44.9,84.186,3.75));
#16341=CARTESIAN_POINT('',(44.9,83.436,4.5));
#16342=CARTESIAN_POINT('',(44.9,84.186,3.75));
#16343=CARTESIAN_POINT('Origin',(44.9,83.436,3.75));
#16344=CARTESIAN_POINT('Origin',(44.9,82.986,3.75));
#16345=CARTESIAN_POINT('Origin',(44.9,82.986,4.5));
#16346=CARTESIAN_POINT('Origin',(51.575,83.436,3.75));
#16347=CARTESIAN_POINT('',(53.,83.436,4.5));
#16348=CARTESIAN_POINT('',(53.,84.186,3.75));
#16349=CARTESIAN_POINT('Origin',(53.,83.436,3.75));
#16350=CARTESIAN_POINT('',(51.575,84.186,3.75));
#16351=CARTESIAN_POINT('',(51.575,83.436,4.5));
#16352=CARTESIAN_POINT('Ctrl Pts',(53.,83.436,4.5));
#16353=CARTESIAN_POINT('Ctrl Pts',(53.45,83.436,4.5));
#16354=CARTESIAN_POINT('Ctrl Pts',(53.45,82.986,4.5));
#16355=CARTESIAN_POINT('Ctrl Pts',(53.,84.186,4.5));
#16356=CARTESIAN_POINT('Ctrl Pts',(54.2,84.186,4.5));
#16357=CARTESIAN_POINT('Ctrl Pts',(54.2,82.986,4.5));
#16358=CARTESIAN_POINT('Ctrl Pts',(53.,84.186,3.75));
#16359=CARTESIAN_POINT('Ctrl Pts',(54.2,84.186,3.75));
#16360=CARTESIAN_POINT('Ctrl Pts',(54.2,82.986,3.75));
#16361=CARTESIAN_POINT('',(53.45,82.986,4.5));
#16362=CARTESIAN_POINT('',(54.2,82.986,3.75));
#16363=CARTESIAN_POINT('Origin',(53.45,82.986,3.75));
#16364=CARTESIAN_POINT('Origin',(53.,82.986,3.75));
#16365=CARTESIAN_POINT('Origin',(53.,82.986,4.5));
#16366=CARTESIAN_POINT('Origin',(53.45,78.936,3.75));
#16367=CARTESIAN_POINT('',(53.45,78.386,4.5));
#16368=CARTESIAN_POINT('',(54.2,78.386,3.75));
#16369=CARTESIAN_POINT('Origin',(53.45,78.386,3.75));
#16370=CARTESIAN_POINT('',(54.2,78.936,3.75));
#16371=CARTESIAN_POINT('',(53.45,78.936,4.5));
#16372=CARTESIAN_POINT('Ctrl Pts',(53.45,78.386,4.5));
#16373=CARTESIAN_POINT('Ctrl Pts',(53.45,77.936,4.5));
#16374=CARTESIAN_POINT('Ctrl Pts',(53.,77.936,4.5));
#16375=CARTESIAN_POINT('Ctrl Pts',(54.2,78.386,4.50000000000001));
#16376=CARTESIAN_POINT('Ctrl Pts',(54.2,77.186,4.50000000000001));
#16377=CARTESIAN_POINT('Ctrl Pts',(53.,77.186,4.50000000000001));
#16378=CARTESIAN_POINT('Ctrl Pts',(54.2,78.386,3.75));
#16379=CARTESIAN_POINT('Ctrl Pts',(54.2,77.186,3.75));
#16380=CARTESIAN_POINT('Ctrl Pts',(53.,77.186,3.75));
#16381=CARTESIAN_POINT('',(53.,77.936,4.5));
#16382=CARTESIAN_POINT('',(53.,77.186,3.75));
#16383=CARTESIAN_POINT('Origin',(53.,77.936,3.75));
#16384=CARTESIAN_POINT('Origin',(53.,78.386,3.75));
#16385=CARTESIAN_POINT('Origin',(53.,78.386,4.5));
#16386=CARTESIAN_POINT('Origin',(46.325,77.936,3.75));
#16387=CARTESIAN_POINT('',(46.325,77.936,4.5));
#16388=CARTESIAN_POINT('',(46.325,77.186,3.75));
#16389=CARTESIAN_POINT('Origin',(54.2,77.186,0.));
#16390=CARTESIAN_POINT('',(54.2,78.386,0.));
#16391=CARTESIAN_POINT('',(54.2,78.386,0.));
#16392=CARTESIAN_POINT('',(54.2,82.986,0.));
#16393=CARTESIAN_POINT('',(54.2,84.186,0.));
#16394=CARTESIAN_POINT('',(54.2,82.986,0.));
#16395=CARTESIAN_POINT('Origin',(53.,78.386,0.));
#16396=CARTESIAN_POINT('',(53.,77.186,0.));
#16397=CARTESIAN_POINT('',(53.,77.186,0.));
#16398=CARTESIAN_POINT('Origin',(53.,78.386,0.));
#16399=CARTESIAN_POINT('Origin',(43.7,77.186,0.));
#16400=CARTESIAN_POINT('',(44.9,77.186,0.));
#16401=CARTESIAN_POINT('',(44.9,77.186,0.));
#16402=CARTESIAN_POINT('',(54.2,77.186,0.));
#16403=CARTESIAN_POINT('Origin',(44.9,78.386,0.));
#16404=CARTESIAN_POINT('',(43.7,78.386,0.));
#16405=CARTESIAN_POINT('',(43.7,78.386,0.));
#16406=CARTESIAN_POINT('Origin',(44.9,78.386,0.));
#16407=CARTESIAN_POINT('Origin',(48.95,80.686,4.5));
#16408=CARTESIAN_POINT('Origin',(44.9,82.986,0.));
#16409=CARTESIAN_POINT('',(44.9,84.186,0.));
#16410=CARTESIAN_POINT('',(44.9,84.186,0.));
#16411=CARTESIAN_POINT('',(43.7,82.986,0.));
#16412=CARTESIAN_POINT('Origin',(44.9,82.986,0.));
#16413=CARTESIAN_POINT('',(43.7,82.986,0.));
#16414=CARTESIAN_POINT('Origin',(54.2,84.186,0.));
#16415=CARTESIAN_POINT('',(53.,84.186,0.));
#16416=CARTESIAN_POINT('',(53.,84.186,0.));
#16417=CARTESIAN_POINT('',(43.7,84.186,0.));
#16418=CARTESIAN_POINT('Origin',(53.,82.986,0.));
#16419=CARTESIAN_POINT('Origin',(53.,82.986,0.));
#16420=CARTESIAN_POINT('Origin',(43.7,84.186,0.));
#16421=CARTESIAN_POINT('',(43.7,77.186,0.));
#16422=CARTESIAN_POINT('Origin',(48.95,80.686,0.));
#16423=CARTESIAN_POINT('Ctrl Pts',(57.8,67.311,4.5));
#16424=CARTESIAN_POINT('Ctrl Pts',(57.35,67.311,4.5));
#16425=CARTESIAN_POINT('Ctrl Pts',(57.35,67.761,4.5));
#16426=CARTESIAN_POINT('Ctrl Pts',(57.8,66.561,4.50000000000001));
#16427=CARTESIAN_POINT('Ctrl Pts',(56.6,66.561,4.50000000000001));
#16428=CARTESIAN_POINT('Ctrl Pts',(56.6,67.761,4.50000000000001));
#16429=CARTESIAN_POINT('Ctrl Pts',(57.8,66.561,3.75));
#16430=CARTESIAN_POINT('Ctrl Pts',(56.6,66.561,3.75));
#16431=CARTESIAN_POINT('Ctrl Pts',(56.6,67.761,3.75));
#16432=CARTESIAN_POINT('',(57.8,66.561,3.75));
#16433=CARTESIAN_POINT('',(57.8,67.311,4.5));
#16434=CARTESIAN_POINT('Origin',(57.8,67.311,3.75));
#16435=CARTESIAN_POINT('',(57.35,67.761,4.5));
#16436=CARTESIAN_POINT('Origin',(57.8,67.761,4.5));
#16437=CARTESIAN_POINT('',(56.6,67.761,3.75));
#16438=CARTESIAN_POINT('Origin',(57.35,67.761,3.75));
#16439=CARTESIAN_POINT('Origin',(57.8,67.761,3.75));
#16440=CARTESIAN_POINT('Origin',(57.35,71.811,3.75));
#16441=CARTESIAN_POINT('',(57.35,72.361,4.5));
#16442=CARTESIAN_POINT('',(56.6,72.361,3.75));
#16443=CARTESIAN_POINT('Origin',(57.35,72.361,3.75));
#16444=CARTESIAN_POINT('',(56.6,71.811,3.75));
#16445=CARTESIAN_POINT('',(57.35,71.811,4.5));
#16446=CARTESIAN_POINT('Ctrl Pts',(57.35,72.361,4.5));
#16447=CARTESIAN_POINT('Ctrl Pts',(57.35,72.811,4.5));
#16448=CARTESIAN_POINT('Ctrl Pts',(57.8,72.811,4.5));
#16449=CARTESIAN_POINT('Ctrl Pts',(56.6,72.361,4.50000000000001));
#16450=CARTESIAN_POINT('Ctrl Pts',(56.6,73.561,4.50000000000001));
#16451=CARTESIAN_POINT('Ctrl Pts',(57.8,73.561,4.50000000000001));
#16452=CARTESIAN_POINT('Ctrl Pts',(56.6,72.361,3.75));
#16453=CARTESIAN_POINT('Ctrl Pts',(56.6,73.561,3.75));
#16454=CARTESIAN_POINT('Ctrl Pts',(57.8,73.561,3.75));
#16455=CARTESIAN_POINT('',(57.8,72.811,4.5));
#16456=CARTESIAN_POINT('',(57.8,73.561,3.75));
#16457=CARTESIAN_POINT('Origin',(57.8,72.811,3.75));
#16458=CARTESIAN_POINT('Origin',(57.8,72.361,3.75));
#16459=CARTESIAN_POINT('Origin',(57.8,72.361,4.5));
#16460=CARTESIAN_POINT('Origin',(64.475,72.811,3.75));
#16461=CARTESIAN_POINT('',(65.9,72.811,4.5));
#16462=CARTESIAN_POINT('',(65.9,73.561,3.75));
#16463=CARTESIAN_POINT('Origin',(65.9,72.811,3.75));
#16464=CARTESIAN_POINT('',(64.475,73.561,3.75));
#16465=CARTESIAN_POINT('',(64.475,72.811,4.5));
#16466=CARTESIAN_POINT('Ctrl Pts',(65.9,72.811,4.5));
#16467=CARTESIAN_POINT('Ctrl Pts',(66.35,72.811,4.5));
#16468=CARTESIAN_POINT('Ctrl Pts',(66.35,72.361,4.5));
#16469=CARTESIAN_POINT('Ctrl Pts',(65.9,73.561,4.50000000000001));
#16470=CARTESIAN_POINT('Ctrl Pts',(67.1,73.561,4.50000000000001));
#16471=CARTESIAN_POINT('Ctrl Pts',(67.1,72.361,4.50000000000001));
#16472=CARTESIAN_POINT('Ctrl Pts',(65.9,73.561,3.75));
#16473=CARTESIAN_POINT('Ctrl Pts',(67.1,73.561,3.75));
#16474=CARTESIAN_POINT('Ctrl Pts',(67.1,72.361,3.75));
#16475=CARTESIAN_POINT('',(66.35,72.361,4.5));
#16476=CARTESIAN_POINT('',(67.1,72.361,3.75));
#16477=CARTESIAN_POINT('Origin',(66.35,72.361,3.75));
#16478=CARTESIAN_POINT('Origin',(65.9,72.361,3.75));
#16479=CARTESIAN_POINT('Origin',(65.9,72.361,4.5));
#16480=CARTESIAN_POINT('Origin',(66.35,68.311,3.75));
#16481=CARTESIAN_POINT('',(66.35,67.761,4.5));
#16482=CARTESIAN_POINT('',(67.1,67.761,3.75));
#16483=CARTESIAN_POINT('Origin',(66.35,67.761,3.75));
#16484=CARTESIAN_POINT('',(67.1,68.311,3.75));
#16485=CARTESIAN_POINT('',(66.35,68.311,4.5));
#16486=CARTESIAN_POINT('Ctrl Pts',(66.35,67.761,4.5));
#16487=CARTESIAN_POINT('Ctrl Pts',(66.35,67.311,4.5));
#16488=CARTESIAN_POINT('Ctrl Pts',(65.9,67.311,4.5));
#16489=CARTESIAN_POINT('Ctrl Pts',(67.1,67.761,4.50000000000001));
#16490=CARTESIAN_POINT('Ctrl Pts',(67.1,66.561,4.50000000000001));
#16491=CARTESIAN_POINT('Ctrl Pts',(65.9,66.561,4.50000000000001));
#16492=CARTESIAN_POINT('Ctrl Pts',(67.1,67.761,3.75));
#16493=CARTESIAN_POINT('Ctrl Pts',(67.1,66.561,3.75));
#16494=CARTESIAN_POINT('Ctrl Pts',(65.9,66.561,3.75));
#16495=CARTESIAN_POINT('',(65.9,67.311,4.5));
#16496=CARTESIAN_POINT('',(65.9,66.561,3.75));
#16497=CARTESIAN_POINT('Origin',(65.9,67.311,3.75));
#16498=CARTESIAN_POINT('Origin',(65.9,67.761,3.75));
#16499=CARTESIAN_POINT('Origin',(65.9,67.761,4.5));
#16500=CARTESIAN_POINT('Origin',(59.225,67.311,3.75));
#16501=CARTESIAN_POINT('',(59.225,67.311,4.5));
#16502=CARTESIAN_POINT('',(59.225,66.561,3.75));
#16503=CARTESIAN_POINT('Origin',(67.1,66.561,0.));
#16504=CARTESIAN_POINT('',(67.1,67.761,0.));
#16505=CARTESIAN_POINT('',(67.1,67.761,0.));
#16506=CARTESIAN_POINT('',(67.1,72.361,0.));
#16507=CARTESIAN_POINT('',(67.1,73.561,0.));
#16508=CARTESIAN_POINT('',(67.1,72.361,0.));
#16509=CARTESIAN_POINT('Origin',(65.9,67.761,0.));
#16510=CARTESIAN_POINT('',(65.9,66.561,0.));
#16511=CARTESIAN_POINT('',(65.9,66.561,0.));
#16512=CARTESIAN_POINT('Origin',(65.9,67.761,0.));
#16513=CARTESIAN_POINT('Origin',(56.6,66.561,0.));
#16514=CARTESIAN_POINT('',(57.8,66.561,0.));
#16515=CARTESIAN_POINT('',(57.8,66.561,0.));
#16516=CARTESIAN_POINT('',(67.1,66.561,0.));
#16517=CARTESIAN_POINT('Origin',(57.8,67.761,0.));
#16518=CARTESIAN_POINT('',(56.6,67.761,0.));
#16519=CARTESIAN_POINT('',(56.6,67.761,0.));
#16520=CARTESIAN_POINT('Origin',(57.8,67.761,0.));
#16521=CARTESIAN_POINT('Origin',(61.85,70.061,4.5));
#16522=CARTESIAN_POINT('Origin',(65.9,72.361,0.));
#16523=CARTESIAN_POINT('',(65.9,73.561,0.));
#16524=CARTESIAN_POINT('Origin',(65.9,72.361,0.));
#16525=CARTESIAN_POINT('',(65.9,73.561,0.));
#16526=CARTESIAN_POINT('Origin',(57.8,72.361,0.));
#16527=CARTESIAN_POINT('',(57.8,73.561,0.));
#16528=CARTESIAN_POINT('',(57.8,73.561,0.));
#16529=CARTESIAN_POINT('',(56.6,72.361,0.));
#16530=CARTESIAN_POINT('Origin',(57.8,72.361,0.));
#16531=CARTESIAN_POINT('',(56.6,72.361,0.));
#16532=CARTESIAN_POINT('Origin',(67.1,73.561,0.));
#16533=CARTESIAN_POINT('',(56.6,73.561,0.));
#16534=CARTESIAN_POINT('Origin',(56.6,73.561,0.));
#16535=CARTESIAN_POINT('',(56.6,66.561,0.));
#16536=CARTESIAN_POINT('Origin',(61.85,70.061,0.));
#16537=CARTESIAN_POINT('Ctrl Pts',(19.1,67.311,4.5));
#16538=CARTESIAN_POINT('Ctrl Pts',(18.65,67.311,4.5));
#16539=CARTESIAN_POINT('Ctrl Pts',(18.65,67.761,4.5));
#16540=CARTESIAN_POINT('Ctrl Pts',(19.1,66.561,4.5));
#16541=CARTESIAN_POINT('Ctrl Pts',(17.9,66.561,4.5));
#16542=CARTESIAN_POINT('Ctrl Pts',(17.9,67.761,4.5));
#16543=CARTESIAN_POINT('Ctrl Pts',(19.1,66.561,3.75));
#16544=CARTESIAN_POINT('Ctrl Pts',(17.9,66.561,3.75));
#16545=CARTESIAN_POINT('Ctrl Pts',(17.9,67.761,3.75));
#16546=CARTESIAN_POINT('',(19.1,66.561,3.75));
#16547=CARTESIAN_POINT('',(19.1,67.311,4.5));
#16548=CARTESIAN_POINT('Origin',(19.1,67.311,3.75));
#16549=CARTESIAN_POINT('',(18.65,67.761,4.5));
#16550=CARTESIAN_POINT('Origin',(19.1,67.761,4.5));
#16551=CARTESIAN_POINT('',(17.9,67.761,3.75));
#16552=CARTESIAN_POINT('Origin',(18.65,67.761,3.75));
#16553=CARTESIAN_POINT('Origin',(19.1,67.761,3.75));
#16554=CARTESIAN_POINT('Origin',(18.65,71.811,3.75));
#16555=CARTESIAN_POINT('',(18.65,72.361,4.5));
#16556=CARTESIAN_POINT('',(17.9,72.361,3.75));
#16557=CARTESIAN_POINT('Origin',(18.65,72.361,3.75));
#16558=CARTESIAN_POINT('',(17.9,71.811,3.75));
#16559=CARTESIAN_POINT('',(18.65,71.811,4.5));
#16560=CARTESIAN_POINT('Ctrl Pts',(18.65,72.361,4.5));
#16561=CARTESIAN_POINT('Ctrl Pts',(18.65,72.811,4.5));
#16562=CARTESIAN_POINT('Ctrl Pts',(19.1,72.811,4.5));
#16563=CARTESIAN_POINT('Ctrl Pts',(17.9,72.361,4.5));
#16564=CARTESIAN_POINT('Ctrl Pts',(17.9,73.561,4.5));
#16565=CARTESIAN_POINT('Ctrl Pts',(19.1,73.561,4.5));
#16566=CARTESIAN_POINT('Ctrl Pts',(17.9,72.361,3.75));
#16567=CARTESIAN_POINT('Ctrl Pts',(17.9,73.561,3.75));
#16568=CARTESIAN_POINT('Ctrl Pts',(19.1,73.561,3.75));
#16569=CARTESIAN_POINT('',(19.1,72.811,4.5));
#16570=CARTESIAN_POINT('',(19.1,73.561,3.75));
#16571=CARTESIAN_POINT('Origin',(19.1,72.811,3.75));
#16572=CARTESIAN_POINT('Origin',(19.1,72.361,3.75));
#16573=CARTESIAN_POINT('Origin',(19.1,72.361,4.5));
#16574=CARTESIAN_POINT('Origin',(25.775,72.811,3.75));
#16575=CARTESIAN_POINT('',(27.2,72.811,4.5));
#16576=CARTESIAN_POINT('',(27.2,73.561,3.75));
#16577=CARTESIAN_POINT('Origin',(27.2,72.811,3.75));
#16578=CARTESIAN_POINT('',(25.775,73.561,3.75));
#16579=CARTESIAN_POINT('',(25.775,72.811,4.5));
#16580=CARTESIAN_POINT('Ctrl Pts',(27.2,72.811,4.5));
#16581=CARTESIAN_POINT('Ctrl Pts',(27.65,72.811,4.5));
#16582=CARTESIAN_POINT('Ctrl Pts',(27.65,72.361,4.5));
#16583=CARTESIAN_POINT('Ctrl Pts',(27.2,73.561,4.5));
#16584=CARTESIAN_POINT('Ctrl Pts',(28.4,73.561,4.5));
#16585=CARTESIAN_POINT('Ctrl Pts',(28.4,72.361,4.5));
#16586=CARTESIAN_POINT('Ctrl Pts',(27.2,73.561,3.75));
#16587=CARTESIAN_POINT('Ctrl Pts',(28.4,73.561,3.75));
#16588=CARTESIAN_POINT('Ctrl Pts',(28.4,72.361,3.75));
#16589=CARTESIAN_POINT('',(27.65,72.361,4.5));
#16590=CARTESIAN_POINT('',(28.4,72.361,3.75));
#16591=CARTESIAN_POINT('Origin',(27.65,72.361,3.75));
#16592=CARTESIAN_POINT('Origin',(27.2,72.361,3.75));
#16593=CARTESIAN_POINT('Origin',(27.2,72.361,4.5));
#16594=CARTESIAN_POINT('Origin',(27.65,68.311,3.75));
#16595=CARTESIAN_POINT('',(27.65,67.761,4.5));
#16596=CARTESIAN_POINT('',(28.4,67.761,3.75));
#16597=CARTESIAN_POINT('Origin',(27.65,67.761,3.75));
#16598=CARTESIAN_POINT('',(28.4,68.311,3.75));
#16599=CARTESIAN_POINT('',(27.65,68.311,4.5));
#16600=CARTESIAN_POINT('Ctrl Pts',(27.65,67.761,4.5));
#16601=CARTESIAN_POINT('Ctrl Pts',(27.65,67.311,4.5));
#16602=CARTESIAN_POINT('Ctrl Pts',(27.2,67.311,4.5));
#16603=CARTESIAN_POINT('Ctrl Pts',(28.4,67.761,4.5));
#16604=CARTESIAN_POINT('Ctrl Pts',(28.4,66.561,4.5));
#16605=CARTESIAN_POINT('Ctrl Pts',(27.2,66.561,4.5));
#16606=CARTESIAN_POINT('Ctrl Pts',(28.4,67.761,3.75));
#16607=CARTESIAN_POINT('Ctrl Pts',(28.4,66.561,3.75));
#16608=CARTESIAN_POINT('Ctrl Pts',(27.2,66.561,3.75));
#16609=CARTESIAN_POINT('',(27.2,67.311,4.5));
#16610=CARTESIAN_POINT('',(27.2,66.561,3.75));
#16611=CARTESIAN_POINT('Origin',(27.2,67.311,3.75));
#16612=CARTESIAN_POINT('Origin',(27.2,67.761,3.75));
#16613=CARTESIAN_POINT('Origin',(27.2,67.761,4.5));
#16614=CARTESIAN_POINT('Origin',(20.525,67.311,3.75));
#16615=CARTESIAN_POINT('',(20.525,67.311,4.5));
#16616=CARTESIAN_POINT('',(20.525,66.561,3.75));
#16617=CARTESIAN_POINT('Origin',(28.4,66.561,0.));
#16618=CARTESIAN_POINT('',(28.4,67.761,0.));
#16619=CARTESIAN_POINT('',(28.4,67.761,0.));
#16620=CARTESIAN_POINT('',(28.4,72.361,0.));
#16621=CARTESIAN_POINT('',(28.4,73.561,0.));
#16622=CARTESIAN_POINT('',(28.4,72.361,0.));
#16623=CARTESIAN_POINT('Origin',(27.2,67.761,0.));
#16624=CARTESIAN_POINT('',(27.2,66.561,0.));
#16625=CARTESIAN_POINT('',(27.2,66.561,0.));
#16626=CARTESIAN_POINT('Origin',(27.2,67.761,0.));
#16627=CARTESIAN_POINT('Origin',(17.9,66.561,0.));
#16628=CARTESIAN_POINT('',(19.1,66.561,0.));
#16629=CARTESIAN_POINT('',(19.1,66.561,0.));
#16630=CARTESIAN_POINT('',(28.4,66.561,0.));
#16631=CARTESIAN_POINT('Origin',(19.1,67.761,0.));
#16632=CARTESIAN_POINT('',(17.9,67.761,0.));
#16633=CARTESIAN_POINT('',(17.9,67.761,0.));
#16634=CARTESIAN_POINT('Origin',(19.1,67.761,0.));
#16635=CARTESIAN_POINT('Origin',(23.15,70.061,4.5));
#16636=CARTESIAN_POINT('Origin',(27.2,72.361,0.));
#16637=CARTESIAN_POINT('',(27.2,73.561,0.));
#16638=CARTESIAN_POINT('Origin',(27.2,72.361,0.));
#16639=CARTESIAN_POINT('',(27.2,73.561,0.));
#16640=CARTESIAN_POINT('Origin',(19.1,72.361,0.));
#16641=CARTESIAN_POINT('',(19.1,73.561,0.));
#16642=CARTESIAN_POINT('',(19.1,73.561,0.));
#16643=CARTESIAN_POINT('',(17.9,72.361,0.));
#16644=CARTESIAN_POINT('Origin',(19.1,72.361,0.));
#16645=CARTESIAN_POINT('',(17.9,72.361,0.));
#16646=CARTESIAN_POINT('Origin',(28.4,73.561,0.));
#16647=CARTESIAN_POINT('',(17.9,73.561,0.));
#16648=CARTESIAN_POINT('Origin',(17.9,73.561,0.));
#16649=CARTESIAN_POINT('',(17.9,66.561,0.));
#16650=CARTESIAN_POINT('Origin',(23.15,70.061,0.));
#16651=CARTESIAN_POINT('Ctrl Pts',(57.8,77.936,4.5));
#16652=CARTESIAN_POINT('Ctrl Pts',(57.35,77.936,4.5));
#16653=CARTESIAN_POINT('Ctrl Pts',(57.35,78.386,4.5));
#16654=CARTESIAN_POINT('Ctrl Pts',(57.8,77.186,4.50000000000001));
#16655=CARTESIAN_POINT('Ctrl Pts',(56.6,77.186,4.50000000000001));
#16656=CARTESIAN_POINT('Ctrl Pts',(56.6,78.386,4.50000000000001));
#16657=CARTESIAN_POINT('Ctrl Pts',(57.8,77.186,3.75));
#16658=CARTESIAN_POINT('Ctrl Pts',(56.6,77.186,3.75));
#16659=CARTESIAN_POINT('Ctrl Pts',(56.6,78.386,3.75));
#16660=CARTESIAN_POINT('',(57.8,77.186,3.75));
#16661=CARTESIAN_POINT('',(57.8,77.936,4.5));
#16662=CARTESIAN_POINT('Origin',(57.8,77.936,3.75));
#16663=CARTESIAN_POINT('',(57.35,78.386,4.5));
#16664=CARTESIAN_POINT('Origin',(57.8,78.386,4.5));
#16665=CARTESIAN_POINT('',(56.6,78.386,3.75));
#16666=CARTESIAN_POINT('Origin',(57.35,78.386,3.75));
#16667=CARTESIAN_POINT('Origin',(57.8,78.386,3.75));
#16668=CARTESIAN_POINT('Origin',(57.35,82.436,3.75));
#16669=CARTESIAN_POINT('',(57.35,82.986,4.5));
#16670=CARTESIAN_POINT('',(56.6,82.986,3.75));
#16671=CARTESIAN_POINT('Origin',(57.35,82.986,3.75));
#16672=CARTESIAN_POINT('',(56.6,82.436,3.75));
#16673=CARTESIAN_POINT('',(57.35,82.436,4.5));
#16674=CARTESIAN_POINT('Ctrl Pts',(57.35,82.986,4.5));
#16675=CARTESIAN_POINT('Ctrl Pts',(57.35,83.436,4.5));
#16676=CARTESIAN_POINT('Ctrl Pts',(57.8,83.436,4.5));
#16677=CARTESIAN_POINT('Ctrl Pts',(56.6,82.986,4.5));
#16678=CARTESIAN_POINT('Ctrl Pts',(56.6,84.186,4.5));
#16679=CARTESIAN_POINT('Ctrl Pts',(57.8,84.186,4.5));
#16680=CARTESIAN_POINT('Ctrl Pts',(56.6,82.986,3.75));
#16681=CARTESIAN_POINT('Ctrl Pts',(56.6,84.186,3.75));
#16682=CARTESIAN_POINT('Ctrl Pts',(57.8,84.186,3.75));
#16683=CARTESIAN_POINT('',(57.8,83.436,4.5));
#16684=CARTESIAN_POINT('',(57.8,84.186,3.75));
#16685=CARTESIAN_POINT('Origin',(57.8,83.436,3.75));
#16686=CARTESIAN_POINT('Origin',(57.8,82.986,3.75));
#16687=CARTESIAN_POINT('Origin',(57.8,82.986,4.5));
#16688=CARTESIAN_POINT('Origin',(64.475,83.436,3.75));
#16689=CARTESIAN_POINT('',(65.9,83.436,4.5));
#16690=CARTESIAN_POINT('',(65.9,84.186,3.75));
#16691=CARTESIAN_POINT('Origin',(65.9,83.436,3.75));
#16692=CARTESIAN_POINT('',(64.475,84.186,3.75));
#16693=CARTESIAN_POINT('',(64.475,83.436,4.5));
#16694=CARTESIAN_POINT('Ctrl Pts',(65.9,83.436,4.5));
#16695=CARTESIAN_POINT('Ctrl Pts',(66.35,83.436,4.5));
#16696=CARTESIAN_POINT('Ctrl Pts',(66.35,82.986,4.5));
#16697=CARTESIAN_POINT('Ctrl Pts',(65.9,84.186,4.5));
#16698=CARTESIAN_POINT('Ctrl Pts',(67.1,84.186,4.5));
#16699=CARTESIAN_POINT('Ctrl Pts',(67.1,82.986,4.5));
#16700=CARTESIAN_POINT('Ctrl Pts',(65.9,84.186,3.75));
#16701=CARTESIAN_POINT('Ctrl Pts',(67.1,84.186,3.75));
#16702=CARTESIAN_POINT('Ctrl Pts',(67.1,82.986,3.75));
#16703=CARTESIAN_POINT('',(66.35,82.986,4.5));
#16704=CARTESIAN_POINT('',(67.1,82.986,3.75));
#16705=CARTESIAN_POINT('Origin',(66.35,82.986,3.75));
#16706=CARTESIAN_POINT('Origin',(65.9,82.986,3.75));
#16707=CARTESIAN_POINT('Origin',(65.9,82.986,4.5));
#16708=CARTESIAN_POINT('Origin',(66.35,78.936,3.75));
#16709=CARTESIAN_POINT('',(66.35,78.386,4.5));
#16710=CARTESIAN_POINT('',(67.1,78.386,3.75));
#16711=CARTESIAN_POINT('Origin',(66.35,78.386,3.75));
#16712=CARTESIAN_POINT('',(67.1,78.936,3.75));
#16713=CARTESIAN_POINT('',(66.35,78.936,4.5));
#16714=CARTESIAN_POINT('Ctrl Pts',(66.35,78.386,4.5));
#16715=CARTESIAN_POINT('Ctrl Pts',(66.35,77.936,4.5));
#16716=CARTESIAN_POINT('Ctrl Pts',(65.9,77.936,4.5));
#16717=CARTESIAN_POINT('Ctrl Pts',(67.1,78.386,4.50000000000001));
#16718=CARTESIAN_POINT('Ctrl Pts',(67.1,77.186,4.50000000000001));
#16719=CARTESIAN_POINT('Ctrl Pts',(65.9,77.186,4.50000000000001));
#16720=CARTESIAN_POINT('Ctrl Pts',(67.1,78.386,3.75));
#16721=CARTESIAN_POINT('Ctrl Pts',(67.1,77.186,3.75));
#16722=CARTESIAN_POINT('Ctrl Pts',(65.9,77.186,3.75));
#16723=CARTESIAN_POINT('',(65.9,77.936,4.5));
#16724=CARTESIAN_POINT('',(65.9,77.186,3.75));
#16725=CARTESIAN_POINT('Origin',(65.9,77.936,3.75));
#16726=CARTESIAN_POINT('Origin',(65.9,78.386,3.75));
#16727=CARTESIAN_POINT('Origin',(65.9,78.386,4.5));
#16728=CARTESIAN_POINT('Origin',(59.225,77.936,3.75));
#16729=CARTESIAN_POINT('',(59.225,77.936,4.5));
#16730=CARTESIAN_POINT('',(59.225,77.186,3.75));
#16731=CARTESIAN_POINT('Origin',(67.1,77.186,0.));
#16732=CARTESIAN_POINT('',(67.1,78.386,0.));
#16733=CARTESIAN_POINT('',(67.1,78.386,0.));
#16734=CARTESIAN_POINT('',(67.1,82.986,0.));
#16735=CARTESIAN_POINT('',(67.1,84.186,0.));
#16736=CARTESIAN_POINT('',(67.1,82.986,0.));
#16737=CARTESIAN_POINT('Origin',(65.9,78.386,0.));
#16738=CARTESIAN_POINT('',(65.9,77.186,0.));
#16739=CARTESIAN_POINT('',(65.9,77.186,0.));
#16740=CARTESIAN_POINT('Origin',(65.9,78.386,0.));
#16741=CARTESIAN_POINT('Origin',(56.6,77.186,0.));
#16742=CARTESIAN_POINT('',(57.8,77.186,0.));
#16743=CARTESIAN_POINT('',(57.8,77.186,0.));
#16744=CARTESIAN_POINT('',(67.1,77.186,0.));
#16745=CARTESIAN_POINT('Origin',(57.8,78.386,0.));
#16746=CARTESIAN_POINT('',(56.6,78.386,0.));
#16747=CARTESIAN_POINT('',(56.6,78.386,0.));
#16748=CARTESIAN_POINT('Origin',(57.8,78.386,0.));
#16749=CARTESIAN_POINT('Origin',(61.85,80.686,4.5));
#16750=CARTESIAN_POINT('Origin',(57.8,82.986,0.));
#16751=CARTESIAN_POINT('',(57.8,84.186,0.));
#16752=CARTESIAN_POINT('',(57.8,84.186,0.));
#16753=CARTESIAN_POINT('',(56.6,82.986,0.));
#16754=CARTESIAN_POINT('Origin',(57.8,82.986,0.));
#16755=CARTESIAN_POINT('',(56.6,82.986,0.));
#16756=CARTESIAN_POINT('Origin',(56.6,84.186,0.));
#16757=CARTESIAN_POINT('',(56.6,77.186,0.));
#16758=CARTESIAN_POINT('Origin',(61.85,80.686,0.));
#16759=CARTESIAN_POINT('',(65.9,84.186,0.));
#16760=CARTESIAN_POINT('',(56.6,84.186,0.));
#16761=CARTESIAN_POINT('Origin',(65.9,82.986,0.));
#16762=CARTESIAN_POINT('Origin',(65.9,82.986,0.));
#16763=CARTESIAN_POINT('',(65.9,84.186,0.));
#16764=CARTESIAN_POINT('Origin',(67.1,84.186,0.));
#16765=CARTESIAN_POINT('Ctrl Pts',(6.2,100.061,4.5));
#16766=CARTESIAN_POINT('Ctrl Pts',(5.75,100.061,4.5));
#16767=CARTESIAN_POINT('Ctrl Pts',(5.75,100.511,4.5));
#16768=CARTESIAN_POINT('Ctrl Pts',(6.2,99.311,4.5));
#16769=CARTESIAN_POINT('Ctrl Pts',(5.,99.311,4.5));
#16770=CARTESIAN_POINT('Ctrl Pts',(5.,100.511,4.5));
#16771=CARTESIAN_POINT('Ctrl Pts',(6.2,99.311,3.75));
#16772=CARTESIAN_POINT('Ctrl Pts',(5.,99.311,3.75));
#16773=CARTESIAN_POINT('Ctrl Pts',(5.,100.511,3.75));
#16774=CARTESIAN_POINT('',(6.2,99.311,3.75));
#16775=CARTESIAN_POINT('',(6.2,100.061,4.5));
#16776=CARTESIAN_POINT('Origin',(6.2,100.061,3.75));
#16777=CARTESIAN_POINT('',(5.75,100.511,4.5));
#16778=CARTESIAN_POINT('Origin',(6.2,100.511,4.5));
#16779=CARTESIAN_POINT('',(5.,100.511,3.75));
#16780=CARTESIAN_POINT('Origin',(5.75,100.511,3.75));
#16781=CARTESIAN_POINT('Origin',(6.2,100.511,3.75));
#16782=CARTESIAN_POINT('Origin',(5.75,104.561,3.75));
#16783=CARTESIAN_POINT('',(5.75,105.111,4.5));
#16784=CARTESIAN_POINT('',(5.,105.111,3.75));
#16785=CARTESIAN_POINT('Origin',(5.75,105.111,3.75));
#16786=CARTESIAN_POINT('',(5.,104.561,3.75));
#16787=CARTESIAN_POINT('',(5.75,104.561,4.5));
#16788=CARTESIAN_POINT('Ctrl Pts',(5.75,105.111,4.5));
#16789=CARTESIAN_POINT('Ctrl Pts',(5.75,105.561,4.5));
#16790=CARTESIAN_POINT('Ctrl Pts',(6.2,105.561,4.5));
#16791=CARTESIAN_POINT('Ctrl Pts',(5.,105.111,4.5));
#16792=CARTESIAN_POINT('Ctrl Pts',(5.,106.311,4.5));
#16793=CARTESIAN_POINT('Ctrl Pts',(6.2,106.311,4.5));
#16794=CARTESIAN_POINT('Ctrl Pts',(5.,105.111,3.75));
#16795=CARTESIAN_POINT('Ctrl Pts',(5.,106.311,3.75));
#16796=CARTESIAN_POINT('Ctrl Pts',(6.2,106.311,3.75));
#16797=CARTESIAN_POINT('',(6.2,105.561,4.5));
#16798=CARTESIAN_POINT('',(6.2,106.311,3.75));
#16799=CARTESIAN_POINT('Origin',(6.2,105.561,3.75));
#16800=CARTESIAN_POINT('Origin',(6.2,105.111,3.75));
#16801=CARTESIAN_POINT('Origin',(6.2,105.111,4.5));
#16802=CARTESIAN_POINT('Origin',(12.875,105.561,3.75));
#16803=CARTESIAN_POINT('',(14.3,105.561,4.5));
#16804=CARTESIAN_POINT('',(14.3,106.311,3.75));
#16805=CARTESIAN_POINT('Origin',(14.3,105.561,3.75));
#16806=CARTESIAN_POINT('',(12.875,106.311,3.75));
#16807=CARTESIAN_POINT('',(12.875,105.561,4.5));
#16808=CARTESIAN_POINT('Ctrl Pts',(14.3,105.561,4.5));
#16809=CARTESIAN_POINT('Ctrl Pts',(14.75,105.561,4.5));
#16810=CARTESIAN_POINT('Ctrl Pts',(14.75,105.111,4.5));
#16811=CARTESIAN_POINT('Ctrl Pts',(14.3,106.311,4.5));
#16812=CARTESIAN_POINT('Ctrl Pts',(15.5,106.311,4.5));
#16813=CARTESIAN_POINT('Ctrl Pts',(15.5,105.111,4.5));
#16814=CARTESIAN_POINT('Ctrl Pts',(14.3,106.311,3.75));
#16815=CARTESIAN_POINT('Ctrl Pts',(15.5,106.311,3.75));
#16816=CARTESIAN_POINT('Ctrl Pts',(15.5,105.111,3.75));
#16817=CARTESIAN_POINT('',(14.75,105.111,4.5));
#16818=CARTESIAN_POINT('',(15.5,105.111,3.75));
#16819=CARTESIAN_POINT('Origin',(14.75,105.111,3.75));
#16820=CARTESIAN_POINT('Origin',(14.3,105.111,3.75));
#16821=CARTESIAN_POINT('Origin',(14.3,105.111,4.5));
#16822=CARTESIAN_POINT('Origin',(14.75,101.061,3.75));
#16823=CARTESIAN_POINT('',(14.75,100.511,4.5));
#16824=CARTESIAN_POINT('',(15.5,100.511,3.75));
#16825=CARTESIAN_POINT('Origin',(14.75,100.511,3.75));
#16826=CARTESIAN_POINT('',(15.5,101.061,3.75));
#16827=CARTESIAN_POINT('',(14.75,101.061,4.5));
#16828=CARTESIAN_POINT('Ctrl Pts',(14.75,100.511,4.5));
#16829=CARTESIAN_POINT('Ctrl Pts',(14.75,100.061,4.5));
#16830=CARTESIAN_POINT('Ctrl Pts',(14.3,100.061,4.5));
#16831=CARTESIAN_POINT('Ctrl Pts',(15.5,100.511,4.5));
#16832=CARTESIAN_POINT('Ctrl Pts',(15.5,99.311,4.5));
#16833=CARTESIAN_POINT('Ctrl Pts',(14.3,99.311,4.5));
#16834=CARTESIAN_POINT('Ctrl Pts',(15.5,100.511,3.75));
#16835=CARTESIAN_POINT('Ctrl Pts',(15.5,99.311,3.75));
#16836=CARTESIAN_POINT('Ctrl Pts',(14.3,99.311,3.75));
#16837=CARTESIAN_POINT('',(14.3,100.061,4.5));
#16838=CARTESIAN_POINT('',(14.3,99.311,3.75));
#16839=CARTESIAN_POINT('Origin',(14.3,100.061,3.75));
#16840=CARTESIAN_POINT('Origin',(14.3,100.511,3.75));
#16841=CARTESIAN_POINT('Origin',(14.3,100.511,4.5));
#16842=CARTESIAN_POINT('Origin',(7.625,100.061,3.75));
#16843=CARTESIAN_POINT('',(7.625,100.061,4.5));
#16844=CARTESIAN_POINT('',(7.625,99.311,3.75));
#16845=CARTESIAN_POINT('Origin',(15.5,99.311,0.));
#16846=CARTESIAN_POINT('',(15.5,100.511,0.));
#16847=CARTESIAN_POINT('',(15.5,100.511,0.));
#16848=CARTESIAN_POINT('',(15.5,105.111,0.));
#16849=CARTESIAN_POINT('',(15.5,106.311,0.));
#16850=CARTESIAN_POINT('',(15.5,105.111,0.));
#16851=CARTESIAN_POINT('Origin',(14.3,100.511,0.));
#16852=CARTESIAN_POINT('',(14.3,99.311,0.));
#16853=CARTESIAN_POINT('',(14.3,99.311,0.));
#16854=CARTESIAN_POINT('Origin',(14.3,100.511,0.));
#16855=CARTESIAN_POINT('Origin',(5.,99.311,0.));
#16856=CARTESIAN_POINT('',(6.2,99.311,0.));
#16857=CARTESIAN_POINT('',(6.2,99.311,0.));
#16858=CARTESIAN_POINT('',(15.5,99.311,0.));
#16859=CARTESIAN_POINT('Origin',(6.2,100.511,0.));
#16860=CARTESIAN_POINT('',(5.,100.511,0.));
#16861=CARTESIAN_POINT('',(5.,100.511,0.));
#16862=CARTESIAN_POINT('Origin',(6.2,100.511,0.));
#16863=CARTESIAN_POINT('Origin',(10.25,102.811,4.5));
#16864=CARTESIAN_POINT('Origin',(10.25,102.811,0.));
#16865=CARTESIAN_POINT('',(5.,105.111,0.));
#16866=CARTESIAN_POINT('',(5.,99.311,0.));
#16867=CARTESIAN_POINT('',(6.2,106.311,0.));
#16868=CARTESIAN_POINT('Origin',(6.2,105.111,0.));
#16869=CARTESIAN_POINT('',(14.3,106.311,0.));
#16870=CARTESIAN_POINT('',(5.,106.311,0.));
#16871=CARTESIAN_POINT('Origin',(14.3,105.111,0.));
#16872=CARTESIAN_POINT('Origin',(5.,106.311,0.));
#16873=CARTESIAN_POINT('',(5.,105.111,0.));
#16874=CARTESIAN_POINT('Origin',(6.2,105.111,0.));
#16875=CARTESIAN_POINT('',(6.2,106.311,0.));
#16876=CARTESIAN_POINT('Origin',(14.3,105.111,0.));
#16877=CARTESIAN_POINT('',(14.3,106.311,0.));
#16878=CARTESIAN_POINT('Origin',(15.5,106.311,0.));
#16879=CARTESIAN_POINT('Ctrl Pts',(19.1,77.936,4.5));
#16880=CARTESIAN_POINT('Ctrl Pts',(18.65,77.936,4.5));
#16881=CARTESIAN_POINT('Ctrl Pts',(18.65,78.386,4.5));
#16882=CARTESIAN_POINT('Ctrl Pts',(19.1,77.186,4.5));
#16883=CARTESIAN_POINT('Ctrl Pts',(17.9,77.186,4.5));
#16884=CARTESIAN_POINT('Ctrl Pts',(17.9,78.386,4.5));
#16885=CARTESIAN_POINT('Ctrl Pts',(19.1,77.186,3.75));
#16886=CARTESIAN_POINT('Ctrl Pts',(17.9,77.186,3.75));
#16887=CARTESIAN_POINT('Ctrl Pts',(17.9,78.386,3.75));
#16888=CARTESIAN_POINT('',(19.1,77.186,3.75));
#16889=CARTESIAN_POINT('',(19.1,77.936,4.5));
#16890=CARTESIAN_POINT('Origin',(19.1,77.936,3.75));
#16891=CARTESIAN_POINT('',(18.65,78.386,4.5));
#16892=CARTESIAN_POINT('Origin',(19.1,78.386,4.5));
#16893=CARTESIAN_POINT('',(17.9,78.386,3.75));
#16894=CARTESIAN_POINT('Origin',(18.65,78.386,3.75));
#16895=CARTESIAN_POINT('Origin',(19.1,78.386,3.75));
#16896=CARTESIAN_POINT('Origin',(18.65,82.436,3.75));
#16897=CARTESIAN_POINT('',(18.65,82.986,4.5));
#16898=CARTESIAN_POINT('',(17.9,82.986,3.75));
#16899=CARTESIAN_POINT('Origin',(18.65,82.986,3.75));
#16900=CARTESIAN_POINT('',(17.9,82.436,3.75));
#16901=CARTESIAN_POINT('',(18.65,82.436,4.5));
#16902=CARTESIAN_POINT('Ctrl Pts',(18.65,82.986,4.5));
#16903=CARTESIAN_POINT('Ctrl Pts',(18.65,83.436,4.5));
#16904=CARTESIAN_POINT('Ctrl Pts',(19.1,83.436,4.5));
#16905=CARTESIAN_POINT('Ctrl Pts',(17.9,82.986,4.5));
#16906=CARTESIAN_POINT('Ctrl Pts',(17.9,84.186,4.5));
#16907=CARTESIAN_POINT('Ctrl Pts',(19.1,84.186,4.5));
#16908=CARTESIAN_POINT('Ctrl Pts',(17.9,82.986,3.75));
#16909=CARTESIAN_POINT('Ctrl Pts',(17.9,84.186,3.75));
#16910=CARTESIAN_POINT('Ctrl Pts',(19.1,84.186,3.75));
#16911=CARTESIAN_POINT('',(19.1,83.436,4.5));
#16912=CARTESIAN_POINT('',(19.1,84.186,3.75));
#16913=CARTESIAN_POINT('Origin',(19.1,83.436,3.75));
#16914=CARTESIAN_POINT('Origin',(19.1,82.986,3.75));
#16915=CARTESIAN_POINT('Origin',(19.1,82.986,4.5));
#16916=CARTESIAN_POINT('Origin',(25.775,83.436,3.75));
#16917=CARTESIAN_POINT('',(27.2,83.436,4.5));
#16918=CARTESIAN_POINT('',(27.2,84.186,3.75));
#16919=CARTESIAN_POINT('Origin',(27.2,83.436,3.75));
#16920=CARTESIAN_POINT('',(25.775,84.186,3.75));
#16921=CARTESIAN_POINT('',(25.775,83.436,4.5));
#16922=CARTESIAN_POINT('Ctrl Pts',(27.2,83.436,4.5));
#16923=CARTESIAN_POINT('Ctrl Pts',(27.65,83.436,4.5));
#16924=CARTESIAN_POINT('Ctrl Pts',(27.65,82.986,4.5));
#16925=CARTESIAN_POINT('Ctrl Pts',(27.2,84.186,4.5));
#16926=CARTESIAN_POINT('Ctrl Pts',(28.4,84.186,4.5));
#16927=CARTESIAN_POINT('Ctrl Pts',(28.4,82.986,4.5));
#16928=CARTESIAN_POINT('Ctrl Pts',(27.2,84.186,3.75));
#16929=CARTESIAN_POINT('Ctrl Pts',(28.4,84.186,3.75));
#16930=CARTESIAN_POINT('Ctrl Pts',(28.4,82.986,3.75));
#16931=CARTESIAN_POINT('',(27.65,82.986,4.5));
#16932=CARTESIAN_POINT('',(28.4,82.986,3.75));
#16933=CARTESIAN_POINT('Origin',(27.65,82.986,3.75));
#16934=CARTESIAN_POINT('Origin',(27.2,82.986,3.75));
#16935=CARTESIAN_POINT('Origin',(27.2,82.986,4.5));
#16936=CARTESIAN_POINT('Origin',(27.65,78.936,3.75));
#16937=CARTESIAN_POINT('',(27.65,78.386,4.5));
#16938=CARTESIAN_POINT('',(28.4,78.386,3.75));
#16939=CARTESIAN_POINT('Origin',(27.65,78.386,3.75));
#16940=CARTESIAN_POINT('',(28.4,78.936,3.75));
#16941=CARTESIAN_POINT('',(27.65,78.936,4.5));
#16942=CARTESIAN_POINT('Ctrl Pts',(27.65,78.386,4.5));
#16943=CARTESIAN_POINT('Ctrl Pts',(27.65,77.936,4.5));
#16944=CARTESIAN_POINT('Ctrl Pts',(27.2,77.936,4.5));
#16945=CARTESIAN_POINT('Ctrl Pts',(28.4,78.386,4.5));
#16946=CARTESIAN_POINT('Ctrl Pts',(28.4,77.186,4.5));
#16947=CARTESIAN_POINT('Ctrl Pts',(27.2,77.186,4.5));
#16948=CARTESIAN_POINT('Ctrl Pts',(28.4,78.386,3.75));
#16949=CARTESIAN_POINT('Ctrl Pts',(28.4,77.186,3.75));
#16950=CARTESIAN_POINT('Ctrl Pts',(27.2,77.186,3.75));
#16951=CARTESIAN_POINT('',(27.2,77.936,4.5));
#16952=CARTESIAN_POINT('',(27.2,77.186,3.75));
#16953=CARTESIAN_POINT('Origin',(27.2,77.936,3.75));
#16954=CARTESIAN_POINT('Origin',(27.2,78.386,3.75));
#16955=CARTESIAN_POINT('Origin',(27.2,78.386,4.5));
#16956=CARTESIAN_POINT('Origin',(20.525,77.936,3.75));
#16957=CARTESIAN_POINT('',(20.525,77.936,4.5));
#16958=CARTESIAN_POINT('',(20.525,77.186,3.75));
#16959=CARTESIAN_POINT('Origin',(28.4,77.186,0.));
#16960=CARTESIAN_POINT('',(28.4,78.386,0.));
#16961=CARTESIAN_POINT('',(28.4,78.386,0.));
#16962=CARTESIAN_POINT('',(28.4,82.986,0.));
#16963=CARTESIAN_POINT('',(28.4,84.186,0.));
#16964=CARTESIAN_POINT('',(28.4,82.986,0.));
#16965=CARTESIAN_POINT('Origin',(27.2,78.386,0.));
#16966=CARTESIAN_POINT('',(27.2,77.186,0.));
#16967=CARTESIAN_POINT('',(27.2,77.186,0.));
#16968=CARTESIAN_POINT('Origin',(27.2,78.386,0.));
#16969=CARTESIAN_POINT('Origin',(17.9,77.186,0.));
#16970=CARTESIAN_POINT('',(19.1,77.186,0.));
#16971=CARTESIAN_POINT('',(19.1,77.186,0.));
#16972=CARTESIAN_POINT('',(28.4,77.186,0.));
#16973=CARTESIAN_POINT('Origin',(19.1,78.386,0.));
#16974=CARTESIAN_POINT('',(17.9,78.386,0.));
#16975=CARTESIAN_POINT('',(17.9,78.386,0.));
#16976=CARTESIAN_POINT('Origin',(19.1,78.386,0.));
#16977=CARTESIAN_POINT('Origin',(23.15,80.686,4.5));
#16978=CARTESIAN_POINT('Origin',(23.15,80.686,0.));
#16979=CARTESIAN_POINT('',(17.9,82.986,0.));
#16980=CARTESIAN_POINT('',(17.9,77.186,0.));
#16981=CARTESIAN_POINT('',(19.1,84.186,0.));
#16982=CARTESIAN_POINT('Origin',(19.1,82.986,0.));
#16983=CARTESIAN_POINT('',(27.2,84.186,0.));
#16984=CARTESIAN_POINT('',(17.9,84.186,0.));
#16985=CARTESIAN_POINT('Origin',(27.2,82.986,0.));
#16986=CARTESIAN_POINT('Origin',(19.1,82.986,0.));
#16987=CARTESIAN_POINT('',(19.1,84.186,0.));
#16988=CARTESIAN_POINT('',(17.9,82.986,0.));
#16989=CARTESIAN_POINT('Origin',(28.4,84.186,0.));
#16990=CARTESIAN_POINT('',(27.2,84.186,0.));
#16991=CARTESIAN_POINT('Origin',(27.2,82.986,0.));
#16992=CARTESIAN_POINT('Origin',(17.9,84.186,0.));
#16993=CARTESIAN_POINT('Ctrl Pts',(32.,67.311,4.5));
#16994=CARTESIAN_POINT('Ctrl Pts',(31.55,67.311,4.5));
#16995=CARTESIAN_POINT('Ctrl Pts',(31.55,67.761,4.5));
#16996=CARTESIAN_POINT('Ctrl Pts',(32.,66.561,4.5));
#16997=CARTESIAN_POINT('Ctrl Pts',(30.8,66.561,4.5));
#16998=CARTESIAN_POINT('Ctrl Pts',(30.8,67.761,4.5));
#16999=CARTESIAN_POINT('Ctrl Pts',(32.,66.561,3.75));
#17000=CARTESIAN_POINT('Ctrl Pts',(30.8,66.561,3.75));
#17001=CARTESIAN_POINT('Ctrl Pts',(30.8,67.761,3.75));
#17002=CARTESIAN_POINT('',(32.,66.561,3.75));
#17003=CARTESIAN_POINT('',(32.,67.311,4.5));
#17004=CARTESIAN_POINT('Origin',(32.,67.311,3.75));
#17005=CARTESIAN_POINT('',(31.55,67.761,4.5));
#17006=CARTESIAN_POINT('Origin',(32.,67.761,4.5));
#17007=CARTESIAN_POINT('',(30.8,67.761,3.75));
#17008=CARTESIAN_POINT('Origin',(31.55,67.761,3.75));
#17009=CARTESIAN_POINT('Origin',(32.,67.761,3.75));
#17010=CARTESIAN_POINT('Origin',(31.55,71.811,3.75));
#17011=CARTESIAN_POINT('',(31.55,72.361,4.5));
#17012=CARTESIAN_POINT('',(30.8,72.361,3.75));
#17013=CARTESIAN_POINT('Origin',(31.55,72.361,3.75));
#17014=CARTESIAN_POINT('',(30.8,71.811,3.75));
#17015=CARTESIAN_POINT('',(31.55,71.811,4.5));
#17016=CARTESIAN_POINT('Ctrl Pts',(31.55,72.361,4.5));
#17017=CARTESIAN_POINT('Ctrl Pts',(31.55,72.811,4.5));
#17018=CARTESIAN_POINT('Ctrl Pts',(32.,72.811,4.5));
#17019=CARTESIAN_POINT('Ctrl Pts',(30.8,72.361,4.5));
#17020=CARTESIAN_POINT('Ctrl Pts',(30.8,73.561,4.5));
#17021=CARTESIAN_POINT('Ctrl Pts',(32.,73.561,4.5));
#17022=CARTESIAN_POINT('Ctrl Pts',(30.8,72.361,3.75));
#17023=CARTESIAN_POINT('Ctrl Pts',(30.8,73.561,3.75));
#17024=CARTESIAN_POINT('Ctrl Pts',(32.,73.561,3.75));
#17025=CARTESIAN_POINT('',(32.,72.811,4.5));
#17026=CARTESIAN_POINT('',(32.,73.561,3.75));
#17027=CARTESIAN_POINT('Origin',(32.,72.811,3.75));
#17028=CARTESIAN_POINT('Origin',(32.,72.361,3.75));
#17029=CARTESIAN_POINT('Origin',(32.,72.361,4.5));
#17030=CARTESIAN_POINT('Origin',(38.675,72.811,3.75));
#17031=CARTESIAN_POINT('',(40.1,72.811,4.5));
#17032=CARTESIAN_POINT('',(40.1,73.561,3.75));
#17033=CARTESIAN_POINT('Origin',(40.1,72.811,3.75));
#17034=CARTESIAN_POINT('',(38.675,73.561,3.75));
#17035=CARTESIAN_POINT('',(38.675,72.811,4.5));
#17036=CARTESIAN_POINT('Ctrl Pts',(40.1,72.811,4.5));
#17037=CARTESIAN_POINT('Ctrl Pts',(40.55,72.811,4.5));
#17038=CARTESIAN_POINT('Ctrl Pts',(40.55,72.361,4.5));
#17039=CARTESIAN_POINT('Ctrl Pts',(40.1,73.561,4.50000000000001));
#17040=CARTESIAN_POINT('Ctrl Pts',(41.3,73.561,4.50000000000001));
#17041=CARTESIAN_POINT('Ctrl Pts',(41.3,72.361,4.50000000000001));
#17042=CARTESIAN_POINT('Ctrl Pts',(40.1,73.561,3.75));
#17043=CARTESIAN_POINT('Ctrl Pts',(41.3,73.561,3.75));
#17044=CARTESIAN_POINT('Ctrl Pts',(41.3,72.361,3.75));
#17045=CARTESIAN_POINT('',(40.55,72.361,4.5));
#17046=CARTESIAN_POINT('',(41.3,72.361,3.75));
#17047=CARTESIAN_POINT('Origin',(40.55,72.361,3.75));
#17048=CARTESIAN_POINT('Origin',(40.1,72.361,3.75));
#17049=CARTESIAN_POINT('Origin',(40.1,72.361,4.5));
#17050=CARTESIAN_POINT('Origin',(40.55,68.311,3.75));
#17051=CARTESIAN_POINT('',(40.55,67.761,4.5));
#17052=CARTESIAN_POINT('',(41.3,67.761,3.75));
#17053=CARTESIAN_POINT('Origin',(40.55,67.761,3.75));
#17054=CARTESIAN_POINT('',(41.3,68.311,3.75));
#17055=CARTESIAN_POINT('',(40.55,68.311,4.5));
#17056=CARTESIAN_POINT('Ctrl Pts',(40.55,67.761,4.5));
#17057=CARTESIAN_POINT('Ctrl Pts',(40.55,67.311,4.5));
#17058=CARTESIAN_POINT('Ctrl Pts',(40.1,67.311,4.5));
#17059=CARTESIAN_POINT('Ctrl Pts',(41.3,67.761,4.50000000000001));
#17060=CARTESIAN_POINT('Ctrl Pts',(41.3,66.561,4.50000000000001));
#17061=CARTESIAN_POINT('Ctrl Pts',(40.1,66.561,4.50000000000001));
#17062=CARTESIAN_POINT('Ctrl Pts',(41.3,67.761,3.75));
#17063=CARTESIAN_POINT('Ctrl Pts',(41.3,66.561,3.75));
#17064=CARTESIAN_POINT('Ctrl Pts',(40.1,66.561,3.75));
#17065=CARTESIAN_POINT('',(40.1,67.311,4.5));
#17066=CARTESIAN_POINT('',(40.1,66.561,3.75));
#17067=CARTESIAN_POINT('Origin',(40.1,67.311,3.75));
#17068=CARTESIAN_POINT('Origin',(40.1,67.761,3.75));
#17069=CARTESIAN_POINT('Origin',(40.1,67.761,4.5));
#17070=CARTESIAN_POINT('Origin',(33.425,67.311,3.75));
#17071=CARTESIAN_POINT('',(33.425,67.311,4.5));
#17072=CARTESIAN_POINT('',(33.425,66.561,3.75));
#17073=CARTESIAN_POINT('Origin',(41.3,66.561,0.));
#17074=CARTESIAN_POINT('',(41.3,67.761,0.));
#17075=CARTESIAN_POINT('',(41.3,67.761,0.));
#17076=CARTESIAN_POINT('',(41.3,72.361,0.));
#17077=CARTESIAN_POINT('',(41.3,73.561,0.));
#17078=CARTESIAN_POINT('',(41.3,72.361,0.));
#17079=CARTESIAN_POINT('Origin',(40.1,67.761,0.));
#17080=CARTESIAN_POINT('',(40.1,66.561,0.));
#17081=CARTESIAN_POINT('',(40.1,66.561,0.));
#17082=CARTESIAN_POINT('Origin',(40.1,67.761,0.));
#17083=CARTESIAN_POINT('Origin',(30.8,66.561,0.));
#17084=CARTESIAN_POINT('',(32.,66.561,0.));
#17085=CARTESIAN_POINT('',(32.,66.561,0.));
#17086=CARTESIAN_POINT('',(41.3,66.561,0.));
#17087=CARTESIAN_POINT('Origin',(32.,67.761,0.));
#17088=CARTESIAN_POINT('',(30.8,67.761,0.));
#17089=CARTESIAN_POINT('',(30.8,67.761,0.));
#17090=CARTESIAN_POINT('Origin',(32.,67.761,0.));
#17091=CARTESIAN_POINT('Origin',(36.05,70.061,4.5));
#17092=CARTESIAN_POINT('Origin',(40.1,72.361,0.));
#17093=CARTESIAN_POINT('',(40.1,73.561,0.));
#17094=CARTESIAN_POINT('Origin',(40.1,72.361,0.));
#17095=CARTESIAN_POINT('',(40.1,73.561,0.));
#17096=CARTESIAN_POINT('Origin',(36.05,70.061,0.));
#17097=CARTESIAN_POINT('',(30.8,72.361,0.));
#17098=CARTESIAN_POINT('',(30.8,66.561,0.));
#17099=CARTESIAN_POINT('',(32.,73.561,0.));
#17100=CARTESIAN_POINT('Origin',(32.,72.361,0.));
#17101=CARTESIAN_POINT('',(30.8,73.561,0.));
#17102=CARTESIAN_POINT('Origin',(32.,72.361,0.));
#17103=CARTESIAN_POINT('',(32.,73.561,0.));
#17104=CARTESIAN_POINT('',(30.8,72.361,0.));
#17105=CARTESIAN_POINT('Origin',(30.8,73.561,0.));
#17106=CARTESIAN_POINT('Origin',(41.3,73.561,0.));
#17107=CARTESIAN_POINT('Ctrl Pts',(70.7,77.936,4.5));
#17108=CARTESIAN_POINT('Ctrl Pts',(70.25,77.936,4.5));
#17109=CARTESIAN_POINT('Ctrl Pts',(70.25,78.386,4.5));
#17110=CARTESIAN_POINT('Ctrl Pts',(70.7,77.186,4.50000000000001));
#17111=CARTESIAN_POINT('Ctrl Pts',(69.5,77.186,4.50000000000001));
#17112=CARTESIAN_POINT('Ctrl Pts',(69.5,78.386,4.50000000000001));
#17113=CARTESIAN_POINT('Ctrl Pts',(70.7,77.186,3.75));
#17114=CARTESIAN_POINT('Ctrl Pts',(69.5,77.186,3.75));
#17115=CARTESIAN_POINT('Ctrl Pts',(69.5,78.386,3.75));
#17116=CARTESIAN_POINT('',(70.7,77.186,3.75));
#17117=CARTESIAN_POINT('',(70.7,77.936,4.5));
#17118=CARTESIAN_POINT('Origin',(70.7,77.936,3.75));
#17119=CARTESIAN_POINT('',(70.25,78.386,4.5));
#17120=CARTESIAN_POINT('Origin',(70.7,78.386,4.5));
#17121=CARTESIAN_POINT('',(69.5,78.386,3.75));
#17122=CARTESIAN_POINT('Origin',(70.25,78.386,3.75));
#17123=CARTESIAN_POINT('Origin',(70.7,78.386,3.75));
#17124=CARTESIAN_POINT('Origin',(70.25,82.436,3.75));
#17125=CARTESIAN_POINT('',(70.25,82.986,4.5));
#17126=CARTESIAN_POINT('',(69.5,82.986,3.75));
#17127=CARTESIAN_POINT('Origin',(70.25,82.986,3.75));
#17128=CARTESIAN_POINT('',(69.5,82.436,3.75));
#17129=CARTESIAN_POINT('',(70.25,82.436,4.5));
#17130=CARTESIAN_POINT('Ctrl Pts',(70.25,82.986,4.5));
#17131=CARTESIAN_POINT('Ctrl Pts',(70.25,83.436,4.5));
#17132=CARTESIAN_POINT('Ctrl Pts',(70.7,83.436,4.5));
#17133=CARTESIAN_POINT('Ctrl Pts',(69.5,82.986,4.5));
#17134=CARTESIAN_POINT('Ctrl Pts',(69.5,84.186,4.5));
#17135=CARTESIAN_POINT('Ctrl Pts',(70.7,84.186,4.5));
#17136=CARTESIAN_POINT('Ctrl Pts',(69.5,82.986,3.75));
#17137=CARTESIAN_POINT('Ctrl Pts',(69.5,84.186,3.75));
#17138=CARTESIAN_POINT('Ctrl Pts',(70.7,84.186,3.75));
#17139=CARTESIAN_POINT('',(70.7,83.436,4.5));
#17140=CARTESIAN_POINT('',(70.7,84.186,3.75));
#17141=CARTESIAN_POINT('Origin',(70.7,83.436,3.75));
#17142=CARTESIAN_POINT('Origin',(70.7,82.986,3.75));
#17143=CARTESIAN_POINT('Origin',(70.7,82.986,4.5));
#17144=CARTESIAN_POINT('Origin',(77.375,83.436,3.75));
#17145=CARTESIAN_POINT('',(78.8,83.436,4.5));
#17146=CARTESIAN_POINT('',(78.8,84.186,3.75));
#17147=CARTESIAN_POINT('Origin',(78.8,83.436,3.75));
#17148=CARTESIAN_POINT('',(77.375,84.186,3.75));
#17149=CARTESIAN_POINT('',(77.375,83.436,4.5));
#17150=CARTESIAN_POINT('Ctrl Pts',(78.8,83.436,4.5));
#17151=CARTESIAN_POINT('Ctrl Pts',(79.25,83.436,4.5));
#17152=CARTESIAN_POINT('Ctrl Pts',(79.25,82.986,4.5));
#17153=CARTESIAN_POINT('Ctrl Pts',(78.8,84.186,4.5));
#17154=CARTESIAN_POINT('Ctrl Pts',(80.,84.186,4.5));
#17155=CARTESIAN_POINT('Ctrl Pts',(80.,82.986,4.5));
#17156=CARTESIAN_POINT('Ctrl Pts',(78.8,84.186,3.75));
#17157=CARTESIAN_POINT('Ctrl Pts',(80.,84.186,3.75));
#17158=CARTESIAN_POINT('Ctrl Pts',(80.,82.986,3.75));
#17159=CARTESIAN_POINT('',(79.25,82.986,4.5));
#17160=CARTESIAN_POINT('',(80.,82.986,3.75));
#17161=CARTESIAN_POINT('Origin',(79.25,82.986,3.75));
#17162=CARTESIAN_POINT('Origin',(78.8,82.986,3.75));
#17163=CARTESIAN_POINT('Origin',(78.8,82.986,4.5));
#17164=CARTESIAN_POINT('Origin',(79.25,78.936,3.75));
#17165=CARTESIAN_POINT('',(79.25,78.386,4.5));
#17166=CARTESIAN_POINT('',(80.,78.386,3.75));
#17167=CARTESIAN_POINT('Origin',(79.25,78.386,3.75));
#17168=CARTESIAN_POINT('',(80.,78.936,3.75));
#17169=CARTESIAN_POINT('',(79.25,78.936,4.5));
#17170=CARTESIAN_POINT('Ctrl Pts',(79.25,78.386,4.5));
#17171=CARTESIAN_POINT('Ctrl Pts',(79.25,77.936,4.5));
#17172=CARTESIAN_POINT('Ctrl Pts',(78.8,77.936,4.5));
#17173=CARTESIAN_POINT('Ctrl Pts',(80.,78.386,4.50000000000001));
#17174=CARTESIAN_POINT('Ctrl Pts',(80.,77.186,4.50000000000001));
#17175=CARTESIAN_POINT('Ctrl Pts',(78.8,77.186,4.50000000000001));
#17176=CARTESIAN_POINT('Ctrl Pts',(80.,78.386,3.75));
#17177=CARTESIAN_POINT('Ctrl Pts',(80.,77.186,3.75));
#17178=CARTESIAN_POINT('Ctrl Pts',(78.8,77.186,3.75));
#17179=CARTESIAN_POINT('',(78.8,77.936,4.5));
#17180=CARTESIAN_POINT('',(78.8,77.186,3.75));
#17181=CARTESIAN_POINT('Origin',(78.8,77.936,3.75));
#17182=CARTESIAN_POINT('Origin',(78.8,78.386,3.75));
#17183=CARTESIAN_POINT('Origin',(78.8,78.386,4.5));
#17184=CARTESIAN_POINT('Origin',(72.125,77.936,3.75));
#17185=CARTESIAN_POINT('',(72.125,77.936,4.5));
#17186=CARTESIAN_POINT('',(72.125,77.186,3.75));
#17187=CARTESIAN_POINT('Origin',(80.,77.186,0.));
#17188=CARTESIAN_POINT('',(80.,78.386,0.));
#17189=CARTESIAN_POINT('',(80.,78.386,0.));
#17190=CARTESIAN_POINT('',(80.,82.986,0.));
#17191=CARTESIAN_POINT('',(80.,84.186,0.));
#17192=CARTESIAN_POINT('',(80.,82.986,0.));
#17193=CARTESIAN_POINT('Origin',(78.8,78.386,0.));
#17194=CARTESIAN_POINT('',(78.8,77.186,0.));
#17195=CARTESIAN_POINT('',(78.8,77.186,0.));
#17196=CARTESIAN_POINT('Origin',(78.8,78.386,0.));
#17197=CARTESIAN_POINT('Origin',(69.5,77.186,0.));
#17198=CARTESIAN_POINT('',(70.7,77.186,0.));
#17199=CARTESIAN_POINT('',(70.7,77.186,0.));
#17200=CARTESIAN_POINT('',(80.,77.186,0.));
#17201=CARTESIAN_POINT('Origin',(70.7,78.386,0.));
#17202=CARTESIAN_POINT('',(69.5,78.386,0.));
#17203=CARTESIAN_POINT('',(69.5,78.386,0.));
#17204=CARTESIAN_POINT('Origin',(70.7,78.386,0.));
#17205=CARTESIAN_POINT('Origin',(74.75,80.686,4.5));
#17206=CARTESIAN_POINT('Origin',(70.7,82.986,0.));
#17207=CARTESIAN_POINT('',(70.7,84.186,0.));
#17208=CARTESIAN_POINT('',(70.7,84.186,0.));
#17209=CARTESIAN_POINT('',(69.5,82.986,0.));
#17210=CARTESIAN_POINT('Origin',(70.7,82.986,0.));
#17211=CARTESIAN_POINT('',(69.5,82.986,0.));
#17212=CARTESIAN_POINT('Origin',(80.,84.186,0.));
#17213=CARTESIAN_POINT('',(78.8,84.186,0.));
#17214=CARTESIAN_POINT('',(78.8,84.186,0.));
#17215=CARTESIAN_POINT('',(69.5,84.186,0.));
#17216=CARTESIAN_POINT('Origin',(78.8,82.986,0.));
#17217=CARTESIAN_POINT('Origin',(78.8,82.986,0.));
#17218=CARTESIAN_POINT('Origin',(69.5,84.186,0.));
#17219=CARTESIAN_POINT('',(69.5,77.186,0.));
#17220=CARTESIAN_POINT('Origin',(74.75,80.686,0.));
#17221=CARTESIAN_POINT('Ctrl Pts',(6.2,89.436,4.5));
#17222=CARTESIAN_POINT('Ctrl Pts',(5.75,89.436,4.5));
#17223=CARTESIAN_POINT('Ctrl Pts',(5.75,89.886,4.5));
#17224=CARTESIAN_POINT('Ctrl Pts',(6.2,88.686,4.5));
#17225=CARTESIAN_POINT('Ctrl Pts',(5.,88.686,4.5));
#17226=CARTESIAN_POINT('Ctrl Pts',(5.,89.886,4.5));
#17227=CARTESIAN_POINT('Ctrl Pts',(6.2,88.686,3.75));
#17228=CARTESIAN_POINT('Ctrl Pts',(5.,88.686,3.75));
#17229=CARTESIAN_POINT('Ctrl Pts',(5.,89.886,3.75));
#17230=CARTESIAN_POINT('',(6.2,88.686,3.75));
#17231=CARTESIAN_POINT('',(6.2,89.436,4.5));
#17232=CARTESIAN_POINT('Origin',(6.2,89.436,3.75));
#17233=CARTESIAN_POINT('',(5.75,89.886,4.5));
#17234=CARTESIAN_POINT('Origin',(6.2,89.886,4.5));
#17235=CARTESIAN_POINT('',(5.,89.886,3.75));
#17236=CARTESIAN_POINT('Origin',(5.75,89.886,3.75));
#17237=CARTESIAN_POINT('Origin',(6.2,89.886,3.75));
#17238=CARTESIAN_POINT('Origin',(5.75,93.936,3.75));
#17239=CARTESIAN_POINT('',(5.75,94.486,4.5));
#17240=CARTESIAN_POINT('',(5.,94.486,3.75));
#17241=CARTESIAN_POINT('Origin',(5.75,94.486,3.75));
#17242=CARTESIAN_POINT('',(5.,93.936,3.75));
#17243=CARTESIAN_POINT('',(5.75,93.936,4.5));
#17244=CARTESIAN_POINT('Ctrl Pts',(5.75,94.486,4.5));
#17245=CARTESIAN_POINT('Ctrl Pts',(5.75,94.936,4.5));
#17246=CARTESIAN_POINT('Ctrl Pts',(6.2,94.936,4.5));
#17247=CARTESIAN_POINT('Ctrl Pts',(5.,94.486,4.5));
#17248=CARTESIAN_POINT('Ctrl Pts',(5.,95.686,4.5));
#17249=CARTESIAN_POINT('Ctrl Pts',(6.2,95.686,4.5));
#17250=CARTESIAN_POINT('Ctrl Pts',(5.,94.486,3.75));
#17251=CARTESIAN_POINT('Ctrl Pts',(5.,95.686,3.75));
#17252=CARTESIAN_POINT('Ctrl Pts',(6.2,95.686,3.75));
#17253=CARTESIAN_POINT('',(6.2,94.936,4.5));
#17254=CARTESIAN_POINT('',(6.2,95.686,3.75));
#17255=CARTESIAN_POINT('Origin',(6.2,94.936,3.75));
#17256=CARTESIAN_POINT('Origin',(6.2,94.486,3.75));
#17257=CARTESIAN_POINT('Origin',(6.2,94.486,4.5));
#17258=CARTESIAN_POINT('Origin',(12.875,94.936,3.75));
#17259=CARTESIAN_POINT('',(14.3,94.936,4.5));
#17260=CARTESIAN_POINT('',(14.3,95.686,3.75));
#17261=CARTESIAN_POINT('Origin',(14.3,94.936,3.75));
#17262=CARTESIAN_POINT('',(12.875,95.686,3.75));
#17263=CARTESIAN_POINT('',(12.875,94.936,4.5));
#17264=CARTESIAN_POINT('Ctrl Pts',(14.3,94.936,4.5));
#17265=CARTESIAN_POINT('Ctrl Pts',(14.75,94.936,4.5));
#17266=CARTESIAN_POINT('Ctrl Pts',(14.75,94.486,4.5));
#17267=CARTESIAN_POINT('Ctrl Pts',(14.3,95.686,4.5));
#17268=CARTESIAN_POINT('Ctrl Pts',(15.5,95.686,4.5));
#17269=CARTESIAN_POINT('Ctrl Pts',(15.5,94.486,4.5));
#17270=CARTESIAN_POINT('Ctrl Pts',(14.3,95.686,3.75));
#17271=CARTESIAN_POINT('Ctrl Pts',(15.5,95.686,3.75));
#17272=CARTESIAN_POINT('Ctrl Pts',(15.5,94.486,3.75));
#17273=CARTESIAN_POINT('',(14.75,94.486,4.5));
#17274=CARTESIAN_POINT('',(15.5,94.486,3.75));
#17275=CARTESIAN_POINT('Origin',(14.75,94.486,3.75));
#17276=CARTESIAN_POINT('Origin',(14.3,94.486,3.75));
#17277=CARTESIAN_POINT('Origin',(14.3,94.486,4.5));
#17278=CARTESIAN_POINT('Origin',(14.75,90.436,3.75));
#17279=CARTESIAN_POINT('',(14.75,89.886,4.5));
#17280=CARTESIAN_POINT('',(15.5,89.886,3.75));
#17281=CARTESIAN_POINT('Origin',(14.75,89.886,3.75));
#17282=CARTESIAN_POINT('',(15.5,90.436,3.75));
#17283=CARTESIAN_POINT('',(14.75,90.436,4.5));
#17284=CARTESIAN_POINT('Ctrl Pts',(14.75,89.886,4.5));
#17285=CARTESIAN_POINT('Ctrl Pts',(14.75,89.436,4.5));
#17286=CARTESIAN_POINT('Ctrl Pts',(14.3,89.436,4.5));
#17287=CARTESIAN_POINT('Ctrl Pts',(15.5,89.886,4.5));
#17288=CARTESIAN_POINT('Ctrl Pts',(15.5,88.686,4.5));
#17289=CARTESIAN_POINT('Ctrl Pts',(14.3,88.686,4.5));
#17290=CARTESIAN_POINT('Ctrl Pts',(15.5,89.886,3.75));
#17291=CARTESIAN_POINT('Ctrl Pts',(15.5,88.686,3.75));
#17292=CARTESIAN_POINT('Ctrl Pts',(14.3,88.686,3.75));
#17293=CARTESIAN_POINT('',(14.3,89.436,4.5));
#17294=CARTESIAN_POINT('',(14.3,88.686,3.75));
#17295=CARTESIAN_POINT('Origin',(14.3,89.436,3.75));
#17296=CARTESIAN_POINT('Origin',(14.3,89.886,3.75));
#17297=CARTESIAN_POINT('Origin',(14.3,89.886,4.5));
#17298=CARTESIAN_POINT('Origin',(7.625,89.436,3.75));
#17299=CARTESIAN_POINT('',(7.625,89.436,4.5));
#17300=CARTESIAN_POINT('',(7.625,88.686,3.75));
#17301=CARTESIAN_POINT('Origin',(15.5,88.686,0.));
#17302=CARTESIAN_POINT('',(15.5,89.886,0.));
#17303=CARTESIAN_POINT('',(15.5,89.886,0.));
#17304=CARTESIAN_POINT('',(15.5,94.486,0.));
#17305=CARTESIAN_POINT('',(15.5,95.686,0.));
#17306=CARTESIAN_POINT('',(15.5,94.486,0.));
#17307=CARTESIAN_POINT('Origin',(14.3,89.886,0.));
#17308=CARTESIAN_POINT('',(14.3,88.686,0.));
#17309=CARTESIAN_POINT('',(14.3,88.686,0.));
#17310=CARTESIAN_POINT('Origin',(14.3,89.886,0.));
#17311=CARTESIAN_POINT('Origin',(5.,88.686,0.));
#17312=CARTESIAN_POINT('',(6.2,88.686,0.));
#17313=CARTESIAN_POINT('',(6.2,88.686,0.));
#17314=CARTESIAN_POINT('',(15.5,88.686,0.));
#17315=CARTESIAN_POINT('Origin',(6.2,89.886,0.));
#17316=CARTESIAN_POINT('',(5.,89.886,0.));
#17317=CARTESIAN_POINT('',(5.,89.886,0.));
#17318=CARTESIAN_POINT('Origin',(6.2,89.886,0.));
#17319=CARTESIAN_POINT('Origin',(10.25,92.186,4.5));
#17320=CARTESIAN_POINT('Origin',(14.3,94.486,0.));
#17321=CARTESIAN_POINT('',(14.3,95.686,0.));
#17322=CARTESIAN_POINT('Origin',(14.3,94.486,0.));
#17323=CARTESIAN_POINT('',(14.3,95.686,0.));
#17324=CARTESIAN_POINT('Origin',(10.25,92.186,0.));
#17325=CARTESIAN_POINT('',(5.,94.486,0.));
#17326=CARTESIAN_POINT('',(5.,88.686,0.));
#17327=CARTESIAN_POINT('',(6.2,95.686,0.));
#17328=CARTESIAN_POINT('Origin',(6.2,94.486,0.));
#17329=CARTESIAN_POINT('',(5.,95.686,0.));
#17330=CARTESIAN_POINT('Origin',(6.2,94.486,0.));
#17331=CARTESIAN_POINT('',(6.2,95.686,0.));
#17332=CARTESIAN_POINT('',(5.,94.486,0.));
#17333=CARTESIAN_POINT('Origin',(5.,95.686,0.));
#17334=CARTESIAN_POINT('Origin',(15.5,95.686,0.));
#17335=CARTESIAN_POINT('Ctrl Pts',(32.,77.936,4.5));
#17336=CARTESIAN_POINT('Ctrl Pts',(31.55,77.936,4.5));
#17337=CARTESIAN_POINT('Ctrl Pts',(31.55,78.386,4.5));
#17338=CARTESIAN_POINT('Ctrl Pts',(32.,77.186,4.5));
#17339=CARTESIAN_POINT('Ctrl Pts',(30.8,77.186,4.5));
#17340=CARTESIAN_POINT('Ctrl Pts',(30.8,78.386,4.5));
#17341=CARTESIAN_POINT('Ctrl Pts',(32.,77.186,3.75));
#17342=CARTESIAN_POINT('Ctrl Pts',(30.8,77.186,3.75));
#17343=CARTESIAN_POINT('Ctrl Pts',(30.8,78.386,3.75));
#17344=CARTESIAN_POINT('',(32.,77.186,3.75));
#17345=CARTESIAN_POINT('',(32.,77.936,4.5));
#17346=CARTESIAN_POINT('Origin',(32.,77.936,3.75));
#17347=CARTESIAN_POINT('',(31.55,78.386,4.5));
#17348=CARTESIAN_POINT('Origin',(32.,78.386,4.5));
#17349=CARTESIAN_POINT('',(30.8,78.386,3.75));
#17350=CARTESIAN_POINT('Origin',(31.55,78.386,3.75));
#17351=CARTESIAN_POINT('Origin',(32.,78.386,3.75));
#17352=CARTESIAN_POINT('Origin',(31.55,82.436,3.75));
#17353=CARTESIAN_POINT('',(31.55,82.986,4.5));
#17354=CARTESIAN_POINT('',(30.8,82.986,3.75));
#17355=CARTESIAN_POINT('Origin',(31.55,82.986,3.75));
#17356=CARTESIAN_POINT('',(30.8,82.436,3.75));
#17357=CARTESIAN_POINT('',(31.55,82.436,4.5));
#17358=CARTESIAN_POINT('Ctrl Pts',(31.55,82.986,4.5));
#17359=CARTESIAN_POINT('Ctrl Pts',(31.55,83.436,4.5));
#17360=CARTESIAN_POINT('Ctrl Pts',(32.,83.436,4.5));
#17361=CARTESIAN_POINT('Ctrl Pts',(30.8,82.986,4.5));
#17362=CARTESIAN_POINT('Ctrl Pts',(30.8,84.186,4.5));
#17363=CARTESIAN_POINT('Ctrl Pts',(32.,84.186,4.5));
#17364=CARTESIAN_POINT('Ctrl Pts',(30.8,82.986,3.75));
#17365=CARTESIAN_POINT('Ctrl Pts',(30.8,84.186,3.75));
#17366=CARTESIAN_POINT('Ctrl Pts',(32.,84.186,3.75));
#17367=CARTESIAN_POINT('',(32.,83.436,4.5));
#17368=CARTESIAN_POINT('',(32.,84.186,3.75));
#17369=CARTESIAN_POINT('Origin',(32.,83.436,3.75));
#17370=CARTESIAN_POINT('Origin',(32.,82.986,3.75));
#17371=CARTESIAN_POINT('Origin',(32.,82.986,4.5));
#17372=CARTESIAN_POINT('Origin',(38.675,83.436,3.75));
#17373=CARTESIAN_POINT('',(40.1,83.436,4.5));
#17374=CARTESIAN_POINT('',(40.1,84.186,3.75));
#17375=CARTESIAN_POINT('Origin',(40.1,83.436,3.75));
#17376=CARTESIAN_POINT('',(38.675,84.186,3.75));
#17377=CARTESIAN_POINT('',(38.675,83.436,4.5));
#17378=CARTESIAN_POINT('Ctrl Pts',(40.1,83.436,4.5));
#17379=CARTESIAN_POINT('Ctrl Pts',(40.55,83.436,4.5));
#17380=CARTESIAN_POINT('Ctrl Pts',(40.55,82.986,4.5));
#17381=CARTESIAN_POINT('Ctrl Pts',(40.1,84.186,4.5));
#17382=CARTESIAN_POINT('Ctrl Pts',(41.3,84.186,4.5));
#17383=CARTESIAN_POINT('Ctrl Pts',(41.3,82.986,4.5));
#17384=CARTESIAN_POINT('Ctrl Pts',(40.1,84.186,3.75));
#17385=CARTESIAN_POINT('Ctrl Pts',(41.3,84.186,3.75));
#17386=CARTESIAN_POINT('Ctrl Pts',(41.3,82.986,3.75));
#17387=CARTESIAN_POINT('',(40.55,82.986,4.5));
#17388=CARTESIAN_POINT('',(41.3,82.986,3.75));
#17389=CARTESIAN_POINT('Origin',(40.55,82.986,3.75));
#17390=CARTESIAN_POINT('Origin',(40.1,82.986,3.75));
#17391=CARTESIAN_POINT('Origin',(40.1,82.986,4.5));
#17392=CARTESIAN_POINT('Origin',(40.55,78.936,3.75));
#17393=CARTESIAN_POINT('',(40.55,78.386,4.5));
#17394=CARTESIAN_POINT('',(41.3,78.386,3.75));
#17395=CARTESIAN_POINT('Origin',(40.55,78.386,3.75));
#17396=CARTESIAN_POINT('',(41.3,78.936,3.75));
#17397=CARTESIAN_POINT('',(40.55,78.936,4.5));
#17398=CARTESIAN_POINT('Ctrl Pts',(40.55,78.386,4.5));
#17399=CARTESIAN_POINT('Ctrl Pts',(40.55,77.936,4.5));
#17400=CARTESIAN_POINT('Ctrl Pts',(40.1,77.936,4.5));
#17401=CARTESIAN_POINT('Ctrl Pts',(41.3,78.386,4.50000000000001));
#17402=CARTESIAN_POINT('Ctrl Pts',(41.3,77.186,4.50000000000001));
#17403=CARTESIAN_POINT('Ctrl Pts',(40.1,77.186,4.50000000000001));
#17404=CARTESIAN_POINT('Ctrl Pts',(41.3,78.386,3.75));
#17405=CARTESIAN_POINT('Ctrl Pts',(41.3,77.186,3.75));
#17406=CARTESIAN_POINT('Ctrl Pts',(40.1,77.186,3.75));
#17407=CARTESIAN_POINT('',(40.1,77.936,4.5));
#17408=CARTESIAN_POINT('',(40.1,77.186,3.75));
#17409=CARTESIAN_POINT('Origin',(40.1,77.936,3.75));
#17410=CARTESIAN_POINT('Origin',(40.1,78.386,3.75));
#17411=CARTESIAN_POINT('Origin',(40.1,78.386,4.5));
#17412=CARTESIAN_POINT('Origin',(33.425,77.936,3.75));
#17413=CARTESIAN_POINT('',(33.425,77.936,4.5));
#17414=CARTESIAN_POINT('',(33.425,77.186,3.75));
#17415=CARTESIAN_POINT('Origin',(41.3,77.186,0.));
#17416=CARTESIAN_POINT('',(41.3,78.386,0.));
#17417=CARTESIAN_POINT('',(41.3,78.386,0.));
#17418=CARTESIAN_POINT('',(41.3,82.986,0.));
#17419=CARTESIAN_POINT('',(41.3,84.186,0.));
#17420=CARTESIAN_POINT('',(41.3,82.986,0.));
#17421=CARTESIAN_POINT('Origin',(40.1,78.386,0.));
#17422=CARTESIAN_POINT('',(40.1,77.186,0.));
#17423=CARTESIAN_POINT('',(40.1,77.186,0.));
#17424=CARTESIAN_POINT('Origin',(40.1,78.386,0.));
#17425=CARTESIAN_POINT('Origin',(30.8,77.186,0.));
#17426=CARTESIAN_POINT('',(32.,77.186,0.));
#17427=CARTESIAN_POINT('',(32.,77.186,0.));
#17428=CARTESIAN_POINT('',(41.3,77.186,0.));
#17429=CARTESIAN_POINT('Origin',(32.,78.386,0.));
#17430=CARTESIAN_POINT('',(30.8,78.386,0.));
#17431=CARTESIAN_POINT('',(30.8,78.386,0.));
#17432=CARTESIAN_POINT('Origin',(32.,78.386,0.));
#17433=CARTESIAN_POINT('Origin',(36.05,80.686,4.5));
#17434=CARTESIAN_POINT('Origin',(32.,82.986,0.));
#17435=CARTESIAN_POINT('',(32.,84.186,0.));
#17436=CARTESIAN_POINT('',(32.,84.186,0.));
#17437=CARTESIAN_POINT('',(30.8,82.986,0.));
#17438=CARTESIAN_POINT('Origin',(32.,82.986,0.));
#17439=CARTESIAN_POINT('',(30.8,82.986,0.));
#17440=CARTESIAN_POINT('Origin',(30.8,84.186,0.));
#17441=CARTESIAN_POINT('',(30.8,77.186,0.));
#17442=CARTESIAN_POINT('Origin',(36.05,80.686,0.));
#17443=CARTESIAN_POINT('',(40.1,84.186,0.));
#17444=CARTESIAN_POINT('',(30.8,84.186,0.));
#17445=CARTESIAN_POINT('Origin',(40.1,82.986,0.));
#17446=CARTESIAN_POINT('Origin',(40.1,82.986,0.));
#17447=CARTESIAN_POINT('',(40.1,84.186,0.));
#17448=CARTESIAN_POINT('Origin',(41.3,84.186,0.));
#17449=CARTESIAN_POINT('Ctrl Pts',(19.1,100.061,4.5));
#17450=CARTESIAN_POINT('Ctrl Pts',(18.65,100.061,4.5));
#17451=CARTESIAN_POINT('Ctrl Pts',(18.65,100.511,4.5));
#17452=CARTESIAN_POINT('Ctrl Pts',(19.1,99.311,4.5));
#17453=CARTESIAN_POINT('Ctrl Pts',(17.9,99.311,4.5));
#17454=CARTESIAN_POINT('Ctrl Pts',(17.9,100.511,4.5));
#17455=CARTESIAN_POINT('Ctrl Pts',(19.1,99.311,3.75));
#17456=CARTESIAN_POINT('Ctrl Pts',(17.9,99.311,3.75));
#17457=CARTESIAN_POINT('Ctrl Pts',(17.9,100.511,3.75));
#17458=CARTESIAN_POINT('',(19.1,99.311,3.75));
#17459=CARTESIAN_POINT('',(19.1,100.061,4.5));
#17460=CARTESIAN_POINT('Origin',(19.1,100.061,3.75));
#17461=CARTESIAN_POINT('',(18.65,100.511,4.5));
#17462=CARTESIAN_POINT('Origin',(19.1,100.511,4.5));
#17463=CARTESIAN_POINT('',(17.9,100.511,3.75));
#17464=CARTESIAN_POINT('Origin',(18.65,100.511,3.75));
#17465=CARTESIAN_POINT('Origin',(19.1,100.511,3.75));
#17466=CARTESIAN_POINT('Origin',(18.65,104.561,3.75));
#17467=CARTESIAN_POINT('',(18.65,105.111,4.5));
#17468=CARTESIAN_POINT('',(17.9,105.111,3.75));
#17469=CARTESIAN_POINT('Origin',(18.65,105.111,3.75));
#17470=CARTESIAN_POINT('',(17.9,104.561,3.75));
#17471=CARTESIAN_POINT('',(18.65,104.561,4.5));
#17472=CARTESIAN_POINT('Ctrl Pts',(18.65,105.111,4.5));
#17473=CARTESIAN_POINT('Ctrl Pts',(18.65,105.561,4.5));
#17474=CARTESIAN_POINT('Ctrl Pts',(19.1,105.561,4.5));
#17475=CARTESIAN_POINT('Ctrl Pts',(17.9,105.111,4.5));
#17476=CARTESIAN_POINT('Ctrl Pts',(17.9,106.311,4.5));
#17477=CARTESIAN_POINT('Ctrl Pts',(19.1,106.311,4.5));
#17478=CARTESIAN_POINT('Ctrl Pts',(17.9,105.111,3.75));
#17479=CARTESIAN_POINT('Ctrl Pts',(17.9,106.311,3.75));
#17480=CARTESIAN_POINT('Ctrl Pts',(19.1,106.311,3.75));
#17481=CARTESIAN_POINT('',(19.1,105.561,4.5));
#17482=CARTESIAN_POINT('',(19.1,106.311,3.75));
#17483=CARTESIAN_POINT('Origin',(19.1,105.561,3.75));
#17484=CARTESIAN_POINT('Origin',(19.1,105.111,3.75));
#17485=CARTESIAN_POINT('Origin',(19.1,105.111,4.5));
#17486=CARTESIAN_POINT('Origin',(25.775,105.561,3.75));
#17487=CARTESIAN_POINT('',(27.2,105.561,4.5));
#17488=CARTESIAN_POINT('',(27.2,106.311,3.75));
#17489=CARTESIAN_POINT('Origin',(27.2,105.561,3.75));
#17490=CARTESIAN_POINT('',(25.775,106.311,3.75));
#17491=CARTESIAN_POINT('',(25.775,105.561,4.5));
#17492=CARTESIAN_POINT('Ctrl Pts',(27.2,105.561,4.5));
#17493=CARTESIAN_POINT('Ctrl Pts',(27.65,105.561,4.5));
#17494=CARTESIAN_POINT('Ctrl Pts',(27.65,105.111,4.5));
#17495=CARTESIAN_POINT('Ctrl Pts',(27.2,106.311,4.5));
#17496=CARTESIAN_POINT('Ctrl Pts',(28.4,106.311,4.5));
#17497=CARTESIAN_POINT('Ctrl Pts',(28.4,105.111,4.5));
#17498=CARTESIAN_POINT('Ctrl Pts',(27.2,106.311,3.75));
#17499=CARTESIAN_POINT('Ctrl Pts',(28.4,106.311,3.75));
#17500=CARTESIAN_POINT('Ctrl Pts',(28.4,105.111,3.75));
#17501=CARTESIAN_POINT('',(27.65,105.111,4.5));
#17502=CARTESIAN_POINT('',(28.4,105.111,3.75));
#17503=CARTESIAN_POINT('Origin',(27.65,105.111,3.75));
#17504=CARTESIAN_POINT('Origin',(27.2,105.111,3.75));
#17505=CARTESIAN_POINT('Origin',(27.2,105.111,4.5));
#17506=CARTESIAN_POINT('Origin',(27.65,101.061,3.75));
#17507=CARTESIAN_POINT('',(27.65,100.511,4.5));
#17508=CARTESIAN_POINT('',(28.4,100.511,3.75));
#17509=CARTESIAN_POINT('Origin',(27.65,100.511,3.75));
#17510=CARTESIAN_POINT('',(28.4,101.061,3.75));
#17511=CARTESIAN_POINT('',(27.65,101.061,4.5));
#17512=CARTESIAN_POINT('Ctrl Pts',(27.65,100.511,4.5));
#17513=CARTESIAN_POINT('Ctrl Pts',(27.65,100.061,4.5));
#17514=CARTESIAN_POINT('Ctrl Pts',(27.2,100.061,4.5));
#17515=CARTESIAN_POINT('Ctrl Pts',(28.4,100.511,4.5));
#17516=CARTESIAN_POINT('Ctrl Pts',(28.4,99.311,4.5));
#17517=CARTESIAN_POINT('Ctrl Pts',(27.2,99.311,4.5));
#17518=CARTESIAN_POINT('Ctrl Pts',(28.4,100.511,3.75));
#17519=CARTESIAN_POINT('Ctrl Pts',(28.4,99.311,3.75));
#17520=CARTESIAN_POINT('Ctrl Pts',(27.2,99.311,3.75));
#17521=CARTESIAN_POINT('',(27.2,100.061,4.5));
#17522=CARTESIAN_POINT('',(27.2,99.311,3.75));
#17523=CARTESIAN_POINT('Origin',(27.2,100.061,3.75));
#17524=CARTESIAN_POINT('Origin',(27.2,100.511,3.75));
#17525=CARTESIAN_POINT('Origin',(27.2,100.511,4.5));
#17526=CARTESIAN_POINT('Origin',(20.525,100.061,3.75));
#17527=CARTESIAN_POINT('',(20.525,100.061,4.5));
#17528=CARTESIAN_POINT('',(20.525,99.311,3.75));
#17529=CARTESIAN_POINT('Origin',(28.4,99.311,0.));
#17530=CARTESIAN_POINT('',(28.4,100.511,0.));
#17531=CARTESIAN_POINT('',(28.4,100.511,0.));
#17532=CARTESIAN_POINT('',(28.4,105.111,0.));
#17533=CARTESIAN_POINT('',(28.4,106.311,0.));
#17534=CARTESIAN_POINT('',(28.4,105.111,0.));
#17535=CARTESIAN_POINT('Origin',(27.2,100.511,0.));
#17536=CARTESIAN_POINT('',(27.2,99.311,0.));
#17537=CARTESIAN_POINT('',(27.2,99.311,0.));
#17538=CARTESIAN_POINT('Origin',(27.2,100.511,0.));
#17539=CARTESIAN_POINT('Origin',(17.9,99.311,0.));
#17540=CARTESIAN_POINT('',(19.1,99.311,0.));
#17541=CARTESIAN_POINT('',(19.1,99.311,0.));
#17542=CARTESIAN_POINT('',(28.4,99.311,0.));
#17543=CARTESIAN_POINT('Origin',(19.1,100.511,0.));
#17544=CARTESIAN_POINT('',(17.9,100.511,0.));
#17545=CARTESIAN_POINT('',(17.9,100.511,0.));
#17546=CARTESIAN_POINT('Origin',(19.1,100.511,0.));
#17547=CARTESIAN_POINT('Origin',(23.15,102.811,4.5));
#17548=CARTESIAN_POINT('Origin',(17.9,106.311,0.));
#17549=CARTESIAN_POINT('',(17.9,105.111,0.));
#17550=CARTESIAN_POINT('',(17.9,105.111,0.));
#17551=CARTESIAN_POINT('',(17.9,99.311,0.));
#17552=CARTESIAN_POINT('Origin',(19.1,105.111,0.));
#17553=CARTESIAN_POINT('',(19.1,106.311,0.));
#17554=CARTESIAN_POINT('',(19.1,106.311,0.));
#17555=CARTESIAN_POINT('Origin',(19.1,105.111,0.));
#17556=CARTESIAN_POINT('Origin',(28.4,106.311,0.));
#17557=CARTESIAN_POINT('',(27.2,106.311,0.));
#17558=CARTESIAN_POINT('',(27.2,106.311,0.));
#17559=CARTESIAN_POINT('',(17.9,106.311,0.));
#17560=CARTESIAN_POINT('Origin',(27.2,105.111,0.));
#17561=CARTESIAN_POINT('Origin',(27.2,105.111,0.));
#17562=CARTESIAN_POINT('Origin',(23.15,102.811,0.));
#17563=CARTESIAN_POINT('Ctrl Pts',(32.,89.436,4.5));
#17564=CARTESIAN_POINT('Ctrl Pts',(31.55,89.436,4.5));
#17565=CARTESIAN_POINT('Ctrl Pts',(31.55,89.886,4.5));
#17566=CARTESIAN_POINT('Ctrl Pts',(32.,88.686,4.5));
#17567=CARTESIAN_POINT('Ctrl Pts',(30.8,88.686,4.5));
#17568=CARTESIAN_POINT('Ctrl Pts',(30.8,89.886,4.5));
#17569=CARTESIAN_POINT('Ctrl Pts',(32.,88.686,3.75));
#17570=CARTESIAN_POINT('Ctrl Pts',(30.8,88.686,3.75));
#17571=CARTESIAN_POINT('Ctrl Pts',(30.8,89.886,3.75));
#17572=CARTESIAN_POINT('',(32.,88.686,3.75));
#17573=CARTESIAN_POINT('',(32.,89.436,4.5));
#17574=CARTESIAN_POINT('Origin',(32.,89.436,3.75));
#17575=CARTESIAN_POINT('',(31.55,89.886,4.5));
#17576=CARTESIAN_POINT('Origin',(32.,89.886,4.5));
#17577=CARTESIAN_POINT('',(30.8,89.886,3.75));
#17578=CARTESIAN_POINT('Origin',(31.55,89.886,3.75));
#17579=CARTESIAN_POINT('Origin',(32.,89.886,3.75));
#17580=CARTESIAN_POINT('Origin',(31.55,93.936,3.75));
#17581=CARTESIAN_POINT('',(31.55,94.486,4.5));
#17582=CARTESIAN_POINT('',(30.8,94.486,3.75));
#17583=CARTESIAN_POINT('Origin',(31.55,94.486,3.75));
#17584=CARTESIAN_POINT('',(30.8,93.936,3.75));
#17585=CARTESIAN_POINT('',(31.55,93.936,4.5));
#17586=CARTESIAN_POINT('Ctrl Pts',(31.55,94.486,4.5));
#17587=CARTESIAN_POINT('Ctrl Pts',(31.55,94.936,4.5));
#17588=CARTESIAN_POINT('Ctrl Pts',(32.,94.936,4.5));
#17589=CARTESIAN_POINT('Ctrl Pts',(30.8,94.486,4.5));
#17590=CARTESIAN_POINT('Ctrl Pts',(30.8,95.686,4.5));
#17591=CARTESIAN_POINT('Ctrl Pts',(32.,95.686,4.5));
#17592=CARTESIAN_POINT('Ctrl Pts',(30.8,94.486,3.75));
#17593=CARTESIAN_POINT('Ctrl Pts',(30.8,95.686,3.75));
#17594=CARTESIAN_POINT('Ctrl Pts',(32.,95.686,3.75));
#17595=CARTESIAN_POINT('',(32.,94.936,4.5));
#17596=CARTESIAN_POINT('',(32.,95.686,3.75));
#17597=CARTESIAN_POINT('Origin',(32.,94.936,3.75));
#17598=CARTESIAN_POINT('Origin',(32.,94.486,3.75));
#17599=CARTESIAN_POINT('Origin',(32.,94.486,4.5));
#17600=CARTESIAN_POINT('Origin',(38.675,94.936,3.75));
#17601=CARTESIAN_POINT('',(40.1,94.936,4.5));
#17602=CARTESIAN_POINT('',(40.1,95.686,3.75));
#17603=CARTESIAN_POINT('Origin',(40.1,94.936,3.75));
#17604=CARTESIAN_POINT('',(38.675,95.686,3.75));
#17605=CARTESIAN_POINT('',(38.675,94.936,4.5));
#17606=CARTESIAN_POINT('Ctrl Pts',(40.1,94.936,4.5));
#17607=CARTESIAN_POINT('Ctrl Pts',(40.55,94.936,4.5));
#17608=CARTESIAN_POINT('Ctrl Pts',(40.55,94.486,4.5));
#17609=CARTESIAN_POINT('Ctrl Pts',(40.1,95.686,4.5));
#17610=CARTESIAN_POINT('Ctrl Pts',(41.3,95.686,4.5));
#17611=CARTESIAN_POINT('Ctrl Pts',(41.3,94.486,4.5));
#17612=CARTESIAN_POINT('Ctrl Pts',(40.1,95.686,3.75));
#17613=CARTESIAN_POINT('Ctrl Pts',(41.3,95.686,3.75));
#17614=CARTESIAN_POINT('Ctrl Pts',(41.3,94.486,3.75));
#17615=CARTESIAN_POINT('',(40.55,94.486,4.5));
#17616=CARTESIAN_POINT('',(41.3,94.486,3.75));
#17617=CARTESIAN_POINT('Origin',(40.55,94.486,3.75));
#17618=CARTESIAN_POINT('Origin',(40.1,94.486,3.75));
#17619=CARTESIAN_POINT('Origin',(40.1,94.486,4.5));
#17620=CARTESIAN_POINT('Origin',(40.55,90.436,3.75));
#17621=CARTESIAN_POINT('',(40.55,89.886,4.5));
#17622=CARTESIAN_POINT('',(41.3,89.886,3.75));
#17623=CARTESIAN_POINT('Origin',(40.55,89.886,3.75));
#17624=CARTESIAN_POINT('',(41.3,90.436,3.75));
#17625=CARTESIAN_POINT('',(40.55,90.436,4.5));
#17626=CARTESIAN_POINT('Ctrl Pts',(40.55,89.886,4.5));
#17627=CARTESIAN_POINT('Ctrl Pts',(40.55,89.436,4.5));
#17628=CARTESIAN_POINT('Ctrl Pts',(40.1,89.436,4.5));
#17629=CARTESIAN_POINT('Ctrl Pts',(41.3,89.886,4.5));
#17630=CARTESIAN_POINT('Ctrl Pts',(41.3,88.686,4.5));
#17631=CARTESIAN_POINT('Ctrl Pts',(40.1,88.686,4.5));
#17632=CARTESIAN_POINT('Ctrl Pts',(41.3,89.886,3.75));
#17633=CARTESIAN_POINT('Ctrl Pts',(41.3,88.686,3.75));
#17634=CARTESIAN_POINT('Ctrl Pts',(40.1,88.686,3.75));
#17635=CARTESIAN_POINT('',(40.1,89.436,4.5));
#17636=CARTESIAN_POINT('',(40.1,88.686,3.75));
#17637=CARTESIAN_POINT('Origin',(40.1,89.436,3.75));
#17638=CARTESIAN_POINT('Origin',(40.1,89.886,3.75));
#17639=CARTESIAN_POINT('Origin',(40.1,89.886,4.5));
#17640=CARTESIAN_POINT('Origin',(33.425,89.436,3.75));
#17641=CARTESIAN_POINT('',(33.425,89.436,4.5));
#17642=CARTESIAN_POINT('',(33.425,88.686,3.75));
#17643=CARTESIAN_POINT('Origin',(41.3,88.686,0.));
#17644=CARTESIAN_POINT('',(41.3,89.886,0.));
#17645=CARTESIAN_POINT('',(41.3,89.886,0.));
#17646=CARTESIAN_POINT('',(41.3,94.486,0.));
#17647=CARTESIAN_POINT('',(41.3,95.686,0.));
#17648=CARTESIAN_POINT('',(41.3,94.486,0.));
#17649=CARTESIAN_POINT('Origin',(40.1,89.886,0.));
#17650=CARTESIAN_POINT('',(40.1,88.686,0.));
#17651=CARTESIAN_POINT('',(40.1,88.686,0.));
#17652=CARTESIAN_POINT('Origin',(40.1,89.886,0.));
#17653=CARTESIAN_POINT('Origin',(30.8,88.686,0.));
#17654=CARTESIAN_POINT('',(32.,88.686,0.));
#17655=CARTESIAN_POINT('',(32.,88.686,0.));
#17656=CARTESIAN_POINT('',(41.3,88.686,0.));
#17657=CARTESIAN_POINT('Origin',(32.,89.886,0.));
#17658=CARTESIAN_POINT('',(30.8,89.886,0.));
#17659=CARTESIAN_POINT('',(30.8,89.886,0.));
#17660=CARTESIAN_POINT('Origin',(32.,89.886,0.));
#17661=CARTESIAN_POINT('Origin',(36.05,92.186,4.5));
#17662=CARTESIAN_POINT('Origin',(40.1,94.486,0.));
#17663=CARTESIAN_POINT('',(40.1,95.686,0.));
#17664=CARTESIAN_POINT('Origin',(40.1,94.486,0.));
#17665=CARTESIAN_POINT('',(40.1,95.686,0.));
#17666=CARTESIAN_POINT('Origin',(36.05,92.186,0.));
#17667=CARTESIAN_POINT('',(30.8,94.486,0.));
#17668=CARTESIAN_POINT('',(30.8,88.686,0.));
#17669=CARTESIAN_POINT('',(32.,95.686,0.));
#17670=CARTESIAN_POINT('Origin',(32.,94.486,0.));
#17671=CARTESIAN_POINT('',(30.8,95.686,0.));
#17672=CARTESIAN_POINT('Origin',(32.,94.486,0.));
#17673=CARTESIAN_POINT('',(32.,95.686,0.));
#17674=CARTESIAN_POINT('',(30.8,94.486,0.));
#17675=CARTESIAN_POINT('Origin',(30.8,95.686,0.));
#17676=CARTESIAN_POINT('Origin',(41.3,95.686,0.));
#17677=CARTESIAN_POINT('Ctrl Pts',(44.9,67.311,4.5));
#17678=CARTESIAN_POINT('Ctrl Pts',(44.45,67.311,4.5));
#17679=CARTESIAN_POINT('Ctrl Pts',(44.45,67.761,4.5));
#17680=CARTESIAN_POINT('Ctrl Pts',(44.9,66.561,4.50000000000001));
#17681=CARTESIAN_POINT('Ctrl Pts',(43.7,66.561,4.50000000000001));
#17682=CARTESIAN_POINT('Ctrl Pts',(43.7,67.761,4.50000000000001));
#17683=CARTESIAN_POINT('Ctrl Pts',(44.9,66.561,3.75));
#17684=CARTESIAN_POINT('Ctrl Pts',(43.7,66.561,3.75));
#17685=CARTESIAN_POINT('Ctrl Pts',(43.7,67.761,3.75));
#17686=CARTESIAN_POINT('',(44.9,66.561,3.75));
#17687=CARTESIAN_POINT('',(44.9,67.311,4.5));
#17688=CARTESIAN_POINT('Origin',(44.9,67.311,3.75));
#17689=CARTESIAN_POINT('',(44.45,67.761,4.5));
#17690=CARTESIAN_POINT('Origin',(44.9,67.761,4.5));
#17691=CARTESIAN_POINT('',(43.7,67.761,3.75));
#17692=CARTESIAN_POINT('Origin',(44.45,67.761,3.75));
#17693=CARTESIAN_POINT('Origin',(44.9,67.761,3.75));
#17694=CARTESIAN_POINT('Origin',(44.45,71.811,3.75));
#17695=CARTESIAN_POINT('',(44.45,72.361,4.5));
#17696=CARTESIAN_POINT('',(43.7,72.361,3.75));
#17697=CARTESIAN_POINT('Origin',(44.45,72.361,3.75));
#17698=CARTESIAN_POINT('',(43.7,71.811,3.75));
#17699=CARTESIAN_POINT('',(44.45,71.811,4.5));
#17700=CARTESIAN_POINT('Ctrl Pts',(44.45,72.361,4.5));
#17701=CARTESIAN_POINT('Ctrl Pts',(44.45,72.811,4.5));
#17702=CARTESIAN_POINT('Ctrl Pts',(44.9,72.811,4.5));
#17703=CARTESIAN_POINT('Ctrl Pts',(43.7,72.361,4.50000000000001));
#17704=CARTESIAN_POINT('Ctrl Pts',(43.7,73.561,4.50000000000001));
#17705=CARTESIAN_POINT('Ctrl Pts',(44.9,73.561,4.50000000000001));
#17706=CARTESIAN_POINT('Ctrl Pts',(43.7,72.361,3.75));
#17707=CARTESIAN_POINT('Ctrl Pts',(43.7,73.561,3.75));
#17708=CARTESIAN_POINT('Ctrl Pts',(44.9,73.561,3.75));
#17709=CARTESIAN_POINT('',(44.9,72.811,4.5));
#17710=CARTESIAN_POINT('',(44.9,73.561,3.75));
#17711=CARTESIAN_POINT('Origin',(44.9,72.811,3.75));
#17712=CARTESIAN_POINT('Origin',(44.9,72.361,3.75));
#17713=CARTESIAN_POINT('Origin',(44.9,72.361,4.5));
#17714=CARTESIAN_POINT('Origin',(51.575,72.811,3.75));
#17715=CARTESIAN_POINT('',(53.,72.811,4.5));
#17716=CARTESIAN_POINT('',(53.,73.561,3.75));
#17717=CARTESIAN_POINT('Origin',(53.,72.811,3.75));
#17718=CARTESIAN_POINT('',(51.575,73.561,3.75));
#17719=CARTESIAN_POINT('',(51.575,72.811,4.5));
#17720=CARTESIAN_POINT('Ctrl Pts',(53.,72.811,4.5));
#17721=CARTESIAN_POINT('Ctrl Pts',(53.45,72.811,4.5));
#17722=CARTESIAN_POINT('Ctrl Pts',(53.45,72.361,4.5));
#17723=CARTESIAN_POINT('Ctrl Pts',(53.,73.561,4.50000000000001));
#17724=CARTESIAN_POINT('Ctrl Pts',(54.2,73.561,4.50000000000001));
#17725=CARTESIAN_POINT('Ctrl Pts',(54.2,72.361,4.50000000000001));
#17726=CARTESIAN_POINT('Ctrl Pts',(53.,73.561,3.75));
#17727=CARTESIAN_POINT('Ctrl Pts',(54.2,73.561,3.75));
#17728=CARTESIAN_POINT('Ctrl Pts',(54.2,72.361,3.75));
#17729=CARTESIAN_POINT('',(53.45,72.361,4.5));
#17730=CARTESIAN_POINT('',(54.2,72.361,3.75));
#17731=CARTESIAN_POINT('Origin',(53.45,72.361,3.75));
#17732=CARTESIAN_POINT('Origin',(53.,72.361,3.75));
#17733=CARTESIAN_POINT('Origin',(53.,72.361,4.5));
#17734=CARTESIAN_POINT('Origin',(53.45,68.311,3.75));
#17735=CARTESIAN_POINT('',(53.45,67.761,4.5));
#17736=CARTESIAN_POINT('',(54.2,67.761,3.75));
#17737=CARTESIAN_POINT('Origin',(53.45,67.761,3.75));
#17738=CARTESIAN_POINT('',(54.2,68.311,3.75));
#17739=CARTESIAN_POINT('',(53.45,68.311,4.5));
#17740=CARTESIAN_POINT('Ctrl Pts',(53.45,67.761,4.5));
#17741=CARTESIAN_POINT('Ctrl Pts',(53.45,67.311,4.5));
#17742=CARTESIAN_POINT('Ctrl Pts',(53.,67.311,4.5));
#17743=CARTESIAN_POINT('Ctrl Pts',(54.2,67.761,4.50000000000001));
#17744=CARTESIAN_POINT('Ctrl Pts',(54.2,66.561,4.50000000000001));
#17745=CARTESIAN_POINT('Ctrl Pts',(53.,66.561,4.50000000000001));
#17746=CARTESIAN_POINT('Ctrl Pts',(54.2,67.761,3.75));
#17747=CARTESIAN_POINT('Ctrl Pts',(54.2,66.561,3.75));
#17748=CARTESIAN_POINT('Ctrl Pts',(53.,66.561,3.75));
#17749=CARTESIAN_POINT('',(53.,67.311,4.5));
#17750=CARTESIAN_POINT('',(53.,66.561,3.75));
#17751=CARTESIAN_POINT('Origin',(53.,67.311,3.75));
#17752=CARTESIAN_POINT('Origin',(53.,67.761,3.75));
#17753=CARTESIAN_POINT('Origin',(53.,67.761,4.5));
#17754=CARTESIAN_POINT('Origin',(46.325,67.311,3.75));
#17755=CARTESIAN_POINT('',(46.325,67.311,4.5));
#17756=CARTESIAN_POINT('',(46.325,66.561,3.75));
#17757=CARTESIAN_POINT('Origin',(54.2,66.561,0.));
#17758=CARTESIAN_POINT('',(54.2,67.761,0.));
#17759=CARTESIAN_POINT('',(54.2,67.761,0.));
#17760=CARTESIAN_POINT('',(54.2,72.361,0.));
#17761=CARTESIAN_POINT('',(54.2,73.561,0.));
#17762=CARTESIAN_POINT('',(54.2,72.361,0.));
#17763=CARTESIAN_POINT('Origin',(53.,67.761,0.));
#17764=CARTESIAN_POINT('',(53.,66.561,0.));
#17765=CARTESIAN_POINT('',(53.,66.561,0.));
#17766=CARTESIAN_POINT('Origin',(53.,67.761,0.));
#17767=CARTESIAN_POINT('Origin',(43.7,66.561,0.));
#17768=CARTESIAN_POINT('',(44.9,66.561,0.));
#17769=CARTESIAN_POINT('',(44.9,66.561,0.));
#17770=CARTESIAN_POINT('',(54.2,66.561,0.));
#17771=CARTESIAN_POINT('Origin',(44.9,67.761,0.));
#17772=CARTESIAN_POINT('',(43.7,67.761,0.));
#17773=CARTESIAN_POINT('',(43.7,67.761,0.));
#17774=CARTESIAN_POINT('Origin',(44.9,67.761,0.));
#17775=CARTESIAN_POINT('Origin',(48.95,70.061,4.5));
#17776=CARTESIAN_POINT('Origin',(53.,72.361,0.));
#17777=CARTESIAN_POINT('',(53.,73.561,0.));
#17778=CARTESIAN_POINT('Origin',(53.,72.361,0.));
#17779=CARTESIAN_POINT('',(53.,73.561,0.));
#17780=CARTESIAN_POINT('Origin',(48.95,70.061,0.));
#17781=CARTESIAN_POINT('',(43.7,72.361,0.));
#17782=CARTESIAN_POINT('',(43.7,66.561,0.));
#17783=CARTESIAN_POINT('',(44.9,73.561,0.));
#17784=CARTESIAN_POINT('Origin',(44.9,72.361,0.));
#17785=CARTESIAN_POINT('',(43.7,73.561,0.));
#17786=CARTESIAN_POINT('Origin',(44.9,72.361,0.));
#17787=CARTESIAN_POINT('',(44.9,73.561,0.));
#17788=CARTESIAN_POINT('',(43.7,72.361,0.));
#17789=CARTESIAN_POINT('Origin',(43.7,73.561,0.));
#17790=CARTESIAN_POINT('Origin',(54.2,73.561,0.));
#17791=CARTESIAN_POINT('Ctrl Pts',(32.,100.061,4.5));
#17792=CARTESIAN_POINT('Ctrl Pts',(31.55,100.061,4.5));
#17793=CARTESIAN_POINT('Ctrl Pts',(31.55,100.511,4.5));
#17794=CARTESIAN_POINT('Ctrl Pts',(32.,99.311,4.5));
#17795=CARTESIAN_POINT('Ctrl Pts',(30.8,99.311,4.5));
#17796=CARTESIAN_POINT('Ctrl Pts',(30.8,100.511,4.5));
#17797=CARTESIAN_POINT('Ctrl Pts',(32.,99.311,3.75));
#17798=CARTESIAN_POINT('Ctrl Pts',(30.8,99.311,3.75));
#17799=CARTESIAN_POINT('Ctrl Pts',(30.8,100.511,3.75));
#17800=CARTESIAN_POINT('',(32.,99.311,3.75));
#17801=CARTESIAN_POINT('',(32.,100.061,4.5));
#17802=CARTESIAN_POINT('Origin',(32.,100.061,3.75));
#17803=CARTESIAN_POINT('',(31.55,100.511,4.5));
#17804=CARTESIAN_POINT('Origin',(32.,100.511,4.5));
#17805=CARTESIAN_POINT('',(30.8,100.511,3.75));
#17806=CARTESIAN_POINT('Origin',(31.55,100.511,3.75));
#17807=CARTESIAN_POINT('Origin',(32.,100.511,3.75));
#17808=CARTESIAN_POINT('Origin',(31.55,104.561,3.75));
#17809=CARTESIAN_POINT('',(31.55,105.111,4.5));
#17810=CARTESIAN_POINT('',(30.8,105.111,3.75));
#17811=CARTESIAN_POINT('Origin',(31.55,105.111,3.75));
#17812=CARTESIAN_POINT('',(30.8,104.561,3.75));
#17813=CARTESIAN_POINT('',(31.55,104.561,4.5));
#17814=CARTESIAN_POINT('Ctrl Pts',(31.55,105.111,4.5));
#17815=CARTESIAN_POINT('Ctrl Pts',(31.55,105.561,4.5));
#17816=CARTESIAN_POINT('Ctrl Pts',(32.,105.561,4.5));
#17817=CARTESIAN_POINT('Ctrl Pts',(30.8,105.111,4.5));
#17818=CARTESIAN_POINT('Ctrl Pts',(30.8,106.311,4.5));
#17819=CARTESIAN_POINT('Ctrl Pts',(32.,106.311,4.5));
#17820=CARTESIAN_POINT('Ctrl Pts',(30.8,105.111,3.75));
#17821=CARTESIAN_POINT('Ctrl Pts',(30.8,106.311,3.75));
#17822=CARTESIAN_POINT('Ctrl Pts',(32.,106.311,3.75));
#17823=CARTESIAN_POINT('',(32.,105.561,4.5));
#17824=CARTESIAN_POINT('',(32.,106.311,3.75));
#17825=CARTESIAN_POINT('Origin',(32.,105.561,3.75));
#17826=CARTESIAN_POINT('Origin',(32.,105.111,3.75));
#17827=CARTESIAN_POINT('Origin',(32.,105.111,4.5));
#17828=CARTESIAN_POINT('Origin',(38.675,105.561,3.75));
#17829=CARTESIAN_POINT('',(40.1,105.561,4.5));
#17830=CARTESIAN_POINT('',(40.1,106.311,3.75));
#17831=CARTESIAN_POINT('Origin',(40.1,105.561,3.75));
#17832=CARTESIAN_POINT('',(38.675,106.311,3.75));
#17833=CARTESIAN_POINT('',(38.675,105.561,4.5));
#17834=CARTESIAN_POINT('Ctrl Pts',(40.1,105.561,4.5));
#17835=CARTESIAN_POINT('Ctrl Pts',(40.55,105.561,4.5));
#17836=CARTESIAN_POINT('Ctrl Pts',(40.55,105.111,4.5));
#17837=CARTESIAN_POINT('Ctrl Pts',(40.1,106.311,4.5));
#17838=CARTESIAN_POINT('Ctrl Pts',(41.3,106.311,4.5));
#17839=CARTESIAN_POINT('Ctrl Pts',(41.3,105.111,4.5));
#17840=CARTESIAN_POINT('Ctrl Pts',(40.1,106.311,3.75));
#17841=CARTESIAN_POINT('Ctrl Pts',(41.3,106.311,3.75));
#17842=CARTESIAN_POINT('Ctrl Pts',(41.3,105.111,3.75));
#17843=CARTESIAN_POINT('',(40.55,105.111,4.5));
#17844=CARTESIAN_POINT('',(41.3,105.111,3.75));
#17845=CARTESIAN_POINT('Origin',(40.55,105.111,3.75));
#17846=CARTESIAN_POINT('Origin',(40.1,105.111,3.75));
#17847=CARTESIAN_POINT('Origin',(40.1,105.111,4.5));
#17848=CARTESIAN_POINT('Origin',(40.55,101.061,3.75));
#17849=CARTESIAN_POINT('',(40.55,100.511,4.5));
#17850=CARTESIAN_POINT('',(41.3,100.511,3.75));
#17851=CARTESIAN_POINT('Origin',(40.55,100.511,3.75));
#17852=CARTESIAN_POINT('',(41.3,101.061,3.75));
#17853=CARTESIAN_POINT('',(40.55,101.061,4.5));
#17854=CARTESIAN_POINT('Ctrl Pts',(40.55,100.511,4.5));
#17855=CARTESIAN_POINT('Ctrl Pts',(40.55,100.061,4.5));
#17856=CARTESIAN_POINT('Ctrl Pts',(40.1,100.061,4.5));
#17857=CARTESIAN_POINT('Ctrl Pts',(41.3,100.511,4.5));
#17858=CARTESIAN_POINT('Ctrl Pts',(41.3,99.311,4.5));
#17859=CARTESIAN_POINT('Ctrl Pts',(40.1,99.311,4.5));
#17860=CARTESIAN_POINT('Ctrl Pts',(41.3,100.511,3.75));
#17861=CARTESIAN_POINT('Ctrl Pts',(41.3,99.311,3.75));
#17862=CARTESIAN_POINT('Ctrl Pts',(40.1,99.311,3.75));
#17863=CARTESIAN_POINT('',(40.1,100.061,4.5));
#17864=CARTESIAN_POINT('',(40.1,99.311,3.75));
#17865=CARTESIAN_POINT('Origin',(40.1,100.061,3.75));
#17866=CARTESIAN_POINT('Origin',(40.1,100.511,3.75));
#17867=CARTESIAN_POINT('Origin',(40.1,100.511,4.5));
#17868=CARTESIAN_POINT('Origin',(33.425,100.061,3.75));
#17869=CARTESIAN_POINT('',(33.425,100.061,4.5));
#17870=CARTESIAN_POINT('',(33.425,99.311,3.75));
#17871=CARTESIAN_POINT('Origin',(41.3,99.311,0.));
#17872=CARTESIAN_POINT('',(41.3,100.511,0.));
#17873=CARTESIAN_POINT('',(41.3,100.511,0.));
#17874=CARTESIAN_POINT('',(41.3,105.111,0.));
#17875=CARTESIAN_POINT('',(41.3,106.311,0.));
#17876=CARTESIAN_POINT('',(41.3,105.111,0.));
#17877=CARTESIAN_POINT('Origin',(40.1,100.511,0.));
#17878=CARTESIAN_POINT('',(40.1,99.311,0.));
#17879=CARTESIAN_POINT('',(40.1,99.311,0.));
#17880=CARTESIAN_POINT('Origin',(40.1,100.511,0.));
#17881=CARTESIAN_POINT('Origin',(30.8,99.311,0.));
#17882=CARTESIAN_POINT('',(32.,99.311,0.));
#17883=CARTESIAN_POINT('',(32.,99.311,0.));
#17884=CARTESIAN_POINT('',(41.3,99.311,0.));
#17885=CARTESIAN_POINT('Origin',(32.,100.511,0.));
#17886=CARTESIAN_POINT('',(30.8,100.511,0.));
#17887=CARTESIAN_POINT('',(30.8,100.511,0.));
#17888=CARTESIAN_POINT('Origin',(32.,100.511,0.));
#17889=CARTESIAN_POINT('Origin',(36.05,102.811,4.5));
#17890=CARTESIAN_POINT('Origin',(30.8,106.311,0.));
#17891=CARTESIAN_POINT('',(30.8,105.111,0.));
#17892=CARTESIAN_POINT('',(30.8,105.111,0.));
#17893=CARTESIAN_POINT('',(30.8,99.311,0.));
#17894=CARTESIAN_POINT('Origin',(32.,105.111,0.));
#17895=CARTESIAN_POINT('',(32.,106.311,0.));
#17896=CARTESIAN_POINT('',(32.,106.311,0.));
#17897=CARTESIAN_POINT('Origin',(32.,105.111,0.));
#17898=CARTESIAN_POINT('Origin',(41.3,106.311,0.));
#17899=CARTESIAN_POINT('',(40.1,106.311,0.));
#17900=CARTESIAN_POINT('',(40.1,106.311,0.));
#17901=CARTESIAN_POINT('',(30.8,106.311,0.));
#17902=CARTESIAN_POINT('Origin',(40.1,105.111,0.));
#17903=CARTESIAN_POINT('Origin',(40.1,105.111,0.));
#17904=CARTESIAN_POINT('Origin',(36.05,102.811,0.));
#17905=CARTESIAN_POINT('Ctrl Pts',(19.1,89.436,4.5));
#17906=CARTESIAN_POINT('Ctrl Pts',(18.65,89.436,4.5));
#17907=CARTESIAN_POINT('Ctrl Pts',(18.65,89.886,4.5));
#17908=CARTESIAN_POINT('Ctrl Pts',(19.1,88.686,4.5));
#17909=CARTESIAN_POINT('Ctrl Pts',(17.9,88.686,4.5));
#17910=CARTESIAN_POINT('Ctrl Pts',(17.9,89.886,4.5));
#17911=CARTESIAN_POINT('Ctrl Pts',(19.1,88.686,3.75));
#17912=CARTESIAN_POINT('Ctrl Pts',(17.9,88.686,3.75));
#17913=CARTESIAN_POINT('Ctrl Pts',(17.9,89.886,3.75));
#17914=CARTESIAN_POINT('',(19.1,88.686,3.75));
#17915=CARTESIAN_POINT('',(19.1,89.436,4.5));
#17916=CARTESIAN_POINT('Origin',(19.1,89.436,3.75));
#17917=CARTESIAN_POINT('',(18.65,89.886,4.5));
#17918=CARTESIAN_POINT('Origin',(19.1,89.886,4.5));
#17919=CARTESIAN_POINT('',(17.9,89.886,3.75));
#17920=CARTESIAN_POINT('Origin',(18.65,89.886,3.75));
#17921=CARTESIAN_POINT('Origin',(19.1,89.886,3.75));
#17922=CARTESIAN_POINT('Origin',(18.65,93.936,3.75));
#17923=CARTESIAN_POINT('',(18.65,94.486,4.5));
#17924=CARTESIAN_POINT('',(17.9,94.486,3.75));
#17925=CARTESIAN_POINT('Origin',(18.65,94.486,3.75));
#17926=CARTESIAN_POINT('',(17.9,93.936,3.75));
#17927=CARTESIAN_POINT('',(18.65,93.936,4.5));
#17928=CARTESIAN_POINT('Ctrl Pts',(18.65,94.486,4.5));
#17929=CARTESIAN_POINT('Ctrl Pts',(18.65,94.936,4.5));
#17930=CARTESIAN_POINT('Ctrl Pts',(19.1,94.936,4.5));
#17931=CARTESIAN_POINT('Ctrl Pts',(17.9,94.486,4.5));
#17932=CARTESIAN_POINT('Ctrl Pts',(17.9,95.686,4.5));
#17933=CARTESIAN_POINT('Ctrl Pts',(19.1,95.686,4.5));
#17934=CARTESIAN_POINT('Ctrl Pts',(17.9,94.486,3.75));
#17935=CARTESIAN_POINT('Ctrl Pts',(17.9,95.686,3.75));
#17936=CARTESIAN_POINT('Ctrl Pts',(19.1,95.686,3.75));
#17937=CARTESIAN_POINT('',(19.1,94.936,4.5));
#17938=CARTESIAN_POINT('',(19.1,95.686,3.75));
#17939=CARTESIAN_POINT('Origin',(19.1,94.936,3.75));
#17940=CARTESIAN_POINT('Origin',(19.1,94.486,3.75));
#17941=CARTESIAN_POINT('Origin',(19.1,94.486,4.5));
#17942=CARTESIAN_POINT('Origin',(25.775,94.936,3.75));
#17943=CARTESIAN_POINT('',(27.2,94.936,4.5));
#17944=CARTESIAN_POINT('',(27.2,95.686,3.75));
#17945=CARTESIAN_POINT('Origin',(27.2,94.936,3.75));
#17946=CARTESIAN_POINT('',(25.775,95.686,3.75));
#17947=CARTESIAN_POINT('',(25.775,94.936,4.5));
#17948=CARTESIAN_POINT('Ctrl Pts',(27.2,94.936,4.5));
#17949=CARTESIAN_POINT('Ctrl Pts',(27.65,94.936,4.5));
#17950=CARTESIAN_POINT('Ctrl Pts',(27.65,94.486,4.5));
#17951=CARTESIAN_POINT('Ctrl Pts',(27.2,95.686,4.5));
#17952=CARTESIAN_POINT('Ctrl Pts',(28.4,95.686,4.5));
#17953=CARTESIAN_POINT('Ctrl Pts',(28.4,94.486,4.5));
#17954=CARTESIAN_POINT('Ctrl Pts',(27.2,95.686,3.75));
#17955=CARTESIAN_POINT('Ctrl Pts',(28.4,95.686,3.75));
#17956=CARTESIAN_POINT('Ctrl Pts',(28.4,94.486,3.75));
#17957=CARTESIAN_POINT('',(27.65,94.486,4.5));
#17958=CARTESIAN_POINT('',(28.4,94.486,3.75));
#17959=CARTESIAN_POINT('Origin',(27.65,94.486,3.75));
#17960=CARTESIAN_POINT('Origin',(27.2,94.486,3.75));
#17961=CARTESIAN_POINT('Origin',(27.2,94.486,4.5));
#17962=CARTESIAN_POINT('Origin',(27.65,90.436,3.75));
#17963=CARTESIAN_POINT('',(27.65,89.886,4.5));
#17964=CARTESIAN_POINT('',(28.4,89.886,3.75));
#17965=CARTESIAN_POINT('Origin',(27.65,89.886,3.75));
#17966=CARTESIAN_POINT('',(28.4,90.436,3.75));
#17967=CARTESIAN_POINT('',(27.65,90.436,4.5));
#17968=CARTESIAN_POINT('Ctrl Pts',(27.65,89.886,4.5));
#17969=CARTESIAN_POINT('Ctrl Pts',(27.65,89.436,4.5));
#17970=CARTESIAN_POINT('Ctrl Pts',(27.2,89.436,4.5));
#17971=CARTESIAN_POINT('Ctrl Pts',(28.4,89.886,4.5));
#17972=CARTESIAN_POINT('Ctrl Pts',(28.4,88.686,4.5));
#17973=CARTESIAN_POINT('Ctrl Pts',(27.2,88.686,4.5));
#17974=CARTESIAN_POINT('Ctrl Pts',(28.4,89.886,3.75));
#17975=CARTESIAN_POINT('Ctrl Pts',(28.4,88.686,3.75));
#17976=CARTESIAN_POINT('Ctrl Pts',(27.2,88.686,3.75));
#17977=CARTESIAN_POINT('',(27.2,89.436,4.5));
#17978=CARTESIAN_POINT('',(27.2,88.686,3.75));
#17979=CARTESIAN_POINT('Origin',(27.2,89.436,3.75));
#17980=CARTESIAN_POINT('Origin',(27.2,89.886,3.75));
#17981=CARTESIAN_POINT('Origin',(27.2,89.886,4.5));
#17982=CARTESIAN_POINT('Origin',(20.525,89.436,3.75));
#17983=CARTESIAN_POINT('',(20.525,89.436,4.5));
#17984=CARTESIAN_POINT('',(20.525,88.686,3.75));
#17985=CARTESIAN_POINT('Origin',(28.4,88.686,0.));
#17986=CARTESIAN_POINT('',(28.4,89.886,0.));
#17987=CARTESIAN_POINT('',(28.4,89.886,0.));
#17988=CARTESIAN_POINT('',(28.4,94.486,0.));
#17989=CARTESIAN_POINT('',(28.4,95.686,0.));
#17990=CARTESIAN_POINT('',(28.4,94.486,0.));
#17991=CARTESIAN_POINT('Origin',(27.2,89.886,0.));
#17992=CARTESIAN_POINT('',(27.2,88.686,0.));
#17993=CARTESIAN_POINT('',(27.2,88.686,0.));
#17994=CARTESIAN_POINT('Origin',(27.2,89.886,0.));
#17995=CARTESIAN_POINT('Origin',(17.9,88.686,0.));
#17996=CARTESIAN_POINT('',(19.1,88.686,0.));
#17997=CARTESIAN_POINT('',(19.1,88.686,0.));
#17998=CARTESIAN_POINT('',(28.4,88.686,0.));
#17999=CARTESIAN_POINT('Origin',(19.1,89.886,0.));
#18000=CARTESIAN_POINT('',(17.9,89.886,0.));
#18001=CARTESIAN_POINT('',(17.9,89.886,0.));
#18002=CARTESIAN_POINT('Origin',(19.1,89.886,0.));
#18003=CARTESIAN_POINT('Origin',(23.15,92.186,4.5));
#18004=CARTESIAN_POINT('Origin',(27.2,94.486,0.));
#18005=CARTESIAN_POINT('',(27.2,95.686,0.));
#18006=CARTESIAN_POINT('Origin',(27.2,94.486,0.));
#18007=CARTESIAN_POINT('',(27.2,95.686,0.));
#18008=CARTESIAN_POINT('Origin',(23.15,92.186,0.));
#18009=CARTESIAN_POINT('',(17.9,94.486,0.));
#18010=CARTESIAN_POINT('',(17.9,88.686,0.));
#18011=CARTESIAN_POINT('',(19.1,95.686,0.));
#18012=CARTESIAN_POINT('Origin',(19.1,94.486,0.));
#18013=CARTESIAN_POINT('',(17.9,95.686,0.));
#18014=CARTESIAN_POINT('Origin',(19.1,94.486,0.));
#18015=CARTESIAN_POINT('',(19.1,95.686,0.));
#18016=CARTESIAN_POINT('',(17.9,94.486,0.));
#18017=CARTESIAN_POINT('Origin',(17.9,95.686,0.));
#18018=CARTESIAN_POINT('Origin',(28.4,95.686,0.));
#18019=CARTESIAN_POINT('Ctrl Pts',(6.2,77.936,4.5));
#18020=CARTESIAN_POINT('Ctrl Pts',(5.75000000000001,77.936,4.5));
#18021=CARTESIAN_POINT('Ctrl Pts',(5.75000000000001,78.386,4.5));
#18022=CARTESIAN_POINT('Ctrl Pts',(6.2,77.186,4.5));
#18023=CARTESIAN_POINT('Ctrl Pts',(5.,77.186,4.5));
#18024=CARTESIAN_POINT('Ctrl Pts',(5.,78.386,4.5));
#18025=CARTESIAN_POINT('Ctrl Pts',(6.2,77.186,3.75));
#18026=CARTESIAN_POINT('Ctrl Pts',(5.,77.186,3.75));
#18027=CARTESIAN_POINT('Ctrl Pts',(5.,78.386,3.75));
#18028=CARTESIAN_POINT('',(6.2,77.186,3.75));
#18029=CARTESIAN_POINT('',(6.2,77.936,4.5));
#18030=CARTESIAN_POINT('Origin',(6.2,77.936,3.75));
#18031=CARTESIAN_POINT('',(5.75,78.386,4.5));
#18032=CARTESIAN_POINT('Origin',(6.2,78.386,4.5));
#18033=CARTESIAN_POINT('',(5.,78.386,3.75));
#18034=CARTESIAN_POINT('Origin',(5.75,78.386,3.75));
#18035=CARTESIAN_POINT('Origin',(6.2,78.386,3.75));
#18036=CARTESIAN_POINT('Origin',(5.75,82.436,3.75));
#18037=CARTESIAN_POINT('',(5.75,82.986,4.5));
#18038=CARTESIAN_POINT('',(5.,82.986,3.75));
#18039=CARTESIAN_POINT('Origin',(5.75,82.986,3.75));
#18040=CARTESIAN_POINT('',(5.,82.436,3.75));
#18041=CARTESIAN_POINT('',(5.75,82.436,4.5));
#18042=CARTESIAN_POINT('Ctrl Pts',(5.75,82.986,4.5));
#18043=CARTESIAN_POINT('Ctrl Pts',(5.75,83.436,4.5));
#18044=CARTESIAN_POINT('Ctrl Pts',(6.2,83.436,4.5));
#18045=CARTESIAN_POINT('Ctrl Pts',(5.,82.986,4.5));
#18046=CARTESIAN_POINT('Ctrl Pts',(5.,84.186,4.5));
#18047=CARTESIAN_POINT('Ctrl Pts',(6.2,84.186,4.5));
#18048=CARTESIAN_POINT('Ctrl Pts',(5.,82.986,3.75));
#18049=CARTESIAN_POINT('Ctrl Pts',(5.,84.186,3.75));
#18050=CARTESIAN_POINT('Ctrl Pts',(6.2,84.186,3.75));
#18051=CARTESIAN_POINT('',(6.2,83.436,4.5));
#18052=CARTESIAN_POINT('',(6.2,84.186,3.75));
#18053=CARTESIAN_POINT('Origin',(6.2,83.436,3.75));
#18054=CARTESIAN_POINT('Origin',(6.2,82.986,3.75));
#18055=CARTESIAN_POINT('Origin',(6.2,82.986,4.5));
#18056=CARTESIAN_POINT('Origin',(12.875,83.436,3.75));
#18057=CARTESIAN_POINT('',(14.3,83.436,4.5));
#18058=CARTESIAN_POINT('',(14.3,84.186,3.75));
#18059=CARTESIAN_POINT('Origin',(14.3,83.436,3.75));
#18060=CARTESIAN_POINT('',(12.875,84.186,3.75));
#18061=CARTESIAN_POINT('',(12.875,83.436,4.5));
#18062=CARTESIAN_POINT('Ctrl Pts',(14.3,83.436,4.5));
#18063=CARTESIAN_POINT('Ctrl Pts',(14.75,83.436,4.5));
#18064=CARTESIAN_POINT('Ctrl Pts',(14.75,82.986,4.5));
#18065=CARTESIAN_POINT('Ctrl Pts',(14.3,84.186,4.5));
#18066=CARTESIAN_POINT('Ctrl Pts',(15.5,84.186,4.5));
#18067=CARTESIAN_POINT('Ctrl Pts',(15.5,82.986,4.5));
#18068=CARTESIAN_POINT('Ctrl Pts',(14.3,84.186,3.75));
#18069=CARTESIAN_POINT('Ctrl Pts',(15.5,84.186,3.75));
#18070=CARTESIAN_POINT('Ctrl Pts',(15.5,82.986,3.75));
#18071=CARTESIAN_POINT('',(14.75,82.986,4.5));
#18072=CARTESIAN_POINT('',(15.5,82.986,3.75));
#18073=CARTESIAN_POINT('Origin',(14.75,82.986,3.75));
#18074=CARTESIAN_POINT('Origin',(14.3,82.986,3.75));
#18075=CARTESIAN_POINT('Origin',(14.3,82.986,4.5));
#18076=CARTESIAN_POINT('Origin',(14.75,78.936,3.75));
#18077=CARTESIAN_POINT('',(14.75,78.386,4.5));
#18078=CARTESIAN_POINT('',(15.5,78.386,3.75));
#18079=CARTESIAN_POINT('Origin',(14.75,78.386,3.75));
#18080=CARTESIAN_POINT('',(15.5,78.936,3.75));
#18081=CARTESIAN_POINT('',(14.75,78.936,4.5));
#18082=CARTESIAN_POINT('Ctrl Pts',(14.75,78.386,4.5));
#18083=CARTESIAN_POINT('Ctrl Pts',(14.75,77.936,4.5));
#18084=CARTESIAN_POINT('Ctrl Pts',(14.3,77.936,4.5));
#18085=CARTESIAN_POINT('Ctrl Pts',(15.5,78.386,4.5));
#18086=CARTESIAN_POINT('Ctrl Pts',(15.5,77.186,4.5));
#18087=CARTESIAN_POINT('Ctrl Pts',(14.3,77.186,4.5));
#18088=CARTESIAN_POINT('Ctrl Pts',(15.5,78.386,3.75));
#18089=CARTESIAN_POINT('Ctrl Pts',(15.5,77.186,3.75));
#18090=CARTESIAN_POINT('Ctrl Pts',(14.3,77.186,3.75));
#18091=CARTESIAN_POINT('',(14.3,77.936,4.5));
#18092=CARTESIAN_POINT('',(14.3,77.186,3.75));
#18093=CARTESIAN_POINT('Origin',(14.3,77.936,3.75));
#18094=CARTESIAN_POINT('Origin',(14.3,78.386,3.75));
#18095=CARTESIAN_POINT('Origin',(14.3,78.386,4.5));
#18096=CARTESIAN_POINT('Origin',(7.625,77.936,3.75));
#18097=CARTESIAN_POINT('',(7.625,77.936,4.5));
#18098=CARTESIAN_POINT('',(7.625,77.186,3.75));
#18099=CARTESIAN_POINT('Origin',(15.5,77.186,0.));
#18100=CARTESIAN_POINT('',(15.5,78.386,0.));
#18101=CARTESIAN_POINT('',(15.5,78.386,0.));
#18102=CARTESIAN_POINT('',(15.5,82.986,0.));
#18103=CARTESIAN_POINT('',(15.5,84.186,0.));
#18104=CARTESIAN_POINT('',(15.5,82.986,0.));
#18105=CARTESIAN_POINT('Origin',(14.3,78.386,0.));
#18106=CARTESIAN_POINT('',(14.3,77.186,0.));
#18107=CARTESIAN_POINT('',(14.3,77.186,0.));
#18108=CARTESIAN_POINT('Origin',(14.3,78.386,0.));
#18109=CARTESIAN_POINT('Origin',(5.,77.186,0.));
#18110=CARTESIAN_POINT('',(6.2,77.186,0.));
#18111=CARTESIAN_POINT('',(6.2,77.186,0.));
#18112=CARTESIAN_POINT('',(15.5,77.186,0.));
#18113=CARTESIAN_POINT('Origin',(6.2,78.386,0.));
#18114=CARTESIAN_POINT('',(5.,78.386,0.));
#18115=CARTESIAN_POINT('',(5.,78.386,0.));
#18116=CARTESIAN_POINT('Origin',(6.2,78.386,0.));
#18117=CARTESIAN_POINT('Origin',(10.25,80.686,4.5));
#18118=CARTESIAN_POINT('Origin',(6.2,82.986,0.));
#18119=CARTESIAN_POINT('',(6.2,84.186,0.));
#18120=CARTESIAN_POINT('',(6.2,84.186,0.));
#18121=CARTESIAN_POINT('',(5.,82.986,0.));
#18122=CARTESIAN_POINT('Origin',(6.2,82.986,0.));
#18123=CARTESIAN_POINT('',(5.,82.986,0.));
#18124=CARTESIAN_POINT('Origin',(5.,84.186,0.));
#18125=CARTESIAN_POINT('',(5.,77.186,0.));
#18126=CARTESIAN_POINT('Origin',(10.25,80.686,0.));
#18127=CARTESIAN_POINT('',(14.3,84.186,0.));
#18128=CARTESIAN_POINT('',(5.,84.186,0.));
#18129=CARTESIAN_POINT('Origin',(14.3,82.986,0.));
#18130=CARTESIAN_POINT('Origin',(14.3,82.986,0.));
#18131=CARTESIAN_POINT('',(14.3,84.186,0.));
#18132=CARTESIAN_POINT('Origin',(15.5,84.186,0.));
#18133=CARTESIAN_POINT('Ctrl Pts',(6.2,67.311,4.5));
#18134=CARTESIAN_POINT('Ctrl Pts',(5.75000000000001,67.311,4.5));
#18135=CARTESIAN_POINT('Ctrl Pts',(5.75000000000001,67.761,4.5));
#18136=CARTESIAN_POINT('Ctrl Pts',(6.2,66.561,4.5));
#18137=CARTESIAN_POINT('Ctrl Pts',(5.,66.561,4.5));
#18138=CARTESIAN_POINT('Ctrl Pts',(5.,67.761,4.5));
#18139=CARTESIAN_POINT('Ctrl Pts',(6.2,66.561,3.75));
#18140=CARTESIAN_POINT('Ctrl Pts',(5.,66.561,3.75));
#18141=CARTESIAN_POINT('Ctrl Pts',(5.,67.761,3.75));
#18142=CARTESIAN_POINT('',(6.2,66.561,3.75));
#18143=CARTESIAN_POINT('',(6.2,67.311,4.5));
#18144=CARTESIAN_POINT('Origin',(6.2,67.311,3.75));
#18145=CARTESIAN_POINT('',(5.75,67.761,4.5));
#18146=CARTESIAN_POINT('Origin',(6.2,67.761,4.5));
#18147=CARTESIAN_POINT('',(5.,67.761,3.75));
#18148=CARTESIAN_POINT('Origin',(5.75,67.761,3.75));
#18149=CARTESIAN_POINT('Origin',(6.2,67.761,3.75));
#18150=CARTESIAN_POINT('Origin',(5.75,71.811,3.75));
#18151=CARTESIAN_POINT('',(5.75,72.361,4.5));
#18152=CARTESIAN_POINT('',(5.,72.361,3.75));
#18153=CARTESIAN_POINT('Origin',(5.75,72.361,3.75));
#18154=CARTESIAN_POINT('',(5.,71.811,3.75));
#18155=CARTESIAN_POINT('',(5.75,71.811,4.5));
#18156=CARTESIAN_POINT('Ctrl Pts',(5.75,72.361,4.5));
#18157=CARTESIAN_POINT('Ctrl Pts',(5.75,72.811,4.5));
#18158=CARTESIAN_POINT('Ctrl Pts',(6.2,72.811,4.5));
#18159=CARTESIAN_POINT('Ctrl Pts',(5.,72.361,4.5));
#18160=CARTESIAN_POINT('Ctrl Pts',(5.,73.561,4.5));
#18161=CARTESIAN_POINT('Ctrl Pts',(6.2,73.561,4.5));
#18162=CARTESIAN_POINT('Ctrl Pts',(5.,72.361,3.75));
#18163=CARTESIAN_POINT('Ctrl Pts',(5.,73.561,3.75));
#18164=CARTESIAN_POINT('Ctrl Pts',(6.2,73.561,3.75));
#18165=CARTESIAN_POINT('',(6.2,72.811,4.5));
#18166=CARTESIAN_POINT('',(6.2,73.561,3.75));
#18167=CARTESIAN_POINT('Origin',(6.2,72.811,3.75));
#18168=CARTESIAN_POINT('Origin',(6.2,72.361,3.75));
#18169=CARTESIAN_POINT('Origin',(6.2,72.361,4.5));
#18170=CARTESIAN_POINT('Origin',(12.875,72.811,3.75));
#18171=CARTESIAN_POINT('',(14.3,72.811,4.5));
#18172=CARTESIAN_POINT('',(14.3,73.561,3.75));
#18173=CARTESIAN_POINT('Origin',(14.3,72.811,3.75));
#18174=CARTESIAN_POINT('',(12.875,73.561,3.75));
#18175=CARTESIAN_POINT('',(12.875,72.811,4.5));
#18176=CARTESIAN_POINT('Ctrl Pts',(14.3,72.811,4.5));
#18177=CARTESIAN_POINT('Ctrl Pts',(14.75,72.811,4.5));
#18178=CARTESIAN_POINT('Ctrl Pts',(14.75,72.361,4.5));
#18179=CARTESIAN_POINT('Ctrl Pts',(14.3,73.561,4.5));
#18180=CARTESIAN_POINT('Ctrl Pts',(15.5,73.561,4.5));
#18181=CARTESIAN_POINT('Ctrl Pts',(15.5,72.361,4.5));
#18182=CARTESIAN_POINT('Ctrl Pts',(14.3,73.561,3.75));
#18183=CARTESIAN_POINT('Ctrl Pts',(15.5,73.561,3.75));
#18184=CARTESIAN_POINT('Ctrl Pts',(15.5,72.361,3.75));
#18185=CARTESIAN_POINT('',(14.75,72.361,4.5));
#18186=CARTESIAN_POINT('',(15.5,72.361,3.75));
#18187=CARTESIAN_POINT('Origin',(14.75,72.361,3.75));
#18188=CARTESIAN_POINT('Origin',(14.3,72.361,3.75));
#18189=CARTESIAN_POINT('Origin',(14.3,72.361,4.5));
#18190=CARTESIAN_POINT('Origin',(14.75,68.311,3.75));
#18191=CARTESIAN_POINT('',(14.75,67.761,4.5));
#18192=CARTESIAN_POINT('',(15.5,67.761,3.75));
#18193=CARTESIAN_POINT('Origin',(14.75,67.761,3.75));
#18194=CARTESIAN_POINT('',(15.5,68.311,3.75));
#18195=CARTESIAN_POINT('',(14.75,68.311,4.5));
#18196=CARTESIAN_POINT('Ctrl Pts',(14.75,67.761,4.5));
#18197=CARTESIAN_POINT('Ctrl Pts',(14.75,67.311,4.5));
#18198=CARTESIAN_POINT('Ctrl Pts',(14.3,67.311,4.5));
#18199=CARTESIAN_POINT('Ctrl Pts',(15.5,67.761,4.5));
#18200=CARTESIAN_POINT('Ctrl Pts',(15.5,66.561,4.5));
#18201=CARTESIAN_POINT('Ctrl Pts',(14.3,66.561,4.5));
#18202=CARTESIAN_POINT('Ctrl Pts',(15.5,67.761,3.75));
#18203=CARTESIAN_POINT('Ctrl Pts',(15.5,66.561,3.75));
#18204=CARTESIAN_POINT('Ctrl Pts',(14.3,66.561,3.75));
#18205=CARTESIAN_POINT('',(14.3,67.311,4.5));
#18206=CARTESIAN_POINT('',(14.3,66.561,3.75));
#18207=CARTESIAN_POINT('Origin',(14.3,67.311,3.75));
#18208=CARTESIAN_POINT('Origin',(14.3,67.761,3.75));
#18209=CARTESIAN_POINT('Origin',(14.3,67.761,4.5));
#18210=CARTESIAN_POINT('Origin',(7.625,67.311,3.75));
#18211=CARTESIAN_POINT('',(7.625,67.311,4.5));
#18212=CARTESIAN_POINT('',(7.625,66.561,3.75));
#18213=CARTESIAN_POINT('Origin',(15.5,66.561,0.));
#18214=CARTESIAN_POINT('',(15.5,67.761,0.));
#18215=CARTESIAN_POINT('',(15.5,67.761,0.));
#18216=CARTESIAN_POINT('',(15.5,72.361,0.));
#18217=CARTESIAN_POINT('',(15.5,73.561,0.));
#18218=CARTESIAN_POINT('',(15.5,72.361,0.));
#18219=CARTESIAN_POINT('Origin',(14.3,67.761,0.));
#18220=CARTESIAN_POINT('',(14.3,66.561,0.));
#18221=CARTESIAN_POINT('',(14.3,66.561,0.));
#18222=CARTESIAN_POINT('Origin',(14.3,67.761,0.));
#18223=CARTESIAN_POINT('Origin',(5.,66.561,0.));
#18224=CARTESIAN_POINT('',(6.2,66.561,0.));
#18225=CARTESIAN_POINT('',(6.2,66.561,0.));
#18226=CARTESIAN_POINT('',(15.5,66.561,0.));
#18227=CARTESIAN_POINT('Origin',(6.2,67.761,0.));
#18228=CARTESIAN_POINT('',(5.,67.761,0.));
#18229=CARTESIAN_POINT('',(5.,67.761,0.));
#18230=CARTESIAN_POINT('Origin',(6.2,67.761,0.));
#18231=CARTESIAN_POINT('Origin',(10.25,70.061,4.5));
#18232=CARTESIAN_POINT('Origin',(14.3,72.361,0.));
#18233=CARTESIAN_POINT('',(14.3,73.561,0.));
#18234=CARTESIAN_POINT('Origin',(14.3,72.361,0.));
#18235=CARTESIAN_POINT('',(14.3,73.561,0.));
#18236=CARTESIAN_POINT('Origin',(10.25,70.061,0.));
#18237=CARTESIAN_POINT('',(5.,72.361,0.));
#18238=CARTESIAN_POINT('',(5.,66.561,0.));
#18239=CARTESIAN_POINT('',(6.2,73.561,0.));
#18240=CARTESIAN_POINT('Origin',(6.2,72.361,0.));
#18241=CARTESIAN_POINT('',(5.,73.561,0.));
#18242=CARTESIAN_POINT('Origin',(6.2,72.361,0.));
#18243=CARTESIAN_POINT('',(6.2,73.561,0.));
#18244=CARTESIAN_POINT('',(5.,72.361,0.));
#18245=CARTESIAN_POINT('Origin',(5.,73.561,0.));
#18246=CARTESIAN_POINT('Origin',(15.5,73.561,0.));
#18247=CARTESIAN_POINT('Ctrl Pts',(70.7,67.311,4.5));
#18248=CARTESIAN_POINT('Ctrl Pts',(70.25,67.311,4.5));
#18249=CARTESIAN_POINT('Ctrl Pts',(70.25,67.761,4.5));
#18250=CARTESIAN_POINT('Ctrl Pts',(70.7,66.561,4.50000000000001));
#18251=CARTESIAN_POINT('Ctrl Pts',(69.5,66.561,4.50000000000001));
#18252=CARTESIAN_POINT('Ctrl Pts',(69.5,67.761,4.50000000000001));
#18253=CARTESIAN_POINT('Ctrl Pts',(70.7,66.561,3.75));
#18254=CARTESIAN_POINT('Ctrl Pts',(69.5,66.561,3.75));
#18255=CARTESIAN_POINT('Ctrl Pts',(69.5,67.761,3.75));
#18256=CARTESIAN_POINT('',(70.7,66.561,3.75));
#18257=CARTESIAN_POINT('',(70.7,67.311,4.5));
#18258=CARTESIAN_POINT('Origin',(70.7,67.311,3.75));
#18259=CARTESIAN_POINT('',(70.25,67.761,4.5));
#18260=CARTESIAN_POINT('Origin',(70.7,67.761,4.5));
#18261=CARTESIAN_POINT('',(69.5,67.761,3.75));
#18262=CARTESIAN_POINT('Origin',(70.25,67.761,3.75));
#18263=CARTESIAN_POINT('Origin',(70.7,67.761,3.75));
#18264=CARTESIAN_POINT('Origin',(70.25,71.811,3.75));
#18265=CARTESIAN_POINT('',(70.25,72.361,4.5));
#18266=CARTESIAN_POINT('',(69.5,72.361,3.75));
#18267=CARTESIAN_POINT('Origin',(70.25,72.361,3.75));
#18268=CARTESIAN_POINT('',(69.5,71.811,3.75));
#18269=CARTESIAN_POINT('',(70.25,71.811,4.5));
#18270=CARTESIAN_POINT('Ctrl Pts',(70.25,72.361,4.5));
#18271=CARTESIAN_POINT('Ctrl Pts',(70.25,72.811,4.5));
#18272=CARTESIAN_POINT('Ctrl Pts',(70.7,72.811,4.5));
#18273=CARTESIAN_POINT('Ctrl Pts',(69.5,72.361,4.50000000000001));
#18274=CARTESIAN_POINT('Ctrl Pts',(69.5,73.561,4.50000000000001));
#18275=CARTESIAN_POINT('Ctrl Pts',(70.7,73.561,4.50000000000001));
#18276=CARTESIAN_POINT('Ctrl Pts',(69.5,72.361,3.75));
#18277=CARTESIAN_POINT('Ctrl Pts',(69.5,73.561,3.75));
#18278=CARTESIAN_POINT('Ctrl Pts',(70.7,73.561,3.75));
#18279=CARTESIAN_POINT('',(70.7,72.811,4.5));
#18280=CARTESIAN_POINT('',(70.7,73.561,3.75));
#18281=CARTESIAN_POINT('Origin',(70.7,72.811,3.75));
#18282=CARTESIAN_POINT('Origin',(70.7,72.361,3.75));
#18283=CARTESIAN_POINT('Origin',(70.7,72.361,4.5));
#18284=CARTESIAN_POINT('Origin',(77.375,72.811,3.75));
#18285=CARTESIAN_POINT('',(78.8,72.811,4.5));
#18286=CARTESIAN_POINT('',(78.8,73.561,3.75));
#18287=CARTESIAN_POINT('Origin',(78.8,72.811,3.75));
#18288=CARTESIAN_POINT('',(77.375,73.561,3.75));
#18289=CARTESIAN_POINT('',(77.375,72.811,4.5));
#18290=CARTESIAN_POINT('Ctrl Pts',(78.8,72.811,4.5));
#18291=CARTESIAN_POINT('Ctrl Pts',(79.25,72.811,4.5));
#18292=CARTESIAN_POINT('Ctrl Pts',(79.25,72.361,4.5));
#18293=CARTESIAN_POINT('Ctrl Pts',(78.8,73.561,4.50000000000001));
#18294=CARTESIAN_POINT('Ctrl Pts',(80.,73.561,4.50000000000001));
#18295=CARTESIAN_POINT('Ctrl Pts',(80.,72.361,4.50000000000001));
#18296=CARTESIAN_POINT('Ctrl Pts',(78.8,73.561,3.75));
#18297=CARTESIAN_POINT('Ctrl Pts',(80.,73.561,3.75));
#18298=CARTESIAN_POINT('Ctrl Pts',(80.,72.361,3.75));
#18299=CARTESIAN_POINT('',(79.25,72.361,4.5));
#18300=CARTESIAN_POINT('',(80.,72.361,3.75));
#18301=CARTESIAN_POINT('Origin',(79.25,72.361,3.75));
#18302=CARTESIAN_POINT('Origin',(78.8,72.361,3.75));
#18303=CARTESIAN_POINT('Origin',(78.8,72.361,4.5));
#18304=CARTESIAN_POINT('Origin',(79.25,68.311,3.75));
#18305=CARTESIAN_POINT('',(79.25,67.761,4.5));
#18306=CARTESIAN_POINT('',(80.,67.761,3.75));
#18307=CARTESIAN_POINT('Origin',(79.25,67.761,3.75));
#18308=CARTESIAN_POINT('',(80.,68.311,3.75));
#18309=CARTESIAN_POINT('',(79.25,68.311,4.5));
#18310=CARTESIAN_POINT('Ctrl Pts',(79.25,67.761,4.5));
#18311=CARTESIAN_POINT('Ctrl Pts',(79.25,67.311,4.5));
#18312=CARTESIAN_POINT('Ctrl Pts',(78.8,67.311,4.5));
#18313=CARTESIAN_POINT('Ctrl Pts',(80.,67.761,4.50000000000001));
#18314=CARTESIAN_POINT('Ctrl Pts',(80.,66.561,4.50000000000001));
#18315=CARTESIAN_POINT('Ctrl Pts',(78.8,66.561,4.50000000000001));
#18316=CARTESIAN_POINT('Ctrl Pts',(80.,67.761,3.75));
#18317=CARTESIAN_POINT('Ctrl Pts',(80.,66.561,3.75));
#18318=CARTESIAN_POINT('Ctrl Pts',(78.8,66.561,3.75));
#18319=CARTESIAN_POINT('',(78.8,67.311,4.5));
#18320=CARTESIAN_POINT('',(78.8,66.561,3.75));
#18321=CARTESIAN_POINT('Origin',(78.8,67.311,3.75));
#18322=CARTESIAN_POINT('Origin',(78.8,67.761,3.75));
#18323=CARTESIAN_POINT('Origin',(78.8,67.761,4.5));
#18324=CARTESIAN_POINT('Origin',(72.125,67.311,3.75));
#18325=CARTESIAN_POINT('',(72.125,67.311,4.5));
#18326=CARTESIAN_POINT('',(72.125,66.561,3.75));
#18327=CARTESIAN_POINT('Origin',(80.,66.561,0.));
#18328=CARTESIAN_POINT('',(80.,67.761,0.));
#18329=CARTESIAN_POINT('',(80.,67.761,0.));
#18330=CARTESIAN_POINT('',(80.,72.361,0.));
#18331=CARTESIAN_POINT('',(80.,73.561,0.));
#18332=CARTESIAN_POINT('',(80.,72.361,0.));
#18333=CARTESIAN_POINT('Origin',(78.8,67.761,0.));
#18334=CARTESIAN_POINT('',(78.8,66.561,0.));
#18335=CARTESIAN_POINT('',(78.8,66.561,0.));
#18336=CARTESIAN_POINT('Origin',(78.8,67.761,0.));
#18337=CARTESIAN_POINT('Origin',(69.5,66.561,0.));
#18338=CARTESIAN_POINT('',(70.7,66.561,0.));
#18339=CARTESIAN_POINT('',(70.7,66.561,0.));
#18340=CARTESIAN_POINT('',(80.,66.561,0.));
#18341=CARTESIAN_POINT('Origin',(70.7,67.761,0.));
#18342=CARTESIAN_POINT('',(69.5,67.761,0.));
#18343=CARTESIAN_POINT('',(69.5,67.761,0.));
#18344=CARTESIAN_POINT('Origin',(70.7,67.761,0.));
#18345=CARTESIAN_POINT('Origin',(74.75,70.061,4.5));
#18346=CARTESIAN_POINT('Origin',(78.8,72.361,0.));
#18347=CARTESIAN_POINT('',(78.8,73.561,0.));
#18348=CARTESIAN_POINT('Origin',(78.8,72.361,0.));
#18349=CARTESIAN_POINT('',(78.8,73.561,0.));
#18350=CARTESIAN_POINT('Origin',(74.75,70.061,0.));
#18351=CARTESIAN_POINT('',(69.5,72.361,0.));
#18352=CARTESIAN_POINT('',(69.5,66.561,0.));
#18353=CARTESIAN_POINT('',(70.7,73.561,0.));
#18354=CARTESIAN_POINT('Origin',(70.7,72.361,0.));
#18355=CARTESIAN_POINT('',(69.5,73.561,0.));
#18356=CARTESIAN_POINT('Origin',(70.7,72.361,0.));
#18357=CARTESIAN_POINT('',(70.7,73.561,0.));
#18358=CARTESIAN_POINT('',(69.5,72.361,0.));
#18359=CARTESIAN_POINT('Origin',(69.5,73.561,0.));
#18360=CARTESIAN_POINT('Origin',(80.,73.561,0.));
#18361=CARTESIAN_POINT('Ctrl Pts',(44.9,89.436,4.5));
#18362=CARTESIAN_POINT('Ctrl Pts',(44.45,89.436,4.5));
#18363=CARTESIAN_POINT('Ctrl Pts',(44.45,89.886,4.5));
#18364=CARTESIAN_POINT('Ctrl Pts',(44.9,88.686,4.5));
#18365=CARTESIAN_POINT('Ctrl Pts',(43.7,88.686,4.5));
#18366=CARTESIAN_POINT('Ctrl Pts',(43.7,89.886,4.5));
#18367=CARTESIAN_POINT('Ctrl Pts',(44.9,88.686,3.75));
#18368=CARTESIAN_POINT('Ctrl Pts',(43.7,88.686,3.75));
#18369=CARTESIAN_POINT('Ctrl Pts',(43.7,89.886,3.75));
#18370=CARTESIAN_POINT('',(44.9,88.686,3.75));
#18371=CARTESIAN_POINT('',(44.9,89.436,4.5));
#18372=CARTESIAN_POINT('Origin',(44.9,89.436,3.75));
#18373=CARTESIAN_POINT('',(44.45,89.886,4.5));
#18374=CARTESIAN_POINT('Origin',(44.9,89.886,4.5));
#18375=CARTESIAN_POINT('',(43.7,89.886,3.75));
#18376=CARTESIAN_POINT('Origin',(44.45,89.886,3.75));
#18377=CARTESIAN_POINT('Origin',(44.9,89.886,3.75));
#18378=CARTESIAN_POINT('Origin',(44.45,93.936,3.75));
#18379=CARTESIAN_POINT('',(44.45,94.486,4.5));
#18380=CARTESIAN_POINT('',(43.7,94.486,3.75));
#18381=CARTESIAN_POINT('Origin',(44.45,94.486,3.75));
#18382=CARTESIAN_POINT('',(43.7,93.936,3.75));
#18383=CARTESIAN_POINT('',(44.45,93.936,4.5));
#18384=CARTESIAN_POINT('Ctrl Pts',(44.45,94.486,4.5));
#18385=CARTESIAN_POINT('Ctrl Pts',(44.45,94.936,4.5));
#18386=CARTESIAN_POINT('Ctrl Pts',(44.9,94.936,4.5));
#18387=CARTESIAN_POINT('Ctrl Pts',(43.7,94.486,4.5));
#18388=CARTESIAN_POINT('Ctrl Pts',(43.7,95.686,4.5));
#18389=CARTESIAN_POINT('Ctrl Pts',(44.9,95.686,4.5));
#18390=CARTESIAN_POINT('Ctrl Pts',(43.7,94.486,3.75));
#18391=CARTESIAN_POINT('Ctrl Pts',(43.7,95.686,3.75));
#18392=CARTESIAN_POINT('Ctrl Pts',(44.9,95.686,3.75));
#18393=CARTESIAN_POINT('',(44.9,94.936,4.5));
#18394=CARTESIAN_POINT('',(44.9,95.686,3.75));
#18395=CARTESIAN_POINT('Origin',(44.9,94.936,3.75));
#18396=CARTESIAN_POINT('Origin',(44.9,94.486,3.75));
#18397=CARTESIAN_POINT('Origin',(44.9,94.486,4.5));
#18398=CARTESIAN_POINT('Origin',(51.575,94.936,3.75));
#18399=CARTESIAN_POINT('',(53.,94.936,4.5));
#18400=CARTESIAN_POINT('',(53.,95.686,3.75));
#18401=CARTESIAN_POINT('Origin',(53.,94.936,3.75));
#18402=CARTESIAN_POINT('',(51.575,95.686,3.75));
#18403=CARTESIAN_POINT('',(51.575,94.936,4.5));
#18404=CARTESIAN_POINT('Ctrl Pts',(53.,94.936,4.5));
#18405=CARTESIAN_POINT('Ctrl Pts',(53.45,94.936,4.5));
#18406=CARTESIAN_POINT('Ctrl Pts',(53.45,94.486,4.5));
#18407=CARTESIAN_POINT('Ctrl Pts',(53.,95.686,4.5));
#18408=CARTESIAN_POINT('Ctrl Pts',(54.2,95.686,4.5));
#18409=CARTESIAN_POINT('Ctrl Pts',(54.2,94.486,4.5));
#18410=CARTESIAN_POINT('Ctrl Pts',(53.,95.686,3.75));
#18411=CARTESIAN_POINT('Ctrl Pts',(54.2,95.686,3.75));
#18412=CARTESIAN_POINT('Ctrl Pts',(54.2,94.486,3.75));
#18413=CARTESIAN_POINT('',(53.45,94.486,4.5));
#18414=CARTESIAN_POINT('',(54.2,94.486,3.75));
#18415=CARTESIAN_POINT('Origin',(53.45,94.486,3.75));
#18416=CARTESIAN_POINT('Origin',(53.,94.486,3.75));
#18417=CARTESIAN_POINT('Origin',(53.,94.486,4.5));
#18418=CARTESIAN_POINT('Origin',(53.45,90.436,3.75));
#18419=CARTESIAN_POINT('',(53.45,89.886,4.5));
#18420=CARTESIAN_POINT('',(54.2,89.886,3.75));
#18421=CARTESIAN_POINT('Origin',(53.45,89.886,3.75));
#18422=CARTESIAN_POINT('',(54.2,90.436,3.75));
#18423=CARTESIAN_POINT('',(53.45,90.436,4.5));
#18424=CARTESIAN_POINT('Ctrl Pts',(53.45,89.886,4.5));
#18425=CARTESIAN_POINT('Ctrl Pts',(53.45,89.436,4.5));
#18426=CARTESIAN_POINT('Ctrl Pts',(53.,89.436,4.5));
#18427=CARTESIAN_POINT('Ctrl Pts',(54.2,89.886,4.5));
#18428=CARTESIAN_POINT('Ctrl Pts',(54.2,88.686,4.5));
#18429=CARTESIAN_POINT('Ctrl Pts',(53.,88.686,4.5));
#18430=CARTESIAN_POINT('Ctrl Pts',(54.2,89.886,3.75));
#18431=CARTESIAN_POINT('Ctrl Pts',(54.2,88.686,3.75));
#18432=CARTESIAN_POINT('Ctrl Pts',(53.,88.686,3.75));
#18433=CARTESIAN_POINT('',(53.,89.436,4.5));
#18434=CARTESIAN_POINT('',(53.,88.686,3.75));
#18435=CARTESIAN_POINT('Origin',(53.,89.436,3.75));
#18436=CARTESIAN_POINT('Origin',(53.,89.886,3.75));
#18437=CARTESIAN_POINT('Origin',(53.,89.886,4.5));
#18438=CARTESIAN_POINT('Origin',(46.325,89.436,3.75));
#18439=CARTESIAN_POINT('',(46.325,89.436,4.5));
#18440=CARTESIAN_POINT('',(46.325,88.686,3.75));
#18441=CARTESIAN_POINT('Origin',(54.2,88.686,0.));
#18442=CARTESIAN_POINT('',(54.2,89.886,0.));
#18443=CARTESIAN_POINT('',(54.2,89.886,0.));
#18444=CARTESIAN_POINT('',(54.2,94.486,0.));
#18445=CARTESIAN_POINT('',(54.2,95.686,0.));
#18446=CARTESIAN_POINT('',(54.2,94.486,0.));
#18447=CARTESIAN_POINT('Origin',(53.,89.886,0.));
#18448=CARTESIAN_POINT('',(53.,88.686,0.));
#18449=CARTESIAN_POINT('',(53.,88.686,0.));
#18450=CARTESIAN_POINT('Origin',(53.,89.886,0.));
#18451=CARTESIAN_POINT('Origin',(43.7,88.686,0.));
#18452=CARTESIAN_POINT('',(44.9,88.686,0.));
#18453=CARTESIAN_POINT('',(44.9,88.686,0.));
#18454=CARTESIAN_POINT('',(54.2,88.686,0.));
#18455=CARTESIAN_POINT('Origin',(44.9,89.886,0.));
#18456=CARTESIAN_POINT('',(43.7,89.886,0.));
#18457=CARTESIAN_POINT('',(43.7,89.886,0.));
#18458=CARTESIAN_POINT('Origin',(44.9,89.886,0.));
#18459=CARTESIAN_POINT('Origin',(48.95,92.186,4.5));
#18460=CARTESIAN_POINT('Origin',(53.,94.486,0.));
#18461=CARTESIAN_POINT('',(53.,95.686,0.));
#18462=CARTESIAN_POINT('Origin',(53.,94.486,0.));
#18463=CARTESIAN_POINT('',(53.,95.686,0.));
#18464=CARTESIAN_POINT('Origin',(44.9,94.486,0.));
#18465=CARTESIAN_POINT('',(44.9,95.686,0.));
#18466=CARTESIAN_POINT('',(44.9,95.686,0.));
#18467=CARTESIAN_POINT('',(43.7,94.486,0.));
#18468=CARTESIAN_POINT('Origin',(44.9,94.486,0.));
#18469=CARTESIAN_POINT('',(43.7,94.486,0.));
#18470=CARTESIAN_POINT('Origin',(54.2,95.686,0.));
#18471=CARTESIAN_POINT('',(43.7,95.686,0.));
#18472=CARTESIAN_POINT('Origin',(43.7,95.686,0.));
#18473=CARTESIAN_POINT('',(43.7,88.686,0.));
#18474=CARTESIAN_POINT('Origin',(48.95,92.186,0.));
#18475=CARTESIAN_POINT('Ctrl Pts',(44.9,100.061,4.5));
#18476=CARTESIAN_POINT('Ctrl Pts',(44.45,100.061,4.5));
#18477=CARTESIAN_POINT('Ctrl Pts',(44.45,100.511,4.5));
#18478=CARTESIAN_POINT('Ctrl Pts',(44.9,99.311,4.5));
#18479=CARTESIAN_POINT('Ctrl Pts',(43.7,99.311,4.5));
#18480=CARTESIAN_POINT('Ctrl Pts',(43.7,100.511,4.5));
#18481=CARTESIAN_POINT('Ctrl Pts',(44.9,99.311,3.75));
#18482=CARTESIAN_POINT('Ctrl Pts',(43.7,99.311,3.75));
#18483=CARTESIAN_POINT('Ctrl Pts',(43.7,100.511,3.75));
#18484=CARTESIAN_POINT('',(44.9,99.311,3.75));
#18485=CARTESIAN_POINT('',(44.9,100.061,4.5));
#18486=CARTESIAN_POINT('Origin',(44.9,100.061,3.75));
#18487=CARTESIAN_POINT('',(44.45,100.511,4.5));
#18488=CARTESIAN_POINT('Origin',(44.9,100.511,4.5));
#18489=CARTESIAN_POINT('',(43.7,100.511,3.75));
#18490=CARTESIAN_POINT('Origin',(44.45,100.511,3.75));
#18491=CARTESIAN_POINT('Origin',(44.9,100.511,3.75));
#18492=CARTESIAN_POINT('Origin',(44.45,104.561,3.75));
#18493=CARTESIAN_POINT('',(44.45,105.111,4.5));
#18494=CARTESIAN_POINT('',(43.7,105.111,3.75));
#18495=CARTESIAN_POINT('Origin',(44.45,105.111,3.75));
#18496=CARTESIAN_POINT('',(43.7,104.561,3.75));
#18497=CARTESIAN_POINT('',(44.45,104.561,4.5));
#18498=CARTESIAN_POINT('Ctrl Pts',(44.45,105.111,4.5));
#18499=CARTESIAN_POINT('Ctrl Pts',(44.45,105.561,4.5));
#18500=CARTESIAN_POINT('Ctrl Pts',(44.9,105.561,4.5));
#18501=CARTESIAN_POINT('Ctrl Pts',(43.7,105.111,4.5));
#18502=CARTESIAN_POINT('Ctrl Pts',(43.7,106.311,4.5));
#18503=CARTESIAN_POINT('Ctrl Pts',(44.9,106.311,4.5));
#18504=CARTESIAN_POINT('Ctrl Pts',(43.7,105.111,3.75));
#18505=CARTESIAN_POINT('Ctrl Pts',(43.7,106.311,3.75));
#18506=CARTESIAN_POINT('Ctrl Pts',(44.9,106.311,3.75));
#18507=CARTESIAN_POINT('',(44.9,105.561,4.5));
#18508=CARTESIAN_POINT('',(44.9,106.311,3.75));
#18509=CARTESIAN_POINT('Origin',(44.9,105.561,3.75));
#18510=CARTESIAN_POINT('Origin',(44.9,105.111,3.75));
#18511=CARTESIAN_POINT('Origin',(44.9,105.111,4.5));
#18512=CARTESIAN_POINT('Origin',(51.575,105.561,3.75));
#18513=CARTESIAN_POINT('',(53.,105.561,4.5));
#18514=CARTESIAN_POINT('',(53.,106.311,3.75));
#18515=CARTESIAN_POINT('Origin',(53.,105.561,3.75));
#18516=CARTESIAN_POINT('',(51.575,106.311,3.75));
#18517=CARTESIAN_POINT('',(51.575,105.561,4.5));
#18518=CARTESIAN_POINT('Ctrl Pts',(53.,105.561,4.5));
#18519=CARTESIAN_POINT('Ctrl Pts',(53.45,105.561,4.5));
#18520=CARTESIAN_POINT('Ctrl Pts',(53.45,105.111,4.5));
#18521=CARTESIAN_POINT('Ctrl Pts',(53.,106.311,4.5));
#18522=CARTESIAN_POINT('Ctrl Pts',(54.2,106.311,4.5));
#18523=CARTESIAN_POINT('Ctrl Pts',(54.2,105.111,4.5));
#18524=CARTESIAN_POINT('Ctrl Pts',(53.,106.311,3.75));
#18525=CARTESIAN_POINT('Ctrl Pts',(54.2,106.311,3.75));
#18526=CARTESIAN_POINT('Ctrl Pts',(54.2,105.111,3.75));
#18527=CARTESIAN_POINT('',(53.45,105.111,4.5));
#18528=CARTESIAN_POINT('',(54.2,105.111,3.75));
#18529=CARTESIAN_POINT('Origin',(53.45,105.111,3.75));
#18530=CARTESIAN_POINT('Origin',(53.,105.111,3.75));
#18531=CARTESIAN_POINT('Origin',(53.,105.111,4.5));
#18532=CARTESIAN_POINT('Origin',(53.45,101.061,3.75));
#18533=CARTESIAN_POINT('',(53.45,100.511,4.5));
#18534=CARTESIAN_POINT('',(54.2,100.511,3.75));
#18535=CARTESIAN_POINT('Origin',(53.45,100.511,3.75));
#18536=CARTESIAN_POINT('',(54.2,101.061,3.75));
#18537=CARTESIAN_POINT('',(53.45,101.061,4.5));
#18538=CARTESIAN_POINT('Ctrl Pts',(53.45,100.511,4.5));
#18539=CARTESIAN_POINT('Ctrl Pts',(53.45,100.061,4.5));
#18540=CARTESIAN_POINT('Ctrl Pts',(53.,100.061,4.5));
#18541=CARTESIAN_POINT('Ctrl Pts',(54.2,100.511,4.5));
#18542=CARTESIAN_POINT('Ctrl Pts',(54.2,99.311,4.5));
#18543=CARTESIAN_POINT('Ctrl Pts',(53.,99.311,4.5));
#18544=CARTESIAN_POINT('Ctrl Pts',(54.2,100.511,3.75));
#18545=CARTESIAN_POINT('Ctrl Pts',(54.2,99.311,3.75));
#18546=CARTESIAN_POINT('Ctrl Pts',(53.,99.311,3.75));
#18547=CARTESIAN_POINT('',(53.,100.061,4.5));
#18548=CARTESIAN_POINT('',(53.,99.311,3.75));
#18549=CARTESIAN_POINT('Origin',(53.,100.061,3.75));
#18550=CARTESIAN_POINT('Origin',(53.,100.511,3.75));
#18551=CARTESIAN_POINT('Origin',(53.,100.511,4.5));
#18552=CARTESIAN_POINT('Origin',(46.325,100.061,3.75));
#18553=CARTESIAN_POINT('',(46.325,100.061,4.5));
#18554=CARTESIAN_POINT('',(46.325,99.311,3.75));
#18555=CARTESIAN_POINT('Origin',(54.2,99.311,0.));
#18556=CARTESIAN_POINT('',(54.2,100.511,0.));
#18557=CARTESIAN_POINT('',(54.2,100.511,0.));
#18558=CARTESIAN_POINT('',(54.2,105.111,0.));
#18559=CARTESIAN_POINT('',(54.2,106.311,0.));
#18560=CARTESIAN_POINT('',(54.2,105.111,0.));
#18561=CARTESIAN_POINT('Origin',(53.,100.511,0.));
#18562=CARTESIAN_POINT('',(53.,99.311,0.));
#18563=CARTESIAN_POINT('',(53.,99.311,0.));
#18564=CARTESIAN_POINT('Origin',(53.,100.511,0.));
#18565=CARTESIAN_POINT('Origin',(43.7,99.311,0.));
#18566=CARTESIAN_POINT('',(44.9,99.311,0.));
#18567=CARTESIAN_POINT('',(44.9,99.311,0.));
#18568=CARTESIAN_POINT('',(54.2,99.311,0.));
#18569=CARTESIAN_POINT('Origin',(44.9,100.511,0.));
#18570=CARTESIAN_POINT('',(43.7,100.511,0.));
#18571=CARTESIAN_POINT('',(43.7,100.511,0.));
#18572=CARTESIAN_POINT('Origin',(44.9,100.511,0.));
#18573=CARTESIAN_POINT('Origin',(48.95,102.811,4.5));
#18574=CARTESIAN_POINT('Origin',(43.7,106.311,0.));
#18575=CARTESIAN_POINT('',(43.7,105.111,0.));
#18576=CARTESIAN_POINT('',(43.7,105.111,0.));
#18577=CARTESIAN_POINT('',(43.7,99.311,0.));
#18578=CARTESIAN_POINT('Origin',(44.9,105.111,0.));
#18579=CARTESIAN_POINT('',(44.9,106.311,0.));
#18580=CARTESIAN_POINT('',(44.9,106.311,0.));
#18581=CARTESIAN_POINT('Origin',(44.9,105.111,0.));
#18582=CARTESIAN_POINT('Origin',(54.2,106.311,0.));
#18583=CARTESIAN_POINT('',(53.,106.311,0.));
#18584=CARTESIAN_POINT('',(53.,106.311,0.));
#18585=CARTESIAN_POINT('',(43.7,106.311,0.));
#18586=CARTESIAN_POINT('Origin',(53.,105.111,0.));
#18587=CARTESIAN_POINT('Origin',(53.,105.111,0.));
#18588=CARTESIAN_POINT('Origin',(48.95,102.811,0.));
#18589=CARTESIAN_POINT('Origin',(32.,58.5001670127114,3.9));
#18590=CARTESIAN_POINT('',(32.,59.9001670127114,3.9));
#18591=CARTESIAN_POINT('',(32.,59.3001670127114,4.5));
#18592=CARTESIAN_POINT('Origin',(32.,59.3001670127114,3.9));
#18593=CARTESIAN_POINT('',(32.8,58.5001670127114,4.5));
#18594=CARTESIAN_POINT('Origin',(32.,58.5001670127114,4.5));
#18595=CARTESIAN_POINT('',(33.4,58.5001670127114,3.9));
#18596=CARTESIAN_POINT('Origin',(32.8,58.5001670127114,3.9));
#18597=CARTESIAN_POINT('Origin',(32.,58.5001670127114,3.9));
#18598=CARTESIAN_POINT('Origin',(32.8,52.7751670127114,3.9));
#18599=CARTESIAN_POINT('',(32.8,51.8001670127114,4.5));
#18600=CARTESIAN_POINT('',(33.4,51.8001670127114,3.9));
#18601=CARTESIAN_POINT('Origin',(32.8,51.8001670127114,3.9));
#18602=CARTESIAN_POINT('',(33.4,52.7751670127114,3.9));
#18603=CARTESIAN_POINT('',(32.8,52.7751670127114,4.5));
#18604=CARTESIAN_POINT('Origin',(32.,51.8001670127114,3.9));
#18605=CARTESIAN_POINT('',(32.,51.0001670127114,4.5));
#18606=CARTESIAN_POINT('',(32.,50.4001670127114,3.9));
#18607=CARTESIAN_POINT('Origin',(32.,51.0001670127114,3.9));
#18608=CARTESIAN_POINT('Origin',(32.,51.8001670127114,3.9));
#18609=CARTESIAN_POINT('Origin',(32.,51.8001670127114,4.5));
#18610=CARTESIAN_POINT('Origin',(24.25,51.0001670127114,3.9));
#18611=CARTESIAN_POINT('',(22.6,51.0001670127114,4.5));
#18612=CARTESIAN_POINT('',(22.6,50.4001670127114,3.9));
#18613=CARTESIAN_POINT('Origin',(22.6,51.0001670127114,3.9));
#18614=CARTESIAN_POINT('',(24.25,50.4001670127114,3.9));
#18615=CARTESIAN_POINT('',(24.25,51.0001670127114,4.5));
#18616=CARTESIAN_POINT('Origin',(22.6,51.8001670127114,3.9));
#18617=CARTESIAN_POINT('',(21.8,51.8001670127114,4.5));
#18618=CARTESIAN_POINT('',(21.2,51.8001670127114,3.9));
#18619=CARTESIAN_POINT('Origin',(21.8,51.8001670127114,3.9));
#18620=CARTESIAN_POINT('Origin',(22.6,51.8001670127114,3.9));
#18621=CARTESIAN_POINT('Origin',(22.6,51.8001670127114,4.5));
#18622=CARTESIAN_POINT('Origin',(21.8,57.5251670127114,3.9));
#18623=CARTESIAN_POINT('',(21.8,58.5001670127114,4.5));
#18624=CARTESIAN_POINT('',(21.2,58.5001670127114,3.9));
#18625=CARTESIAN_POINT('Origin',(21.8,58.5001670127114,3.9));
#18626=CARTESIAN_POINT('',(21.2,57.5251670127114,3.9));
#18627=CARTESIAN_POINT('',(21.8,57.5251670127114,4.5));
#18628=CARTESIAN_POINT('Origin',(22.6,58.5001670127114,3.9));
#18629=CARTESIAN_POINT('',(22.6,59.3001670127114,4.5));
#18630=CARTESIAN_POINT('',(22.6,59.9001670127114,3.9));
#18631=CARTESIAN_POINT('Origin',(22.6,59.3001670127114,3.9));
#18632=CARTESIAN_POINT('Origin',(22.6,58.5001670127114,3.9));
#18633=CARTESIAN_POINT('Origin',(22.6,58.5001670127114,4.5));
#18634=CARTESIAN_POINT('Origin',(30.35,59.3001670127114,3.9));
#18635=CARTESIAN_POINT('',(30.35,59.3001670127114,4.5));
#18636=CARTESIAN_POINT('',(30.35,59.9001670127114,3.9));
#18637=CARTESIAN_POINT('Origin',(21.2,59.9001670127114,0.));
#18638=CARTESIAN_POINT('',(21.2,58.5001670127114,0.));
#18639=CARTESIAN_POINT('',(21.2,58.5001670127114,0.));
#18640=CARTESIAN_POINT('',(21.2,51.8001670127114,0.));
#18641=CARTESIAN_POINT('',(21.2,59.9001670127114,0.));
#18642=CARTESIAN_POINT('',(21.2,51.8001670127114,0.));
#18643=CARTESIAN_POINT('Origin',(22.6,58.5001670127114,0.));
#18644=CARTESIAN_POINT('',(22.6,59.9001670127114,0.));
#18645=CARTESIAN_POINT('',(22.6,59.9001670127114,0.));
#18646=CARTESIAN_POINT('Origin',(22.6,58.5001670127114,0.));
#18647=CARTESIAN_POINT('Origin',(33.4,59.9001670127114,0.));
#18648=CARTESIAN_POINT('',(32.,59.9001670127114,0.));
#18649=CARTESIAN_POINT('',(32.,59.9001670127114,0.));
#18650=CARTESIAN_POINT('',(33.4,59.9001670127114,0.));
#18651=CARTESIAN_POINT('Origin',(32.,58.5001670127114,0.));
#18652=CARTESIAN_POINT('',(33.4,58.5001670127114,0.));
#18653=CARTESIAN_POINT('',(33.4,58.5001670127114,0.));
#18654=CARTESIAN_POINT('Origin',(32.,58.5001670127114,0.));
#18655=CARTESIAN_POINT('Origin',(27.3,55.1501670127114,4.5));
#18656=CARTESIAN_POINT('Origin',(27.3,55.1501670127114,0.));
#18657=CARTESIAN_POINT('',(33.4,51.8001670127114,0.));
#18658=CARTESIAN_POINT('',(33.4,50.4001670127114,0.));
#18659=CARTESIAN_POINT('',(32.,50.4001670127114,0.));
#18660=CARTESIAN_POINT('Origin',(32.,51.8001670127114,0.));
#18661=CARTESIAN_POINT('',(22.6,50.4001670127114,0.));
#18662=CARTESIAN_POINT('',(21.2,50.4001670127114,0.));
#18663=CARTESIAN_POINT('Origin',(22.6,51.8001670127114,0.));
#18664=CARTESIAN_POINT('Origin',(33.4,50.4001670127114,0.));
#18665=CARTESIAN_POINT('',(33.4,51.8001670127114,0.));
#18666=CARTESIAN_POINT('Origin',(32.,51.8001670127114,0.));
#18667=CARTESIAN_POINT('',(32.,50.4001670127114,0.));
#18668=CARTESIAN_POINT('Origin',(22.6,51.8001670127114,0.));
#18669=CARTESIAN_POINT('',(22.6,50.4001670127114,0.));
#18670=CARTESIAN_POINT('Origin',(21.2,50.4001670127114,0.));
#18671=CARTESIAN_POINT('Origin',(32.,18.0001670127115,3.9));
#18672=CARTESIAN_POINT('',(32.,19.4001670127115,3.9));
#18673=CARTESIAN_POINT('',(32.,18.8001670127115,4.5));
#18674=CARTESIAN_POINT('Origin',(32.,18.8001670127115,3.9));
#18675=CARTESIAN_POINT('',(32.8,18.0001670127115,4.5));
#18676=CARTESIAN_POINT('Origin',(32.,18.0001670127115,4.5));
#18677=CARTESIAN_POINT('',(33.4,18.0001670127115,3.9));
#18678=CARTESIAN_POINT('Origin',(32.8,18.0001670127115,3.9));
#18679=CARTESIAN_POINT('Origin',(32.,18.0001670127115,3.9));
#18680=CARTESIAN_POINT('Origin',(32.8,12.2751670127115,3.9));
#18681=CARTESIAN_POINT('',(32.8,11.3001670127115,4.5));
#18682=CARTESIAN_POINT('',(33.4,11.3001670127115,3.9));
#18683=CARTESIAN_POINT('Origin',(32.8,11.3001670127115,3.9));
#18684=CARTESIAN_POINT('',(33.4,12.2751670127115,3.9));
#18685=CARTESIAN_POINT('',(32.8,12.2751670127115,4.5));
#18686=CARTESIAN_POINT('Origin',(32.,11.3001670127115,3.9));
#18687=CARTESIAN_POINT('',(32.,10.5001670127115,4.5));
#18688=CARTESIAN_POINT('',(32.,9.90016701271152,3.9));
#18689=CARTESIAN_POINT('Origin',(32.,10.5001670127115,3.9));
#18690=CARTESIAN_POINT('Origin',(32.,11.3001670127115,3.9));
#18691=CARTESIAN_POINT('Origin',(32.,11.3001670127115,4.5));
#18692=CARTESIAN_POINT('Origin',(24.25,10.5001670127115,3.9));
#18693=CARTESIAN_POINT('',(22.6,10.5001670127115,4.5));
#18694=CARTESIAN_POINT('',(22.6,9.90016701271152,3.9));
#18695=CARTESIAN_POINT('Origin',(22.6,10.5001670127115,3.9));
#18696=CARTESIAN_POINT('',(24.25,9.90016701271152,3.9));
#18697=CARTESIAN_POINT('',(24.25,10.5001670127115,4.5));
#18698=CARTESIAN_POINT('Origin',(22.6,11.3001670127115,3.9));
#18699=CARTESIAN_POINT('',(21.8,11.3001670127115,4.5));
#18700=CARTESIAN_POINT('',(21.2,11.3001670127115,3.9));
#18701=CARTESIAN_POINT('Origin',(21.8,11.3001670127115,3.9));
#18702=CARTESIAN_POINT('Origin',(22.6,11.3001670127115,3.9));
#18703=CARTESIAN_POINT('Origin',(22.6,11.3001670127115,4.5));
#18704=CARTESIAN_POINT('Origin',(21.8,17.0251670127115,3.9));
#18705=CARTESIAN_POINT('',(21.8,18.0001670127115,4.5));
#18706=CARTESIAN_POINT('',(21.2,18.0001670127115,3.9));
#18707=CARTESIAN_POINT('Origin',(21.8,18.0001670127115,3.9));
#18708=CARTESIAN_POINT('',(21.2,17.0251670127115,3.9));
#18709=CARTESIAN_POINT('',(21.8,17.0251670127115,4.5));
#18710=CARTESIAN_POINT('Origin',(22.6,18.0001670127115,3.9));
#18711=CARTESIAN_POINT('',(22.6,18.8001670127115,4.5));
#18712=CARTESIAN_POINT('',(22.6,19.4001670127115,3.9));
#18713=CARTESIAN_POINT('Origin',(22.6,18.8001670127115,3.9));
#18714=CARTESIAN_POINT('Origin',(22.6,18.0001670127115,3.9));
#18715=CARTESIAN_POINT('Origin',(22.6,18.0001670127115,4.5));
#18716=CARTESIAN_POINT('Origin',(30.35,18.8001670127115,3.9));
#18717=CARTESIAN_POINT('',(30.35,18.8001670127115,4.5));
#18718=CARTESIAN_POINT('',(30.35,19.4001670127115,3.9));
#18719=CARTESIAN_POINT('Origin',(21.2,19.4001670127115,0.));
#18720=CARTESIAN_POINT('',(21.2,18.0001670127115,0.));
#18721=CARTESIAN_POINT('',(21.2,18.0001670127115,0.));
#18722=CARTESIAN_POINT('',(21.2,11.3001670127115,0.));
#18723=CARTESIAN_POINT('',(21.2,19.4001670127115,0.));
#18724=CARTESIAN_POINT('',(21.2,11.3001670127115,0.));
#18725=CARTESIAN_POINT('Origin',(22.6,18.0001670127115,0.));
#18726=CARTESIAN_POINT('',(22.6,19.4001670127115,0.));
#18727=CARTESIAN_POINT('',(22.6,19.4001670127115,0.));
#18728=CARTESIAN_POINT('Origin',(22.6,18.0001670127115,0.));
#18729=CARTESIAN_POINT('Origin',(33.4,19.4001670127115,0.));
#18730=CARTESIAN_POINT('',(32.,19.4001670127115,0.));
#18731=CARTESIAN_POINT('',(32.,19.4001670127115,0.));
#18732=CARTESIAN_POINT('',(33.4,19.4001670127115,0.));
#18733=CARTESIAN_POINT('Origin',(32.,18.0001670127115,0.));
#18734=CARTESIAN_POINT('',(33.4,18.0001670127115,0.));
#18735=CARTESIAN_POINT('',(33.4,18.0001670127115,0.));
#18736=CARTESIAN_POINT('Origin',(32.,18.0001670127115,0.));
#18737=CARTESIAN_POINT('Origin',(27.3,14.6501670127115,4.5));
#18738=CARTESIAN_POINT('Origin',(27.3,14.6501670127115,0.));
#18739=CARTESIAN_POINT('',(33.4,11.3001670127115,0.));
#18740=CARTESIAN_POINT('',(33.4,9.90016701271152,0.));
#18741=CARTESIAN_POINT('',(32.,9.90016701271152,0.));
#18742=CARTESIAN_POINT('Origin',(32.,11.3001670127115,0.));
#18743=CARTESIAN_POINT('',(22.6,9.90016701271152,0.));
#18744=CARTESIAN_POINT('',(21.2,9.90016701271152,0.));
#18745=CARTESIAN_POINT('Origin',(22.6,11.3001670127115,0.));
#18746=CARTESIAN_POINT('Origin',(33.4,9.90016701271152,0.));
#18747=CARTESIAN_POINT('',(33.4,11.3001670127115,0.));
#18748=CARTESIAN_POINT('Origin',(32.,11.3001670127115,0.));
#18749=CARTESIAN_POINT('',(32.,9.90016701271152,0.));
#18750=CARTESIAN_POINT('Origin',(22.6,11.3001670127115,0.));
#18751=CARTESIAN_POINT('',(22.6,9.90016701271152,0.));
#18752=CARTESIAN_POINT('Origin',(21.2,9.90016701271152,0.));
#18753=CARTESIAN_POINT('Origin',(62.4,31.5001670127115,3.9));
#18754=CARTESIAN_POINT('',(62.4,32.9001670127115,3.9));
#18755=CARTESIAN_POINT('',(62.4,32.3001670127115,4.5));
#18756=CARTESIAN_POINT('Origin',(62.4,32.3001670127115,3.9));
#18757=CARTESIAN_POINT('',(63.2,31.5001670127115,4.5));
#18758=CARTESIAN_POINT('Origin',(62.4,31.5001670127115,4.5));
#18759=CARTESIAN_POINT('',(63.8,31.5001670127115,3.9));
#18760=CARTESIAN_POINT('Origin',(63.2,31.5001670127115,3.9));
#18761=CARTESIAN_POINT('Origin',(62.4,31.5001670127115,3.9));
#18762=CARTESIAN_POINT('Origin',(63.2,25.7751670127115,3.9));
#18763=CARTESIAN_POINT('',(63.2,24.8001670127115,4.5));
#18764=CARTESIAN_POINT('',(63.8,24.8001670127115,3.9));
#18765=CARTESIAN_POINT('Origin',(63.2,24.8001670127115,3.9));
#18766=CARTESIAN_POINT('',(63.8,25.7751670127115,3.9));
#18767=CARTESIAN_POINT('',(63.2,25.7751670127115,4.5));
#18768=CARTESIAN_POINT('Origin',(62.4,24.8001670127115,3.9));
#18769=CARTESIAN_POINT('',(62.4,24.0001670127115,4.5));
#18770=CARTESIAN_POINT('',(62.4,23.4001670127115,3.9));
#18771=CARTESIAN_POINT('Origin',(62.4,24.0001670127115,3.9));
#18772=CARTESIAN_POINT('Origin',(62.4,24.8001670127115,3.9));
#18773=CARTESIAN_POINT('Origin',(62.4,24.8001670127115,4.5));
#18774=CARTESIAN_POINT('Origin',(54.65,24.0001670127115,3.9));
#18775=CARTESIAN_POINT('',(53.,24.0001670127115,4.5));
#18776=CARTESIAN_POINT('',(53.,23.4001670127115,3.9));
#18777=CARTESIAN_POINT('Origin',(53.,24.0001670127115,3.9));
#18778=CARTESIAN_POINT('',(54.65,23.4001670127115,3.9));
#18779=CARTESIAN_POINT('',(54.65,24.0001670127115,4.5));
#18780=CARTESIAN_POINT('Origin',(53.,24.8001670127115,3.9));
#18781=CARTESIAN_POINT('',(52.2,24.8001670127115,4.5));
#18782=CARTESIAN_POINT('',(51.6,24.8001670127115,3.9));
#18783=CARTESIAN_POINT('Origin',(52.2,24.8001670127115,3.9));
#18784=CARTESIAN_POINT('Origin',(53.,24.8001670127115,3.9));
#18785=CARTESIAN_POINT('Origin',(53.,24.8001670127115,4.5));
#18786=CARTESIAN_POINT('Origin',(52.2,30.5251670127115,3.9));
#18787=CARTESIAN_POINT('',(52.2,31.5001670127115,4.5));
#18788=CARTESIAN_POINT('',(51.6,31.5001670127115,3.9));
#18789=CARTESIAN_POINT('Origin',(52.2,31.5001670127115,3.9));
#18790=CARTESIAN_POINT('',(51.6,30.5251670127115,3.9));
#18791=CARTESIAN_POINT('',(52.2,30.5251670127115,4.5));
#18792=CARTESIAN_POINT('Origin',(53.,31.5001670127115,3.9));
#18793=CARTESIAN_POINT('',(53.,32.3001670127115,4.5));
#18794=CARTESIAN_POINT('',(53.,32.9001670127115,3.9));
#18795=CARTESIAN_POINT('Origin',(53.,32.3001670127115,3.9));
#18796=CARTESIAN_POINT('Origin',(53.,31.5001670127115,3.9));
#18797=CARTESIAN_POINT('Origin',(53.,31.5001670127115,4.5));
#18798=CARTESIAN_POINT('Origin',(60.75,32.3001670127115,3.9));
#18799=CARTESIAN_POINT('',(60.75,32.3001670127115,4.5));
#18800=CARTESIAN_POINT('',(60.75,32.9001670127115,3.9));
#18801=CARTESIAN_POINT('Origin',(51.6,32.9001670127115,0.));
#18802=CARTESIAN_POINT('',(51.6,31.5001670127115,0.));
#18803=CARTESIAN_POINT('',(51.6,31.5001670127115,0.));
#18804=CARTESIAN_POINT('',(51.6,24.8001670127115,0.));
#18805=CARTESIAN_POINT('',(51.6,32.9001670127115,0.));
#18806=CARTESIAN_POINT('',(51.6,24.8001670127115,0.));
#18807=CARTESIAN_POINT('Origin',(53.,31.5001670127115,0.));
#18808=CARTESIAN_POINT('',(53.,32.9001670127115,0.));
#18809=CARTESIAN_POINT('',(53.,32.9001670127115,0.));
#18810=CARTESIAN_POINT('Origin',(53.,31.5001670127115,0.));
#18811=CARTESIAN_POINT('Origin',(63.8,32.9001670127115,0.));
#18812=CARTESIAN_POINT('',(62.4,32.9001670127115,0.));
#18813=CARTESIAN_POINT('',(62.4,32.9001670127115,0.));
#18814=CARTESIAN_POINT('',(63.8,32.9001670127115,0.));
#18815=CARTESIAN_POINT('Origin',(62.4,31.5001670127115,0.));
#18816=CARTESIAN_POINT('',(63.8,31.5001670127115,0.));
#18817=CARTESIAN_POINT('',(63.8,31.5001670127115,0.));
#18818=CARTESIAN_POINT('Origin',(62.4,31.5001670127115,0.));
#18819=CARTESIAN_POINT('Origin',(57.7,28.1501670127115,4.5));
#18820=CARTESIAN_POINT('Origin',(57.7,28.1501670127115,0.));
#18821=CARTESIAN_POINT('',(63.8,24.8001670127115,0.));
#18822=CARTESIAN_POINT('',(63.8,23.4001670127115,0.));
#18823=CARTESIAN_POINT('',(62.4,23.4001670127115,0.));
#18824=CARTESIAN_POINT('Origin',(62.4,24.8001670127115,0.));
#18825=CARTESIAN_POINT('',(53.,23.4001670127115,0.));
#18826=CARTESIAN_POINT('',(51.6,23.4001670127115,0.));
#18827=CARTESIAN_POINT('Origin',(53.,24.8001670127115,0.));
#18828=CARTESIAN_POINT('Origin',(63.8,23.4001670127115,0.));
#18829=CARTESIAN_POINT('',(63.8,24.8001670127115,0.));
#18830=CARTESIAN_POINT('Origin',(62.4,24.8001670127115,0.));
#18831=CARTESIAN_POINT('',(62.4,23.4001670127115,0.));
#18832=CARTESIAN_POINT('Origin',(53.,24.8001670127115,0.));
#18833=CARTESIAN_POINT('',(53.,23.4001670127115,0.));
#18834=CARTESIAN_POINT('Origin',(51.6,23.4001670127115,0.));
#18835=CARTESIAN_POINT('Origin',(62.4,45.0001670127114,3.9));
#18836=CARTESIAN_POINT('',(62.4,46.4001670127114,3.9));
#18837=CARTESIAN_POINT('',(62.4,45.8001670127114,4.5));
#18838=CARTESIAN_POINT('Origin',(62.4,45.8001670127114,3.9));
#18839=CARTESIAN_POINT('',(63.2,45.0001670127114,4.5));
#18840=CARTESIAN_POINT('Origin',(62.4,45.0001670127114,4.5));
#18841=CARTESIAN_POINT('',(63.8,45.0001670127114,3.9));
#18842=CARTESIAN_POINT('Origin',(63.2,45.0001670127114,3.9));
#18843=CARTESIAN_POINT('Origin',(62.4,45.0001670127114,3.9));
#18844=CARTESIAN_POINT('Origin',(63.2,39.2751670127114,3.9));
#18845=CARTESIAN_POINT('',(63.2,38.3001670127114,4.5));
#18846=CARTESIAN_POINT('',(63.8,38.3001670127114,3.9));
#18847=CARTESIAN_POINT('Origin',(63.2,38.3001670127114,3.9));
#18848=CARTESIAN_POINT('',(63.8,39.2751670127114,3.9));
#18849=CARTESIAN_POINT('',(63.2,39.2751670127114,4.5));
#18850=CARTESIAN_POINT('Origin',(62.4,38.3001670127114,3.9));
#18851=CARTESIAN_POINT('',(62.4,37.5001670127114,4.5));
#18852=CARTESIAN_POINT('',(62.4,36.9001670127114,3.9));
#18853=CARTESIAN_POINT('Origin',(62.4,37.5001670127114,3.9));
#18854=CARTESIAN_POINT('Origin',(62.4,38.3001670127114,3.9));
#18855=CARTESIAN_POINT('Origin',(62.4,38.3001670127114,4.5));
#18856=CARTESIAN_POINT('Origin',(54.65,37.5001670127114,3.9));
#18857=CARTESIAN_POINT('',(53.,37.5001670127114,4.5));
#18858=CARTESIAN_POINT('',(53.,36.9001670127114,3.9));
#18859=CARTESIAN_POINT('Origin',(53.,37.5001670127114,3.9));
#18860=CARTESIAN_POINT('',(54.65,36.9001670127114,3.9));
#18861=CARTESIAN_POINT('',(54.65,37.5001670127114,4.5));
#18862=CARTESIAN_POINT('Origin',(53.,38.3001670127114,3.9));
#18863=CARTESIAN_POINT('',(52.2,38.3001670127114,4.5));
#18864=CARTESIAN_POINT('',(51.6,38.3001670127114,3.9));
#18865=CARTESIAN_POINT('Origin',(52.2,38.3001670127114,3.9));
#18866=CARTESIAN_POINT('Origin',(53.,38.3001670127114,3.9));
#18867=CARTESIAN_POINT('Origin',(53.,38.3001670127114,4.5));
#18868=CARTESIAN_POINT('Origin',(52.2,44.0251670127114,3.9));
#18869=CARTESIAN_POINT('',(52.2,45.0001670127114,4.5));
#18870=CARTESIAN_POINT('',(51.6,45.0001670127114,3.9));
#18871=CARTESIAN_POINT('Origin',(52.2,45.0001670127114,3.9));
#18872=CARTESIAN_POINT('',(51.6,44.0251670127114,3.9));
#18873=CARTESIAN_POINT('',(52.2,44.0251670127114,4.5));
#18874=CARTESIAN_POINT('Origin',(53.,45.0001670127114,3.9));
#18875=CARTESIAN_POINT('',(53.,45.8001670127114,4.5));
#18876=CARTESIAN_POINT('',(53.,46.4001670127114,3.9));
#18877=CARTESIAN_POINT('Origin',(53.,45.8001670127114,3.9));
#18878=CARTESIAN_POINT('Origin',(53.,45.0001670127114,3.9));
#18879=CARTESIAN_POINT('Origin',(53.,45.0001670127114,4.5));
#18880=CARTESIAN_POINT('Origin',(60.75,45.8001670127114,3.9));
#18881=CARTESIAN_POINT('',(60.75,45.8001670127114,4.5));
#18882=CARTESIAN_POINT('',(60.75,46.4001670127114,3.9));
#18883=CARTESIAN_POINT('Origin',(51.6,46.4001670127114,0.));
#18884=CARTESIAN_POINT('',(51.6,45.0001670127114,0.));
#18885=CARTESIAN_POINT('',(51.6,45.0001670127114,0.));
#18886=CARTESIAN_POINT('',(51.6,38.3001670127114,0.));
#18887=CARTESIAN_POINT('',(51.6,46.4001670127114,0.));
#18888=CARTESIAN_POINT('',(51.6,38.3001670127114,0.));
#18889=CARTESIAN_POINT('Origin',(53.,45.0001670127114,0.));
#18890=CARTESIAN_POINT('',(53.,46.4001670127114,0.));
#18891=CARTESIAN_POINT('',(53.,46.4001670127114,0.));
#18892=CARTESIAN_POINT('Origin',(53.,45.0001670127114,0.));
#18893=CARTESIAN_POINT('Origin',(63.8,46.4001670127114,0.));
#18894=CARTESIAN_POINT('',(62.4,46.4001670127114,0.));
#18895=CARTESIAN_POINT('',(62.4,46.4001670127114,0.));
#18896=CARTESIAN_POINT('',(63.8,46.4001670127114,0.));
#18897=CARTESIAN_POINT('Origin',(62.4,45.0001670127114,0.));
#18898=CARTESIAN_POINT('',(63.8,45.0001670127114,0.));
#18899=CARTESIAN_POINT('',(63.8,45.0001670127114,0.));
#18900=CARTESIAN_POINT('Origin',(62.4,45.0001670127114,0.));
#18901=CARTESIAN_POINT('Origin',(57.7,41.6501670127114,4.5));
#18902=CARTESIAN_POINT('Origin',(57.7,41.6501670127114,0.));
#18903=CARTESIAN_POINT('',(63.8,38.3001670127114,0.));
#18904=CARTESIAN_POINT('',(63.8,36.9001670127114,0.));
#18905=CARTESIAN_POINT('',(62.4,36.9001670127114,0.));
#18906=CARTESIAN_POINT('Origin',(62.4,38.3001670127114,0.));
#18907=CARTESIAN_POINT('',(53.,36.9001670127114,0.));
#18908=CARTESIAN_POINT('',(51.6,36.9001670127114,0.));
#18909=CARTESIAN_POINT('Origin',(53.,38.3001670127114,0.));
#18910=CARTESIAN_POINT('Origin',(63.8,36.9001670127114,0.));
#18911=CARTESIAN_POINT('',(63.8,38.3001670127114,0.));
#18912=CARTESIAN_POINT('Origin',(62.4,38.3001670127114,0.));
#18913=CARTESIAN_POINT('',(62.4,36.9001670127114,0.));
#18914=CARTESIAN_POINT('Origin',(53.,38.3001670127114,0.));
#18915=CARTESIAN_POINT('',(53.,36.9001670127114,0.));
#18916=CARTESIAN_POINT('Origin',(51.6,36.9001670127114,0.));
#18917=CARTESIAN_POINT('Origin',(47.2,58.5001670127114,3.9));
#18918=CARTESIAN_POINT('',(47.2,59.9001670127114,3.9));
#18919=CARTESIAN_POINT('',(47.2,59.3001670127114,4.5));
#18920=CARTESIAN_POINT('Origin',(47.2,59.3001670127114,3.9));
#18921=CARTESIAN_POINT('',(48.,58.5001670127114,4.5));
#18922=CARTESIAN_POINT('Origin',(47.2,58.5001670127114,4.5));
#18923=CARTESIAN_POINT('',(48.6,58.5001670127114,3.9));
#18924=CARTESIAN_POINT('Origin',(48.,58.5001670127114,3.9));
#18925=CARTESIAN_POINT('Origin',(47.2,58.5001670127114,3.9));
#18926=CARTESIAN_POINT('Origin',(48.,52.7751670127114,3.9));
#18927=CARTESIAN_POINT('',(48.,51.8001670127114,4.5));
#18928=CARTESIAN_POINT('',(48.6,51.8001670127114,3.9));
#18929=CARTESIAN_POINT('Origin',(48.,51.8001670127114,3.9));
#18930=CARTESIAN_POINT('',(48.6,52.7751670127114,3.9));
#18931=CARTESIAN_POINT('',(48.,52.7751670127114,4.5));
#18932=CARTESIAN_POINT('Origin',(47.2,51.8001670127114,3.9));
#18933=CARTESIAN_POINT('',(47.2,51.0001670127114,4.5));
#18934=CARTESIAN_POINT('',(47.2,50.4001670127114,3.9));
#18935=CARTESIAN_POINT('Origin',(47.2,51.0001670127114,3.9));
#18936=CARTESIAN_POINT('Origin',(47.2,51.8001670127114,3.9));
#18937=CARTESIAN_POINT('Origin',(47.2,51.8001670127114,4.5));
#18938=CARTESIAN_POINT('Origin',(39.45,51.0001670127114,3.9));
#18939=CARTESIAN_POINT('',(37.8,51.0001670127114,4.5));
#18940=CARTESIAN_POINT('',(37.8,50.4001670127114,3.9));
#18941=CARTESIAN_POINT('Origin',(37.8,51.0001670127114,3.9));
#18942=CARTESIAN_POINT('',(39.45,50.4001670127114,3.9));
#18943=CARTESIAN_POINT('',(39.45,51.0001670127114,4.5));
#18944=CARTESIAN_POINT('Origin',(37.8,51.8001670127114,3.9));
#18945=CARTESIAN_POINT('',(37.,51.8001670127114,4.5));
#18946=CARTESIAN_POINT('',(36.4,51.8001670127114,3.9));
#18947=CARTESIAN_POINT('Origin',(37.,51.8001670127114,3.9));
#18948=CARTESIAN_POINT('Origin',(37.8,51.8001670127114,3.9));
#18949=CARTESIAN_POINT('Origin',(37.8,51.8001670127114,4.5));
#18950=CARTESIAN_POINT('Origin',(37.,57.5251670127114,3.9));
#18951=CARTESIAN_POINT('',(37.,58.5001670127114,4.5));
#18952=CARTESIAN_POINT('',(36.4,58.5001670127114,3.9));
#18953=CARTESIAN_POINT('Origin',(37.,58.5001670127114,3.9));
#18954=CARTESIAN_POINT('',(36.4,57.5251670127114,3.9));
#18955=CARTESIAN_POINT('',(37.,57.5251670127114,4.5));
#18956=CARTESIAN_POINT('Origin',(37.8,58.5001670127114,3.9));
#18957=CARTESIAN_POINT('',(37.8,59.3001670127114,4.5));
#18958=CARTESIAN_POINT('',(37.8,59.9001670127114,3.9));
#18959=CARTESIAN_POINT('Origin',(37.8,59.3001670127114,3.9));
#18960=CARTESIAN_POINT('Origin',(37.8,58.5001670127114,3.9));
#18961=CARTESIAN_POINT('Origin',(37.8,58.5001670127114,4.5));
#18962=CARTESIAN_POINT('Origin',(45.55,59.3001670127114,3.9));
#18963=CARTESIAN_POINT('',(45.55,59.3001670127114,4.5));
#18964=CARTESIAN_POINT('',(45.55,59.9001670127114,3.9));
#18965=CARTESIAN_POINT('Origin',(36.4,59.9001670127114,0.));
#18966=CARTESIAN_POINT('',(36.4,58.5001670127114,0.));
#18967=CARTESIAN_POINT('',(36.4,58.5001670127114,0.));
#18968=CARTESIAN_POINT('',(36.4,51.8001670127114,0.));
#18969=CARTESIAN_POINT('',(36.4,59.9001670127114,0.));
#18970=CARTESIAN_POINT('',(36.4,51.8001670127114,0.));
#18971=CARTESIAN_POINT('Origin',(37.8,58.5001670127114,0.));
#18972=CARTESIAN_POINT('',(37.8,59.9001670127114,0.));
#18973=CARTESIAN_POINT('',(37.8,59.9001670127114,0.));
#18974=CARTESIAN_POINT('Origin',(37.8,58.5001670127114,0.));
#18975=CARTESIAN_POINT('Origin',(48.6,59.9001670127114,0.));
#18976=CARTESIAN_POINT('',(47.2,59.9001670127114,0.));
#18977=CARTESIAN_POINT('',(47.2,59.9001670127114,0.));
#18978=CARTESIAN_POINT('',(48.6,59.9001670127114,0.));
#18979=CARTESIAN_POINT('Origin',(47.2,58.5001670127114,0.));
#18980=CARTESIAN_POINT('',(48.6,58.5001670127114,0.));
#18981=CARTESIAN_POINT('',(48.6,58.5001670127114,0.));
#18982=CARTESIAN_POINT('Origin',(47.2,58.5001670127114,0.));
#18983=CARTESIAN_POINT('Origin',(42.5,55.1501670127114,4.5));
#18984=CARTESIAN_POINT('Origin',(48.6,50.4001670127114,0.));
#18985=CARTESIAN_POINT('',(48.6,51.8001670127114,0.));
#18986=CARTESIAN_POINT('',(48.6,51.8001670127114,0.));
#18987=CARTESIAN_POINT('',(48.6,50.4001670127114,0.));
#18988=CARTESIAN_POINT('Origin',(47.2,51.8001670127114,0.));
#18989=CARTESIAN_POINT('',(47.2,50.4001670127114,0.));
#18990=CARTESIAN_POINT('',(47.2,50.4001670127114,0.));
#18991=CARTESIAN_POINT('Origin',(47.2,51.8001670127114,0.));
#18992=CARTESIAN_POINT('Origin',(36.4,50.4001670127114,0.));
#18993=CARTESIAN_POINT('',(37.8,50.4001670127114,0.));
#18994=CARTESIAN_POINT('',(37.8,50.4001670127114,0.));
#18995=CARTESIAN_POINT('',(36.4,50.4001670127114,0.));
#18996=CARTESIAN_POINT('Origin',(37.8,51.8001670127114,0.));
#18997=CARTESIAN_POINT('Origin',(37.8,51.8001670127114,0.));
#18998=CARTESIAN_POINT('Origin',(42.5,55.1501670127114,0.));
#18999=CARTESIAN_POINT('Origin',(16.8,45.0001670127114,3.9));
#19000=CARTESIAN_POINT('',(16.8,46.4001670127114,3.9));
#19001=CARTESIAN_POINT('',(16.8,45.8001670127114,4.5));
#19002=CARTESIAN_POINT('Origin',(16.8,45.8001670127114,3.9));
#19003=CARTESIAN_POINT('',(17.6,45.0001670127114,4.5));
#19004=CARTESIAN_POINT('Origin',(16.8,45.0001670127114,4.5));
#19005=CARTESIAN_POINT('',(18.2,45.0001670127114,3.9));
#19006=CARTESIAN_POINT('Origin',(17.6,45.0001670127114,3.9));
#19007=CARTESIAN_POINT('Origin',(16.8,45.0001670127114,3.9));
#19008=CARTESIAN_POINT('Origin',(17.6,39.2751670127114,3.9));
#19009=CARTESIAN_POINT('',(17.6,38.3001670127114,4.5));
#19010=CARTESIAN_POINT('',(18.2,38.3001670127114,3.9));
#19011=CARTESIAN_POINT('Origin',(17.6,38.3001670127114,3.9));
#19012=CARTESIAN_POINT('',(18.2,39.2751670127114,3.9));
#19013=CARTESIAN_POINT('',(17.6,39.2751670127114,4.5));
#19014=CARTESIAN_POINT('Origin',(16.8,38.3001670127114,3.9));
#19015=CARTESIAN_POINT('',(16.8,37.5001670127114,4.5));
#19016=CARTESIAN_POINT('',(16.8,36.9001670127114,3.9));
#19017=CARTESIAN_POINT('Origin',(16.8,37.5001670127114,3.9));
#19018=CARTESIAN_POINT('Origin',(16.8,38.3001670127114,3.9));
#19019=CARTESIAN_POINT('Origin',(16.8,38.3001670127114,4.5));
#19020=CARTESIAN_POINT('Origin',(9.05,37.5001670127114,3.9));
#19021=CARTESIAN_POINT('',(7.4,37.5001670127114,4.5));
#19022=CARTESIAN_POINT('',(7.4,36.9001670127114,3.9));
#19023=CARTESIAN_POINT('Origin',(7.4,37.5001670127114,3.9));
#19024=CARTESIAN_POINT('',(9.05,36.9001670127114,3.9));
#19025=CARTESIAN_POINT('',(9.05,37.5001670127114,4.5));
#19026=CARTESIAN_POINT('Origin',(7.4,38.3001670127114,3.9));
#19027=CARTESIAN_POINT('',(6.6,38.3001670127114,4.5));
#19028=CARTESIAN_POINT('',(6.,38.3001670127114,3.9));
#19029=CARTESIAN_POINT('Origin',(6.6,38.3001670127114,3.9));
#19030=CARTESIAN_POINT('Origin',(7.4,38.3001670127114,3.9));
#19031=CARTESIAN_POINT('Origin',(7.4,38.3001670127114,4.5));
#19032=CARTESIAN_POINT('Origin',(6.6,44.0251670127114,3.9));
#19033=CARTESIAN_POINT('',(6.6,45.0001670127114,4.5));
#19034=CARTESIAN_POINT('',(6.,45.0001670127114,3.9));
#19035=CARTESIAN_POINT('Origin',(6.6,45.0001670127114,3.9));
#19036=CARTESIAN_POINT('',(6.,44.0251670127114,3.9));
#19037=CARTESIAN_POINT('',(6.6,44.0251670127114,4.5));
#19038=CARTESIAN_POINT('Origin',(7.4,45.0001670127114,3.9));
#19039=CARTESIAN_POINT('',(7.4,45.8001670127114,4.5));
#19040=CARTESIAN_POINT('',(7.4,46.4001670127114,3.9));
#19041=CARTESIAN_POINT('Origin',(7.4,45.8001670127114,3.9));
#19042=CARTESIAN_POINT('Origin',(7.4,45.0001670127114,3.9));
#19043=CARTESIAN_POINT('Origin',(7.4,45.0001670127114,4.5));
#19044=CARTESIAN_POINT('Origin',(15.15,45.8001670127114,3.9));
#19045=CARTESIAN_POINT('',(15.15,45.8001670127114,4.5));
#19046=CARTESIAN_POINT('',(15.15,46.4001670127114,3.9));
#19047=CARTESIAN_POINT('Origin',(6.,46.4001670127114,0.));
#19048=CARTESIAN_POINT('',(6.,45.0001670127114,0.));
#19049=CARTESIAN_POINT('',(6.,45.0001670127114,0.));
#19050=CARTESIAN_POINT('',(6.,38.3001670127114,0.));
#19051=CARTESIAN_POINT('',(6.,46.4001670127114,0.));
#19052=CARTESIAN_POINT('',(6.,38.3001670127114,0.));
#19053=CARTESIAN_POINT('Origin',(7.4,45.0001670127114,0.));
#19054=CARTESIAN_POINT('',(7.4,46.4001670127114,0.));
#19055=CARTESIAN_POINT('',(7.4,46.4001670127114,0.));
#19056=CARTESIAN_POINT('Origin',(7.4,45.0001670127114,0.));
#19057=CARTESIAN_POINT('Origin',(18.2,46.4001670127114,0.));
#19058=CARTESIAN_POINT('',(16.8,46.4001670127114,0.));
#19059=CARTESIAN_POINT('',(16.8,46.4001670127114,0.));
#19060=CARTESIAN_POINT('',(18.2,46.4001670127114,0.));
#19061=CARTESIAN_POINT('Origin',(16.8,45.0001670127114,0.));
#19062=CARTESIAN_POINT('',(18.2,45.0001670127114,0.));
#19063=CARTESIAN_POINT('',(18.2,45.0001670127114,0.));
#19064=CARTESIAN_POINT('Origin',(16.8,45.0001670127114,0.));
#19065=CARTESIAN_POINT('Origin',(12.1,41.6501670127114,4.5));
#19066=CARTESIAN_POINT('Origin',(12.1,41.6501670127114,0.));
#19067=CARTESIAN_POINT('',(18.2,38.3001670127114,0.));
#19068=CARTESIAN_POINT('',(18.2,36.9001670127114,0.));
#19069=CARTESIAN_POINT('',(16.8,36.9001670127114,0.));
#19070=CARTESIAN_POINT('Origin',(16.8,38.3001670127114,0.));
#19071=CARTESIAN_POINT('',(7.4,36.9001670127114,0.));
#19072=CARTESIAN_POINT('',(6.,36.9001670127114,0.));
#19073=CARTESIAN_POINT('Origin',(7.4,38.3001670127114,0.));
#19074=CARTESIAN_POINT('Origin',(16.8,38.3001670127114,0.));
#19075=CARTESIAN_POINT('',(16.8,36.9001670127114,0.));
#19076=CARTESIAN_POINT('',(18.2,38.3001670127114,0.));
#19077=CARTESIAN_POINT('Origin',(6.,36.9001670127114,0.));
#19078=CARTESIAN_POINT('',(7.4,36.9001670127114,0.));
#19079=CARTESIAN_POINT('Origin',(7.4,38.3001670127114,0.));
#19080=CARTESIAN_POINT('Origin',(18.2,36.9001670127114,0.));
#19081=CARTESIAN_POINT('Origin',(47.2,45.0001670127114,3.9));
#19082=CARTESIAN_POINT('',(47.2,46.4001670127114,3.9));
#19083=CARTESIAN_POINT('',(47.2,45.8001670127114,4.5));
#19084=CARTESIAN_POINT('Origin',(47.2,45.8001670127114,3.9));
#19085=CARTESIAN_POINT('',(48.,45.0001670127114,4.5));
#19086=CARTESIAN_POINT('Origin',(47.2,45.0001670127114,4.5));
#19087=CARTESIAN_POINT('',(48.6,45.0001670127114,3.9));
#19088=CARTESIAN_POINT('Origin',(48.,45.0001670127114,3.9));
#19089=CARTESIAN_POINT('Origin',(47.2,45.0001670127114,3.9));
#19090=CARTESIAN_POINT('Origin',(48.,39.2751670127114,3.9));
#19091=CARTESIAN_POINT('',(48.,38.3001670127114,4.5));
#19092=CARTESIAN_POINT('',(48.6,38.3001670127114,3.9));
#19093=CARTESIAN_POINT('Origin',(48.,38.3001670127114,3.9));
#19094=CARTESIAN_POINT('',(48.6,39.2751670127114,3.9));
#19095=CARTESIAN_POINT('',(48.,39.2751670127114,4.5));
#19096=CARTESIAN_POINT('Origin',(47.2,38.3001670127114,3.9));
#19097=CARTESIAN_POINT('',(47.2,37.5001670127114,4.5));
#19098=CARTESIAN_POINT('',(47.2,36.9001670127114,3.9));
#19099=CARTESIAN_POINT('Origin',(47.2,37.5001670127114,3.9));
#19100=CARTESIAN_POINT('Origin',(47.2,38.3001670127114,3.9));
#19101=CARTESIAN_POINT('Origin',(47.2,38.3001670127114,4.5));
#19102=CARTESIAN_POINT('Origin',(39.45,37.5001670127114,3.9));
#19103=CARTESIAN_POINT('',(37.8,37.5001670127114,4.5));
#19104=CARTESIAN_POINT('',(37.8,36.9001670127114,3.9));
#19105=CARTESIAN_POINT('Origin',(37.8,37.5001670127114,3.9));
#19106=CARTESIAN_POINT('',(39.45,36.9001670127114,3.9));
#19107=CARTESIAN_POINT('',(39.45,37.5001670127114,4.5));
#19108=CARTESIAN_POINT('Origin',(37.8,38.3001670127114,3.9));
#19109=CARTESIAN_POINT('',(37.,38.3001670127114,4.5));
#19110=CARTESIAN_POINT('',(36.4,38.3001670127114,3.9));
#19111=CARTESIAN_POINT('Origin',(37.,38.3001670127114,3.9));
#19112=CARTESIAN_POINT('Origin',(37.8,38.3001670127114,3.9));
#19113=CARTESIAN_POINT('Origin',(37.8,38.3001670127114,4.5));
#19114=CARTESIAN_POINT('Origin',(37.,44.0251670127114,3.9));
#19115=CARTESIAN_POINT('',(37.,45.0001670127114,4.5));
#19116=CARTESIAN_POINT('',(36.4,45.0001670127114,3.9));
#19117=CARTESIAN_POINT('Origin',(37.,45.0001670127114,3.9));
#19118=CARTESIAN_POINT('',(36.4,44.0251670127114,3.9));
#19119=CARTESIAN_POINT('',(37.,44.0251670127114,4.5));
#19120=CARTESIAN_POINT('Origin',(37.8,45.0001670127114,3.9));
#19121=CARTESIAN_POINT('',(37.8,45.8001670127114,4.5));
#19122=CARTESIAN_POINT('',(37.8,46.4001670127114,3.9));
#19123=CARTESIAN_POINT('Origin',(37.8,45.8001670127114,3.9));
#19124=CARTESIAN_POINT('Origin',(37.8,45.0001670127114,3.9));
#19125=CARTESIAN_POINT('Origin',(37.8,45.0001670127114,4.5));
#19126=CARTESIAN_POINT('Origin',(45.55,45.8001670127114,3.9));
#19127=CARTESIAN_POINT('',(45.55,45.8001670127114,4.5));
#19128=CARTESIAN_POINT('',(45.55,46.4001670127114,3.9));
#19129=CARTESIAN_POINT('Origin',(36.4,46.4001670127114,0.));
#19130=CARTESIAN_POINT('',(36.4,45.0001670127114,0.));
#19131=CARTESIAN_POINT('',(36.4,45.0001670127114,0.));
#19132=CARTESIAN_POINT('',(36.4,38.3001670127114,0.));
#19133=CARTESIAN_POINT('',(36.4,46.4001670127114,0.));
#19134=CARTESIAN_POINT('',(36.4,38.3001670127114,0.));
#19135=CARTESIAN_POINT('Origin',(37.8,45.0001670127114,0.));
#19136=CARTESIAN_POINT('',(37.8,46.4001670127114,0.));
#19137=CARTESIAN_POINT('',(37.8,46.4001670127114,0.));
#19138=CARTESIAN_POINT('Origin',(37.8,45.0001670127114,0.));
#19139=CARTESIAN_POINT('Origin',(48.6,46.4001670127114,0.));
#19140=CARTESIAN_POINT('',(47.2,46.4001670127114,0.));
#19141=CARTESIAN_POINT('',(47.2,46.4001670127114,0.));
#19142=CARTESIAN_POINT('',(48.6,46.4001670127114,0.));
#19143=CARTESIAN_POINT('Origin',(47.2,45.0001670127114,0.));
#19144=CARTESIAN_POINT('',(48.6,45.0001670127114,0.));
#19145=CARTESIAN_POINT('',(48.6,45.0001670127114,0.));
#19146=CARTESIAN_POINT('Origin',(47.2,45.0001670127114,0.));
#19147=CARTESIAN_POINT('Origin',(42.5,41.6501670127114,4.5));
#19148=CARTESIAN_POINT('Origin',(42.5,41.6501670127114,0.));
#19149=CARTESIAN_POINT('',(48.6,38.3001670127114,0.));
#19150=CARTESIAN_POINT('',(48.6,36.9001670127114,0.));
#19151=CARTESIAN_POINT('',(47.2,36.9001670127114,0.));
#19152=CARTESIAN_POINT('Origin',(47.2,38.3001670127114,0.));
#19153=CARTESIAN_POINT('',(37.8,36.9001670127114,0.));
#19154=CARTESIAN_POINT('',(36.4,36.9001670127114,0.));
#19155=CARTESIAN_POINT('Origin',(37.8,38.3001670127114,0.));
#19156=CARTESIAN_POINT('Origin',(48.6,36.9001670127114,0.));
#19157=CARTESIAN_POINT('',(48.6,38.3001670127114,0.));
#19158=CARTESIAN_POINT('Origin',(47.2,38.3001670127114,0.));
#19159=CARTESIAN_POINT('',(47.2,36.9001670127114,0.));
#19160=CARTESIAN_POINT('Origin',(37.8,38.3001670127114,0.));
#19161=CARTESIAN_POINT('',(37.8,36.9001670127114,0.));
#19162=CARTESIAN_POINT('Origin',(36.4,36.9001670127114,0.));
#19163=CARTESIAN_POINT('Origin',(16.8,31.5001670127115,3.9));
#19164=CARTESIAN_POINT('',(16.8,32.9001670127115,3.9));
#19165=CARTESIAN_POINT('',(16.8,32.3001670127115,4.5));
#19166=CARTESIAN_POINT('Origin',(16.8,32.3001670127115,3.9));
#19167=CARTESIAN_POINT('',(17.6,31.5001670127115,4.5));
#19168=CARTESIAN_POINT('Origin',(16.8,31.5001670127115,4.5));
#19169=CARTESIAN_POINT('',(18.2,31.5001670127115,3.9));
#19170=CARTESIAN_POINT('Origin',(17.6,31.5001670127115,3.9));
#19171=CARTESIAN_POINT('Origin',(16.8,31.5001670127115,3.9));
#19172=CARTESIAN_POINT('Origin',(17.6,25.7751670127115,3.9));
#19173=CARTESIAN_POINT('',(17.6,24.8001670127115,4.5));
#19174=CARTESIAN_POINT('',(18.2,24.8001670127115,3.9));
#19175=CARTESIAN_POINT('Origin',(17.6,24.8001670127115,3.9));
#19176=CARTESIAN_POINT('',(18.2,25.7751670127115,3.9));
#19177=CARTESIAN_POINT('',(17.6,25.7751670127115,4.5));
#19178=CARTESIAN_POINT('Origin',(16.8,24.8001670127115,3.9));
#19179=CARTESIAN_POINT('',(16.8,24.0001670127115,4.5));
#19180=CARTESIAN_POINT('',(16.8,23.4001670127115,3.9));
#19181=CARTESIAN_POINT('Origin',(16.8,24.0001670127115,3.9));
#19182=CARTESIAN_POINT('Origin',(16.8,24.8001670127115,3.9));
#19183=CARTESIAN_POINT('Origin',(16.8,24.8001670127115,4.5));
#19184=CARTESIAN_POINT('Origin',(9.05,24.0001670127115,3.9));
#19185=CARTESIAN_POINT('',(7.4,24.0001670127115,4.5));
#19186=CARTESIAN_POINT('',(7.4,23.4001670127115,3.9));
#19187=CARTESIAN_POINT('Origin',(7.4,24.0001670127115,3.9));
#19188=CARTESIAN_POINT('',(9.05,23.4001670127115,3.9));
#19189=CARTESIAN_POINT('',(9.05,24.0001670127115,4.5));
#19190=CARTESIAN_POINT('Origin',(7.4,24.8001670127115,3.9));
#19191=CARTESIAN_POINT('',(6.6,24.8001670127115,4.5));
#19192=CARTESIAN_POINT('',(6.,24.8001670127115,3.9));
#19193=CARTESIAN_POINT('Origin',(6.6,24.8001670127115,3.9));
#19194=CARTESIAN_POINT('Origin',(7.4,24.8001670127115,3.9));
#19195=CARTESIAN_POINT('Origin',(7.4,24.8001670127115,4.5));
#19196=CARTESIAN_POINT('Origin',(6.6,30.5251670127115,3.9));
#19197=CARTESIAN_POINT('',(6.6,31.5001670127115,4.5));
#19198=CARTESIAN_POINT('',(6.,31.5001670127115,3.9));
#19199=CARTESIAN_POINT('Origin',(6.6,31.5001670127115,3.9));
#19200=CARTESIAN_POINT('',(6.,30.5251670127115,3.9));
#19201=CARTESIAN_POINT('',(6.6,30.5251670127115,4.5));
#19202=CARTESIAN_POINT('Origin',(7.4,31.5001670127115,3.9));
#19203=CARTESIAN_POINT('',(7.4,32.3001670127115,4.5));
#19204=CARTESIAN_POINT('',(7.4,32.9001670127115,3.9));
#19205=CARTESIAN_POINT('Origin',(7.4,32.3001670127115,3.9));
#19206=CARTESIAN_POINT('Origin',(7.4,31.5001670127115,3.9));
#19207=CARTESIAN_POINT('Origin',(7.4,31.5001670127115,4.5));
#19208=CARTESIAN_POINT('Origin',(15.15,32.3001670127115,3.9));
#19209=CARTESIAN_POINT('',(15.15,32.3001670127115,4.5));
#19210=CARTESIAN_POINT('',(15.15,32.9001670127115,3.9));
#19211=CARTESIAN_POINT('Origin',(6.,32.9001670127115,0.));
#19212=CARTESIAN_POINT('',(6.,31.5001670127115,0.));
#19213=CARTESIAN_POINT('',(6.,31.5001670127115,0.));
#19214=CARTESIAN_POINT('',(6.,24.8001670127115,0.));
#19215=CARTESIAN_POINT('',(6.,32.9001670127115,0.));
#19216=CARTESIAN_POINT('',(6.,24.8001670127115,0.));
#19217=CARTESIAN_POINT('Origin',(7.4,31.5001670127115,0.));
#19218=CARTESIAN_POINT('',(7.4,32.9001670127115,0.));
#19219=CARTESIAN_POINT('',(7.4,32.9001670127115,0.));
#19220=CARTESIAN_POINT('Origin',(7.4,31.5001670127115,0.));
#19221=CARTESIAN_POINT('Origin',(18.2,32.9001670127115,0.));
#19222=CARTESIAN_POINT('',(16.8,32.9001670127115,0.));
#19223=CARTESIAN_POINT('',(16.8,32.9001670127115,0.));
#19224=CARTESIAN_POINT('',(18.2,32.9001670127115,0.));
#19225=CARTESIAN_POINT('Origin',(16.8,31.5001670127115,0.));
#19226=CARTESIAN_POINT('',(18.2,31.5001670127115,0.));
#19227=CARTESIAN_POINT('',(18.2,31.5001670127115,0.));
#19228=CARTESIAN_POINT('Origin',(16.8,31.5001670127115,0.));
#19229=CARTESIAN_POINT('Origin',(12.1,28.1501670127115,4.5));
#19230=CARTESIAN_POINT('Origin',(18.2,23.4001670127115,0.));
#19231=CARTESIAN_POINT('',(18.2,24.8001670127115,0.));
#19232=CARTESIAN_POINT('',(18.2,24.8001670127115,0.));
#19233=CARTESIAN_POINT('',(18.2,23.4001670127115,0.));
#19234=CARTESIAN_POINT('Origin',(16.8,24.8001670127115,0.));
#19235=CARTESIAN_POINT('',(16.8,23.4001670127115,0.));
#19236=CARTESIAN_POINT('',(16.8,23.4001670127115,0.));
#19237=CARTESIAN_POINT('Origin',(16.8,24.8001670127115,0.));
#19238=CARTESIAN_POINT('Origin',(6.,23.4001670127115,0.));
#19239=CARTESIAN_POINT('',(7.4,23.4001670127115,0.));
#19240=CARTESIAN_POINT('',(7.4,23.4001670127115,0.));
#19241=CARTESIAN_POINT('',(6.,23.4001670127115,0.));
#19242=CARTESIAN_POINT('Origin',(7.4,24.8001670127115,0.));
#19243=CARTESIAN_POINT('Origin',(7.4,24.8001670127115,0.));
#19244=CARTESIAN_POINT('Origin',(12.1,28.1501670127115,0.));
#19245=CARTESIAN_POINT('Origin',(62.4,18.0001670127115,3.9));
#19246=CARTESIAN_POINT('',(62.4,19.4001670127115,3.9));
#19247=CARTESIAN_POINT('',(62.4,18.8001670127115,4.5));
#19248=CARTESIAN_POINT('Origin',(62.4,18.8001670127115,3.9));
#19249=CARTESIAN_POINT('',(63.2,18.0001670127115,4.5));
#19250=CARTESIAN_POINT('Origin',(62.4,18.0001670127115,4.5));
#19251=CARTESIAN_POINT('',(63.8,18.0001670127115,3.9));
#19252=CARTESIAN_POINT('Origin',(63.2,18.0001670127115,3.9));
#19253=CARTESIAN_POINT('Origin',(62.4,18.0001670127115,3.9));
#19254=CARTESIAN_POINT('Origin',(63.2,12.2751670127115,3.9));
#19255=CARTESIAN_POINT('',(63.2,11.3001670127115,4.5));
#19256=CARTESIAN_POINT('',(63.8,11.3001670127115,3.9));
#19257=CARTESIAN_POINT('Origin',(63.2,11.3001670127115,3.9));
#19258=CARTESIAN_POINT('',(63.8,12.2751670127115,3.9));
#19259=CARTESIAN_POINT('',(63.2,12.2751670127115,4.5));
#19260=CARTESIAN_POINT('Origin',(62.4,11.3001670127115,3.9));
#19261=CARTESIAN_POINT('',(62.4,10.5001670127115,4.5));
#19262=CARTESIAN_POINT('',(62.4,9.90016701271152,3.9));
#19263=CARTESIAN_POINT('Origin',(62.4,10.5001670127115,3.9));
#19264=CARTESIAN_POINT('Origin',(62.4,11.3001670127115,3.9));
#19265=CARTESIAN_POINT('Origin',(62.4,11.3001670127115,4.5));
#19266=CARTESIAN_POINT('Origin',(54.65,10.5001670127115,3.9));
#19267=CARTESIAN_POINT('',(53.,10.5001670127115,4.5));
#19268=CARTESIAN_POINT('',(53.,9.90016701271152,3.9));
#19269=CARTESIAN_POINT('Origin',(53.,10.5001670127115,3.9));
#19270=CARTESIAN_POINT('',(54.65,9.90016701271152,3.9));
#19271=CARTESIAN_POINT('',(54.65,10.5001670127115,4.5));
#19272=CARTESIAN_POINT('Origin',(53.,11.3001670127115,3.9));
#19273=CARTESIAN_POINT('',(52.2,11.3001670127115,4.5));
#19274=CARTESIAN_POINT('',(51.6,11.3001670127115,3.9));
#19275=CARTESIAN_POINT('Origin',(52.2,11.3001670127115,3.9));
#19276=CARTESIAN_POINT('Origin',(53.,11.3001670127115,3.9));
#19277=CARTESIAN_POINT('Origin',(53.,11.3001670127115,4.5));
#19278=CARTESIAN_POINT('Origin',(52.2,17.0251670127115,3.9));
#19279=CARTESIAN_POINT('',(52.2,18.0001670127115,4.5));
#19280=CARTESIAN_POINT('',(51.6,18.0001670127115,3.9));
#19281=CARTESIAN_POINT('Origin',(52.2,18.0001670127115,3.9));
#19282=CARTESIAN_POINT('',(51.6,17.0251670127115,3.9));
#19283=CARTESIAN_POINT('',(52.2,17.0251670127115,4.5));
#19284=CARTESIAN_POINT('Origin',(53.,18.0001670127115,3.9));
#19285=CARTESIAN_POINT('',(53.,18.8001670127115,4.5));
#19286=CARTESIAN_POINT('',(53.,19.4001670127115,3.9));
#19287=CARTESIAN_POINT('Origin',(53.,18.8001670127115,3.9));
#19288=CARTESIAN_POINT('Origin',(53.,18.0001670127115,3.9));
#19289=CARTESIAN_POINT('Origin',(53.,18.0001670127115,4.5));
#19290=CARTESIAN_POINT('Origin',(60.75,18.8001670127115,3.9));
#19291=CARTESIAN_POINT('',(60.75,18.8001670127115,4.5));
#19292=CARTESIAN_POINT('',(60.75,19.4001670127115,3.9));
#19293=CARTESIAN_POINT('Origin',(51.6,19.4001670127115,0.));
#19294=CARTESIAN_POINT('',(51.6,18.0001670127115,0.));
#19295=CARTESIAN_POINT('',(51.6,18.0001670127115,0.));
#19296=CARTESIAN_POINT('',(51.6,11.3001670127115,0.));
#19297=CARTESIAN_POINT('',(51.6,19.4001670127115,0.));
#19298=CARTESIAN_POINT('',(51.6,11.3001670127115,0.));
#19299=CARTESIAN_POINT('Origin',(53.,18.0001670127115,0.));
#19300=CARTESIAN_POINT('',(53.,19.4001670127115,0.));
#19301=CARTESIAN_POINT('',(53.,19.4001670127115,0.));
#19302=CARTESIAN_POINT('Origin',(53.,18.0001670127115,0.));
#19303=CARTESIAN_POINT('Origin',(63.8,19.4001670127115,0.));
#19304=CARTESIAN_POINT('',(62.4,19.4001670127115,0.));
#19305=CARTESIAN_POINT('',(62.4,19.4001670127115,0.));
#19306=CARTESIAN_POINT('',(63.8,19.4001670127115,0.));
#19307=CARTESIAN_POINT('Origin',(62.4,18.0001670127115,0.));
#19308=CARTESIAN_POINT('',(63.8,18.0001670127115,0.));
#19309=CARTESIAN_POINT('',(63.8,18.0001670127115,0.));
#19310=CARTESIAN_POINT('Origin',(62.4,18.0001670127115,0.));
#19311=CARTESIAN_POINT('Origin',(57.7,14.6501670127115,4.5));
#19312=CARTESIAN_POINT('Origin',(57.7,14.6501670127115,0.));
#19313=CARTESIAN_POINT('',(63.8,11.3001670127115,0.));
#19314=CARTESIAN_POINT('',(63.8,9.90016701271152,0.));
#19315=CARTESIAN_POINT('',(62.4,9.90016701271152,0.));
#19316=CARTESIAN_POINT('Origin',(62.4,11.3001670127115,0.));
#19317=CARTESIAN_POINT('',(53.,9.90016701271152,0.));
#19318=CARTESIAN_POINT('',(51.6,9.90016701271152,0.));
#19319=CARTESIAN_POINT('Origin',(53.,11.3001670127115,0.));
#19320=CARTESIAN_POINT('Origin',(63.8,9.90016701271152,0.));
#19321=CARTESIAN_POINT('',(63.8,11.3001670127115,0.));
#19322=CARTESIAN_POINT('Origin',(62.4,11.3001670127115,0.));
#19323=CARTESIAN_POINT('',(62.4,9.90016701271152,0.));
#19324=CARTESIAN_POINT('Origin',(53.,11.3001670127115,0.));
#19325=CARTESIAN_POINT('',(53.,9.90016701271152,0.));
#19326=CARTESIAN_POINT('Origin',(51.6,9.90016701271152,0.));
#19327=CARTESIAN_POINT('Origin',(77.6,58.5001670127114,3.9));
#19328=CARTESIAN_POINT('',(77.6,59.9001670127114,3.9));
#19329=CARTESIAN_POINT('',(77.6,59.3001670127114,4.5));
#19330=CARTESIAN_POINT('Origin',(77.6,59.3001670127114,3.9));
#19331=CARTESIAN_POINT('',(78.4,58.5001670127114,4.5));
#19332=CARTESIAN_POINT('Origin',(77.6,58.5001670127114,4.5));
#19333=CARTESIAN_POINT('',(79.,58.5001670127114,3.9));
#19334=CARTESIAN_POINT('Origin',(78.4,58.5001670127114,3.9));
#19335=CARTESIAN_POINT('Origin',(77.6,58.5001670127114,3.9));
#19336=CARTESIAN_POINT('Origin',(78.4,52.7751670127114,3.9));
#19337=CARTESIAN_POINT('',(78.4,51.8001670127114,4.5));
#19338=CARTESIAN_POINT('',(79.,51.8001670127114,3.9));
#19339=CARTESIAN_POINT('Origin',(78.4,51.8001670127114,3.9));
#19340=CARTESIAN_POINT('',(79.,52.7751670127114,3.9));
#19341=CARTESIAN_POINT('',(78.4,52.7751670127114,4.5));
#19342=CARTESIAN_POINT('Origin',(77.6,51.8001670127114,3.9));
#19343=CARTESIAN_POINT('',(77.6,51.0001670127114,4.5));
#19344=CARTESIAN_POINT('',(77.6,50.4001670127114,3.9));
#19345=CARTESIAN_POINT('Origin',(77.6,51.0001670127114,3.9));
#19346=CARTESIAN_POINT('Origin',(77.6,51.8001670127114,3.9));
#19347=CARTESIAN_POINT('Origin',(77.6,51.8001670127114,4.5));
#19348=CARTESIAN_POINT('Origin',(69.85,51.0001670127114,3.9));
#19349=CARTESIAN_POINT('',(68.2,51.0001670127114,4.5));
#19350=CARTESIAN_POINT('',(68.2,50.4001670127114,3.9));
#19351=CARTESIAN_POINT('Origin',(68.2,51.0001670127114,3.9));
#19352=CARTESIAN_POINT('',(69.85,50.4001670127114,3.9));
#19353=CARTESIAN_POINT('',(69.85,51.0001670127114,4.5));
#19354=CARTESIAN_POINT('Origin',(68.2,51.8001670127114,3.9));
#19355=CARTESIAN_POINT('',(67.4,51.8001670127114,4.5));
#19356=CARTESIAN_POINT('',(66.8,51.8001670127114,3.9));
#19357=CARTESIAN_POINT('Origin',(67.4,51.8001670127114,3.9));
#19358=CARTESIAN_POINT('Origin',(68.2,51.8001670127114,3.9));
#19359=CARTESIAN_POINT('Origin',(68.2,51.8001670127114,4.5));
#19360=CARTESIAN_POINT('Origin',(67.4,57.5251670127114,3.9));
#19361=CARTESIAN_POINT('',(67.4,58.5001670127114,4.5));
#19362=CARTESIAN_POINT('',(66.8,58.5001670127114,3.9));
#19363=CARTESIAN_POINT('Origin',(67.4,58.5001670127114,3.9));
#19364=CARTESIAN_POINT('',(66.8,57.5251670127114,3.9));
#19365=CARTESIAN_POINT('',(67.4,57.5251670127114,4.5));
#19366=CARTESIAN_POINT('Origin',(68.2,58.5001670127114,3.9));
#19367=CARTESIAN_POINT('',(68.2,59.3001670127114,4.5));
#19368=CARTESIAN_POINT('',(68.2,59.9001670127114,3.9));
#19369=CARTESIAN_POINT('Origin',(68.2,59.3001670127114,3.9));
#19370=CARTESIAN_POINT('Origin',(68.2,58.5001670127114,3.9));
#19371=CARTESIAN_POINT('Origin',(68.2,58.5001670127114,4.5));
#19372=CARTESIAN_POINT('Origin',(75.95,59.3001670127114,3.9));
#19373=CARTESIAN_POINT('',(75.95,59.3001670127114,4.5));
#19374=CARTESIAN_POINT('',(75.95,59.9001670127114,3.9));
#19375=CARTESIAN_POINT('Origin',(66.8,59.9001670127114,0.));
#19376=CARTESIAN_POINT('',(66.8,58.5001670127114,0.));
#19377=CARTESIAN_POINT('',(66.8,58.5001670127114,0.));
#19378=CARTESIAN_POINT('',(66.8,51.8001670127114,0.));
#19379=CARTESIAN_POINT('',(66.8,59.9001670127114,0.));
#19380=CARTESIAN_POINT('',(66.8,51.8001670127114,0.));
#19381=CARTESIAN_POINT('Origin',(68.2,58.5001670127114,0.));
#19382=CARTESIAN_POINT('',(68.2,59.9001670127114,0.));
#19383=CARTESIAN_POINT('',(68.2,59.9001670127114,0.));
#19384=CARTESIAN_POINT('Origin',(68.2,58.5001670127114,0.));
#19385=CARTESIAN_POINT('Origin',(79.,59.9001670127114,0.));
#19386=CARTESIAN_POINT('',(77.6,59.9001670127114,0.));
#19387=CARTESIAN_POINT('',(77.6,59.9001670127114,0.));
#19388=CARTESIAN_POINT('',(79.,59.9001670127114,0.));
#19389=CARTESIAN_POINT('Origin',(77.6,58.5001670127114,0.));
#19390=CARTESIAN_POINT('',(79.,58.5001670127114,0.));
#19391=CARTESIAN_POINT('',(79.,58.5001670127114,0.));
#19392=CARTESIAN_POINT('Origin',(77.6,58.5001670127114,0.));
#19393=CARTESIAN_POINT('Origin',(72.9,55.1501670127114,4.5));
#19394=CARTESIAN_POINT('Origin',(77.6,51.8001670127114,0.));
#19395=CARTESIAN_POINT('',(77.6,50.4001670127114,0.));
#19396=CARTESIAN_POINT('',(77.6,50.4001670127114,0.));
#19397=CARTESIAN_POINT('',(79.,51.8001670127114,0.));
#19398=CARTESIAN_POINT('Origin',(77.6,51.8001670127114,0.));
#19399=CARTESIAN_POINT('',(79.,51.8001670127114,0.));
#19400=CARTESIAN_POINT('Origin',(79.,50.4001670127114,0.));
#19401=CARTESIAN_POINT('',(79.,50.4001670127114,0.));
#19402=CARTESIAN_POINT('Origin',(72.9,55.1501670127114,0.));
#19403=CARTESIAN_POINT('',(68.2,50.4001670127114,0.));
#19404=CARTESIAN_POINT('',(66.8,50.4001670127114,0.));
#19405=CARTESIAN_POINT('Origin',(68.2,51.8001670127114,0.));
#19406=CARTESIAN_POINT('Origin',(68.2,51.8001670127114,0.));
#19407=CARTESIAN_POINT('',(68.2,50.4001670127114,0.));
#19408=CARTESIAN_POINT('Origin',(66.8,50.4001670127114,0.));
#19409=CARTESIAN_POINT('Origin',(16.8,18.0001670127115,3.9));
#19410=CARTESIAN_POINT('',(16.8,19.4001670127115,3.9));
#19411=CARTESIAN_POINT('',(16.8,18.8001670127115,4.5));
#19412=CARTESIAN_POINT('Origin',(16.8,18.8001670127115,3.9));
#19413=CARTESIAN_POINT('',(17.6,18.0001670127115,4.5));
#19414=CARTESIAN_POINT('Origin',(16.8,18.0001670127115,4.5));
#19415=CARTESIAN_POINT('',(18.2,18.0001670127115,3.9));
#19416=CARTESIAN_POINT('Origin',(17.6,18.0001670127115,3.9));
#19417=CARTESIAN_POINT('Origin',(16.8,18.0001670127115,3.9));
#19418=CARTESIAN_POINT('Origin',(17.6,12.2751670127115,3.9));
#19419=CARTESIAN_POINT('',(17.6,11.3001670127115,4.5));
#19420=CARTESIAN_POINT('',(18.2,11.3001670127115,3.9));
#19421=CARTESIAN_POINT('Origin',(17.6,11.3001670127115,3.9));
#19422=CARTESIAN_POINT('',(18.2,12.2751670127115,3.9));
#19423=CARTESIAN_POINT('',(17.6,12.2751670127115,4.5));
#19424=CARTESIAN_POINT('Origin',(16.8,11.3001670127115,3.9));
#19425=CARTESIAN_POINT('',(16.8,10.5001670127115,4.5));
#19426=CARTESIAN_POINT('',(16.8,9.90016701271152,3.9));
#19427=CARTESIAN_POINT('Origin',(16.8,10.5001670127115,3.9));
#19428=CARTESIAN_POINT('Origin',(16.8,11.3001670127115,3.9));
#19429=CARTESIAN_POINT('Origin',(16.8,11.3001670127115,4.5));
#19430=CARTESIAN_POINT('Origin',(9.05,10.5001670127115,3.9));
#19431=CARTESIAN_POINT('',(7.4,10.5001670127115,4.5));
#19432=CARTESIAN_POINT('',(7.4,9.90016701271152,3.9));
#19433=CARTESIAN_POINT('Origin',(7.4,10.5001670127115,3.9));
#19434=CARTESIAN_POINT('',(9.05,9.90016701271152,3.9));
#19435=CARTESIAN_POINT('',(9.05,10.5001670127115,4.5));
#19436=CARTESIAN_POINT('Origin',(7.4,11.3001670127115,3.9));
#19437=CARTESIAN_POINT('',(6.6,11.3001670127115,4.5));
#19438=CARTESIAN_POINT('',(6.,11.3001670127115,3.9));
#19439=CARTESIAN_POINT('Origin',(6.6,11.3001670127115,3.9));
#19440=CARTESIAN_POINT('Origin',(7.4,11.3001670127115,3.9));
#19441=CARTESIAN_POINT('Origin',(7.4,11.3001670127115,4.5));
#19442=CARTESIAN_POINT('Origin',(6.6,17.0251670127115,3.9));
#19443=CARTESIAN_POINT('',(6.6,18.0001670127115,4.5));
#19444=CARTESIAN_POINT('',(6.,18.0001670127115,3.9));
#19445=CARTESIAN_POINT('Origin',(6.6,18.0001670127115,3.9));
#19446=CARTESIAN_POINT('',(6.,17.0251670127115,3.9));
#19447=CARTESIAN_POINT('',(6.6,17.0251670127115,4.5));
#19448=CARTESIAN_POINT('Origin',(7.4,18.0001670127115,3.9));
#19449=CARTESIAN_POINT('',(7.4,18.8001670127115,4.5));
#19450=CARTESIAN_POINT('',(7.4,19.4001670127115,3.9));
#19451=CARTESIAN_POINT('Origin',(7.4,18.8001670127115,3.9));
#19452=CARTESIAN_POINT('Origin',(7.4,18.0001670127115,3.9));
#19453=CARTESIAN_POINT('Origin',(7.4,18.0001670127115,4.5));
#19454=CARTESIAN_POINT('Origin',(15.15,18.8001670127115,3.9));
#19455=CARTESIAN_POINT('',(15.15,18.8001670127115,4.5));
#19456=CARTESIAN_POINT('',(15.15,19.4001670127115,3.9));
#19457=CARTESIAN_POINT('Origin',(6.,19.4001670127115,0.));
#19458=CARTESIAN_POINT('',(6.,18.0001670127115,0.));
#19459=CARTESIAN_POINT('',(6.,18.0001670127115,0.));
#19460=CARTESIAN_POINT('',(6.,11.3001670127115,0.));
#19461=CARTESIAN_POINT('',(6.,19.4001670127115,0.));
#19462=CARTESIAN_POINT('',(6.,11.3001670127115,0.));
#19463=CARTESIAN_POINT('Origin',(7.4,18.0001670127115,0.));
#19464=CARTESIAN_POINT('',(7.4,19.4001670127115,0.));
#19465=CARTESIAN_POINT('',(7.4,19.4001670127115,0.));
#19466=CARTESIAN_POINT('Origin',(7.4,18.0001670127115,0.));
#19467=CARTESIAN_POINT('Origin',(18.2,19.4001670127115,0.));
#19468=CARTESIAN_POINT('',(16.8,19.4001670127115,0.));
#19469=CARTESIAN_POINT('',(16.8,19.4001670127115,0.));
#19470=CARTESIAN_POINT('',(18.2,19.4001670127115,0.));
#19471=CARTESIAN_POINT('Origin',(16.8,18.0001670127115,0.));
#19472=CARTESIAN_POINT('',(18.2,18.0001670127115,0.));
#19473=CARTESIAN_POINT('',(18.2,18.0001670127115,0.));
#19474=CARTESIAN_POINT('Origin',(16.8,18.0001670127115,0.));
#19475=CARTESIAN_POINT('Origin',(12.1,14.6501670127115,4.5));
#19476=CARTESIAN_POINT('Origin',(12.1,14.6501670127115,0.));
#19477=CARTESIAN_POINT('',(18.2,11.3001670127115,0.));
#19478=CARTESIAN_POINT('',(18.2,9.90016701271152,0.));
#19479=CARTESIAN_POINT('',(16.8,9.90016701271152,0.));
#19480=CARTESIAN_POINT('Origin',(16.8,11.3001670127115,0.));
#19481=CARTESIAN_POINT('',(7.4,9.90016701271152,0.));
#19482=CARTESIAN_POINT('',(6.,9.90016701271152,0.));
#19483=CARTESIAN_POINT('Origin',(7.4,11.3001670127115,0.));
#19484=CARTESIAN_POINT('Origin',(18.2,9.90016701271152,0.));
#19485=CARTESIAN_POINT('',(18.2,11.3001670127115,0.));
#19486=CARTESIAN_POINT('Origin',(16.8,11.3001670127115,0.));
#19487=CARTESIAN_POINT('',(16.8,9.90016701271152,0.));
#19488=CARTESIAN_POINT('Origin',(7.4,11.3001670127115,0.));
#19489=CARTESIAN_POINT('',(7.4,9.90016701271152,0.));
#19490=CARTESIAN_POINT('Origin',(6.,9.90016701271152,0.));
#19491=CARTESIAN_POINT('Origin',(47.2,18.0001670127115,3.9));
#19492=CARTESIAN_POINT('',(47.2,19.4001670127115,3.9));
#19493=CARTESIAN_POINT('',(47.2,18.8001670127115,4.5));
#19494=CARTESIAN_POINT('Origin',(47.2,18.8001670127115,3.9));
#19495=CARTESIAN_POINT('',(48.,18.0001670127115,4.5));
#19496=CARTESIAN_POINT('Origin',(47.2,18.0001670127115,4.5));
#19497=CARTESIAN_POINT('',(48.6,18.0001670127115,3.9));
#19498=CARTESIAN_POINT('Origin',(48.,18.0001670127115,3.9));
#19499=CARTESIAN_POINT('Origin',(47.2,18.0001670127115,3.9));
#19500=CARTESIAN_POINT('Origin',(48.,12.2751670127115,3.9));
#19501=CARTESIAN_POINT('',(48.,11.3001670127115,4.5));
#19502=CARTESIAN_POINT('',(48.6,11.3001670127115,3.9));
#19503=CARTESIAN_POINT('Origin',(48.,11.3001670127115,3.9));
#19504=CARTESIAN_POINT('',(48.6,12.2751670127115,3.9));
#19505=CARTESIAN_POINT('',(48.,12.2751670127115,4.5));
#19506=CARTESIAN_POINT('Origin',(47.2,11.3001670127115,3.9));
#19507=CARTESIAN_POINT('',(47.2,10.5001670127115,4.5));
#19508=CARTESIAN_POINT('',(47.2,9.90016701271152,3.9));
#19509=CARTESIAN_POINT('Origin',(47.2,10.5001670127115,3.9));
#19510=CARTESIAN_POINT('Origin',(47.2,11.3001670127115,3.9));
#19511=CARTESIAN_POINT('Origin',(47.2,11.3001670127115,4.5));
#19512=CARTESIAN_POINT('Origin',(39.45,10.5001670127115,3.9));
#19513=CARTESIAN_POINT('',(37.8,10.5001670127115,4.5));
#19514=CARTESIAN_POINT('',(37.8,9.90016701271152,3.9));
#19515=CARTESIAN_POINT('Origin',(37.8,10.5001670127115,3.9));
#19516=CARTESIAN_POINT('',(39.45,9.90016701271152,3.9));
#19517=CARTESIAN_POINT('',(39.45,10.5001670127115,4.5));
#19518=CARTESIAN_POINT('Origin',(37.8,11.3001670127115,3.9));
#19519=CARTESIAN_POINT('',(37.,11.3001670127115,4.5));
#19520=CARTESIAN_POINT('',(36.4,11.3001670127115,3.9));
#19521=CARTESIAN_POINT('Origin',(37.,11.3001670127115,3.9));
#19522=CARTESIAN_POINT('Origin',(37.8,11.3001670127115,3.9));
#19523=CARTESIAN_POINT('Origin',(37.8,11.3001670127115,4.5));
#19524=CARTESIAN_POINT('Origin',(37.,17.0251670127115,3.9));
#19525=CARTESIAN_POINT('',(37.,18.0001670127115,4.5));
#19526=CARTESIAN_POINT('',(36.4,18.0001670127115,3.9));
#19527=CARTESIAN_POINT('Origin',(37.,18.0001670127115,3.9));
#19528=CARTESIAN_POINT('',(36.4,17.0251670127115,3.9));
#19529=CARTESIAN_POINT('',(37.,17.0251670127115,4.5));
#19530=CARTESIAN_POINT('Origin',(37.8,18.0001670127115,3.9));
#19531=CARTESIAN_POINT('',(37.8,18.8001670127115,4.5));
#19532=CARTESIAN_POINT('',(37.8,19.4001670127115,3.9));
#19533=CARTESIAN_POINT('Origin',(37.8,18.8001670127115,3.9));
#19534=CARTESIAN_POINT('Origin',(37.8,18.0001670127115,3.9));
#19535=CARTESIAN_POINT('Origin',(37.8,18.0001670127115,4.5));
#19536=CARTESIAN_POINT('Origin',(45.55,18.8001670127115,3.9));
#19537=CARTESIAN_POINT('',(45.55,18.8001670127115,4.5));
#19538=CARTESIAN_POINT('',(45.55,19.4001670127115,3.9));
#19539=CARTESIAN_POINT('Origin',(36.4,19.4001670127115,0.));
#19540=CARTESIAN_POINT('',(36.4,18.0001670127115,0.));
#19541=CARTESIAN_POINT('',(36.4,18.0001670127115,0.));
#19542=CARTESIAN_POINT('',(36.4,11.3001670127115,0.));
#19543=CARTESIAN_POINT('',(36.4,19.4001670127115,0.));
#19544=CARTESIAN_POINT('',(36.4,11.3001670127115,0.));
#19545=CARTESIAN_POINT('Origin',(37.8,18.0001670127115,0.));
#19546=CARTESIAN_POINT('',(37.8,19.4001670127115,0.));
#19547=CARTESIAN_POINT('',(37.8,19.4001670127115,0.));
#19548=CARTESIAN_POINT('Origin',(37.8,18.0001670127115,0.));
#19549=CARTESIAN_POINT('Origin',(48.6,19.4001670127115,0.));
#19550=CARTESIAN_POINT('',(47.2,19.4001670127115,0.));
#19551=CARTESIAN_POINT('',(47.2,19.4001670127115,0.));
#19552=CARTESIAN_POINT('',(48.6,19.4001670127115,0.));
#19553=CARTESIAN_POINT('Origin',(47.2,18.0001670127115,0.));
#19554=CARTESIAN_POINT('',(48.6,18.0001670127115,0.));
#19555=CARTESIAN_POINT('',(48.6,18.0001670127115,0.));
#19556=CARTESIAN_POINT('Origin',(47.2,18.0001670127115,0.));
#19557=CARTESIAN_POINT('Origin',(42.5,14.6501670127115,4.5));
#19558=CARTESIAN_POINT('Origin',(42.5,14.6501670127115,0.));
#19559=CARTESIAN_POINT('',(48.6,11.3001670127115,0.));
#19560=CARTESIAN_POINT('',(48.6,9.90016701271152,0.));
#19561=CARTESIAN_POINT('',(47.2,9.90016701271152,0.));
#19562=CARTESIAN_POINT('Origin',(47.2,11.3001670127115,0.));
#19563=CARTESIAN_POINT('',(37.8,9.90016701271152,0.));
#19564=CARTESIAN_POINT('',(36.4,9.90016701271152,0.));
#19565=CARTESIAN_POINT('Origin',(37.8,11.3001670127115,0.));
#19566=CARTESIAN_POINT('Origin',(48.6,9.90016701271152,0.));
#19567=CARTESIAN_POINT('',(48.6,11.3001670127115,0.));
#19568=CARTESIAN_POINT('Origin',(47.2,11.3001670127115,0.));
#19569=CARTESIAN_POINT('',(47.2,9.90016701271152,0.));
#19570=CARTESIAN_POINT('Origin',(37.8,11.3001670127115,0.));
#19571=CARTESIAN_POINT('',(37.8,9.90016701271152,0.));
#19572=CARTESIAN_POINT('Origin',(36.4,9.90016701271152,0.));
#19573=CARTESIAN_POINT('Origin',(77.6,31.5001670127115,3.9));
#19574=CARTESIAN_POINT('',(77.6,32.9001670127115,3.9));
#19575=CARTESIAN_POINT('',(77.6,32.3001670127115,4.5));
#19576=CARTESIAN_POINT('Origin',(77.6,32.3001670127115,3.9));
#19577=CARTESIAN_POINT('',(78.4,31.5001670127115,4.5));
#19578=CARTESIAN_POINT('Origin',(77.6,31.5001670127115,4.5));
#19579=CARTESIAN_POINT('',(79.,31.5001670127115,3.9));
#19580=CARTESIAN_POINT('Origin',(78.4,31.5001670127115,3.9));
#19581=CARTESIAN_POINT('Origin',(77.6,31.5001670127115,3.9));
#19582=CARTESIAN_POINT('Origin',(78.4,25.7751670127115,3.9));
#19583=CARTESIAN_POINT('',(78.4,24.8001670127115,4.5));
#19584=CARTESIAN_POINT('',(79.,24.8001670127115,3.9));
#19585=CARTESIAN_POINT('Origin',(78.4,24.8001670127115,3.9));
#19586=CARTESIAN_POINT('',(79.,25.7751670127115,3.9));
#19587=CARTESIAN_POINT('',(78.4,25.7751670127115,4.5));
#19588=CARTESIAN_POINT('Origin',(77.6,24.8001670127115,3.9));
#19589=CARTESIAN_POINT('',(77.6,24.0001670127115,4.5));
#19590=CARTESIAN_POINT('',(77.6,23.4001670127115,3.9));
#19591=CARTESIAN_POINT('Origin',(77.6,24.0001670127115,3.9));
#19592=CARTESIAN_POINT('Origin',(77.6,24.8001670127115,3.9));
#19593=CARTESIAN_POINT('Origin',(77.6,24.8001670127115,4.5));
#19594=CARTESIAN_POINT('Origin',(69.85,24.0001670127115,3.9));
#19595=CARTESIAN_POINT('',(68.2,24.0001670127115,4.5));
#19596=CARTESIAN_POINT('',(68.2,23.4001670127115,3.9));
#19597=CARTESIAN_POINT('Origin',(68.2,24.0001670127115,3.9));
#19598=CARTESIAN_POINT('',(69.85,23.4001670127115,3.9));
#19599=CARTESIAN_POINT('',(69.85,24.0001670127115,4.5));
#19600=CARTESIAN_POINT('Origin',(68.2,24.8001670127115,3.9));
#19601=CARTESIAN_POINT('',(67.4,24.8001670127115,4.5));
#19602=CARTESIAN_POINT('',(66.8,24.8001670127115,3.9));
#19603=CARTESIAN_POINT('Origin',(67.4,24.8001670127115,3.9));
#19604=CARTESIAN_POINT('Origin',(68.2,24.8001670127115,3.9));
#19605=CARTESIAN_POINT('Origin',(68.2,24.8001670127115,4.5));
#19606=CARTESIAN_POINT('Origin',(67.4,30.5251670127115,3.9));
#19607=CARTESIAN_POINT('',(67.4,31.5001670127115,4.5));
#19608=CARTESIAN_POINT('',(66.8,31.5001670127115,3.9));
#19609=CARTESIAN_POINT('Origin',(67.4,31.5001670127115,3.9));
#19610=CARTESIAN_POINT('',(66.8,30.5251670127115,3.9));
#19611=CARTESIAN_POINT('',(67.4,30.5251670127115,4.5));
#19612=CARTESIAN_POINT('Origin',(68.2,31.5001670127115,3.9));
#19613=CARTESIAN_POINT('',(68.2,32.3001670127115,4.5));
#19614=CARTESIAN_POINT('',(68.2,32.9001670127115,3.9));
#19615=CARTESIAN_POINT('Origin',(68.2,32.3001670127115,3.9));
#19616=CARTESIAN_POINT('Origin',(68.2,31.5001670127115,3.9));
#19617=CARTESIAN_POINT('Origin',(68.2,31.5001670127115,4.5));
#19618=CARTESIAN_POINT('Origin',(75.95,32.3001670127115,3.9));
#19619=CARTESIAN_POINT('',(75.95,32.3001670127115,4.5));
#19620=CARTESIAN_POINT('',(75.95,32.9001670127115,3.9));
#19621=CARTESIAN_POINT('Origin',(66.8,32.9001670127115,0.));
#19622=CARTESIAN_POINT('',(66.8,31.5001670127115,0.));
#19623=CARTESIAN_POINT('',(66.8,31.5001670127115,0.));
#19624=CARTESIAN_POINT('',(66.8,24.8001670127115,0.));
#19625=CARTESIAN_POINT('',(66.8,32.9001670127115,0.));
#19626=CARTESIAN_POINT('',(66.8,24.8001670127115,0.));
#19627=CARTESIAN_POINT('Origin',(68.2,31.5001670127115,0.));
#19628=CARTESIAN_POINT('',(68.2,32.9001670127115,0.));
#19629=CARTESIAN_POINT('',(68.2,32.9001670127115,0.));
#19630=CARTESIAN_POINT('Origin',(68.2,31.5001670127115,0.));
#19631=CARTESIAN_POINT('Origin',(79.,32.9001670127115,0.));
#19632=CARTESIAN_POINT('',(77.6,32.9001670127115,0.));
#19633=CARTESIAN_POINT('',(77.6,32.9001670127115,0.));
#19634=CARTESIAN_POINT('',(79.,32.9001670127115,0.));
#19635=CARTESIAN_POINT('Origin',(77.6,31.5001670127115,0.));
#19636=CARTESIAN_POINT('',(79.,31.5001670127115,0.));
#19637=CARTESIAN_POINT('',(79.,31.5001670127115,0.));
#19638=CARTESIAN_POINT('Origin',(77.6,31.5001670127115,0.));
#19639=CARTESIAN_POINT('Origin',(72.9,28.1501670127115,4.5));
#19640=CARTESIAN_POINT('Origin',(77.6,24.8001670127115,0.));
#19641=CARTESIAN_POINT('',(77.6,23.4001670127115,0.));
#19642=CARTESIAN_POINT('',(77.6,23.4001670127115,0.));
#19643=CARTESIAN_POINT('',(79.,24.8001670127115,0.));
#19644=CARTESIAN_POINT('Origin',(77.6,24.8001670127115,0.));
#19645=CARTESIAN_POINT('',(79.,24.8001670127115,0.));
#19646=CARTESIAN_POINT('Origin',(79.,23.4001670127115,0.));
#19647=CARTESIAN_POINT('',(79.,23.4001670127115,0.));
#19648=CARTESIAN_POINT('Origin',(72.9,28.1501670127115,0.));
#19649=CARTESIAN_POINT('',(68.2,23.4001670127115,0.));
#19650=CARTESIAN_POINT('',(66.8,23.4001670127115,0.));
#19651=CARTESIAN_POINT('Origin',(68.2,24.8001670127115,0.));
#19652=CARTESIAN_POINT('Origin',(68.2,24.8001670127115,0.));
#19653=CARTESIAN_POINT('',(68.2,23.4001670127115,0.));
#19654=CARTESIAN_POINT('Origin',(66.8,23.4001670127115,0.));
#19655=CARTESIAN_POINT('Origin',(77.6,45.0001670127114,3.9));
#19656=CARTESIAN_POINT('',(77.6,46.4001670127114,3.9));
#19657=CARTESIAN_POINT('',(77.6,45.8001670127114,4.5));
#19658=CARTESIAN_POINT('Origin',(77.6,45.8001670127114,3.9));
#19659=CARTESIAN_POINT('',(78.4,45.0001670127114,4.5));
#19660=CARTESIAN_POINT('Origin',(77.6,45.0001670127114,4.5));
#19661=CARTESIAN_POINT('',(79.,45.0001670127114,3.9));
#19662=CARTESIAN_POINT('Origin',(78.4,45.0001670127114,3.9));
#19663=CARTESIAN_POINT('Origin',(77.6,45.0001670127114,3.9));
#19664=CARTESIAN_POINT('Origin',(78.4,39.2751670127114,3.9));
#19665=CARTESIAN_POINT('',(78.4,38.3001670127114,4.5));
#19666=CARTESIAN_POINT('',(79.,38.3001670127114,3.9));
#19667=CARTESIAN_POINT('Origin',(78.4,38.3001670127114,3.9));
#19668=CARTESIAN_POINT('',(79.,39.2751670127114,3.9));
#19669=CARTESIAN_POINT('',(78.4,39.2751670127114,4.5));
#19670=CARTESIAN_POINT('Origin',(77.6,38.3001670127114,3.9));
#19671=CARTESIAN_POINT('',(77.6,37.5001670127114,4.5));
#19672=CARTESIAN_POINT('',(77.6,36.9001670127114,3.9));
#19673=CARTESIAN_POINT('Origin',(77.6,37.5001670127114,3.9));
#19674=CARTESIAN_POINT('Origin',(77.6,38.3001670127114,3.9));
#19675=CARTESIAN_POINT('Origin',(77.6,38.3001670127114,4.5));
#19676=CARTESIAN_POINT('Origin',(69.85,37.5001670127114,3.9));
#19677=CARTESIAN_POINT('',(68.2,37.5001670127114,4.5));
#19678=CARTESIAN_POINT('',(68.2,36.9001670127114,3.9));
#19679=CARTESIAN_POINT('Origin',(68.2,37.5001670127114,3.9));
#19680=CARTESIAN_POINT('',(69.85,36.9001670127114,3.9));
#19681=CARTESIAN_POINT('',(69.85,37.5001670127114,4.5));
#19682=CARTESIAN_POINT('Origin',(68.2,38.3001670127114,3.9));
#19683=CARTESIAN_POINT('',(67.4,38.3001670127114,4.5));
#19684=CARTESIAN_POINT('',(66.8,38.3001670127114,3.9));
#19685=CARTESIAN_POINT('Origin',(67.4,38.3001670127114,3.9));
#19686=CARTESIAN_POINT('Origin',(68.2,38.3001670127114,3.9));
#19687=CARTESIAN_POINT('Origin',(68.2,38.3001670127114,4.5));
#19688=CARTESIAN_POINT('Origin',(67.4,44.0251670127114,3.9));
#19689=CARTESIAN_POINT('',(67.4,45.0001670127114,4.5));
#19690=CARTESIAN_POINT('',(66.8,45.0001670127114,3.9));
#19691=CARTESIAN_POINT('Origin',(67.4,45.0001670127114,3.9));
#19692=CARTESIAN_POINT('',(66.8,44.0251670127114,3.9));
#19693=CARTESIAN_POINT('',(67.4,44.0251670127114,4.5));
#19694=CARTESIAN_POINT('Origin',(68.2,45.0001670127114,3.9));
#19695=CARTESIAN_POINT('',(68.2,45.8001670127114,4.5));
#19696=CARTESIAN_POINT('',(68.2,46.4001670127114,3.9));
#19697=CARTESIAN_POINT('Origin',(68.2,45.8001670127114,3.9));
#19698=CARTESIAN_POINT('Origin',(68.2,45.0001670127114,3.9));
#19699=CARTESIAN_POINT('Origin',(68.2,45.0001670127114,4.5));
#19700=CARTESIAN_POINT('Origin',(75.95,45.8001670127114,3.9));
#19701=CARTESIAN_POINT('',(75.95,45.8001670127114,4.5));
#19702=CARTESIAN_POINT('',(75.95,46.4001670127114,3.9));
#19703=CARTESIAN_POINT('Origin',(66.8,46.4001670127114,0.));
#19704=CARTESIAN_POINT('',(66.8,45.0001670127114,0.));
#19705=CARTESIAN_POINT('',(66.8,45.0001670127114,0.));
#19706=CARTESIAN_POINT('',(66.8,38.3001670127114,0.));
#19707=CARTESIAN_POINT('',(66.8,46.4001670127114,0.));
#19708=CARTESIAN_POINT('',(66.8,38.3001670127114,0.));
#19709=CARTESIAN_POINT('Origin',(68.2,45.0001670127114,0.));
#19710=CARTESIAN_POINT('',(68.2,46.4001670127114,0.));
#19711=CARTESIAN_POINT('',(68.2,46.4001670127114,0.));
#19712=CARTESIAN_POINT('Origin',(68.2,45.0001670127114,0.));
#19713=CARTESIAN_POINT('Origin',(79.,46.4001670127114,0.));
#19714=CARTESIAN_POINT('',(77.6,46.4001670127114,0.));
#19715=CARTESIAN_POINT('',(77.6,46.4001670127114,0.));
#19716=CARTESIAN_POINT('',(79.,46.4001670127114,0.));
#19717=CARTESIAN_POINT('Origin',(77.6,45.0001670127114,0.));
#19718=CARTESIAN_POINT('',(79.,45.0001670127114,0.));
#19719=CARTESIAN_POINT('',(79.,45.0001670127114,0.));
#19720=CARTESIAN_POINT('Origin',(77.6,45.0001670127114,0.));
#19721=CARTESIAN_POINT('Origin',(72.9,41.6501670127114,4.5));
#19722=CARTESIAN_POINT('Origin',(77.6,38.3001670127114,0.));
#19723=CARTESIAN_POINT('',(77.6,36.9001670127114,0.));
#19724=CARTESIAN_POINT('',(77.6,36.9001670127114,0.));
#19725=CARTESIAN_POINT('',(79.,38.3001670127114,0.));
#19726=CARTESIAN_POINT('Origin',(77.6,38.3001670127114,0.));
#19727=CARTESIAN_POINT('',(79.,38.3001670127114,0.));
#19728=CARTESIAN_POINT('Origin',(79.,36.9001670127114,0.));
#19729=CARTESIAN_POINT('',(79.,36.9001670127114,0.));
#19730=CARTESIAN_POINT('Origin',(72.9,41.6501670127114,0.));
#19731=CARTESIAN_POINT('',(68.2,36.9001670127114,0.));
#19732=CARTESIAN_POINT('',(66.8,36.9001670127114,0.));
#19733=CARTESIAN_POINT('Origin',(68.2,38.3001670127114,0.));
#19734=CARTESIAN_POINT('Origin',(68.2,38.3001670127114,0.));
#19735=CARTESIAN_POINT('',(68.2,36.9001670127114,0.));
#19736=CARTESIAN_POINT('Origin',(66.8,36.9001670127114,0.));
#19737=CARTESIAN_POINT('Origin',(16.8,58.5001670127114,3.9));
#19738=CARTESIAN_POINT('',(16.8,59.9001670127114,3.9));
#19739=CARTESIAN_POINT('',(16.8,59.3001670127114,4.5));
#19740=CARTESIAN_POINT('Origin',(16.8,59.3001670127114,3.9));
#19741=CARTESIAN_POINT('',(17.6,58.5001670127114,4.5));
#19742=CARTESIAN_POINT('Origin',(16.8,58.5001670127114,4.5));
#19743=CARTESIAN_POINT('',(18.2,58.5001670127114,3.9));
#19744=CARTESIAN_POINT('Origin',(17.6,58.5001670127114,3.9));
#19745=CARTESIAN_POINT('Origin',(16.8,58.5001670127114,3.9));
#19746=CARTESIAN_POINT('Origin',(17.6,52.7751670127114,3.9));
#19747=CARTESIAN_POINT('',(17.6,51.8001670127114,4.5));
#19748=CARTESIAN_POINT('',(18.2,51.8001670127114,3.9));
#19749=CARTESIAN_POINT('Origin',(17.6,51.8001670127114,3.9));
#19750=CARTESIAN_POINT('',(18.2,52.7751670127114,3.9));
#19751=CARTESIAN_POINT('',(17.6,52.7751670127114,4.5));
#19752=CARTESIAN_POINT('Origin',(16.8,51.8001670127114,3.9));
#19753=CARTESIAN_POINT('',(16.8,51.0001670127114,4.5));
#19754=CARTESIAN_POINT('',(16.8,50.4001670127114,3.9));
#19755=CARTESIAN_POINT('Origin',(16.8,51.0001670127114,3.9));
#19756=CARTESIAN_POINT('Origin',(16.8,51.8001670127114,3.9));
#19757=CARTESIAN_POINT('Origin',(16.8,51.8001670127114,4.5));
#19758=CARTESIAN_POINT('Origin',(9.05,51.0001670127114,3.9));
#19759=CARTESIAN_POINT('',(7.4,51.0001670127114,4.5));
#19760=CARTESIAN_POINT('',(7.4,50.4001670127114,3.9));
#19761=CARTESIAN_POINT('Origin',(7.4,51.0001670127114,3.9));
#19762=CARTESIAN_POINT('',(9.05,50.4001670127114,3.9));
#19763=CARTESIAN_POINT('',(9.05,51.0001670127114,4.5));
#19764=CARTESIAN_POINT('Origin',(7.4,51.8001670127114,3.9));
#19765=CARTESIAN_POINT('',(6.6,51.8001670127114,4.5));
#19766=CARTESIAN_POINT('',(6.,51.8001670127114,3.9));
#19767=CARTESIAN_POINT('Origin',(6.6,51.8001670127114,3.9));
#19768=CARTESIAN_POINT('Origin',(7.4,51.8001670127114,3.9));
#19769=CARTESIAN_POINT('Origin',(7.4,51.8001670127114,4.5));
#19770=CARTESIAN_POINT('Origin',(6.6,57.5251670127114,3.9));
#19771=CARTESIAN_POINT('',(6.6,58.5001670127114,4.5));
#19772=CARTESIAN_POINT('',(6.,58.5001670127114,3.9));
#19773=CARTESIAN_POINT('Origin',(6.6,58.5001670127114,3.9));
#19774=CARTESIAN_POINT('',(6.,57.5251670127114,3.9));
#19775=CARTESIAN_POINT('',(6.6,57.5251670127114,4.5));
#19776=CARTESIAN_POINT('Origin',(7.4,58.5001670127114,3.9));
#19777=CARTESIAN_POINT('',(7.4,59.3001670127114,4.5));
#19778=CARTESIAN_POINT('',(7.4,59.9001670127114,3.9));
#19779=CARTESIAN_POINT('Origin',(7.4,59.3001670127114,3.9));
#19780=CARTESIAN_POINT('Origin',(7.4,58.5001670127114,3.9));
#19781=CARTESIAN_POINT('Origin',(7.4,58.5001670127114,4.5));
#19782=CARTESIAN_POINT('Origin',(15.15,59.3001670127114,3.9));
#19783=CARTESIAN_POINT('',(15.15,59.3001670127114,4.5));
#19784=CARTESIAN_POINT('',(15.15,59.9001670127114,3.9));
#19785=CARTESIAN_POINT('Origin',(6.,59.9001670127114,0.));
#19786=CARTESIAN_POINT('',(6.,58.5001670127114,0.));
#19787=CARTESIAN_POINT('',(6.,58.5001670127114,0.));
#19788=CARTESIAN_POINT('',(6.,51.8001670127114,0.));
#19789=CARTESIAN_POINT('',(6.,59.9001670127114,0.));
#19790=CARTESIAN_POINT('',(6.,51.8001670127114,0.));
#19791=CARTESIAN_POINT('Origin',(7.4,58.5001670127114,0.));
#19792=CARTESIAN_POINT('',(7.4,59.9001670127114,0.));
#19793=CARTESIAN_POINT('',(7.4,59.9001670127114,0.));
#19794=CARTESIAN_POINT('Origin',(7.4,58.5001670127114,0.));
#19795=CARTESIAN_POINT('Origin',(18.2,59.9001670127114,0.));
#19796=CARTESIAN_POINT('',(16.8,59.9001670127114,0.));
#19797=CARTESIAN_POINT('',(16.8,59.9001670127114,0.));
#19798=CARTESIAN_POINT('',(18.2,59.9001670127114,0.));
#19799=CARTESIAN_POINT('Origin',(16.8,58.5001670127114,0.));
#19800=CARTESIAN_POINT('',(18.2,58.5001670127114,0.));
#19801=CARTESIAN_POINT('',(18.2,58.5001670127114,0.));
#19802=CARTESIAN_POINT('Origin',(16.8,58.5001670127114,0.));
#19803=CARTESIAN_POINT('Origin',(12.1,55.1501670127114,4.5));
#19804=CARTESIAN_POINT('Origin',(12.1,55.1501670127114,0.));
#19805=CARTESIAN_POINT('',(18.2,51.8001670127114,0.));
#19806=CARTESIAN_POINT('',(18.2,50.4001670127114,0.));
#19807=CARTESIAN_POINT('',(16.8,50.4001670127114,0.));
#19808=CARTESIAN_POINT('Origin',(16.8,51.8001670127114,0.));
#19809=CARTESIAN_POINT('',(7.4,50.4001670127114,0.));
#19810=CARTESIAN_POINT('',(6.,50.4001670127114,0.));
#19811=CARTESIAN_POINT('Origin',(7.4,51.8001670127114,0.));
#19812=CARTESIAN_POINT('Origin',(16.8,51.8001670127114,0.));
#19813=CARTESIAN_POINT('',(16.8,50.4001670127114,0.));
#19814=CARTESIAN_POINT('',(18.2,51.8001670127114,0.));
#19815=CARTESIAN_POINT('Origin',(6.,50.4001670127114,0.));
#19816=CARTESIAN_POINT('',(7.4,50.4001670127114,0.));
#19817=CARTESIAN_POINT('Origin',(7.4,51.8001670127114,0.));
#19818=CARTESIAN_POINT('Origin',(18.2,50.4001670127114,0.));
#19819=CARTESIAN_POINT('Origin',(32.,45.0001670127114,3.9));
#19820=CARTESIAN_POINT('',(32.,46.4001670127114,3.9));
#19821=CARTESIAN_POINT('',(32.,45.8001670127114,4.5));
#19822=CARTESIAN_POINT('Origin',(32.,45.8001670127114,3.9));
#19823=CARTESIAN_POINT('',(32.8,45.0001670127114,4.5));
#19824=CARTESIAN_POINT('Origin',(32.,45.0001670127114,4.5));
#19825=CARTESIAN_POINT('',(33.4,45.0001670127114,3.9));
#19826=CARTESIAN_POINT('Origin',(32.8,45.0001670127114,3.9));
#19827=CARTESIAN_POINT('Origin',(32.,45.0001670127114,3.9));
#19828=CARTESIAN_POINT('Origin',(32.8,39.2751670127114,3.9));
#19829=CARTESIAN_POINT('',(32.8,38.3001670127114,4.5));
#19830=CARTESIAN_POINT('',(33.4,38.3001670127114,3.9));
#19831=CARTESIAN_POINT('Origin',(32.8,38.3001670127114,3.9));
#19832=CARTESIAN_POINT('',(33.4,39.2751670127114,3.9));
#19833=CARTESIAN_POINT('',(32.8,39.2751670127114,4.5));
#19834=CARTESIAN_POINT('Origin',(32.,38.3001670127114,3.9));
#19835=CARTESIAN_POINT('',(32.,37.5001670127114,4.5));
#19836=CARTESIAN_POINT('',(32.,36.9001670127114,3.9));
#19837=CARTESIAN_POINT('Origin',(32.,37.5001670127114,3.9));
#19838=CARTESIAN_POINT('Origin',(32.,38.3001670127114,3.9));
#19839=CARTESIAN_POINT('Origin',(32.,38.3001670127114,4.5));
#19840=CARTESIAN_POINT('Origin',(24.25,37.5001670127114,3.9));
#19841=CARTESIAN_POINT('',(22.6,37.5001670127114,4.5));
#19842=CARTESIAN_POINT('',(22.6,36.9001670127114,3.9));
#19843=CARTESIAN_POINT('Origin',(22.6,37.5001670127114,3.9));
#19844=CARTESIAN_POINT('',(24.25,36.9001670127114,3.9));
#19845=CARTESIAN_POINT('',(24.25,37.5001670127114,4.5));
#19846=CARTESIAN_POINT('Origin',(22.6,38.3001670127114,3.9));
#19847=CARTESIAN_POINT('',(21.8,38.3001670127114,4.5));
#19848=CARTESIAN_POINT('',(21.2,38.3001670127114,3.9));
#19849=CARTESIAN_POINT('Origin',(21.8,38.3001670127114,3.9));
#19850=CARTESIAN_POINT('Origin',(22.6,38.3001670127114,3.9));
#19851=CARTESIAN_POINT('Origin',(22.6,38.3001670127114,4.5));
#19852=CARTESIAN_POINT('Origin',(21.8,44.0251670127114,3.9));
#19853=CARTESIAN_POINT('',(21.8,45.0001670127114,4.5));
#19854=CARTESIAN_POINT('',(21.2,45.0001670127114,3.9));
#19855=CARTESIAN_POINT('Origin',(21.8,45.0001670127114,3.9));
#19856=CARTESIAN_POINT('',(21.2,44.0251670127114,3.9));
#19857=CARTESIAN_POINT('',(21.8,44.0251670127114,4.5));
#19858=CARTESIAN_POINT('Origin',(22.6,45.0001670127114,3.9));
#19859=CARTESIAN_POINT('',(22.6,45.8001670127114,4.5));
#19860=CARTESIAN_POINT('',(22.6,46.4001670127114,3.9));
#19861=CARTESIAN_POINT('Origin',(22.6,45.8001670127114,3.9));
#19862=CARTESIAN_POINT('Origin',(22.6,45.0001670127114,3.9));
#19863=CARTESIAN_POINT('Origin',(22.6,45.0001670127114,4.5));
#19864=CARTESIAN_POINT('Origin',(30.35,45.8001670127114,3.9));
#19865=CARTESIAN_POINT('',(30.35,45.8001670127114,4.5));
#19866=CARTESIAN_POINT('',(30.35,46.4001670127114,3.9));
#19867=CARTESIAN_POINT('Origin',(21.2,46.4001670127114,0.));
#19868=CARTESIAN_POINT('',(21.2,45.0001670127114,0.));
#19869=CARTESIAN_POINT('',(21.2,45.0001670127114,0.));
#19870=CARTESIAN_POINT('',(21.2,38.3001670127114,0.));
#19871=CARTESIAN_POINT('',(21.2,46.4001670127114,0.));
#19872=CARTESIAN_POINT('',(21.2,38.3001670127114,0.));
#19873=CARTESIAN_POINT('Origin',(22.6,45.0001670127114,0.));
#19874=CARTESIAN_POINT('',(22.6,46.4001670127114,0.));
#19875=CARTESIAN_POINT('',(22.6,46.4001670127114,0.));
#19876=CARTESIAN_POINT('Origin',(22.6,45.0001670127114,0.));
#19877=CARTESIAN_POINT('Origin',(33.4,46.4001670127114,0.));
#19878=CARTESIAN_POINT('',(32.,46.4001670127114,0.));
#19879=CARTESIAN_POINT('',(32.,46.4001670127114,0.));
#19880=CARTESIAN_POINT('',(33.4,46.4001670127114,0.));
#19881=CARTESIAN_POINT('Origin',(32.,45.0001670127114,0.));
#19882=CARTESIAN_POINT('',(33.4,45.0001670127114,0.));
#19883=CARTESIAN_POINT('',(33.4,45.0001670127114,0.));
#19884=CARTESIAN_POINT('Origin',(32.,45.0001670127114,0.));
#19885=CARTESIAN_POINT('Origin',(27.3,41.6501670127114,4.5));
#19886=CARTESIAN_POINT('Origin',(27.3,41.6501670127114,0.));
#19887=CARTESIAN_POINT('',(33.4,38.3001670127114,0.));
#19888=CARTESIAN_POINT('',(33.4,36.9001670127114,0.));
#19889=CARTESIAN_POINT('',(32.,36.9001670127114,0.));
#19890=CARTESIAN_POINT('Origin',(32.,38.3001670127114,0.));
#19891=CARTESIAN_POINT('',(22.6,36.9001670127114,0.));
#19892=CARTESIAN_POINT('',(21.2,36.9001670127114,0.));
#19893=CARTESIAN_POINT('Origin',(22.6,38.3001670127114,0.));
#19894=CARTESIAN_POINT('Origin',(33.4,36.9001670127114,0.));
#19895=CARTESIAN_POINT('',(33.4,38.3001670127114,0.));
#19896=CARTESIAN_POINT('Origin',(32.,38.3001670127114,0.));
#19897=CARTESIAN_POINT('',(32.,36.9001670127114,0.));
#19898=CARTESIAN_POINT('Origin',(22.6,38.3001670127114,0.));
#19899=CARTESIAN_POINT('',(22.6,36.9001670127114,0.));
#19900=CARTESIAN_POINT('Origin',(21.2,36.9001670127114,0.));
#19901=CARTESIAN_POINT('Origin',(32.,31.5001670127115,3.9));
#19902=CARTESIAN_POINT('',(32.,32.9001670127115,3.9));
#19903=CARTESIAN_POINT('',(32.,32.3001670127115,4.5));
#19904=CARTESIAN_POINT('Origin',(32.,32.3001670127115,3.9));
#19905=CARTESIAN_POINT('',(32.8,31.5001670127115,4.5));
#19906=CARTESIAN_POINT('Origin',(32.,31.5001670127115,4.5));
#19907=CARTESIAN_POINT('',(33.4,31.5001670127115,3.9));
#19908=CARTESIAN_POINT('Origin',(32.8,31.5001670127115,3.9));
#19909=CARTESIAN_POINT('Origin',(32.,31.5001670127115,3.9));
#19910=CARTESIAN_POINT('Origin',(32.8,25.7751670127115,3.9));
#19911=CARTESIAN_POINT('',(32.8,24.8001670127115,4.5));
#19912=CARTESIAN_POINT('',(33.4,24.8001670127115,3.9));
#19913=CARTESIAN_POINT('Origin',(32.8,24.8001670127115,3.9));
#19914=CARTESIAN_POINT('',(33.4,25.7751670127115,3.9));
#19915=CARTESIAN_POINT('',(32.8,25.7751670127115,4.5));
#19916=CARTESIAN_POINT('Origin',(32.,24.8001670127115,3.9));
#19917=CARTESIAN_POINT('',(32.,24.0001670127115,4.5));
#19918=CARTESIAN_POINT('',(32.,23.4001670127115,3.9));
#19919=CARTESIAN_POINT('Origin',(32.,24.0001670127115,3.9));
#19920=CARTESIAN_POINT('Origin',(32.,24.8001670127115,3.9));
#19921=CARTESIAN_POINT('Origin',(32.,24.8001670127115,4.5));
#19922=CARTESIAN_POINT('Origin',(24.25,24.0001670127115,3.9));
#19923=CARTESIAN_POINT('',(22.6,24.0001670127115,4.5));
#19924=CARTESIAN_POINT('',(22.6,23.4001670127115,3.9));
#19925=CARTESIAN_POINT('Origin',(22.6,24.0001670127115,3.9));
#19926=CARTESIAN_POINT('',(24.25,23.4001670127115,3.9));
#19927=CARTESIAN_POINT('',(24.25,24.0001670127115,4.5));
#19928=CARTESIAN_POINT('Origin',(22.6,24.8001670127115,3.9));
#19929=CARTESIAN_POINT('',(21.8,24.8001670127115,4.5));
#19930=CARTESIAN_POINT('',(21.2,24.8001670127115,3.9));
#19931=CARTESIAN_POINT('Origin',(21.8,24.8001670127115,3.9));
#19932=CARTESIAN_POINT('Origin',(22.6,24.8001670127115,3.9));
#19933=CARTESIAN_POINT('Origin',(22.6,24.8001670127115,4.5));
#19934=CARTESIAN_POINT('Origin',(21.8,30.5251670127115,3.9));
#19935=CARTESIAN_POINT('',(21.8,31.5001670127115,4.5));
#19936=CARTESIAN_POINT('',(21.2,31.5001670127115,3.9));
#19937=CARTESIAN_POINT('Origin',(21.8,31.5001670127115,3.9));
#19938=CARTESIAN_POINT('',(21.2,30.5251670127115,3.9));
#19939=CARTESIAN_POINT('',(21.8,30.5251670127115,4.5));
#19940=CARTESIAN_POINT('Origin',(22.6,31.5001670127115,3.9));
#19941=CARTESIAN_POINT('',(22.6,32.3001670127115,4.5));
#19942=CARTESIAN_POINT('',(22.6,32.9001670127115,3.9));
#19943=CARTESIAN_POINT('Origin',(22.6,32.3001670127115,3.9));
#19944=CARTESIAN_POINT('Origin',(22.6,31.5001670127115,3.9));
#19945=CARTESIAN_POINT('Origin',(22.6,31.5001670127115,4.5));
#19946=CARTESIAN_POINT('Origin',(30.35,32.3001670127115,3.9));
#19947=CARTESIAN_POINT('',(30.35,32.3001670127115,4.5));
#19948=CARTESIAN_POINT('',(30.35,32.9001670127115,3.9));
#19949=CARTESIAN_POINT('Origin',(21.2,32.9001670127115,0.));
#19950=CARTESIAN_POINT('',(21.2,31.5001670127115,0.));
#19951=CARTESIAN_POINT('',(21.2,31.5001670127115,0.));
#19952=CARTESIAN_POINT('',(21.2,24.8001670127115,0.));
#19953=CARTESIAN_POINT('',(21.2,32.9001670127115,0.));
#19954=CARTESIAN_POINT('',(21.2,24.8001670127115,0.));
#19955=CARTESIAN_POINT('Origin',(22.6,31.5001670127115,0.));
#19956=CARTESIAN_POINT('',(22.6,32.9001670127115,0.));
#19957=CARTESIAN_POINT('',(22.6,32.9001670127115,0.));
#19958=CARTESIAN_POINT('Origin',(22.6,31.5001670127115,0.));
#19959=CARTESIAN_POINT('Origin',(33.4,32.9001670127115,0.));
#19960=CARTESIAN_POINT('',(32.,32.9001670127115,0.));
#19961=CARTESIAN_POINT('',(32.,32.9001670127115,0.));
#19962=CARTESIAN_POINT('',(33.4,32.9001670127115,0.));
#19963=CARTESIAN_POINT('Origin',(32.,31.5001670127115,0.));
#19964=CARTESIAN_POINT('',(33.4,31.5001670127115,0.));
#19965=CARTESIAN_POINT('',(33.4,31.5001670127115,0.));
#19966=CARTESIAN_POINT('Origin',(32.,31.5001670127115,0.));
#19967=CARTESIAN_POINT('Origin',(27.3,28.1501670127115,4.5));
#19968=CARTESIAN_POINT('Origin',(27.3,28.1501670127115,0.));
#19969=CARTESIAN_POINT('',(33.4,24.8001670127115,0.));
#19970=CARTESIAN_POINT('',(33.4,23.4001670127115,0.));
#19971=CARTESIAN_POINT('',(32.,23.4001670127115,0.));
#19972=CARTESIAN_POINT('Origin',(32.,24.8001670127115,0.));
#19973=CARTESIAN_POINT('',(22.6,23.4001670127115,0.));
#19974=CARTESIAN_POINT('',(21.2,23.4001670127115,0.));
#19975=CARTESIAN_POINT('Origin',(22.6,24.8001670127115,0.));
#19976=CARTESIAN_POINT('Origin',(33.4,23.4001670127115,0.));
#19977=CARTESIAN_POINT('',(33.4,24.8001670127115,0.));
#19978=CARTESIAN_POINT('Origin',(32.,24.8001670127115,0.));
#19979=CARTESIAN_POINT('',(32.,23.4001670127115,0.));
#19980=CARTESIAN_POINT('Origin',(22.6,24.8001670127115,0.));
#19981=CARTESIAN_POINT('',(22.6,23.4001670127115,0.));
#19982=CARTESIAN_POINT('Origin',(21.2,23.4001670127115,0.));
#19983=CARTESIAN_POINT('Origin',(47.2,31.5001670127115,3.9));
#19984=CARTESIAN_POINT('',(47.2,32.9001670127115,3.9));
#19985=CARTESIAN_POINT('',(47.2,32.3001670127115,4.5));
#19986=CARTESIAN_POINT('Origin',(47.2,32.3001670127115,3.9));
#19987=CARTESIAN_POINT('',(48.,31.5001670127115,4.5));
#19988=CARTESIAN_POINT('Origin',(47.2,31.5001670127115,4.5));
#19989=CARTESIAN_POINT('',(48.6,31.5001670127115,3.9));
#19990=CARTESIAN_POINT('Origin',(48.,31.5001670127115,3.9));
#19991=CARTESIAN_POINT('Origin',(47.2,31.5001670127115,3.9));
#19992=CARTESIAN_POINT('Origin',(48.,25.7751670127115,3.9));
#19993=CARTESIAN_POINT('',(48.,24.8001670127115,4.5));
#19994=CARTESIAN_POINT('',(48.6,24.8001670127115,3.9));
#19995=CARTESIAN_POINT('Origin',(48.,24.8001670127115,3.9));
#19996=CARTESIAN_POINT('',(48.6,25.7751670127115,3.9));
#19997=CARTESIAN_POINT('',(48.,25.7751670127115,4.5));
#19998=CARTESIAN_POINT('Origin',(47.2,24.8001670127115,3.9));
#19999=CARTESIAN_POINT('',(47.2,24.0001670127115,4.5));
#20000=CARTESIAN_POINT('',(47.2,23.4001670127115,3.9));
#20001=CARTESIAN_POINT('Origin',(47.2,24.0001670127115,3.9));
#20002=CARTESIAN_POINT('Origin',(47.2,24.8001670127115,3.9));
#20003=CARTESIAN_POINT('Origin',(47.2,24.8001670127115,4.5));
#20004=CARTESIAN_POINT('Origin',(39.45,24.0001670127115,3.9));
#20005=CARTESIAN_POINT('',(37.8,24.0001670127115,4.5));
#20006=CARTESIAN_POINT('',(37.8,23.4001670127115,3.9));
#20007=CARTESIAN_POINT('Origin',(37.8,24.0001670127115,3.9));
#20008=CARTESIAN_POINT('',(39.45,23.4001670127115,3.9));
#20009=CARTESIAN_POINT('',(39.45,24.0001670127115,4.5));
#20010=CARTESIAN_POINT('Origin',(37.8,24.8001670127115,3.9));
#20011=CARTESIAN_POINT('',(37.,24.8001670127115,4.5));
#20012=CARTESIAN_POINT('',(36.4,24.8001670127115,3.9));
#20013=CARTESIAN_POINT('Origin',(37.,24.8001670127115,3.9));
#20014=CARTESIAN_POINT('Origin',(37.8,24.8001670127115,3.9));
#20015=CARTESIAN_POINT('Origin',(37.8,24.8001670127115,4.5));
#20016=CARTESIAN_POINT('Origin',(37.,30.5251670127115,3.9));
#20017=CARTESIAN_POINT('',(37.,31.5001670127115,4.5));
#20018=CARTESIAN_POINT('',(36.4,31.5001670127115,3.9));
#20019=CARTESIAN_POINT('Origin',(37.,31.5001670127115,3.9));
#20020=CARTESIAN_POINT('',(36.4,30.5251670127115,3.9));
#20021=CARTESIAN_POINT('',(37.,30.5251670127115,4.5));
#20022=CARTESIAN_POINT('Origin',(37.8,31.5001670127115,3.9));
#20023=CARTESIAN_POINT('',(37.8,32.3001670127115,4.5));
#20024=CARTESIAN_POINT('',(37.8,32.9001670127115,3.9));
#20025=CARTESIAN_POINT('Origin',(37.8,32.3001670127115,3.9));
#20026=CARTESIAN_POINT('Origin',(37.8,31.5001670127115,3.9));
#20027=CARTESIAN_POINT('Origin',(37.8,31.5001670127115,4.5));
#20028=CARTESIAN_POINT('Origin',(45.55,32.3001670127115,3.9));
#20029=CARTESIAN_POINT('',(45.55,32.3001670127115,4.5));
#20030=CARTESIAN_POINT('',(45.55,32.9001670127115,3.9));
#20031=CARTESIAN_POINT('Origin',(36.4,32.9001670127115,0.));
#20032=CARTESIAN_POINT('',(36.4,31.5001670127115,0.));
#20033=CARTESIAN_POINT('',(36.4,31.5001670127115,0.));
#20034=CARTESIAN_POINT('',(36.4,24.8001670127115,0.));
#20035=CARTESIAN_POINT('',(36.4,32.9001670127115,0.));
#20036=CARTESIAN_POINT('',(36.4,24.8001670127115,0.));
#20037=CARTESIAN_POINT('Origin',(37.8,31.5001670127115,0.));
#20038=CARTESIAN_POINT('',(37.8,32.9001670127115,0.));
#20039=CARTESIAN_POINT('',(37.8,32.9001670127115,0.));
#20040=CARTESIAN_POINT('Origin',(37.8,31.5001670127115,0.));
#20041=CARTESIAN_POINT('Origin',(48.6,32.9001670127115,0.));
#20042=CARTESIAN_POINT('',(47.2,32.9001670127115,0.));
#20043=CARTESIAN_POINT('',(47.2,32.9001670127115,0.));
#20044=CARTESIAN_POINT('',(48.6,32.9001670127115,0.));
#20045=CARTESIAN_POINT('Origin',(47.2,31.5001670127115,0.));
#20046=CARTESIAN_POINT('',(48.6,31.5001670127115,0.));
#20047=CARTESIAN_POINT('',(48.6,31.5001670127115,0.));
#20048=CARTESIAN_POINT('Origin',(47.2,31.5001670127115,0.));
#20049=CARTESIAN_POINT('Origin',(42.5,28.1501670127115,4.5));
#20050=CARTESIAN_POINT('Origin',(48.6,23.4001670127115,0.));
#20051=CARTESIAN_POINT('',(48.6,24.8001670127115,0.));
#20052=CARTESIAN_POINT('',(48.6,24.8001670127115,0.));
#20053=CARTESIAN_POINT('',(48.6,23.4001670127115,0.));
#20054=CARTESIAN_POINT('Origin',(47.2,24.8001670127115,0.));
#20055=CARTESIAN_POINT('',(47.2,23.4001670127115,0.));
#20056=CARTESIAN_POINT('',(47.2,23.4001670127115,0.));
#20057=CARTESIAN_POINT('Origin',(47.2,24.8001670127115,0.));
#20058=CARTESIAN_POINT('Origin',(36.4,23.4001670127115,0.));
#20059=CARTESIAN_POINT('',(37.8,23.4001670127115,0.));
#20060=CARTESIAN_POINT('',(37.8,23.4001670127115,0.));
#20061=CARTESIAN_POINT('',(36.4,23.4001670127115,0.));
#20062=CARTESIAN_POINT('Origin',(37.8,24.8001670127115,0.));
#20063=CARTESIAN_POINT('Origin',(37.8,24.8001670127115,0.));
#20064=CARTESIAN_POINT('Origin',(42.5,28.1501670127115,0.));
#20065=CARTESIAN_POINT('Origin',(77.6,18.0001670127115,3.9));
#20066=CARTESIAN_POINT('',(77.6,19.4001670127115,3.9));
#20067=CARTESIAN_POINT('',(77.6,18.8001670127115,4.5));
#20068=CARTESIAN_POINT('Origin',(77.6,18.8001670127115,3.9));
#20069=CARTESIAN_POINT('',(78.4,18.0001670127115,4.5));
#20070=CARTESIAN_POINT('Origin',(77.6,18.0001670127115,4.5));
#20071=CARTESIAN_POINT('',(79.,18.0001670127115,3.9));
#20072=CARTESIAN_POINT('Origin',(78.4,18.0001670127115,3.9));
#20073=CARTESIAN_POINT('Origin',(77.6,18.0001670127115,3.9));
#20074=CARTESIAN_POINT('Origin',(78.4,12.2751670127115,3.9));
#20075=CARTESIAN_POINT('',(78.4,11.3001670127115,4.5));
#20076=CARTESIAN_POINT('',(79.,11.3001670127115,3.9));
#20077=CARTESIAN_POINT('Origin',(78.4,11.3001670127115,3.9));
#20078=CARTESIAN_POINT('',(79.,12.2751670127115,3.9));
#20079=CARTESIAN_POINT('',(78.4,12.2751670127115,4.5));
#20080=CARTESIAN_POINT('Origin',(77.6,11.3001670127115,3.9));
#20081=CARTESIAN_POINT('',(77.6,10.5001670127115,4.5));
#20082=CARTESIAN_POINT('',(77.6,9.90016701271152,3.9));
#20083=CARTESIAN_POINT('Origin',(77.6,10.5001670127115,3.9));
#20084=CARTESIAN_POINT('Origin',(77.6,11.3001670127115,3.9));
#20085=CARTESIAN_POINT('Origin',(77.6,11.3001670127115,4.5));
#20086=CARTESIAN_POINT('Origin',(69.85,10.5001670127115,3.9));
#20087=CARTESIAN_POINT('',(68.2,10.5001670127115,4.5));
#20088=CARTESIAN_POINT('',(68.2,9.90016701271152,3.9));
#20089=CARTESIAN_POINT('Origin',(68.2,10.5001670127115,3.9));
#20090=CARTESIAN_POINT('',(69.85,9.90016701271152,3.9));
#20091=CARTESIAN_POINT('',(69.85,10.5001670127115,4.5));
#20092=CARTESIAN_POINT('Origin',(68.2,11.3001670127115,3.9));
#20093=CARTESIAN_POINT('',(67.4,11.3001670127115,4.5));
#20094=CARTESIAN_POINT('',(66.8,11.3001670127115,3.9));
#20095=CARTESIAN_POINT('Origin',(67.4,11.3001670127115,3.9));
#20096=CARTESIAN_POINT('Origin',(68.2,11.3001670127115,3.9));
#20097=CARTESIAN_POINT('Origin',(68.2,11.3001670127115,4.5));
#20098=CARTESIAN_POINT('Origin',(67.4,17.0251670127115,3.9));
#20099=CARTESIAN_POINT('',(67.4,18.0001670127115,4.5));
#20100=CARTESIAN_POINT('',(66.8,18.0001670127115,3.9));
#20101=CARTESIAN_POINT('Origin',(67.4,18.0001670127115,3.9));
#20102=CARTESIAN_POINT('',(66.8,17.0251670127115,3.9));
#20103=CARTESIAN_POINT('',(67.4,17.0251670127115,4.5));
#20104=CARTESIAN_POINT('Origin',(68.2,18.0001670127115,3.9));
#20105=CARTESIAN_POINT('',(68.2,18.8001670127115,4.5));
#20106=CARTESIAN_POINT('',(68.2,19.4001670127115,3.9));
#20107=CARTESIAN_POINT('Origin',(68.2,18.8001670127115,3.9));
#20108=CARTESIAN_POINT('Origin',(68.2,18.0001670127115,3.9));
#20109=CARTESIAN_POINT('Origin',(68.2,18.0001670127115,4.5));
#20110=CARTESIAN_POINT('Origin',(75.95,18.8001670127115,3.9));
#20111=CARTESIAN_POINT('',(75.95,18.8001670127115,4.5));
#20112=CARTESIAN_POINT('',(75.95,19.4001670127115,3.9));
#20113=CARTESIAN_POINT('Origin',(66.8,19.4001670127115,0.));
#20114=CARTESIAN_POINT('',(66.8,18.0001670127115,0.));
#20115=CARTESIAN_POINT('',(66.8,18.0001670127115,0.));
#20116=CARTESIAN_POINT('',(66.8,11.3001670127115,0.));
#20117=CARTESIAN_POINT('',(66.8,19.4001670127115,0.));
#20118=CARTESIAN_POINT('',(66.8,11.3001670127115,0.));
#20119=CARTESIAN_POINT('Origin',(68.2,18.0001670127115,0.));
#20120=CARTESIAN_POINT('',(68.2,19.4001670127115,0.));
#20121=CARTESIAN_POINT('',(68.2,19.4001670127115,0.));
#20122=CARTESIAN_POINT('Origin',(68.2,18.0001670127115,0.));
#20123=CARTESIAN_POINT('Origin',(79.,19.4001670127115,0.));
#20124=CARTESIAN_POINT('',(77.6,19.4001670127115,0.));
#20125=CARTESIAN_POINT('',(77.6,19.4001670127115,0.));
#20126=CARTESIAN_POINT('',(79.,19.4001670127115,0.));
#20127=CARTESIAN_POINT('Origin',(77.6,18.0001670127115,0.));
#20128=CARTESIAN_POINT('',(79.,18.0001670127115,0.));
#20129=CARTESIAN_POINT('',(79.,18.0001670127115,0.));
#20130=CARTESIAN_POINT('Origin',(77.6,18.0001670127115,0.));
#20131=CARTESIAN_POINT('Origin',(72.9,14.6501670127115,4.5));
#20132=CARTESIAN_POINT('Origin',(77.6,11.3001670127115,0.));
#20133=CARTESIAN_POINT('',(77.6,9.90016701271152,0.));
#20134=CARTESIAN_POINT('',(77.6,9.90016701271152,0.));
#20135=CARTESIAN_POINT('',(79.,11.3001670127115,0.));
#20136=CARTESIAN_POINT('Origin',(77.6,11.3001670127115,0.));
#20137=CARTESIAN_POINT('',(79.,11.3001670127115,0.));
#20138=CARTESIAN_POINT('Origin',(79.,9.90016701271152,0.));
#20139=CARTESIAN_POINT('',(79.,9.90016701271152,0.));
#20140=CARTESIAN_POINT('Origin',(72.9,14.6501670127115,0.));
#20141=CARTESIAN_POINT('',(68.2,9.90016701271152,0.));
#20142=CARTESIAN_POINT('',(66.8,9.90016701271152,0.));
#20143=CARTESIAN_POINT('Origin',(68.2,11.3001670127115,0.));
#20144=CARTESIAN_POINT('Origin',(68.2,11.3001670127115,0.));
#20145=CARTESIAN_POINT('',(68.2,9.90016701271152,0.));
#20146=CARTESIAN_POINT('Origin',(66.8,9.90016701271152,0.));
#20147=CARTESIAN_POINT('Origin',(62.4,58.5001670127114,3.9));
#20148=CARTESIAN_POINT('',(62.4,59.9001670127114,3.9));
#20149=CARTESIAN_POINT('',(62.4,59.3001670127114,4.5));
#20150=CARTESIAN_POINT('Origin',(62.4,59.3001670127114,3.9));
#20151=CARTESIAN_POINT('',(63.2,58.5001670127114,4.5));
#20152=CARTESIAN_POINT('Origin',(62.4,58.5001670127114,4.5));
#20153=CARTESIAN_POINT('',(63.8,58.5001670127114,3.9));
#20154=CARTESIAN_POINT('Origin',(63.2,58.5001670127114,3.9));
#20155=CARTESIAN_POINT('Origin',(62.4,58.5001670127114,3.9));
#20156=CARTESIAN_POINT('Origin',(63.2,52.7751670127114,3.9));
#20157=CARTESIAN_POINT('',(63.2,51.8001670127114,4.5));
#20158=CARTESIAN_POINT('',(63.8,51.8001670127114,3.9));
#20159=CARTESIAN_POINT('Origin',(63.2,51.8001670127114,3.9));
#20160=CARTESIAN_POINT('',(63.8,52.7751670127114,3.9));
#20161=CARTESIAN_POINT('',(63.2,52.7751670127114,4.5));
#20162=CARTESIAN_POINT('Origin',(62.4,51.8001670127114,3.9));
#20163=CARTESIAN_POINT('',(62.4,51.0001670127114,4.5));
#20164=CARTESIAN_POINT('',(62.4,50.4001670127114,3.9));
#20165=CARTESIAN_POINT('Origin',(62.4,51.0001670127114,3.9));
#20166=CARTESIAN_POINT('Origin',(62.4,51.8001670127114,3.9));
#20167=CARTESIAN_POINT('Origin',(62.4,51.8001670127114,4.5));
#20168=CARTESIAN_POINT('Origin',(54.65,51.0001670127114,3.9));
#20169=CARTESIAN_POINT('',(53.,51.0001670127114,4.5));
#20170=CARTESIAN_POINT('',(53.,50.4001670127114,3.9));
#20171=CARTESIAN_POINT('Origin',(53.,51.0001670127114,3.9));
#20172=CARTESIAN_POINT('',(54.65,50.4001670127114,3.9));
#20173=CARTESIAN_POINT('',(54.65,51.0001670127114,4.5));
#20174=CARTESIAN_POINT('Origin',(53.,51.8001670127114,3.9));
#20175=CARTESIAN_POINT('',(52.2,51.8001670127114,4.5));
#20176=CARTESIAN_POINT('',(51.6,51.8001670127114,3.9));
#20177=CARTESIAN_POINT('Origin',(52.2,51.8001670127114,3.9));
#20178=CARTESIAN_POINT('Origin',(53.,51.8001670127114,3.9));
#20179=CARTESIAN_POINT('Origin',(53.,51.8001670127114,4.5));
#20180=CARTESIAN_POINT('Origin',(52.2,57.5251670127114,3.9));
#20181=CARTESIAN_POINT('',(52.2,58.5001670127114,4.5));
#20182=CARTESIAN_POINT('',(51.6,58.5001670127114,3.9));
#20183=CARTESIAN_POINT('Origin',(52.2,58.5001670127114,3.9));
#20184=CARTESIAN_POINT('',(51.6,57.5251670127114,3.9));
#20185=CARTESIAN_POINT('',(52.2,57.5251670127114,4.5));
#20186=CARTESIAN_POINT('Origin',(53.,58.5001670127114,3.9));
#20187=CARTESIAN_POINT('',(53.,59.3001670127114,4.5));
#20188=CARTESIAN_POINT('',(53.,59.9001670127114,3.9));
#20189=CARTESIAN_POINT('Origin',(53.,59.3001670127114,3.9));
#20190=CARTESIAN_POINT('Origin',(53.,58.5001670127114,3.9));
#20191=CARTESIAN_POINT('Origin',(53.,58.5001670127114,4.5));
#20192=CARTESIAN_POINT('Origin',(60.75,59.3001670127114,3.9));
#20193=CARTESIAN_POINT('',(60.75,59.3001670127114,4.5));
#20194=CARTESIAN_POINT('',(60.75,59.9001670127114,3.9));
#20195=CARTESIAN_POINT('Origin',(51.6,59.9001670127114,0.));
#20196=CARTESIAN_POINT('',(51.6,58.5001670127114,0.));
#20197=CARTESIAN_POINT('',(51.6,58.5001670127114,0.));
#20198=CARTESIAN_POINT('',(51.6,51.8001670127114,0.));
#20199=CARTESIAN_POINT('',(51.6,59.9001670127114,0.));
#20200=CARTESIAN_POINT('',(51.6,51.8001670127114,0.));
#20201=CARTESIAN_POINT('Origin',(53.,58.5001670127114,0.));
#20202=CARTESIAN_POINT('',(53.,59.9001670127114,0.));
#20203=CARTESIAN_POINT('',(53.,59.9001670127114,0.));
#20204=CARTESIAN_POINT('Origin',(53.,58.5001670127114,0.));
#20205=CARTESIAN_POINT('Origin',(63.8,59.9001670127114,0.));
#20206=CARTESIAN_POINT('',(62.4,59.9001670127114,0.));
#20207=CARTESIAN_POINT('',(62.4,59.9001670127114,0.));
#20208=CARTESIAN_POINT('',(63.8,59.9001670127114,0.));
#20209=CARTESIAN_POINT('Origin',(62.4,58.5001670127114,0.));
#20210=CARTESIAN_POINT('',(63.8,58.5001670127114,0.));
#20211=CARTESIAN_POINT('',(63.8,58.5001670127114,0.));
#20212=CARTESIAN_POINT('Origin',(62.4,58.5001670127114,0.));
#20213=CARTESIAN_POINT('Origin',(57.7,55.1501670127114,4.5));
#20214=CARTESIAN_POINT('Origin',(57.7,55.1501670127114,0.));
#20215=CARTESIAN_POINT('',(63.8,51.8001670127114,0.));
#20216=CARTESIAN_POINT('',(63.8,50.4001670127114,0.));
#20217=CARTESIAN_POINT('',(62.4,50.4001670127114,0.));
#20218=CARTESIAN_POINT('Origin',(62.4,51.8001670127114,0.));
#20219=CARTESIAN_POINT('',(53.,50.4001670127114,0.));
#20220=CARTESIAN_POINT('',(51.6,50.4001670127114,0.));
#20221=CARTESIAN_POINT('Origin',(53.,51.8001670127114,0.));
#20222=CARTESIAN_POINT('Origin',(63.8,50.4001670127114,0.));
#20223=CARTESIAN_POINT('',(63.8,51.8001670127114,0.));
#20224=CARTESIAN_POINT('Origin',(62.4,51.8001670127114,0.));
#20225=CARTESIAN_POINT('',(62.4,50.4001670127114,0.));
#20226=CARTESIAN_POINT('Origin',(53.,51.8001670127114,0.));
#20227=CARTESIAN_POINT('',(53.,50.4001670127114,0.));
#20228=CARTESIAN_POINT('Origin',(51.6,50.4001670127114,0.));
#20229=UNCERTAINTY_MEASURE_WITH_UNIT(LENGTH_MEASURE(0.01),#20233,
'DISTANCE_ACCURACY_VALUE',
'Maximum model space distance between geometric entities at asserted c
onnectivities');
#20230=UNCERTAINTY_MEASURE_WITH_UNIT(LENGTH_MEASURE(0.01),#20233,
'DISTANCE_ACCURACY_VALUE',
'Maximum model space distance between geometric entities at asserted c
onnectivities');
#20231=(
GEOMETRIC_REPRESENTATION_CONTEXT(3)
GLOBAL_UNCERTAINTY_ASSIGNED_CONTEXT((#20229))
GLOBAL_UNIT_ASSIGNED_CONTEXT((#20233,#20235,#20236))
REPRESENTATION_CONTEXT('','3D')
);
#20232=(
GEOMETRIC_REPRESENTATION_CONTEXT(3)
GLOBAL_UNCERTAINTY_ASSIGNED_CONTEXT((#20230))
GLOBAL_UNIT_ASSIGNED_CONTEXT((#20233,#20235,#20236))
REPRESENTATION_CONTEXT('','3D')
);
#20233=(
LENGTH_UNIT()
NAMED_UNIT(*)
SI_UNIT(.MILLI.,.METRE.)
);
#20234=(
LENGTH_UNIT()
NAMED_UNIT(*)
SI_UNIT($,.METRE.)
);
#20235=(
NAMED_UNIT(*)
PLANE_ANGLE_UNIT()
SI_UNIT($,.RADIAN.)
);
#20236=(
NAMED_UNIT(*)
SI_UNIT($,.STERADIAN.)
SOLID_ANGLE_UNIT()
);
#20237=SHAPE_DEFINITION_REPRESENTATION(#20238,#20239);
#20238=PRODUCT_DEFINITION_SHAPE('',$,#20241);
#20239=SHAPE_REPRESENTATION('',(#11185),#20231);
#20240=PRODUCT_DEFINITION_CONTEXT('part definition',#20245,'design');
#20241=PRODUCT_DEFINITION('2026-04-21-21-40-09-484',
'Buttons_Calculator',#20242,#20240);
#20242=PRODUCT_DEFINITION_FORMATION('',$,#20247);
#20243=PRODUCT_RELATED_PRODUCT_CATEGORY('Buttons_Calculator',
'Buttons_Calculator',(#20247));
#20244=APPLICATION_PROTOCOL_DEFINITION('international standard',
'automotive_design',2009,#20245);
#20245=APPLICATION_CONTEXT(
'Core Data for Automotive Mechanical Design Process');
#20246=PRODUCT_CONTEXT('part definition',#20245,'mechanical');
#20247=PRODUCT('2026-04-21-21-40-09-484','Buttons_Calculator',$,(#20246));
#20248=PRESENTATION_STYLE_ASSIGNMENT((#20249));
#20249=SURFACE_STYLE_USAGE(.BOTH.,#20250);
#20250=SURFACE_SIDE_STYLE('',(#20251));
#20251=SURFACE_STYLE_FILL_AREA(#20252);
#20252=FILL_AREA_STYLE('Steel - Satin',(#20253));
#20253=FILL_AREA_STYLE_COLOUR('Steel - Satin',#20254);
#20254=COLOUR_RGB('Steel - Satin',0.627450980392157,0.627450980392157,0.627450980392157);
ENDSEC;
END-ISO-10303-21;
